TimeQuest Timing Analyzer report for random
Thu Dec 05 23:00:07 2019
Quartus II 64-Bit Version 15.0.0 Build 145 04/22/2015 SJ Web Edition


---------------------
; Table of Contents ;
---------------------
  1. Legal Notice
  2. TimeQuest Timing Analyzer Summary
  3. Parallel Compilation
  4. Clocks
  5. Slow 1200mV 85C Model Fmax Summary
  6. Timing Closure Recommendations
  7. Slow 1200mV 85C Model Setup Summary
  8. Slow 1200mV 85C Model Hold Summary
  9. Slow 1200mV 85C Model Recovery Summary
 10. Slow 1200mV 85C Model Removal Summary
 11. Slow 1200mV 85C Model Minimum Pulse Width Summary
 12. Slow 1200mV 85C Model Setup: 'Presetv'
 13. Slow 1200mV 85C Model Setup: 'Clockv2'
 14. Slow 1200mV 85C Model Setup: 'Clockv'
 15. Slow 1200mV 85C Model Hold: 'Clockv'
 16. Slow 1200mV 85C Model Hold: 'Clockv2'
 17. Slow 1200mV 85C Model Hold: 'Presetv'
 18. Slow 1200mV 85C Model Minimum Pulse Width: 'Clockv'
 19. Slow 1200mV 85C Model Minimum Pulse Width: 'Clockv2'
 20. Slow 1200mV 85C Model Minimum Pulse Width: 'Presetv'
 21. Setup Times
 22. Hold Times
 23. Clock to Output Times
 24. Minimum Clock to Output Times
 25. Slow 1200mV 85C Model Metastability Summary
 26. Slow 1200mV 0C Model Fmax Summary
 27. Slow 1200mV 0C Model Setup Summary
 28. Slow 1200mV 0C Model Hold Summary
 29. Slow 1200mV 0C Model Recovery Summary
 30. Slow 1200mV 0C Model Removal Summary
 31. Slow 1200mV 0C Model Minimum Pulse Width Summary
 32. Slow 1200mV 0C Model Setup: 'Presetv'
 33. Slow 1200mV 0C Model Setup: 'Clockv2'
 34. Slow 1200mV 0C Model Setup: 'Clockv'
 35. Slow 1200mV 0C Model Hold: 'Clockv'
 36. Slow 1200mV 0C Model Hold: 'Clockv2'
 37. Slow 1200mV 0C Model Hold: 'Presetv'
 38. Slow 1200mV 0C Model Minimum Pulse Width: 'Clockv'
 39. Slow 1200mV 0C Model Minimum Pulse Width: 'Clockv2'
 40. Slow 1200mV 0C Model Minimum Pulse Width: 'Presetv'
 41. Setup Times
 42. Hold Times
 43. Clock to Output Times
 44. Minimum Clock to Output Times
 45. Slow 1200mV 0C Model Metastability Summary
 46. Fast 1200mV 0C Model Setup Summary
 47. Fast 1200mV 0C Model Hold Summary
 48. Fast 1200mV 0C Model Recovery Summary
 49. Fast 1200mV 0C Model Removal Summary
 50. Fast 1200mV 0C Model Minimum Pulse Width Summary
 51. Fast 1200mV 0C Model Setup: 'Clockv2'
 52. Fast 1200mV 0C Model Setup: 'Presetv'
 53. Fast 1200mV 0C Model Setup: 'Clockv'
 54. Fast 1200mV 0C Model Hold: 'Clockv'
 55. Fast 1200mV 0C Model Hold: 'Clockv2'
 56. Fast 1200mV 0C Model Hold: 'Presetv'
 57. Fast 1200mV 0C Model Minimum Pulse Width: 'Clockv'
 58. Fast 1200mV 0C Model Minimum Pulse Width: 'Clockv2'
 59. Fast 1200mV 0C Model Minimum Pulse Width: 'Presetv'
 60. Setup Times
 61. Hold Times
 62. Clock to Output Times
 63. Minimum Clock to Output Times
 64. Fast 1200mV 0C Model Metastability Summary
 65. Multicorner Timing Analysis Summary
 66. Setup Times
 67. Hold Times
 68. Clock to Output Times
 69. Minimum Clock to Output Times
 70. Board Trace Model Assignments
 71. Input Transition Times
 72. Signal Integrity Metrics (Slow 1200mv 0c Model)
 73. Signal Integrity Metrics (Slow 1200mv 85c Model)
 74. Signal Integrity Metrics (Fast 1200mv 0c Model)
 75. Setup Transfers
 76. Hold Transfers
 77. Report TCCS
 78. Report RSKM
 79. Unconstrained Paths
 80. TimeQuest Timing Analyzer Messages



----------------
; Legal Notice ;
----------------
Copyright (C) 1991-2015 Altera Corporation. All rights reserved.
Your use of Altera Corporation's design tools, logic functions 
and other software and tools, and its AMPP partner logic 
functions, and any output files from any of the foregoing 
(including device programming or simulation files), and any 
associated documentation or information are expressly subject 
to the terms and conditions of the Altera Program License 
Subscription Agreement, the Altera Quartus II License Agreement,
the Altera MegaCore Function License Agreement, or other 
applicable license agreement, including, without limitation, 
that your use is for the sole purpose of programming logic 
devices manufactured by Altera and sold by Altera or its 
authorized distributors.  Please refer to the applicable 
agreement for further details.



+-------------------------------------------------------------------------+
; TimeQuest Timing Analyzer Summary                                       ;
+--------------------+----------------------------------------------------+
; Quartus II Version ; Version 15.0.0 Build 145 04/22/2015 SJ Web Edition ;
; Revision Name      ; random                                             ;
; Device Family      ; Cyclone IV E                                       ;
; Device Name        ; EP4CE6E22C6                                        ;
; Timing Models      ; Final                                              ;
; Delay Model        ; Combined                                           ;
; Rise/Fall Delays   ; Enabled                                            ;
+--------------------+----------------------------------------------------+


Parallel compilation was disabled, but you have multiple processors available. Enable parallel compilation to reduce compilation time.
+-------------------------------------+
; Parallel Compilation                ;
+----------------------------+--------+
; Processors                 ; Number ;
+----------------------------+--------+
; Number detected on machine ; 8      ;
; Maximum allowed            ; 1      ;
+----------------------------+--------+


+-------------------------------------------------------------------------------------------------------------------------------------------------------------------------------------+
; Clocks                                                                                                                                                                              ;
+------------+------+--------+------------+-------+-------+------------+-----------+-------------+-------+--------+-----------+------------+----------+--------+--------+-------------+
; Clock Name ; Type ; Period ; Frequency  ; Rise  ; Fall  ; Duty Cycle ; Divide by ; Multiply by ; Phase ; Offset ; Edge List ; Edge Shift ; Inverted ; Master ; Source ; Targets     ;
+------------+------+--------+------------+-------+-------+------------+-----------+-------------+-------+--------+-----------+------------+----------+--------+--------+-------------+
; Clockv     ; Base ; 1.000  ; 1000.0 MHz ; 0.000 ; 0.500 ;            ;           ;             ;       ;        ;           ;            ;          ;        ;        ; { Clockv }  ;
; Clockv2    ; Base ; 1.000  ; 1000.0 MHz ; 0.000 ; 0.500 ;            ;           ;             ;       ;        ;           ;            ;          ;        ;        ; { Clockv2 } ;
; Presetv    ; Base ; 1.000  ; 1000.0 MHz ; 0.000 ; 0.500 ;            ;           ;             ;       ;        ;           ;            ;          ;        ;        ; { Presetv } ;
+------------+------+--------+------------+-------+-------+------------+-----------+-------------+-------+--------+-----------+------------+----------+--------+--------+-------------+


+-----------------------------------------------------------------------------------------------------------+
; Slow 1200mV 85C Model Fmax Summary                                                                        ;
+------------+-----------------+------------+---------------------------------------------------------------+
; Fmax       ; Restricted Fmax ; Clock Name ; Note                                                          ;
+------------+-----------------+------------+---------------------------------------------------------------+
; 600.24 MHz ; 250.0 MHz       ; Clockv     ; limit due to minimum period restriction (max I/O toggle rate) ;
; 645.99 MHz ; 250.0 MHz       ; Clockv2    ; limit due to minimum period restriction (max I/O toggle rate) ;
+------------+-----------------+------------+---------------------------------------------------------------+
This panel reports FMAX for every clock in the design, regardless of the user-specified clock periods.  FMAX is only computed for paths where the source and destination registers or ports are driven by the same clock.  Paths of different clocks, including generated clocks, are ignored.  For paths between a clock and its inversion, FMAX is computed as if the rising and falling edges are scaled along with FMAX, such that the duty cycle (in terms of a percentage) is maintained. Altera recommends that you always use clock constraints and other slack reports for sign-off analysis.


----------------------------------
; Timing Closure Recommendations ;
----------------------------------
HTML report is unavailable in plain text report export.


+-------------------------------------+
; Slow 1200mV 85C Model Setup Summary ;
+---------+--------+------------------+
; Clock   ; Slack  ; End Point TNS    ;
+---------+--------+------------------+
; Presetv ; -1.542 ; -10.401          ;
; Clockv2 ; -0.767 ; -2.569           ;
; Clockv  ; -0.666 ; -2.259           ;
+---------+--------+------------------+


+------------------------------------+
; Slow 1200mV 85C Model Hold Summary ;
+---------+-------+------------------+
; Clock   ; Slack ; End Point TNS    ;
+---------+-------+------------------+
; Clockv  ; 0.435 ; 0.000            ;
; Clockv2 ; 0.449 ; 0.000            ;
; Presetv ; 0.571 ; 0.000            ;
+---------+-------+------------------+


------------------------------------------
; Slow 1200mV 85C Model Recovery Summary ;
------------------------------------------
No paths to report.


-----------------------------------------
; Slow 1200mV 85C Model Removal Summary ;
-----------------------------------------
No paths to report.


+---------------------------------------------------+
; Slow 1200mV 85C Model Minimum Pulse Width Summary ;
+---------+--------+--------------------------------+
; Clock   ; Slack  ; End Point TNS                  ;
+---------+--------+--------------------------------+
; Clockv  ; -3.000 ; -7.000                         ;
; Clockv2 ; -3.000 ; -7.000                         ;
; Presetv ; -3.000 ; -3.000                         ;
+---------+--------+--------------------------------+


+----------------------------------------------------------------------------------------------------------------------------+
; Slow 1200mV 85C Model Setup: 'Presetv'                                                                                     ;
+--------+----------------------+----------------------+--------------+-------------+--------------+------------+------------+
; Slack  ; From Node            ; To Node              ; Launch Clock ; Latch Clock ; Relationship ; Clock Skew ; Data Delay ;
+--------+----------------------+----------------------+--------------+-------------+--------------+------------+------------+
; -1.542 ; random:random1|Q[0]  ; random:random1|p[2]  ; Clockv       ; Presetv     ; 1.000        ; 0.093      ; 1.255      ;
; -1.525 ; random:random1|Q[3]  ; random:random1|p[2]  ; Clockv       ; Presetv     ; 1.000        ; 0.093      ; 1.238      ;
; -1.480 ; random:random1|Q[0]  ; random:random1|p[0]  ; Clockv       ; Presetv     ; 1.000        ; 0.092      ; 1.216      ;
; -1.442 ; random:random1|Q[3]  ; random:random1|p[0]  ; Clockv       ; Presetv     ; 1.000        ; 0.092      ; 1.178      ;
; -1.370 ; random:random1|Q[2]  ; random:random1|p[2]  ; Clockv       ; Presetv     ; 1.000        ; 0.093      ; 1.083      ;
; -1.344 ; random:random1|Q[2]  ; random:random1|p[1]  ; Clockv       ; Presetv     ; 1.000        ; 0.094      ; 1.244      ;
; -1.343 ; random:random1|Q[2]  ; random:random1|p[0]  ; Clockv       ; Presetv     ; 1.000        ; 0.092      ; 1.079      ;
; -1.308 ; random:random1|Q[3]  ; random:random1|p[1]  ; Clockv       ; Presetv     ; 1.000        ; 0.094      ; 1.208      ;
; -1.258 ; random2:random2|Q[2] ; random2:random2|p[1] ; Clockv2      ; Presetv     ; 1.000        ; 0.003      ; 1.367      ;
; -1.252 ; random:random1|Q[1]  ; random:random1|p[2]  ; Clockv       ; Presetv     ; 1.000        ; 0.093      ; 0.965      ;
; -1.244 ; random2:random2|Q[3] ; random2:random2|p[2] ; Clockv2      ; Presetv     ; 1.000        ; 0.003      ; 1.351      ;
; -1.223 ; random2:random2|Q[2] ; random2:random2|p[3] ; Clockv2      ; Presetv     ; 1.000        ; 0.003      ; 1.332      ;
; -1.213 ; random:random1|Q[1]  ; random:random1|p[0]  ; Clockv       ; Presetv     ; 1.000        ; 0.092      ; 0.949      ;
; -1.188 ; random:random1|Q[0]  ; random:random1|p[1]  ; Clockv       ; Presetv     ; 1.000        ; 0.094      ; 1.088      ;
; -1.162 ; random:random1|Q[3]  ; random:random1|p[3]  ; Clockv       ; Presetv     ; 1.000        ; -0.017     ; 1.216      ;
; -1.154 ; random:random1|Q[2]  ; random:random1|p[3]  ; Clockv       ; Presetv     ; 1.000        ; -0.017     ; 1.208      ;
; -1.148 ; random2:random2|Q[0] ; random2:random2|p[0] ; Clockv2      ; Presetv     ; 1.000        ; 0.005      ; 1.250      ;
; -1.146 ; random2:random2|Q[1] ; random2:random2|p[2] ; Clockv2      ; Presetv     ; 1.000        ; 0.003      ; 1.253      ;
; -1.139 ; random2:random2|Q[2] ; random2:random2|p[0] ; Clockv2      ; Presetv     ; 1.000        ; 0.005      ; 1.241      ;
; -1.099 ; random2:random2|Q[3] ; random2:random2|p[3] ; Clockv2      ; Presetv     ; 1.000        ; 0.003      ; 1.208      ;
; -1.097 ; random2:random2|Q[3] ; random2:random2|p[1] ; Clockv2      ; Presetv     ; 1.000        ; 0.003      ; 1.206      ;
; -1.074 ; random2:random2|Q[3] ; random2:random2|p[0] ; Clockv2      ; Presetv     ; 1.000        ; 0.005      ; 1.176      ;
; -1.061 ; random:random1|Q[1]  ; random:random1|p[1]  ; Clockv       ; Presetv     ; 1.000        ; 0.094      ; 0.961      ;
; -1.028 ; random:random1|Q[0]  ; random:random1|p[3]  ; Clockv       ; Presetv     ; 1.000        ; -0.017     ; 1.082      ;
; -0.983 ; random2:random2|Q[0] ; random2:random2|p[2] ; Clockv2      ; Presetv     ; 1.000        ; 0.003      ; 1.090      ;
; -0.978 ; random2:random2|Q[0] ; random2:random2|p[3] ; Clockv2      ; Presetv     ; 1.000        ; 0.003      ; 1.087      ;
; -0.977 ; random2:random2|Q[0] ; random2:random2|p[1] ; Clockv2      ; Presetv     ; 1.000        ; 0.003      ; 1.086      ;
; -0.911 ; random:random1|Q[1]  ; random:random1|p[3]  ; Clockv       ; Presetv     ; 1.000        ; -0.017     ; 0.965      ;
; -0.859 ; random2:random2|Q[1] ; random2:random2|p[3] ; Clockv2      ; Presetv     ; 1.000        ; 0.003      ; 0.968      ;
; -0.855 ; random2:random2|Q[1] ; random2:random2|p[1] ; Clockv2      ; Presetv     ; 1.000        ; 0.003      ; 0.964      ;
; -0.850 ; random2:random2|Q[1] ; random2:random2|p[0] ; Clockv2      ; Presetv     ; 1.000        ; 0.005      ; 0.952      ;
; -0.840 ; random2:random2|Q[2] ; random2:random2|p[2] ; Clockv2      ; Presetv     ; 1.000        ; 0.003      ; 0.947      ;
+--------+----------------------+----------------------+--------------+-------------+--------------+------------+------------+


+----------------------------------------------------------------------------------------------------------------------------+
; Slow 1200mV 85C Model Setup: 'Clockv2'                                                                                     ;
+--------+----------------------+----------------------+--------------+-------------+--------------+------------+------------+
; Slack  ; From Node            ; To Node              ; Launch Clock ; Latch Clock ; Relationship ; Clock Skew ; Data Delay ;
+--------+----------------------+----------------------+--------------+-------------+--------------+------------+------------+
; -0.767 ; Presetv              ; random2:random2|Q[1] ; Presetv      ; Clockv2     ; 0.500        ; 1.992      ; 3.234      ;
; -0.618 ; Presetv              ; random2:random2|Q[3] ; Presetv      ; Clockv2     ; 0.500        ; 1.992      ; 3.085      ;
; -0.594 ; Presetv              ; random2:random2|Q[2] ; Presetv      ; Clockv2     ; 0.500        ; 1.992      ; 3.061      ;
; -0.590 ; Presetv              ; random2:random2|Q[0] ; Presetv      ; Clockv2     ; 0.500        ; 1.992      ; 3.057      ;
; -0.548 ; random2:random2|Q[0] ; random2:random2|Q[3] ; Clockv2      ; Clockv2     ; 1.000        ; -0.064     ; 1.479      ;
; -0.508 ; random2:random2|Q[2] ; random2:random2|Q[1] ; Clockv2      ; Clockv2     ; 1.000        ; -0.064     ; 1.439      ;
; -0.414 ; random2:random2|Q[1] ; random2:random2|Q[3] ; Clockv2      ; Clockv2     ; 1.000        ; -0.064     ; 1.345      ;
; -0.388 ; random2:random2|Q[1] ; random2:random2|Q[0] ; Clockv2      ; Clockv2     ; 1.000        ; -0.064     ; 1.319      ;
; -0.375 ; random2:random2|Q[3] ; random2:random2|Q[2] ; Clockv2      ; Clockv2     ; 1.000        ; -0.064     ; 1.306      ;
; -0.078 ; Presetv              ; random2:random2|Q[1] ; Presetv      ; Clockv2     ; 1.000        ; 1.992      ; 3.045      ;
; -0.010 ; Presetv              ; random2:random2|Q[3] ; Presetv      ; Clockv2     ; 1.000        ; 1.992      ; 2.977      ;
; 0.057  ; Presetv              ; random2:random2|Q[0] ; Presetv      ; Clockv2     ; 1.000        ; 1.992      ; 2.910      ;
; 0.063  ; Presetv              ; random2:random2|Q[2] ; Presetv      ; Clockv2     ; 1.000        ; 1.992      ; 2.904      ;
+--------+----------------------+----------------------+--------------+-------------+--------------+------------+------------+


+--------------------------------------------------------------------------------------------------------------------------+
; Slow 1200mV 85C Model Setup: 'Clockv'                                                                                    ;
+--------+---------------------+---------------------+--------------+-------------+--------------+------------+------------+
; Slack  ; From Node           ; To Node             ; Launch Clock ; Latch Clock ; Relationship ; Clock Skew ; Data Delay ;
+--------+---------------------+---------------------+--------------+-------------+--------------+------------+------------+
; -0.666 ; random:random1|Q[0] ; random:random1|Q[3] ; Clockv       ; Clockv      ; 1.000        ; -0.064     ; 1.597      ;
; -0.642 ; Presetv             ; random:random1|Q[3] ; Presetv      ; Clockv      ; 0.500        ; 1.991      ; 3.108      ;
; -0.562 ; Presetv             ; random:random1|Q[1] ; Presetv      ; Clockv      ; 0.500        ; 1.991      ; 3.028      ;
; -0.553 ; random:random1|Q[1] ; random:random1|Q[3] ; Clockv       ; Clockv      ; 1.000        ; -0.064     ; 1.484      ;
; -0.528 ; random:random1|Q[2] ; random:random1|Q[1] ; Clockv       ; Clockv      ; 1.000        ; -0.064     ; 1.459      ;
; -0.517 ; random:random1|Q[3] ; random:random1|Q[2] ; Clockv       ; Clockv      ; 1.000        ; -0.064     ; 1.448      ;
; -0.514 ; random:random1|Q[1] ; random:random1|Q[0] ; Clockv       ; Clockv      ; 1.000        ; -0.064     ; 1.445      ;
; -0.500 ; Presetv             ; random:random1|Q[2] ; Presetv      ; Clockv      ; 0.500        ; 1.991      ; 2.966      ;
; -0.497 ; Presetv             ; random:random1|Q[0] ; Presetv      ; Clockv      ; 0.500        ; 1.991      ; 2.963      ;
; 0.013  ; Presetv             ; random:random1|Q[3] ; Presetv      ; Clockv      ; 1.000        ; 1.991      ; 2.953      ;
; 0.089  ; Presetv             ; random:random1|Q[1] ; Presetv      ; Clockv      ; 1.000        ; 1.991      ; 2.877      ;
; 0.100  ; Presetv             ; random:random1|Q[2] ; Presetv      ; Clockv      ; 1.000        ; 1.991      ; 2.866      ;
; 0.107  ; Presetv             ; random:random1|Q[0] ; Presetv      ; Clockv      ; 1.000        ; 1.991      ; 2.859      ;
+--------+---------------------+---------------------+--------------+-------------+--------------+------------+------------+


+-------------------------------------------------------------------------------------------------------------------------+
; Slow 1200mV 85C Model Hold: 'Clockv'                                                                                    ;
+-------+---------------------+---------------------+--------------+-------------+--------------+------------+------------+
; Slack ; From Node           ; To Node             ; Launch Clock ; Latch Clock ; Relationship ; Clock Skew ; Data Delay ;
+-------+---------------------+---------------------+--------------+-------------+--------------+------------+------------+
; 0.435 ; Presetv             ; random:random1|Q[1] ; Presetv      ; Clockv      ; 0.000        ; 2.067      ; 2.699      ;
; 0.505 ; Presetv             ; random:random1|Q[0] ; Presetv      ; Clockv      ; 0.000        ; 2.067      ; 2.769      ;
; 0.512 ; Presetv             ; random:random1|Q[2] ; Presetv      ; Clockv      ; 0.000        ; 2.067      ; 2.776      ;
; 0.536 ; Presetv             ; random:random1|Q[3] ; Presetv      ; Clockv      ; 0.000        ; 2.067      ; 2.800      ;
; 1.086 ; random:random1|Q[2] ; random:random1|Q[1] ; Clockv       ; Clockv      ; 0.000        ; 0.064      ; 1.307      ;
; 1.109 ; Presetv             ; random:random1|Q[0] ; Presetv      ; Clockv      ; -0.500       ; 2.067      ; 2.873      ;
; 1.109 ; Presetv             ; random:random1|Q[1] ; Presetv      ; Clockv      ; -0.500       ; 2.067      ; 2.873      ;
; 1.110 ; random:random1|Q[3] ; random:random1|Q[2] ; Clockv       ; Clockv      ; 0.000        ; 0.064      ; 1.331      ;
; 1.113 ; Presetv             ; random:random1|Q[2] ; Presetv      ; Clockv      ; -0.500       ; 2.067      ; 2.877      ;
; 1.113 ; random:random1|Q[1] ; random:random1|Q[0] ; Clockv       ; Clockv      ; 0.000        ; 0.064      ; 1.334      ;
; 1.129 ; random:random1|Q[1] ; random:random1|Q[3] ; Clockv       ; Clockv      ; 0.000        ; 0.064      ; 1.350      ;
; 1.164 ; Presetv             ; random:random1|Q[3] ; Presetv      ; Clockv      ; -0.500       ; 2.067      ; 2.928      ;
; 1.228 ; random:random1|Q[0] ; random:random1|Q[3] ; Clockv       ; Clockv      ; 0.000        ; 0.064      ; 1.449      ;
+-------+---------------------+---------------------+--------------+-------------+--------------+------------+------------+


+---------------------------------------------------------------------------------------------------------------------------+
; Slow 1200mV 85C Model Hold: 'Clockv2'                                                                                     ;
+-------+----------------------+----------------------+--------------+-------------+--------------+------------+------------+
; Slack ; From Node            ; To Node              ; Launch Clock ; Latch Clock ; Relationship ; Clock Skew ; Data Delay ;
+-------+----------------------+----------------------+--------------+-------------+--------------+------------+------------+
; 0.449 ; Presetv              ; random2:random2|Q[3] ; Presetv      ; Clockv2     ; 0.000        ; 2.068      ; 2.714      ;
; 0.501 ; Presetv              ; random2:random2|Q[2] ; Presetv      ; Clockv2     ; 0.000        ; 2.068      ; 2.766      ;
; 0.506 ; Presetv              ; random2:random2|Q[0] ; Presetv      ; Clockv2     ; 0.000        ; 2.068      ; 2.771      ;
; 0.646 ; Presetv              ; random2:random2|Q[1] ; Presetv      ; Clockv2     ; 0.000        ; 2.068      ; 2.911      ;
; 0.879 ; random2:random2|Q[1] ; random2:random2|Q[3] ; Clockv2      ; Clockv2     ; 0.000        ; 0.064      ; 1.100      ;
; 0.939 ; random2:random2|Q[1] ; random2:random2|Q[0] ; Clockv2      ; Clockv2     ; 0.000        ; 0.064      ; 1.160      ;
; 0.939 ; random2:random2|Q[3] ; random2:random2|Q[2] ; Clockv2      ; Clockv2     ; 0.000        ; 0.064      ; 1.160      ;
; 0.983 ; random2:random2|Q[0] ; random2:random2|Q[3] ; Clockv2      ; Clockv2     ; 0.000        ; 0.064      ; 1.204      ;
; 1.080 ; random2:random2|Q[2] ; random2:random2|Q[1] ; Clockv2      ; Clockv2     ; 0.000        ; 0.064      ; 1.301      ;
; 1.092 ; Presetv              ; random2:random2|Q[3] ; Presetv      ; Clockv2     ; -0.500       ; 2.068      ; 2.857      ;
; 1.151 ; Presetv              ; random2:random2|Q[0] ; Presetv      ; Clockv2     ; -0.500       ; 2.068      ; 2.916      ;
; 1.156 ; Presetv              ; random2:random2|Q[2] ; Presetv      ; Clockv2     ; -0.500       ; 2.068      ; 2.921      ;
; 1.298 ; Presetv              ; random2:random2|Q[1] ; Presetv      ; Clockv2     ; -0.500       ; 2.068      ; 3.063      ;
+-------+----------------------+----------------------+--------------+-------------+--------------+------------+------------+


+---------------------------------------------------------------------------------------------------------------------------+
; Slow 1200mV 85C Model Hold: 'Presetv'                                                                                     ;
+-------+----------------------+----------------------+--------------+-------------+--------------+------------+------------+
; Slack ; From Node            ; To Node              ; Launch Clock ; Latch Clock ; Relationship ; Clock Skew ; Data Delay ;
+-------+----------------------+----------------------+--------------+-------------+--------------+------------+------------+
; 0.571 ; random:random1|Q[1]  ; random:random1|p[1]  ; Clockv       ; Presetv     ; 0.000        ; 0.242      ; 0.853      ;
; 0.572 ; random:random1|Q[1]  ; random:random1|p[2]  ; Clockv       ; Presetv     ; 0.000        ; 0.241      ; 0.853      ;
; 0.577 ; random:random1|Q[1]  ; random:random1|p[0]  ; Clockv       ; Presetv     ; 0.000        ; 0.240      ; 0.857      ;
; 0.671 ; random:random1|Q[2]  ; random:random1|p[0]  ; Clockv       ; Presetv     ; 0.000        ; 0.240      ; 0.951      ;
; 0.672 ; random:random1|Q[0]  ; random:random1|p[1]  ; Clockv       ; Presetv     ; 0.000        ; 0.242      ; 0.954      ;
; 0.673 ; random2:random2|Q[1] ; random2:random2|p[1] ; Clockv2      ; Presetv     ; 0.000        ; 0.140      ; 0.853      ;
; 0.673 ; random2:random2|Q[1] ; random2:random2|p[3] ; Clockv2      ; Presetv     ; 0.000        ; 0.140      ; 0.853      ;
; 0.677 ; random2:random2|Q[1] ; random2:random2|p[0] ; Clockv2      ; Presetv     ; 0.000        ; 0.142      ; 0.859      ;
; 0.678 ; random2:random2|Q[2] ; random2:random2|p[2] ; Clockv2      ; Presetv     ; 0.000        ; 0.140      ; 0.858      ;
; 0.679 ; random:random1|Q[2]  ; random:random1|p[2]  ; Clockv       ; Presetv     ; 0.000        ; 0.241      ; 0.960      ;
; 0.692 ; random:random1|Q[1]  ; random:random1|p[3]  ; Clockv       ; Presetv     ; 0.000        ; 0.119      ; 0.851      ;
; 0.752 ; random:random1|Q[3]  ; random:random1|p[2]  ; Clockv       ; Presetv     ; 0.000        ; 0.241      ; 1.033      ;
; 0.755 ; random:random1|Q[2]  ; random:random1|p[1]  ; Clockv       ; Presetv     ; 0.000        ; 0.242      ; 1.037      ;
; 0.755 ; random:random1|Q[0]  ; random:random1|p[0]  ; Clockv       ; Presetv     ; 0.000        ; 0.240      ; 1.035      ;
; 0.756 ; random:random1|Q[0]  ; random:random1|p[2]  ; Clockv       ; Presetv     ; 0.000        ; 0.241      ; 1.037      ;
; 0.765 ; random:random1|Q[3]  ; random:random1|p[0]  ; Clockv       ; Presetv     ; 0.000        ; 0.240      ; 1.045      ;
; 0.772 ; random2:random2|Q[0] ; random2:random2|p[1] ; Clockv2      ; Presetv     ; 0.000        ; 0.140      ; 0.952      ;
; 0.773 ; random2:random2|Q[0] ; random2:random2|p[2] ; Clockv2      ; Presetv     ; 0.000        ; 0.140      ; 0.953      ;
; 0.774 ; random2:random2|Q[0] ; random2:random2|p[3] ; Clockv2      ; Presetv     ; 0.000        ; 0.140      ; 0.954      ;
; 0.787 ; random:random1|Q[3]  ; random:random1|p[1]  ; Clockv       ; Presetv     ; 0.000        ; 0.242      ; 1.069      ;
; 0.793 ; random:random1|Q[0]  ; random:random1|p[3]  ; Clockv       ; Presetv     ; 0.000        ; 0.119      ; 0.952      ;
; 0.850 ; random2:random2|Q[0] ; random2:random2|p[0] ; Clockv2      ; Presetv     ; 0.000        ; 0.142      ; 1.032      ;
; 0.860 ; random2:random2|Q[3] ; random2:random2|p[3] ; Clockv2      ; Presetv     ; 0.000        ; 0.140      ; 1.040      ;
; 0.871 ; random:random1|Q[3]  ; random:random1|p[3]  ; Clockv       ; Presetv     ; 0.000        ; 0.119      ; 1.030      ;
; 0.873 ; random2:random2|Q[2] ; random2:random2|p[0] ; Clockv2      ; Presetv     ; 0.000        ; 0.142      ; 1.055      ;
; 0.895 ; random2:random2|Q[1] ; random2:random2|p[2] ; Clockv2      ; Presetv     ; 0.000        ; 0.140      ; 1.075      ;
; 0.896 ; random:random1|Q[2]  ; random:random1|p[3]  ; Clockv       ; Presetv     ; 0.000        ; 0.119      ; 1.055      ;
; 0.896 ; random2:random2|Q[3] ; random2:random2|p[1] ; Clockv2      ; Presetv     ; 0.000        ; 0.140      ; 1.076      ;
; 0.906 ; random2:random2|Q[3] ; random2:random2|p[0] ; Clockv2      ; Presetv     ; 0.000        ; 0.142      ; 1.088      ;
; 0.990 ; random2:random2|Q[2] ; random2:random2|p[1] ; Clockv2      ; Presetv     ; 0.000        ; 0.140      ; 1.170      ;
; 0.991 ; random2:random2|Q[3] ; random2:random2|p[2] ; Clockv2      ; Presetv     ; 0.000        ; 0.140      ; 1.171      ;
; 1.008 ; random2:random2|Q[2] ; random2:random2|p[3] ; Clockv2      ; Presetv     ; 0.000        ; 0.140      ; 1.188      ;
+-------+----------------------+----------------------+--------------+-------------+--------------+------------+------------+


+----------------------------------------------------------------------------------------------------------------+
; Slow 1200mV 85C Model Minimum Pulse Width: 'Clockv'                                                            ;
+--------+--------------+----------------+------------------+--------+------------+------------------------------+
; Slack  ; Actual Width ; Required Width ; Type             ; Clock  ; Clock Edge ; Target                       ;
+--------+--------------+----------------+------------------+--------+------------+------------------------------+
; -3.000 ; 1.000        ; 4.000          ; Port Rate        ; Clockv ; Rise       ; Clockv                       ;
; -1.000 ; 1.000        ; 2.000          ; Min Period       ; Clockv ; Rise       ; random:random1|Q[0]          ;
; -1.000 ; 1.000        ; 2.000          ; Min Period       ; Clockv ; Rise       ; random:random1|Q[1]          ;
; -1.000 ; 1.000        ; 2.000          ; Min Period       ; Clockv ; Rise       ; random:random1|Q[2]          ;
; -1.000 ; 1.000        ; 2.000          ; Min Period       ; Clockv ; Rise       ; random:random1|Q[3]          ;
; 0.168  ; 0.352        ; 0.184          ; Low Pulse Width  ; Clockv ; Rise       ; random:random1|Q[0]          ;
; 0.168  ; 0.352        ; 0.184          ; Low Pulse Width  ; Clockv ; Rise       ; random:random1|Q[1]          ;
; 0.168  ; 0.352        ; 0.184          ; Low Pulse Width  ; Clockv ; Rise       ; random:random1|Q[2]          ;
; 0.168  ; 0.352        ; 0.184          ; Low Pulse Width  ; Clockv ; Rise       ; random:random1|Q[3]          ;
; 0.330  ; 0.330        ; 0.000          ; Low Pulse Width  ; Clockv ; Rise       ; random1|Q[0]|clk             ;
; 0.330  ; 0.330        ; 0.000          ; Low Pulse Width  ; Clockv ; Rise       ; random1|Q[1]|clk             ;
; 0.330  ; 0.330        ; 0.000          ; Low Pulse Width  ; Clockv ; Rise       ; random1|Q[2]|clk             ;
; 0.330  ; 0.330        ; 0.000          ; Low Pulse Width  ; Clockv ; Rise       ; random1|Q[3]|clk             ;
; 0.335  ; 0.335        ; 0.000          ; Low Pulse Width  ; Clockv ; Rise       ; Clockv~input|o               ;
; 0.356  ; 0.356        ; 0.000          ; Low Pulse Width  ; Clockv ; Rise       ; Clockv~inputclkctrl|inclk[0] ;
; 0.356  ; 0.356        ; 0.000          ; Low Pulse Width  ; Clockv ; Rise       ; Clockv~inputclkctrl|outclk   ;
; 0.430  ; 0.646        ; 0.216          ; High Pulse Width ; Clockv ; Rise       ; random:random1|Q[0]          ;
; 0.430  ; 0.646        ; 0.216          ; High Pulse Width ; Clockv ; Rise       ; random:random1|Q[1]          ;
; 0.430  ; 0.646        ; 0.216          ; High Pulse Width ; Clockv ; Rise       ; random:random1|Q[2]          ;
; 0.430  ; 0.646        ; 0.216          ; High Pulse Width ; Clockv ; Rise       ; random:random1|Q[3]          ;
; 0.500  ; 0.500        ; 0.000          ; High Pulse Width ; Clockv ; Rise       ; Clockv~input|i               ;
; 0.500  ; 0.500        ; 0.000          ; Low Pulse Width  ; Clockv ; Rise       ; Clockv~input|i               ;
; 0.643  ; 0.643        ; 0.000          ; High Pulse Width ; Clockv ; Rise       ; Clockv~inputclkctrl|inclk[0] ;
; 0.643  ; 0.643        ; 0.000          ; High Pulse Width ; Clockv ; Rise       ; Clockv~inputclkctrl|outclk   ;
; 0.665  ; 0.665        ; 0.000          ; High Pulse Width ; Clockv ; Rise       ; Clockv~input|o               ;
; 0.670  ; 0.670        ; 0.000          ; High Pulse Width ; Clockv ; Rise       ; random1|Q[0]|clk             ;
; 0.670  ; 0.670        ; 0.000          ; High Pulse Width ; Clockv ; Rise       ; random1|Q[1]|clk             ;
; 0.670  ; 0.670        ; 0.000          ; High Pulse Width ; Clockv ; Rise       ; random1|Q[2]|clk             ;
; 0.670  ; 0.670        ; 0.000          ; High Pulse Width ; Clockv ; Rise       ; random1|Q[3]|clk             ;
+--------+--------------+----------------+------------------+--------+------------+------------------------------+


+------------------------------------------------------------------------------------------------------------------+
; Slow 1200mV 85C Model Minimum Pulse Width: 'Clockv2'                                                             ;
+--------+--------------+----------------+------------------+---------+------------+-------------------------------+
; Slack  ; Actual Width ; Required Width ; Type             ; Clock   ; Clock Edge ; Target                        ;
+--------+--------------+----------------+------------------+---------+------------+-------------------------------+
; -3.000 ; 1.000        ; 4.000          ; Port Rate        ; Clockv2 ; Rise       ; Clockv2                       ;
; -1.000 ; 1.000        ; 2.000          ; Min Period       ; Clockv2 ; Rise       ; random2:random2|Q[0]          ;
; -1.000 ; 1.000        ; 2.000          ; Min Period       ; Clockv2 ; Rise       ; random2:random2|Q[1]          ;
; -1.000 ; 1.000        ; 2.000          ; Min Period       ; Clockv2 ; Rise       ; random2:random2|Q[2]          ;
; -1.000 ; 1.000        ; 2.000          ; Min Period       ; Clockv2 ; Rise       ; random2:random2|Q[3]          ;
; 0.167  ; 0.351        ; 0.184          ; Low Pulse Width  ; Clockv2 ; Rise       ; random2:random2|Q[0]          ;
; 0.167  ; 0.351        ; 0.184          ; Low Pulse Width  ; Clockv2 ; Rise       ; random2:random2|Q[1]          ;
; 0.167  ; 0.351        ; 0.184          ; Low Pulse Width  ; Clockv2 ; Rise       ; random2:random2|Q[2]          ;
; 0.167  ; 0.351        ; 0.184          ; Low Pulse Width  ; Clockv2 ; Rise       ; random2:random2|Q[3]          ;
; 0.329  ; 0.329        ; 0.000          ; Low Pulse Width  ; Clockv2 ; Rise       ; random2|Q[0]|clk              ;
; 0.329  ; 0.329        ; 0.000          ; Low Pulse Width  ; Clockv2 ; Rise       ; random2|Q[1]|clk              ;
; 0.329  ; 0.329        ; 0.000          ; Low Pulse Width  ; Clockv2 ; Rise       ; random2|Q[2]|clk              ;
; 0.329  ; 0.329        ; 0.000          ; Low Pulse Width  ; Clockv2 ; Rise       ; random2|Q[3]|clk              ;
; 0.335  ; 0.335        ; 0.000          ; Low Pulse Width  ; Clockv2 ; Rise       ; Clockv2~input|o               ;
; 0.356  ; 0.356        ; 0.000          ; Low Pulse Width  ; Clockv2 ; Rise       ; Clockv2~inputclkctrl|inclk[0] ;
; 0.356  ; 0.356        ; 0.000          ; Low Pulse Width  ; Clockv2 ; Rise       ; Clockv2~inputclkctrl|outclk   ;
; 0.431  ; 0.647        ; 0.216          ; High Pulse Width ; Clockv2 ; Rise       ; random2:random2|Q[0]          ;
; 0.431  ; 0.647        ; 0.216          ; High Pulse Width ; Clockv2 ; Rise       ; random2:random2|Q[1]          ;
; 0.431  ; 0.647        ; 0.216          ; High Pulse Width ; Clockv2 ; Rise       ; random2:random2|Q[2]          ;
; 0.431  ; 0.647        ; 0.216          ; High Pulse Width ; Clockv2 ; Rise       ; random2:random2|Q[3]          ;
; 0.500  ; 0.500        ; 0.000          ; High Pulse Width ; Clockv2 ; Rise       ; Clockv2~input|i               ;
; 0.500  ; 0.500        ; 0.000          ; Low Pulse Width  ; Clockv2 ; Rise       ; Clockv2~input|i               ;
; 0.643  ; 0.643        ; 0.000          ; High Pulse Width ; Clockv2 ; Rise       ; Clockv2~inputclkctrl|inclk[0] ;
; 0.643  ; 0.643        ; 0.000          ; High Pulse Width ; Clockv2 ; Rise       ; Clockv2~inputclkctrl|outclk   ;
; 0.665  ; 0.665        ; 0.000          ; High Pulse Width ; Clockv2 ; Rise       ; Clockv2~input|o               ;
; 0.671  ; 0.671        ; 0.000          ; High Pulse Width ; Clockv2 ; Rise       ; random2|Q[0]|clk              ;
; 0.671  ; 0.671        ; 0.000          ; High Pulse Width ; Clockv2 ; Rise       ; random2|Q[1]|clk              ;
; 0.671  ; 0.671        ; 0.000          ; High Pulse Width ; Clockv2 ; Rise       ; random2|Q[2]|clk              ;
; 0.671  ; 0.671        ; 0.000          ; High Pulse Width ; Clockv2 ; Rise       ; random2|Q[3]|clk              ;
+--------+--------------+----------------+------------------+---------+------------+-------------------------------+


+------------------------------------------------------------------------------------------------------------------+
; Slow 1200mV 85C Model Minimum Pulse Width: 'Presetv'                                                             ;
+--------+--------------+----------------+------------------+---------+------------+-------------------------------+
; Slack  ; Actual Width ; Required Width ; Type             ; Clock   ; Clock Edge ; Target                        ;
+--------+--------------+----------------+------------------+---------+------------+-------------------------------+
; -3.000 ; 1.000        ; 4.000          ; Port Rate        ; Presetv ; Rise       ; Presetv                       ;
; 0.296  ; 0.296        ; 0.000          ; Low Pulse Width  ; Presetv ; Rise       ; random1|p[0]|dataa            ;
; 0.296  ; 0.296        ; 0.000          ; Low Pulse Width  ; Presetv ; Rise       ; random1|p[1]|dataa            ;
; 0.296  ; 0.296        ; 0.000          ; Low Pulse Width  ; Presetv ; Rise       ; random1|p[2]|dataa            ;
; 0.296  ; 0.296        ; 0.000          ; Low Pulse Width  ; Presetv ; Rise       ; random:random1|p[0]           ;
; 0.296  ; 0.296        ; 0.000          ; Low Pulse Width  ; Presetv ; Rise       ; random:random1|p[1]           ;
; 0.296  ; 0.296        ; 0.000          ; Low Pulse Width  ; Presetv ; Rise       ; random:random1|p[2]           ;
; 0.305  ; 0.305        ; 0.000          ; Low Pulse Width  ; Presetv ; Rise       ; random2|p[1]|datac            ;
; 0.305  ; 0.305        ; 0.000          ; Low Pulse Width  ; Presetv ; Rise       ; random2|p[2]|datac            ;
; 0.306  ; 0.306        ; 0.000          ; Low Pulse Width  ; Presetv ; Rise       ; random2|p[0]|datac            ;
; 0.306  ; 0.306        ; 0.000          ; Low Pulse Width  ; Presetv ; Rise       ; random2|p[3]|datac            ;
; 0.313  ; 0.313        ; 0.000          ; Low Pulse Width  ; Presetv ; Rise       ; random1|p[3]|datac            ;
; 0.315  ; 0.315        ; 0.000          ; Low Pulse Width  ; Presetv ; Rise       ; random2:random2|p[1]          ;
; 0.315  ; 0.315        ; 0.000          ; Low Pulse Width  ; Presetv ; Rise       ; random2:random2|p[2]          ;
; 0.316  ; 0.316        ; 0.000          ; Low Pulse Width  ; Presetv ; Rise       ; random2:random2|p[0]          ;
; 0.316  ; 0.316        ; 0.000          ; Low Pulse Width  ; Presetv ; Rise       ; random2:random2|p[3]          ;
; 0.323  ; 0.323        ; 0.000          ; Low Pulse Width  ; Presetv ; Rise       ; random:random1|p[3]           ;
; 0.335  ; 0.335        ; 0.000          ; Low Pulse Width  ; Presetv ; Rise       ; Presetv~input|o               ;
; 0.356  ; 0.356        ; 0.000          ; Low Pulse Width  ; Presetv ; Rise       ; Presetv~inputclkctrl|inclk[0] ;
; 0.356  ; 0.356        ; 0.000          ; Low Pulse Width  ; Presetv ; Rise       ; Presetv~inputclkctrl|outclk   ;
; 0.500  ; 0.500        ; 0.000          ; High Pulse Width ; Presetv ; Rise       ; Presetv~input|i               ;
; 0.500  ; 0.500        ; 0.000          ; Low Pulse Width  ; Presetv ; Rise       ; Presetv~input|i               ;
; 0.643  ; 0.643        ; 0.000          ; High Pulse Width ; Presetv ; Rise       ; Presetv~inputclkctrl|inclk[0] ;
; 0.643  ; 0.643        ; 0.000          ; High Pulse Width ; Presetv ; Rise       ; Presetv~inputclkctrl|outclk   ;
; 0.665  ; 0.665        ; 0.000          ; High Pulse Width ; Presetv ; Rise       ; Presetv~input|o               ;
; 0.676  ; 0.676        ; 0.000          ; High Pulse Width ; Presetv ; Rise       ; random:random1|p[3]           ;
; 0.683  ; 0.683        ; 0.000          ; High Pulse Width ; Presetv ; Rise       ; random2:random2|p[0]          ;
; 0.683  ; 0.683        ; 0.000          ; High Pulse Width ; Presetv ; Rise       ; random2:random2|p[1]          ;
; 0.683  ; 0.683        ; 0.000          ; High Pulse Width ; Presetv ; Rise       ; random2:random2|p[3]          ;
; 0.684  ; 0.684        ; 0.000          ; High Pulse Width ; Presetv ; Rise       ; random2:random2|p[2]          ;
; 0.686  ; 0.686        ; 0.000          ; High Pulse Width ; Presetv ; Rise       ; random1|p[3]|datac            ;
; 0.693  ; 0.693        ; 0.000          ; High Pulse Width ; Presetv ; Rise       ; random2|p[0]|datac            ;
; 0.693  ; 0.693        ; 0.000          ; High Pulse Width ; Presetv ; Rise       ; random2|p[1]|datac            ;
; 0.693  ; 0.693        ; 0.000          ; High Pulse Width ; Presetv ; Rise       ; random2|p[3]|datac            ;
; 0.694  ; 0.694        ; 0.000          ; High Pulse Width ; Presetv ; Rise       ; random2|p[2]|datac            ;
; 0.698  ; 0.698        ; 0.000          ; High Pulse Width ; Presetv ; Rise       ; random:random1|p[0]           ;
; 0.698  ; 0.698        ; 0.000          ; High Pulse Width ; Presetv ; Rise       ; random:random1|p[1]           ;
; 0.698  ; 0.698        ; 0.000          ; High Pulse Width ; Presetv ; Rise       ; random:random1|p[2]           ;
; 0.703  ; 0.703        ; 0.000          ; High Pulse Width ; Presetv ; Rise       ; random1|p[0]|dataa            ;
; 0.703  ; 0.703        ; 0.000          ; High Pulse Width ; Presetv ; Rise       ; random1|p[1]|dataa            ;
; 0.703  ; 0.703        ; 0.000          ; High Pulse Width ; Presetv ; Rise       ; random1|p[2]|dataa            ;
+--------+--------------+----------------+------------------+---------+------------+-------------------------------+


+-----------------------------------------------------------------------+
; Setup Times                                                           ;
+-----------+------------+-------+-------+------------+-----------------+
; Data Port ; Clock Port ; Rise  ; Fall  ; Clock Edge ; Clock Reference ;
+-----------+------------+-------+-------+------------+-----------------+
; Presetv   ; Clockv     ; 0.947 ; 1.102 ; Rise       ; Clockv          ;
; Presetv   ; Clockv2    ; 1.038 ; 1.227 ; Rise       ; Clockv2         ;
+-----------+------------+-------+-------+------------+-----------------+


+-------------------------------------------------------------------------+
; Hold Times                                                              ;
+-----------+------------+--------+--------+------------+-----------------+
; Data Port ; Clock Port ; Rise   ; Fall   ; Clock Edge ; Clock Reference ;
+-----------+------------+--------+--------+------------+-----------------+
; Presetv   ; Clockv     ; -0.475 ; -0.649 ; Rise       ; Clockv          ;
; Presetv   ; Clockv2    ; -0.489 ; -0.632 ; Rise       ; Clockv2         ;
+-----------+------------+--------+--------+------------+-----------------+


+-----------------------------------------------------------------------+
; Clock to Output Times                                                 ;
+-----------+------------+-------+-------+------------+-----------------+
; Data Port ; Clock Port ; Rise  ; Fall  ; Clock Edge ; Clock Reference ;
+-----------+------------+-------+-------+------------+-----------------+
; pv[*]     ; Presetv    ; 5.792 ; 5.813 ; Rise       ; Presetv         ;
;  pv[0]    ; Presetv    ; 5.792 ; 5.813 ; Rise       ; Presetv         ;
;  pv[1]    ; Presetv    ; 5.770 ; 5.785 ; Rise       ; Presetv         ;
;  pv[2]    ; Presetv    ; 5.734 ; 5.700 ; Rise       ; Presetv         ;
;  pv[3]    ; Presetv    ; 5.465 ; 5.450 ; Rise       ; Presetv         ;
; pv2[*]    ; Presetv    ; 6.316 ; 6.389 ; Rise       ; Presetv         ;
;  pv2[0]   ; Presetv    ; 6.316 ; 6.389 ; Rise       ; Presetv         ;
;  pv2[1]   ; Presetv    ; 5.564 ; 5.555 ; Rise       ; Presetv         ;
;  pv2[2]   ; Presetv    ; 5.312 ; 5.321 ; Rise       ; Presetv         ;
;  pv2[3]   ; Presetv    ; 5.604 ; 5.592 ; Rise       ; Presetv         ;
; segv[*]   ; Presetv    ; 7.801 ; 7.883 ; Rise       ; Presetv         ;
;  segv[0]  ; Presetv    ; 6.775 ; 6.784 ; Rise       ; Presetv         ;
;  segv[1]  ; Presetv    ; 6.268 ; 6.275 ; Rise       ; Presetv         ;
;  segv[2]  ; Presetv    ; 6.829 ; 6.747 ; Rise       ; Presetv         ;
;  segv[3]  ; Presetv    ; 6.262 ; 6.248 ; Rise       ; Presetv         ;
;  segv[4]  ; Presetv    ; 6.864 ; 6.793 ; Rise       ; Presetv         ;
;  segv[5]  ; Presetv    ; 7.801 ; 7.883 ; Rise       ; Presetv         ;
;  segv[6]  ; Presetv    ; 7.320 ; 7.299 ; Rise       ; Presetv         ;
; segv2[*]  ; Presetv    ; 8.244 ; 8.245 ; Rise       ; Presetv         ;
;  segv2[0] ; Presetv    ; 7.068 ; 7.135 ; Rise       ; Presetv         ;
;  segv2[1] ; Presetv    ; 6.035 ; 6.035 ; Rise       ; Presetv         ;
;  segv2[2] ; Presetv    ; 8.244 ; 8.245 ; Rise       ; Presetv         ;
;  segv2[3] ; Presetv    ; 6.671 ; 6.731 ; Rise       ; Presetv         ;
;  segv2[4] ; Presetv    ; 6.004 ; 6.023 ; Rise       ; Presetv         ;
;  segv2[5] ; Presetv    ; 6.819 ; 6.744 ; Rise       ; Presetv         ;
;  segv2[6] ; Presetv    ; 6.712 ; 6.765 ; Rise       ; Presetv         ;
+-----------+------------+-------+-------+------------+-----------------+


+-----------------------------------------------------------------------+
; Minimum Clock to Output Times                                         ;
+-----------+------------+-------+-------+------------+-----------------+
; Data Port ; Clock Port ; Rise  ; Fall  ; Clock Edge ; Clock Reference ;
+-----------+------------+-------+-------+------------+-----------------+
; pv[*]     ; Presetv    ; 5.304 ; 5.289 ; Rise       ; Presetv         ;
;  pv[0]    ; Presetv    ; 5.607 ; 5.626 ; Rise       ; Presetv         ;
;  pv[1]    ; Presetv    ; 5.586 ; 5.600 ; Rise       ; Presetv         ;
;  pv[2]    ; Presetv    ; 5.555 ; 5.521 ; Rise       ; Presetv         ;
;  pv[3]    ; Presetv    ; 5.304 ; 5.289 ; Rise       ; Presetv         ;
; pv2[*]    ; Presetv    ; 5.153 ; 5.161 ; Rise       ; Presetv         ;
;  pv2[0]   ; Presetv    ; 6.168 ; 6.241 ; Rise       ; Presetv         ;
;  pv2[1]   ; Presetv    ; 5.398 ; 5.388 ; Rise       ; Presetv         ;
;  pv2[2]   ; Presetv    ; 5.153 ; 5.161 ; Rise       ; Presetv         ;
;  pv2[3]   ; Presetv    ; 5.435 ; 5.423 ; Rise       ; Presetv         ;
; segv[*]   ; Presetv    ; 5.708 ; 5.683 ; Rise       ; Presetv         ;
;  segv[0]  ; Presetv    ; 6.244 ; 6.268 ; Rise       ; Presetv         ;
;  segv[1]  ; Presetv    ; 5.731 ; 5.730 ; Rise       ; Presetv         ;
;  segv[2]  ; Presetv    ; 6.306 ; 6.257 ; Rise       ; Presetv         ;
;  segv[3]  ; Presetv    ; 5.708 ; 5.683 ; Rise       ; Presetv         ;
;  segv[4]  ; Presetv    ; 6.327 ; 6.281 ; Rise       ; Presetv         ;
;  segv[5]  ; Presetv    ; 7.308 ; 7.371 ; Rise       ; Presetv         ;
;  segv[6]  ; Presetv    ; 6.729 ; 6.696 ; Rise       ; Presetv         ;
; segv2[*]  ; Presetv    ; 5.484 ; 5.459 ; Rise       ; Presetv         ;
;  segv2[0] ; Presetv    ; 6.587 ; 6.699 ; Rise       ; Presetv         ;
;  segv2[1] ; Presetv    ; 5.573 ; 5.606 ; Rise       ; Presetv         ;
;  segv2[2] ; Presetv    ; 7.720 ; 7.752 ; Rise       ; Presetv         ;
;  segv2[3] ; Presetv    ; 6.195 ; 6.264 ; Rise       ; Presetv         ;
;  segv2[4] ; Presetv    ; 5.484 ; 5.459 ; Rise       ; Presetv         ;
;  segv2[5] ; Presetv    ; 6.172 ; 6.131 ; Rise       ; Presetv         ;
;  segv2[6] ; Presetv    ; 6.226 ; 6.289 ; Rise       ; Presetv         ;
+-----------+------------+-------+-------+------------+-----------------+


-----------------------------------------------
; Slow 1200mV 85C Model Metastability Summary ;
-----------------------------------------------
No synchronizer chains to report.


+-----------------------------------------------------------------------------------------------------------+
; Slow 1200mV 0C Model Fmax Summary                                                                         ;
+------------+-----------------+------------+---------------------------------------------------------------+
; Fmax       ; Restricted Fmax ; Clock Name ; Note                                                          ;
+------------+-----------------+------------+---------------------------------------------------------------+
; 665.78 MHz ; 250.0 MHz       ; Clockv     ; limit due to minimum period restriction (max I/O toggle rate) ;
; 725.16 MHz ; 250.0 MHz       ; Clockv2    ; limit due to minimum period restriction (max I/O toggle rate) ;
+------------+-----------------+------------+---------------------------------------------------------------+
This panel reports FMAX for every clock in the design, regardless of the user-specified clock periods.  FMAX is only computed for paths where the source and destination registers or ports are driven by the same clock.  Paths of different clocks, including generated clocks, are ignored.  For paths between a clock and its inversion, FMAX is computed as if the rising and falling edges are scaled along with FMAX, such that the duty cycle (in terms of a percentage) is maintained. Altera recommends that you always use clock constraints and other slack reports for sign-off analysis.


+------------------------------------+
; Slow 1200mV 0C Model Setup Summary ;
+---------+--------+-----------------+
; Clock   ; Slack  ; End Point TNS   ;
+---------+--------+-----------------+
; Presetv ; -1.261 ; -8.443          ;
; Clockv2 ; -0.687 ; -2.325          ;
; Clockv  ; -0.564 ; -2.050          ;
+---------+--------+-----------------+


+-----------------------------------+
; Slow 1200mV 0C Model Hold Summary ;
+---------+-------+-----------------+
; Clock   ; Slack ; End Point TNS   ;
+---------+-------+-----------------+
; Clockv  ; 0.387 ; 0.000           ;
; Clockv2 ; 0.416 ; 0.000           ;
; Presetv ; 0.513 ; 0.000           ;
+---------+-------+-----------------+


-----------------------------------------
; Slow 1200mV 0C Model Recovery Summary ;
-----------------------------------------
No paths to report.


----------------------------------------
; Slow 1200mV 0C Model Removal Summary ;
----------------------------------------
No paths to report.


+--------------------------------------------------+
; Slow 1200mV 0C Model Minimum Pulse Width Summary ;
+---------+--------+-------------------------------+
; Clock   ; Slack  ; End Point TNS                 ;
+---------+--------+-------------------------------+
; Clockv  ; -3.000 ; -7.000                        ;
; Clockv2 ; -3.000 ; -7.000                        ;
; Presetv ; -3.000 ; -3.000                        ;
+---------+--------+-------------------------------+


+----------------------------------------------------------------------------------------------------------------------------+
; Slow 1200mV 0C Model Setup: 'Presetv'                                                                                      ;
+--------+----------------------+----------------------+--------------+-------------+--------------+------------+------------+
; Slack  ; From Node            ; To Node              ; Launch Clock ; Latch Clock ; Relationship ; Clock Skew ; Data Delay ;
+--------+----------------------+----------------------+--------------+-------------+--------------+------------+------------+
; -1.261 ; random:random1|Q[0]  ; random:random1|p[2]  ; Clockv       ; Presetv     ; 1.000        ; 0.086      ; 1.123      ;
; -1.243 ; random:random1|Q[3]  ; random:random1|p[2]  ; Clockv       ; Presetv     ; 1.000        ; 0.086      ; 1.105      ;
; -1.195 ; random:random1|Q[0]  ; random:random1|p[0]  ; Clockv       ; Presetv     ; 1.000        ; 0.085      ; 1.079      ;
; -1.177 ; random:random1|Q[3]  ; random:random1|p[0]  ; Clockv       ; Presetv     ; 1.000        ; 0.085      ; 1.061      ;
; -1.109 ; random:random1|Q[2]  ; random:random1|p[2]  ; Clockv       ; Presetv     ; 1.000        ; 0.086      ; 0.971      ;
; -1.085 ; random:random1|Q[2]  ; random:random1|p[1]  ; Clockv       ; Presetv     ; 1.000        ; 0.087      ; 1.112      ;
; -1.082 ; random:random1|Q[2]  ; random:random1|p[0]  ; Clockv       ; Presetv     ; 1.000        ; 0.085      ; 0.966      ;
; -1.060 ; random:random1|Q[3]  ; random:random1|p[1]  ; Clockv       ; Presetv     ; 1.000        ; 0.087      ; 1.087      ;
; -1.018 ; random2:random2|Q[2] ; random2:random2|p[1] ; Clockv2      ; Presetv     ; 1.000        ; -0.001     ; 1.213      ;
; -1.010 ; random:random1|Q[1]  ; random:random1|p[2]  ; Clockv       ; Presetv     ; 1.000        ; 0.086      ; 0.872      ;
; -1.005 ; random2:random2|Q[3] ; random2:random2|p[2] ; Clockv2      ; Presetv     ; 1.000        ; -0.001     ; 1.197      ;
; -1.000 ; random2:random2|Q[2] ; random2:random2|p[3] ; Clockv2      ; Presetv     ; 1.000        ; -0.002     ; 1.193      ;
; -0.961 ; random:random1|Q[1]  ; random:random1|p[0]  ; Clockv       ; Presetv     ; 1.000        ; 0.085      ; 0.845      ;
; -0.953 ; random:random1|Q[3]  ; random:random1|p[3]  ; Clockv       ; Presetv     ; 1.000        ; -0.018     ; 1.096      ;
; -0.947 ; random:random1|Q[0]  ; random:random1|p[1]  ; Clockv       ; Presetv     ; 1.000        ; 0.087      ; 0.974      ;
; -0.942 ; random:random1|Q[2]  ; random:random1|p[3]  ; Clockv       ; Presetv     ; 1.000        ; -0.018     ; 1.085      ;
; -0.932 ; random2:random2|Q[1] ; random2:random2|p[2] ; Clockv2      ; Presetv     ; 1.000        ; -0.001     ; 1.124      ;
; -0.926 ; random2:random2|Q[0] ; random2:random2|p[0] ; Clockv2      ; Presetv     ; 1.000        ; 0.001      ; 1.108      ;
; -0.922 ; random2:random2|Q[2] ; random2:random2|p[0] ; Clockv2      ; Presetv     ; 1.000        ; 0.001      ; 1.104      ;
; -0.895 ; random2:random2|Q[3] ; random2:random2|p[3] ; Clockv2      ; Presetv     ; 1.000        ; -0.002     ; 1.088      ;
; -0.887 ; random2:random2|Q[3] ; random2:random2|p[1] ; Clockv2      ; Presetv     ; 1.000        ; -0.001     ; 1.082      ;
; -0.878 ; random2:random2|Q[3] ; random2:random2|p[0] ; Clockv2      ; Presetv     ; 1.000        ; 0.001      ; 1.060      ;
; -0.840 ; random:random1|Q[1]  ; random:random1|p[1]  ; Clockv       ; Presetv     ; 1.000        ; 0.087      ; 0.867      ;
; -0.824 ; random:random1|Q[0]  ; random:random1|p[3]  ; Clockv       ; Presetv     ; 1.000        ; -0.018     ; 0.967      ;
; -0.782 ; random2:random2|Q[0] ; random2:random2|p[2] ; Clockv2      ; Presetv     ; 1.000        ; -0.001     ; 0.974      ;
; -0.779 ; random2:random2|Q[0] ; random2:random2|p[3] ; Clockv2      ; Presetv     ; 1.000        ; -0.002     ; 0.972      ;
; -0.778 ; random2:random2|Q[0] ; random2:random2|p[1] ; Clockv2      ; Presetv     ; 1.000        ; -0.001     ; 0.973      ;
; -0.728 ; random:random1|Q[1]  ; random:random1|p[3]  ; Clockv       ; Presetv     ; 1.000        ; -0.018     ; 0.871      ;
; -0.682 ; random2:random2|Q[1] ; random2:random2|p[3] ; Clockv2      ; Presetv     ; 1.000        ; -0.002     ; 0.875      ;
; -0.676 ; random2:random2|Q[1] ; random2:random2|p[1] ; Clockv2      ; Presetv     ; 1.000        ; -0.001     ; 0.871      ;
; -0.666 ; random2:random2|Q[1] ; random2:random2|p[0] ; Clockv2      ; Presetv     ; 1.000        ; 0.001      ; 0.848      ;
; -0.652 ; random2:random2|Q[2] ; random2:random2|p[2] ; Clockv2      ; Presetv     ; 1.000        ; -0.001     ; 0.844      ;
+--------+----------------------+----------------------+--------------+-------------+--------------+------------+------------+


+----------------------------------------------------------------------------------------------------------------------------+
; Slow 1200mV 0C Model Setup: 'Clockv2'                                                                                      ;
+--------+----------------------+----------------------+--------------+-------------+--------------+------------+------------+
; Slack  ; From Node            ; To Node              ; Launch Clock ; Latch Clock ; Relationship ; Clock Skew ; Data Delay ;
+--------+----------------------+----------------------+--------------+-------------+--------------+------------+------------+
; -0.687 ; Presetv              ; random2:random2|Q[1] ; Presetv      ; Clockv2     ; 0.500        ; 1.812      ; 2.974      ;
; -0.557 ; Presetv              ; random2:random2|Q[3] ; Presetv      ; Clockv2     ; 0.500        ; 1.812      ; 2.844      ;
; -0.541 ; Presetv              ; random2:random2|Q[0] ; Presetv      ; Clockv2     ; 0.500        ; 1.812      ; 2.828      ;
; -0.540 ; Presetv              ; random2:random2|Q[2] ; Presetv      ; Clockv2     ; 0.500        ; 1.812      ; 2.827      ;
; -0.379 ; random2:random2|Q[0] ; random2:random2|Q[3] ; Clockv2      ; Clockv2     ; 1.000        ; -0.056     ; 1.318      ;
; -0.342 ; random2:random2|Q[2] ; random2:random2|Q[1] ; Clockv2      ; Clockv2     ; 1.000        ; -0.056     ; 1.281      ;
; -0.255 ; random2:random2|Q[1] ; random2:random2|Q[3] ; Clockv2      ; Clockv2     ; 1.000        ; -0.056     ; 1.194      ;
; -0.236 ; random2:random2|Q[1] ; random2:random2|Q[0] ; Clockv2      ; Clockv2     ; 1.000        ; -0.056     ; 1.175      ;
; -0.222 ; random2:random2|Q[3] ; random2:random2|Q[2] ; Clockv2      ; Clockv2     ; 1.000        ; -0.056     ; 1.161      ;
; 0.000  ; Presetv              ; random2:random2|Q[1] ; Presetv      ; Clockv2     ; 1.000        ; 1.812      ; 2.787      ;
; 0.076  ; Presetv              ; random2:random2|Q[3] ; Presetv      ; Clockv2     ; 1.000        ; 1.812      ; 2.711      ;
; 0.132  ; Presetv              ; random2:random2|Q[0] ; Presetv      ; Clockv2     ; 1.000        ; 1.812      ; 2.655      ;
; 0.140  ; Presetv              ; random2:random2|Q[2] ; Presetv      ; Clockv2     ; 1.000        ; 1.812      ; 2.647      ;
+--------+----------------------+----------------------+--------------+-------------+--------------+------------+------------+


+--------------------------------------------------------------------------------------------------------------------------+
; Slow 1200mV 0C Model Setup: 'Clockv'                                                                                     ;
+--------+---------------------+---------------------+--------------+-------------+--------------+------------+------------+
; Slack  ; From Node           ; To Node             ; Launch Clock ; Latch Clock ; Relationship ; Clock Skew ; Data Delay ;
+--------+---------------------+---------------------+--------------+-------------+--------------+------------+------------+
; -0.564 ; Presetv             ; random:random1|Q[3] ; Presetv      ; Clockv      ; 0.500        ; 1.812      ; 2.851      ;
; -0.538 ; Presetv             ; random:random1|Q[1] ; Presetv      ; Clockv      ; 0.500        ; 1.812      ; 2.825      ;
; -0.502 ; random:random1|Q[0] ; random:random1|Q[3] ; Clockv       ; Clockv      ; 1.000        ; -0.057     ; 1.440      ;
; -0.476 ; Presetv             ; random:random1|Q[2] ; Presetv      ; Clockv      ; 0.500        ; 1.812      ; 2.763      ;
; -0.472 ; Presetv             ; random:random1|Q[0] ; Presetv      ; Clockv      ; 0.500        ; 1.812      ; 2.759      ;
; -0.422 ; random:random1|Q[1] ; random:random1|Q[3] ; Clockv       ; Clockv      ; 1.000        ; -0.057     ; 1.360      ;
; -0.364 ; random:random1|Q[2] ; random:random1|Q[1] ; Clockv       ; Clockv      ; 1.000        ; -0.057     ; 1.302      ;
; -0.361 ; random:random1|Q[3] ; random:random1|Q[2] ; Clockv       ; Clockv      ; 1.000        ; -0.057     ; 1.299      ;
; -0.352 ; random:random1|Q[1] ; random:random1|Q[0] ; Clockv       ; Clockv      ; 1.000        ; -0.057     ; 1.290      ;
; 0.073  ; Presetv             ; random:random1|Q[3] ; Presetv      ; Clockv      ; 1.000        ; 1.812      ; 2.714      ;
; 0.184  ; Presetv             ; random:random1|Q[1] ; Presetv      ; Clockv      ; 1.000        ; 1.812      ; 2.603      ;
; 0.185  ; Presetv             ; random:random1|Q[2] ; Presetv      ; Clockv      ; 1.000        ; 1.812      ; 2.602      ;
; 0.193  ; Presetv             ; random:random1|Q[0] ; Presetv      ; Clockv      ; 1.000        ; 1.812      ; 2.594      ;
+--------+---------------------+---------------------+--------------+-------------+--------------+------------+------------+


+-------------------------------------------------------------------------------------------------------------------------+
; Slow 1200mV 0C Model Hold: 'Clockv'                                                                                     ;
+-------+---------------------+---------------------+--------------+-------------+--------------+------------+------------+
; Slack ; From Node           ; To Node             ; Launch Clock ; Latch Clock ; Relationship ; Clock Skew ; Data Delay ;
+-------+---------------------+---------------------+--------------+-------------+--------------+------------+------------+
; 0.387 ; Presetv             ; random:random1|Q[1] ; Presetv      ; Clockv      ; 0.000        ; 1.879      ; 2.450      ;
; 0.449 ; Presetv             ; random:random1|Q[0] ; Presetv      ; Clockv      ; 0.000        ; 1.879      ; 2.512      ;
; 0.457 ; Presetv             ; random:random1|Q[2] ; Presetv      ; Clockv      ; 0.000        ; 1.879      ; 2.520      ;
; 0.511 ; Presetv             ; random:random1|Q[3] ; Presetv      ; Clockv      ; 0.000        ; 1.879      ; 2.574      ;
; 0.997 ; random:random1|Q[2] ; random:random1|Q[1] ; Clockv       ; Clockv      ; 0.000        ; 0.057      ; 1.198      ;
; 1.012 ; random:random1|Q[1] ; random:random1|Q[3] ; Clockv       ; Clockv      ; 0.000        ; 0.057      ; 1.213      ;
; 1.030 ; random:random1|Q[3] ; random:random1|Q[2] ; Clockv       ; Clockv      ; 0.000        ; 0.057      ; 1.231      ;
; 1.031 ; random:random1|Q[1] ; random:random1|Q[0] ; Clockv       ; Clockv      ; 0.000        ; 0.057      ; 1.232      ;
; 1.092 ; random:random1|Q[0] ; random:random1|Q[3] ; Clockv       ; Clockv      ; 0.000        ; 0.057      ; 1.293      ;
; 1.116 ; Presetv             ; random:random1|Q[0] ; Presetv      ; Clockv      ; -0.500       ; 1.879      ; 2.679      ;
; 1.118 ; Presetv             ; random:random1|Q[1] ; Presetv      ; Clockv      ; -0.500       ; 1.879      ; 2.681      ;
; 1.119 ; Presetv             ; random:random1|Q[2] ; Presetv      ; Clockv      ; -0.500       ; 1.879      ; 2.682      ;
; 1.127 ; Presetv             ; random:random1|Q[3] ; Presetv      ; Clockv      ; -0.500       ; 1.879      ; 2.690      ;
+-------+---------------------+---------------------+--------------+-------------+--------------+------------+------------+


+---------------------------------------------------------------------------------------------------------------------------+
; Slow 1200mV 0C Model Hold: 'Clockv2'                                                                                      ;
+-------+----------------------+----------------------+--------------+-------------+--------------+------------+------------+
; Slack ; From Node            ; To Node              ; Launch Clock ; Latch Clock ; Relationship ; Clock Skew ; Data Delay ;
+-------+----------------------+----------------------+--------------+-------------+--------------+------------+------------+
; 0.416 ; Presetv              ; random2:random2|Q[3] ; Presetv      ; Clockv2     ; 0.000        ; 1.878      ; 2.478      ;
; 0.465 ; Presetv              ; random2:random2|Q[2] ; Presetv      ; Clockv2     ; 0.000        ; 1.878      ; 2.527      ;
; 0.473 ; Presetv              ; random2:random2|Q[0] ; Presetv      ; Clockv2     ; 0.000        ; 1.878      ; 2.535      ;
; 0.602 ; Presetv              ; random2:random2|Q[1] ; Presetv      ; Clockv2     ; 0.000        ; 1.878      ; 2.664      ;
; 0.795 ; random2:random2|Q[1] ; random2:random2|Q[3] ; Clockv2      ; Clockv2     ; 0.000        ; 0.056      ; 0.995      ;
; 0.856 ; random2:random2|Q[3] ; random2:random2|Q[2] ; Clockv2      ; Clockv2     ; 0.000        ; 0.056      ; 1.056      ;
; 0.863 ; random2:random2|Q[1] ; random2:random2|Q[0] ; Clockv2      ; Clockv2     ; 0.000        ; 0.056      ; 1.063      ;
; 0.885 ; random2:random2|Q[0] ; random2:random2|Q[3] ; Clockv2      ; Clockv2     ; 0.000        ; 0.056      ; 1.085      ;
; 0.999 ; random2:random2|Q[2] ; random2:random2|Q[1] ; Clockv2      ; Clockv2     ; 0.000        ; 0.056      ; 1.199      ;
; 1.073 ; Presetv              ; random2:random2|Q[3] ; Presetv      ; Clockv2     ; -0.500       ; 1.878      ; 2.635      ;
; 1.139 ; Presetv              ; random2:random2|Q[2] ; Presetv      ; Clockv2     ; -0.500       ; 1.878      ; 2.701      ;
; 1.140 ; Presetv              ; random2:random2|Q[0] ; Presetv      ; Clockv2     ; -0.500       ; 1.878      ; 2.702      ;
; 1.263 ; Presetv              ; random2:random2|Q[1] ; Presetv      ; Clockv2     ; -0.500       ; 1.878      ; 2.825      ;
+-------+----------------------+----------------------+--------------+-------------+--------------+------------+------------+


+---------------------------------------------------------------------------------------------------------------------------+
; Slow 1200mV 0C Model Hold: 'Presetv'                                                                                      ;
+-------+----------------------+----------------------+--------------+-------------+--------------+------------+------------+
; Slack ; From Node            ; To Node              ; Launch Clock ; Latch Clock ; Relationship ; Clock Skew ; Data Delay ;
+-------+----------------------+----------------------+--------------+-------------+--------------+------------+------------+
; 0.513 ; random:random1|Q[1]  ; random:random1|p[2]  ; Clockv       ; Presetv     ; 0.000        ; 0.215      ; 0.768      ;
; 0.513 ; random:random1|Q[1]  ; random:random1|p[1]  ; Clockv       ; Presetv     ; 0.000        ; 0.215      ; 0.768      ;
; 0.528 ; random:random1|Q[1]  ; random:random1|p[0]  ; Clockv       ; Presetv     ; 0.000        ; 0.213      ; 0.781      ;
; 0.595 ; random:random1|Q[2]  ; random:random1|p[0]  ; Clockv       ; Presetv     ; 0.000        ; 0.213      ; 0.848      ;
; 0.596 ; random:random1|Q[0]  ; random:random1|p[1]  ; Clockv       ; Presetv     ; 0.000        ; 0.215      ; 0.851      ;
; 0.606 ; random2:random2|Q[1] ; random2:random2|p[1] ; Clockv2      ; Presetv     ; 0.000        ; 0.120      ; 0.766      ;
; 0.606 ; random2:random2|Q[1] ; random2:random2|p[3] ; Clockv2      ; Presetv     ; 0.000        ; 0.119      ; 0.765      ;
; 0.613 ; random:random1|Q[2]  ; random:random1|p[2]  ; Clockv       ; Presetv     ; 0.000        ; 0.215      ; 0.868      ;
; 0.621 ; random2:random2|Q[1] ; random2:random2|p[0] ; Clockv2      ; Presetv     ; 0.000        ; 0.121      ; 0.782      ;
; 0.621 ; random2:random2|Q[2] ; random2:random2|p[2] ; Clockv2      ; Presetv     ; 0.000        ; 0.120      ; 0.781      ;
; 0.623 ; random:random1|Q[1]  ; random:random1|p[3]  ; Clockv       ; Presetv     ; 0.000        ; 0.103      ; 0.766      ;
; 0.679 ; random:random1|Q[3]  ; random:random1|p[2]  ; Clockv       ; Presetv     ; 0.000        ; 0.215      ; 0.934      ;
; 0.680 ; random:random1|Q[0]  ; random:random1|p[2]  ; Clockv       ; Presetv     ; 0.000        ; 0.215      ; 0.935      ;
; 0.680 ; random:random1|Q[0]  ; random:random1|p[0]  ; Clockv       ; Presetv     ; 0.000        ; 0.213      ; 0.933      ;
; 0.681 ; random:random1|Q[2]  ; random:random1|p[1]  ; Clockv       ; Presetv     ; 0.000        ; 0.215      ; 0.936      ;
; 0.689 ; random:random1|Q[3]  ; random:random1|p[0]  ; Clockv       ; Presetv     ; 0.000        ; 0.213      ; 0.942      ;
; 0.692 ; random2:random2|Q[0] ; random2:random2|p[1] ; Clockv2      ; Presetv     ; 0.000        ; 0.120      ; 0.852      ;
; 0.693 ; random2:random2|Q[0] ; random2:random2|p[2] ; Clockv2      ; Presetv     ; 0.000        ; 0.120      ; 0.853      ;
; 0.695 ; random2:random2|Q[0] ; random2:random2|p[3] ; Clockv2      ; Presetv     ; 0.000        ; 0.119      ; 0.854      ;
; 0.702 ; random:random1|Q[3]  ; random:random1|p[1]  ; Clockv       ; Presetv     ; 0.000        ; 0.215      ; 0.957      ;
; 0.706 ; random:random1|Q[0]  ; random:random1|p[3]  ; Clockv       ; Presetv     ; 0.000        ; 0.103      ; 0.849      ;
; 0.769 ; random2:random2|Q[0] ; random2:random2|p[0] ; Clockv2      ; Presetv     ; 0.000        ; 0.121      ; 0.930      ;
; 0.781 ; random2:random2|Q[3] ; random2:random2|p[3] ; Clockv2      ; Presetv     ; 0.000        ; 0.119      ; 0.940      ;
; 0.789 ; random2:random2|Q[2] ; random2:random2|p[0] ; Clockv2      ; Presetv     ; 0.000        ; 0.121      ; 0.950      ;
; 0.790 ; random:random1|Q[3]  ; random:random1|p[3]  ; Clockv       ; Presetv     ; 0.000        ; 0.103      ; 0.933      ;
; 0.799 ; random2:random2|Q[1] ; random2:random2|p[2] ; Clockv2      ; Presetv     ; 0.000        ; 0.120      ; 0.959      ;
; 0.801 ; random:random1|Q[2]  ; random:random1|p[3]  ; Clockv       ; Presetv     ; 0.000        ; 0.103      ; 0.944      ;
; 0.802 ; random2:random2|Q[3] ; random2:random2|p[1] ; Clockv2      ; Presetv     ; 0.000        ; 0.120      ; 0.962      ;
; 0.824 ; random2:random2|Q[3] ; random2:random2|p[0] ; Clockv2      ; Presetv     ; 0.000        ; 0.121      ; 0.985      ;
; 0.907 ; random2:random2|Q[2] ; random2:random2|p[1] ; Clockv2      ; Presetv     ; 0.000        ; 0.120      ; 1.067      ;
; 0.908 ; random2:random2|Q[3] ; random2:random2|p[2] ; Clockv2      ; Presetv     ; 0.000        ; 0.120      ; 1.068      ;
; 0.918 ; random2:random2|Q[2] ; random2:random2|p[3] ; Clockv2      ; Presetv     ; 0.000        ; 0.119      ; 1.077      ;
+-------+----------------------+----------------------+--------------+-------------+--------------+------------+------------+


+----------------------------------------------------------------------------------------------------------------+
; Slow 1200mV 0C Model Minimum Pulse Width: 'Clockv'                                                             ;
+--------+--------------+----------------+------------------+--------+------------+------------------------------+
; Slack  ; Actual Width ; Required Width ; Type             ; Clock  ; Clock Edge ; Target                       ;
+--------+--------------+----------------+------------------+--------+------------+------------------------------+
; -3.000 ; 1.000        ; 4.000          ; Port Rate        ; Clockv ; Rise       ; Clockv                       ;
; -1.000 ; 1.000        ; 2.000          ; Min Period       ; Clockv ; Rise       ; random:random1|Q[0]          ;
; -1.000 ; 1.000        ; 2.000          ; Min Period       ; Clockv ; Rise       ; random:random1|Q[1]          ;
; -1.000 ; 1.000        ; 2.000          ; Min Period       ; Clockv ; Rise       ; random:random1|Q[2]          ;
; -1.000 ; 1.000        ; 2.000          ; Min Period       ; Clockv ; Rise       ; random:random1|Q[3]          ;
; 0.195  ; 0.379        ; 0.184          ; Low Pulse Width  ; Clockv ; Rise       ; random:random1|Q[0]          ;
; 0.195  ; 0.379        ; 0.184          ; Low Pulse Width  ; Clockv ; Rise       ; random:random1|Q[1]          ;
; 0.195  ; 0.379        ; 0.184          ; Low Pulse Width  ; Clockv ; Rise       ; random:random1|Q[2]          ;
; 0.195  ; 0.379        ; 0.184          ; Low Pulse Width  ; Clockv ; Rise       ; random:random1|Q[3]          ;
; 0.355  ; 0.355        ; 0.000          ; Low Pulse Width  ; Clockv ; Rise       ; random1|Q[0]|clk             ;
; 0.355  ; 0.355        ; 0.000          ; Low Pulse Width  ; Clockv ; Rise       ; random1|Q[1]|clk             ;
; 0.355  ; 0.355        ; 0.000          ; Low Pulse Width  ; Clockv ; Rise       ; random1|Q[2]|clk             ;
; 0.355  ; 0.355        ; 0.000          ; Low Pulse Width  ; Clockv ; Rise       ; random1|Q[3]|clk             ;
; 0.358  ; 0.358        ; 0.000          ; Low Pulse Width  ; Clockv ; Rise       ; Clockv~input|o               ;
; 0.370  ; 0.370        ; 0.000          ; Low Pulse Width  ; Clockv ; Rise       ; Clockv~inputclkctrl|inclk[0] ;
; 0.370  ; 0.370        ; 0.000          ; Low Pulse Width  ; Clockv ; Rise       ; Clockv~inputclkctrl|outclk   ;
; 0.405  ; 0.621        ; 0.216          ; High Pulse Width ; Clockv ; Rise       ; random:random1|Q[0]          ;
; 0.405  ; 0.621        ; 0.216          ; High Pulse Width ; Clockv ; Rise       ; random:random1|Q[1]          ;
; 0.405  ; 0.621        ; 0.216          ; High Pulse Width ; Clockv ; Rise       ; random:random1|Q[2]          ;
; 0.405  ; 0.621        ; 0.216          ; High Pulse Width ; Clockv ; Rise       ; random:random1|Q[3]          ;
; 0.500  ; 0.500        ; 0.000          ; High Pulse Width ; Clockv ; Rise       ; Clockv~input|i               ;
; 0.500  ; 0.500        ; 0.000          ; Low Pulse Width  ; Clockv ; Rise       ; Clockv~input|i               ;
; 0.630  ; 0.630        ; 0.000          ; High Pulse Width ; Clockv ; Rise       ; Clockv~inputclkctrl|inclk[0] ;
; 0.630  ; 0.630        ; 0.000          ; High Pulse Width ; Clockv ; Rise       ; Clockv~inputclkctrl|outclk   ;
; 0.642  ; 0.642        ; 0.000          ; High Pulse Width ; Clockv ; Rise       ; Clockv~input|o               ;
; 0.645  ; 0.645        ; 0.000          ; High Pulse Width ; Clockv ; Rise       ; random1|Q[0]|clk             ;
; 0.645  ; 0.645        ; 0.000          ; High Pulse Width ; Clockv ; Rise       ; random1|Q[1]|clk             ;
; 0.645  ; 0.645        ; 0.000          ; High Pulse Width ; Clockv ; Rise       ; random1|Q[2]|clk             ;
; 0.645  ; 0.645        ; 0.000          ; High Pulse Width ; Clockv ; Rise       ; random1|Q[3]|clk             ;
+--------+--------------+----------------+------------------+--------+------------+------------------------------+


+------------------------------------------------------------------------------------------------------------------+
; Slow 1200mV 0C Model Minimum Pulse Width: 'Clockv2'                                                              ;
+--------+--------------+----------------+------------------+---------+------------+-------------------------------+
; Slack  ; Actual Width ; Required Width ; Type             ; Clock   ; Clock Edge ; Target                        ;
+--------+--------------+----------------+------------------+---------+------------+-------------------------------+
; -3.000 ; 1.000        ; 4.000          ; Port Rate        ; Clockv2 ; Rise       ; Clockv2                       ;
; -1.000 ; 1.000        ; 2.000          ; Min Period       ; Clockv2 ; Rise       ; random2:random2|Q[0]          ;
; -1.000 ; 1.000        ; 2.000          ; Min Period       ; Clockv2 ; Rise       ; random2:random2|Q[1]          ;
; -1.000 ; 1.000        ; 2.000          ; Min Period       ; Clockv2 ; Rise       ; random2:random2|Q[2]          ;
; -1.000 ; 1.000        ; 2.000          ; Min Period       ; Clockv2 ; Rise       ; random2:random2|Q[3]          ;
; 0.193  ; 0.377        ; 0.184          ; Low Pulse Width  ; Clockv2 ; Rise       ; random2:random2|Q[0]          ;
; 0.193  ; 0.377        ; 0.184          ; Low Pulse Width  ; Clockv2 ; Rise       ; random2:random2|Q[1]          ;
; 0.193  ; 0.377        ; 0.184          ; Low Pulse Width  ; Clockv2 ; Rise       ; random2:random2|Q[2]          ;
; 0.193  ; 0.377        ; 0.184          ; Low Pulse Width  ; Clockv2 ; Rise       ; random2:random2|Q[3]          ;
; 0.353  ; 0.353        ; 0.000          ; Low Pulse Width  ; Clockv2 ; Rise       ; random2|Q[0]|clk              ;
; 0.353  ; 0.353        ; 0.000          ; Low Pulse Width  ; Clockv2 ; Rise       ; random2|Q[1]|clk              ;
; 0.353  ; 0.353        ; 0.000          ; Low Pulse Width  ; Clockv2 ; Rise       ; random2|Q[2]|clk              ;
; 0.353  ; 0.353        ; 0.000          ; Low Pulse Width  ; Clockv2 ; Rise       ; random2|Q[3]|clk              ;
; 0.358  ; 0.358        ; 0.000          ; Low Pulse Width  ; Clockv2 ; Rise       ; Clockv2~input|o               ;
; 0.370  ; 0.370        ; 0.000          ; Low Pulse Width  ; Clockv2 ; Rise       ; Clockv2~inputclkctrl|inclk[0] ;
; 0.370  ; 0.370        ; 0.000          ; Low Pulse Width  ; Clockv2 ; Rise       ; Clockv2~inputclkctrl|outclk   ;
; 0.406  ; 0.622        ; 0.216          ; High Pulse Width ; Clockv2 ; Rise       ; random2:random2|Q[0]          ;
; 0.406  ; 0.622        ; 0.216          ; High Pulse Width ; Clockv2 ; Rise       ; random2:random2|Q[1]          ;
; 0.406  ; 0.622        ; 0.216          ; High Pulse Width ; Clockv2 ; Rise       ; random2:random2|Q[2]          ;
; 0.406  ; 0.622        ; 0.216          ; High Pulse Width ; Clockv2 ; Rise       ; random2:random2|Q[3]          ;
; 0.500  ; 0.500        ; 0.000          ; High Pulse Width ; Clockv2 ; Rise       ; Clockv2~input|i               ;
; 0.500  ; 0.500        ; 0.000          ; Low Pulse Width  ; Clockv2 ; Rise       ; Clockv2~input|i               ;
; 0.630  ; 0.630        ; 0.000          ; High Pulse Width ; Clockv2 ; Rise       ; Clockv2~inputclkctrl|inclk[0] ;
; 0.630  ; 0.630        ; 0.000          ; High Pulse Width ; Clockv2 ; Rise       ; Clockv2~inputclkctrl|outclk   ;
; 0.642  ; 0.642        ; 0.000          ; High Pulse Width ; Clockv2 ; Rise       ; Clockv2~input|o               ;
; 0.646  ; 0.646        ; 0.000          ; High Pulse Width ; Clockv2 ; Rise       ; random2|Q[0]|clk              ;
; 0.646  ; 0.646        ; 0.000          ; High Pulse Width ; Clockv2 ; Rise       ; random2|Q[1]|clk              ;
; 0.646  ; 0.646        ; 0.000          ; High Pulse Width ; Clockv2 ; Rise       ; random2|Q[2]|clk              ;
; 0.646  ; 0.646        ; 0.000          ; High Pulse Width ; Clockv2 ; Rise       ; random2|Q[3]|clk              ;
+--------+--------------+----------------+------------------+---------+------------+-------------------------------+


+------------------------------------------------------------------------------------------------------------------+
; Slow 1200mV 0C Model Minimum Pulse Width: 'Presetv'                                                              ;
+--------+--------------+----------------+------------------+---------+------------+-------------------------------+
; Slack  ; Actual Width ; Required Width ; Type             ; Clock   ; Clock Edge ; Target                        ;
+--------+--------------+----------------+------------------+---------+------------+-------------------------------+
; -3.000 ; 1.000        ; 4.000          ; Port Rate        ; Presetv ; Rise       ; Presetv                       ;
; 0.337  ; 0.337        ; 0.000          ; Low Pulse Width  ; Presetv ; Rise       ; random1|p[0]|dataa            ;
; 0.337  ; 0.337        ; 0.000          ; Low Pulse Width  ; Presetv ; Rise       ; random1|p[1]|dataa            ;
; 0.338  ; 0.338        ; 0.000          ; Low Pulse Width  ; Presetv ; Rise       ; random1|p[2]|dataa            ;
; 0.342  ; 0.342        ; 0.000          ; Low Pulse Width  ; Presetv ; Rise       ; random:random1|p[0]           ;
; 0.342  ; 0.342        ; 0.000          ; Low Pulse Width  ; Presetv ; Rise       ; random:random1|p[1]           ;
; 0.342  ; 0.342        ; 0.000          ; Low Pulse Width  ; Presetv ; Rise       ; random:random1|p[2]           ;
; 0.343  ; 0.343        ; 0.000          ; Low Pulse Width  ; Presetv ; Rise       ; random2|p[0]|datac            ;
; 0.343  ; 0.343        ; 0.000          ; Low Pulse Width  ; Presetv ; Rise       ; random2|p[2]|datac            ;
; 0.343  ; 0.343        ; 0.000          ; Low Pulse Width  ; Presetv ; Rise       ; random2|p[3]|datac            ;
; 0.344  ; 0.344        ; 0.000          ; Low Pulse Width  ; Presetv ; Rise       ; random2|p[1]|datac            ;
; 0.347  ; 0.347        ; 0.000          ; Low Pulse Width  ; Presetv ; Rise       ; random2:random2|p[1]          ;
; 0.347  ; 0.347        ; 0.000          ; Low Pulse Width  ; Presetv ; Rise       ; random2:random2|p[2]          ;
; 0.347  ; 0.347        ; 0.000          ; Low Pulse Width  ; Presetv ; Rise       ; random2:random2|p[3]          ;
; 0.348  ; 0.348        ; 0.000          ; Low Pulse Width  ; Presetv ; Rise       ; random2:random2|p[0]          ;
; 0.350  ; 0.350        ; 0.000          ; Low Pulse Width  ; Presetv ; Rise       ; random1|p[3]|datac            ;
; 0.354  ; 0.354        ; 0.000          ; Low Pulse Width  ; Presetv ; Rise       ; random:random1|p[3]           ;
; 0.358  ; 0.358        ; 0.000          ; Low Pulse Width  ; Presetv ; Rise       ; Presetv~input|o               ;
; 0.370  ; 0.370        ; 0.000          ; Low Pulse Width  ; Presetv ; Rise       ; Presetv~inputclkctrl|inclk[0] ;
; 0.370  ; 0.370        ; 0.000          ; Low Pulse Width  ; Presetv ; Rise       ; Presetv~inputclkctrl|outclk   ;
; 0.500  ; 0.500        ; 0.000          ; High Pulse Width ; Presetv ; Rise       ; Presetv~input|i               ;
; 0.500  ; 0.500        ; 0.000          ; Low Pulse Width  ; Presetv ; Rise       ; Presetv~input|i               ;
; 0.630  ; 0.630        ; 0.000          ; High Pulse Width ; Presetv ; Rise       ; Presetv~inputclkctrl|inclk[0] ;
; 0.630  ; 0.630        ; 0.000          ; High Pulse Width ; Presetv ; Rise       ; Presetv~inputclkctrl|outclk   ;
; 0.642  ; 0.642        ; 0.000          ; High Pulse Width ; Presetv ; Rise       ; Presetv~input|o               ;
; 0.645  ; 0.645        ; 0.000          ; High Pulse Width ; Presetv ; Rise       ; random:random1|p[3]           ;
; 0.649  ; 0.649        ; 0.000          ; High Pulse Width ; Presetv ; Rise       ; random1|p[3]|datac            ;
; 0.651  ; 0.651        ; 0.000          ; High Pulse Width ; Presetv ; Rise       ; random2:random2|p[1]          ;
; 0.652  ; 0.652        ; 0.000          ; High Pulse Width ; Presetv ; Rise       ; random2:random2|p[0]          ;
; 0.652  ; 0.652        ; 0.000          ; High Pulse Width ; Presetv ; Rise       ; random2:random2|p[2]          ;
; 0.652  ; 0.652        ; 0.000          ; High Pulse Width ; Presetv ; Rise       ; random2:random2|p[3]          ;
; 0.655  ; 0.655        ; 0.000          ; High Pulse Width ; Presetv ; Rise       ; random2|p[0]|datac            ;
; 0.656  ; 0.656        ; 0.000          ; High Pulse Width ; Presetv ; Rise       ; random2|p[1]|datac            ;
; 0.656  ; 0.656        ; 0.000          ; High Pulse Width ; Presetv ; Rise       ; random2|p[2]|datac            ;
; 0.656  ; 0.656        ; 0.000          ; High Pulse Width ; Presetv ; Rise       ; random2|p[3]|datac            ;
; 0.656  ; 0.656        ; 0.000          ; High Pulse Width ; Presetv ; Rise       ; random:random1|p[2]           ;
; 0.657  ; 0.657        ; 0.000          ; High Pulse Width ; Presetv ; Rise       ; random:random1|p[0]           ;
; 0.657  ; 0.657        ; 0.000          ; High Pulse Width ; Presetv ; Rise       ; random:random1|p[1]           ;
; 0.661  ; 0.661        ; 0.000          ; High Pulse Width ; Presetv ; Rise       ; random1|p[0]|dataa            ;
; 0.661  ; 0.661        ; 0.000          ; High Pulse Width ; Presetv ; Rise       ; random1|p[1]|dataa            ;
; 0.661  ; 0.661        ; 0.000          ; High Pulse Width ; Presetv ; Rise       ; random1|p[2]|dataa            ;
+--------+--------------+----------------+------------------+---------+------------+-------------------------------+


+-----------------------------------------------------------------------+
; Setup Times                                                           ;
+-----------+------------+-------+-------+------------+-----------------+
; Data Port ; Clock Port ; Rise  ; Fall  ; Clock Edge ; Clock Reference ;
+-----------+------------+-------+-------+------------+-----------------+
; Presetv   ; Clockv     ; 0.887 ; 1.024 ; Rise       ; Clockv          ;
; Presetv   ; Clockv2    ; 0.960 ; 1.147 ; Rise       ; Clockv2         ;
+-----------+------------+-------+-------+------------+-----------------+


+-------------------------------------------------------------------------+
; Hold Times                                                              ;
+-----------+------------+--------+--------+------------+-----------------+
; Data Port ; Clock Port ; Rise   ; Fall   ; Clock Edge ; Clock Reference ;
+-----------+------------+--------+--------+------------+-----------------+
; Presetv   ; Clockv     ; -0.427 ; -0.656 ; Rise       ; Clockv          ;
; Presetv   ; Clockv2    ; -0.456 ; -0.613 ; Rise       ; Clockv2         ;
+-----------+------------+--------+--------+------------+-----------------+


+-----------------------------------------------------------------------+
; Clock to Output Times                                                 ;
+-----------+------------+-------+-------+------------+-----------------+
; Data Port ; Clock Port ; Rise  ; Fall  ; Clock Edge ; Clock Reference ;
+-----------+------------+-------+-------+------------+-----------------+
; pv[*]     ; Presetv    ; 5.196 ; 5.189 ; Rise       ; Presetv         ;
;  pv[0]    ; Presetv    ; 5.196 ; 5.189 ; Rise       ; Presetv         ;
;  pv[1]    ; Presetv    ; 5.177 ; 5.167 ; Rise       ; Presetv         ;
;  pv[2]    ; Presetv    ; 5.178 ; 5.097 ; Rise       ; Presetv         ;
;  pv[3]    ; Presetv    ; 4.918 ; 4.868 ; Rise       ; Presetv         ;
; pv2[*]    ; Presetv    ; 5.638 ; 5.652 ; Rise       ; Presetv         ;
;  pv2[0]   ; Presetv    ; 5.638 ; 5.652 ; Rise       ; Presetv         ;
;  pv2[1]   ; Presetv    ; 4.982 ; 4.966 ; Rise       ; Presetv         ;
;  pv2[2]   ; Presetv    ; 4.750 ; 4.751 ; Rise       ; Presetv         ;
;  pv2[3]   ; Presetv    ; 5.017 ; 5.007 ; Rise       ; Presetv         ;
; segv[*]   ; Presetv    ; 6.960 ; 6.980 ; Rise       ; Presetv         ;
;  segv[0]  ; Presetv    ; 6.054 ; 6.063 ; Rise       ; Presetv         ;
;  segv[1]  ; Presetv    ; 5.614 ; 5.654 ; Rise       ; Presetv         ;
;  segv[2]  ; Presetv    ; 6.107 ; 6.094 ; Rise       ; Presetv         ;
;  segv[3]  ; Presetv    ; 5.590 ; 5.628 ; Rise       ; Presetv         ;
;  segv[4]  ; Presetv    ; 6.133 ; 6.106 ; Rise       ; Presetv         ;
;  segv[5]  ; Presetv    ; 6.960 ; 6.980 ; Rise       ; Presetv         ;
;  segv[6]  ; Presetv    ; 6.539 ; 6.586 ; Rise       ; Presetv         ;
; segv2[*]  ; Presetv    ; 7.379 ; 7.318 ; Rise       ; Presetv         ;
;  segv2[0] ; Presetv    ; 6.306 ; 6.428 ; Rise       ; Presetv         ;
;  segv2[1] ; Presetv    ; 5.385 ; 5.389 ; Rise       ; Presetv         ;
;  segv2[2] ; Presetv    ; 7.379 ; 7.318 ; Rise       ; Presetv         ;
;  segv2[3] ; Presetv    ; 5.972 ; 6.030 ; Rise       ; Presetv         ;
;  segv2[4] ; Presetv    ; 5.377 ; 5.371 ; Rise       ; Presetv         ;
;  segv2[5] ; Presetv    ; 6.108 ; 6.030 ; Rise       ; Presetv         ;
;  segv2[6] ; Presetv    ; 6.009 ; 6.062 ; Rise       ; Presetv         ;
+-----------+------------+-------+-------+------------+-----------------+


+-----------------------------------------------------------------------+
; Minimum Clock to Output Times                                         ;
+-----------+------------+-------+-------+------------+-----------------+
; Data Port ; Clock Port ; Rise  ; Fall  ; Clock Edge ; Clock Reference ;
+-----------+------------+-------+-------+------------+-----------------+
; pv[*]     ; Presetv    ; 4.761 ; 4.712 ; Rise       ; Presetv         ;
;  pv[0]    ; Presetv    ; 5.021 ; 5.014 ; Rise       ; Presetv         ;
;  pv[1]    ; Presetv    ; 5.003 ; 4.993 ; Rise       ; Presetv         ;
;  pv[2]    ; Presetv    ; 5.007 ; 4.929 ; Rise       ; Presetv         ;
;  pv[3]    ; Presetv    ; 4.761 ; 4.712 ; Rise       ; Presetv         ;
; pv2[*]    ; Presetv    ; 4.595 ; 4.596 ; Rise       ; Presetv         ;
;  pv2[0]   ; Presetv    ; 5.495 ; 5.509 ; Rise       ; Presetv         ;
;  pv2[1]   ; Presetv    ; 4.820 ; 4.804 ; Rise       ; Presetv         ;
;  pv2[2]   ; Presetv    ; 4.595 ; 4.596 ; Rise       ; Presetv         ;
;  pv2[3]   ; Presetv    ; 4.853 ; 4.843 ; Rise       ; Presetv         ;
; segv[*]   ; Presetv    ; 5.084 ; 5.095 ; Rise       ; Presetv         ;
;  segv[0]  ; Presetv    ; 5.604 ; 5.608 ; Rise       ; Presetv         ;
;  segv[1]  ; Presetv    ; 5.125 ; 5.141 ; Rise       ; Presetv         ;
;  segv[2]  ; Presetv    ; 5.640 ; 5.628 ; Rise       ; Presetv         ;
;  segv[3]  ; Presetv    ; 5.084 ; 5.095 ; Rise       ; Presetv         ;
;  segv[4]  ; Presetv    ; 5.661 ; 5.650 ; Rise       ; Presetv         ;
;  segv[5]  ; Presetv    ; 6.541 ; 6.548 ; Rise       ; Presetv         ;
;  segv[6]  ; Presetv    ; 5.999 ; 6.016 ; Rise       ; Presetv         ;
; segv2[*]  ; Presetv    ; 4.879 ; 4.853 ; Rise       ; Presetv         ;
;  segv2[0] ; Presetv    ; 5.867 ; 6.000 ; Rise       ; Presetv         ;
;  segv2[1] ; Presetv    ; 4.960 ; 4.986 ; Rise       ; Presetv         ;
;  segv2[2] ; Presetv    ; 6.899 ; 6.848 ; Rise       ; Presetv         ;
;  segv2[3] ; Presetv    ; 5.516 ; 5.597 ; Rise       ; Presetv         ;
;  segv2[4] ; Presetv    ; 4.879 ; 4.853 ; Rise       ; Presetv         ;
;  segv2[5] ; Presetv    ; 5.518 ; 5.454 ; Rise       ; Presetv         ;
;  segv2[6] ; Presetv    ; 5.547 ; 5.615 ; Rise       ; Presetv         ;
+-----------+------------+-------+-------+------------+-----------------+


----------------------------------------------
; Slow 1200mV 0C Model Metastability Summary ;
----------------------------------------------
No synchronizer chains to report.


+------------------------------------+
; Fast 1200mV 0C Model Setup Summary ;
+---------+--------+-----------------+
; Clock   ; Slack  ; End Point TNS   ;
+---------+--------+-----------------+
; Clockv2 ; -0.454 ; -1.436          ;
; Presetv ; -0.450 ; -2.460          ;
; Clockv  ; -0.394 ; -1.237          ;
+---------+--------+-----------------+


+-----------------------------------+
; Fast 1200mV 0C Model Hold Summary ;
+---------+-------+-----------------+
; Clock   ; Slack ; End Point TNS   ;
+---------+-------+-----------------+
; Clockv  ; 0.231 ; 0.000           ;
; Clockv2 ; 0.246 ; 0.000           ;
; Presetv ; 0.290 ; 0.000           ;
+---------+-------+-----------------+


-----------------------------------------
; Fast 1200mV 0C Model Recovery Summary ;
-----------------------------------------
No paths to report.


----------------------------------------
; Fast 1200mV 0C Model Removal Summary ;
----------------------------------------
No paths to report.


+--------------------------------------------------+
; Fast 1200mV 0C Model Minimum Pulse Width Summary ;
+---------+--------+-------------------------------+
; Clock   ; Slack  ; End Point TNS                 ;
+---------+--------+-------------------------------+
; Clockv  ; -3.000 ; -7.256                        ;
; Clockv2 ; -3.000 ; -7.256                        ;
; Presetv ; -3.000 ; -3.000                        ;
+---------+--------+-------------------------------+


+----------------------------------------------------------------------------------------------------------------------------+
; Fast 1200mV 0C Model Setup: 'Clockv2'                                                                                      ;
+--------+----------------------+----------------------+--------------+-------------+--------------+------------+------------+
; Slack  ; From Node            ; To Node              ; Launch Clock ; Latch Clock ; Relationship ; Clock Skew ; Data Delay ;
+--------+----------------------+----------------------+--------------+-------------+--------------+------------+------------+
; -0.454 ; Presetv              ; random2:random2|Q[1] ; Presetv      ; Clockv2     ; 0.500        ; 1.146      ; 2.067      ;
; -0.346 ; Presetv              ; random2:random2|Q[3] ; Presetv      ; Clockv2     ; 0.500        ; 1.146      ; 1.959      ;
; -0.319 ; Presetv              ; random2:random2|Q[2] ; Presetv      ; Clockv2     ; 0.500        ; 1.146      ; 1.932      ;
; -0.317 ; Presetv              ; random2:random2|Q[0] ; Presetv      ; Clockv2     ; 0.500        ; 1.146      ; 1.930      ;
; 0.131  ; random2:random2|Q[0] ; random2:random2|Q[3] ; Clockv2      ; Clockv2     ; 1.000        ; -0.037     ; 0.819      ;
; 0.151  ; random2:random2|Q[2] ; random2:random2|Q[1] ; Clockv2      ; Clockv2     ; 1.000        ; -0.037     ; 0.799      ;
; 0.208  ; random2:random2|Q[1] ; random2:random2|Q[3] ; Clockv2      ; Clockv2     ; 1.000        ; -0.037     ; 0.742      ;
; 0.221  ; random2:random2|Q[1] ; random2:random2|Q[0] ; Clockv2      ; Clockv2     ; 1.000        ; -0.037     ; 0.729      ;
; 0.231  ; random2:random2|Q[3] ; random2:random2|Q[2] ; Clockv2      ; Clockv2     ; 1.000        ; -0.037     ; 0.719      ;
; 0.397  ; Presetv              ; random2:random2|Q[1] ; Presetv      ; Clockv2     ; 1.000        ; 1.146      ; 1.716      ;
; 0.400  ; Presetv              ; random2:random2|Q[3] ; Presetv      ; Clockv2     ; 1.000        ; 1.146      ; 1.713      ;
; 0.438  ; Presetv              ; random2:random2|Q[0] ; Presetv      ; Clockv2     ; 1.000        ; 1.146      ; 1.675      ;
; 0.441  ; Presetv              ; random2:random2|Q[2] ; Presetv      ; Clockv2     ; 1.000        ; 1.146      ; 1.672      ;
+--------+----------------------+----------------------+--------------+-------------+--------------+------------+------------+


+----------------------------------------------------------------------------------------------------------------------------+
; Fast 1200mV 0C Model Setup: 'Presetv'                                                                                      ;
+--------+----------------------+----------------------+--------------+-------------+--------------+------------+------------+
; Slack  ; From Node            ; To Node              ; Launch Clock ; Latch Clock ; Relationship ; Clock Skew ; Data Delay ;
+--------+----------------------+----------------------+--------------+-------------+--------------+------------+------------+
; -0.450 ; random:random1|Q[0]  ; random:random1|p[2]  ; Clockv       ; Presetv     ; 1.000        ; 0.038      ; 0.689      ;
; -0.440 ; random:random1|Q[3]  ; random:random1|p[2]  ; Clockv       ; Presetv     ; 1.000        ; 0.038      ; 0.679      ;
; -0.419 ; random:random1|Q[0]  ; random:random1|p[0]  ; Clockv       ; Presetv     ; 1.000        ; 0.037      ; 0.672      ;
; -0.389 ; random:random1|Q[3]  ; random:random1|p[0]  ; Clockv       ; Presetv     ; 1.000        ; 0.037      ; 0.642      ;
; -0.354 ; random:random1|Q[2]  ; random:random1|p[2]  ; Clockv       ; Presetv     ; 1.000        ; 0.038      ; 0.593      ;
; -0.343 ; random:random1|Q[2]  ; random:random1|p[1]  ; Clockv       ; Presetv     ; 1.000        ; 0.039      ; 0.692      ;
; -0.338 ; random:random1|Q[2]  ; random:random1|p[0]  ; Clockv       ; Presetv     ; 1.000        ; 0.037      ; 0.591      ;
; -0.320 ; random:random1|Q[3]  ; random:random1|p[1]  ; Clockv       ; Presetv     ; 1.000        ; 0.039      ; 0.669      ;
; -0.281 ; random2:random2|Q[2] ; random2:random2|p[1] ; Clockv2      ; Presetv     ; 1.000        ; -0.011     ; 0.759      ;
; -0.279 ; random:random1|Q[1]  ; random:random1|p[2]  ; Clockv       ; Presetv     ; 1.000        ; 0.038      ; 0.518      ;
; -0.272 ; random2:random2|Q[3] ; random2:random2|p[2] ; Clockv2      ; Presetv     ; 1.000        ; -0.011     ; 0.750      ;
; -0.270 ; random:random1|Q[1]  ; random:random1|p[0]  ; Clockv       ; Presetv     ; 1.000        ; 0.037      ; 0.523      ;
; -0.255 ; random2:random2|Q[2] ; random2:random2|p[3] ; Clockv2      ; Presetv     ; 1.000        ; -0.012     ; 0.732      ;
; -0.249 ; random:random1|Q[0]  ; random:random1|p[1]  ; Clockv       ; Presetv     ; 1.000        ; 0.039      ; 0.598      ;
; -0.220 ; random:random1|Q[3]  ; random:random1|p[3]  ; Clockv       ; Presetv     ; 1.000        ; -0.023     ; 0.665      ;
; -0.220 ; random2:random2|Q[0] ; random2:random2|p[0] ; Clockv2      ; Presetv     ; 1.000        ; -0.010     ; 0.689      ;
; -0.215 ; random:random1|Q[2]  ; random:random1|p[3]  ; Clockv       ; Presetv     ; 1.000        ; -0.023     ; 0.660      ;
; -0.214 ; random2:random2|Q[2] ; random2:random2|p[0] ; Clockv2      ; Presetv     ; 1.000        ; -0.010     ; 0.683      ;
; -0.207 ; random2:random2|Q[1] ; random2:random2|p[2] ; Clockv2      ; Presetv     ; 1.000        ; -0.011     ; 0.685      ;
; -0.185 ; random2:random2|Q[3] ; random2:random2|p[1] ; Clockv2      ; Presetv     ; 1.000        ; -0.011     ; 0.663      ;
; -0.183 ; random2:random2|Q[3] ; random2:random2|p[3] ; Clockv2      ; Presetv     ; 1.000        ; -0.012     ; 0.660      ;
; -0.170 ; random:random1|Q[1]  ; random:random1|p[1]  ; Clockv       ; Presetv     ; 1.000        ; 0.039      ; 0.519      ;
; -0.165 ; random2:random2|Q[3] ; random2:random2|p[0] ; Clockv2      ; Presetv     ; 1.000        ; -0.010     ; 0.634      ;
; -0.148 ; random:random1|Q[0]  ; random:random1|p[3]  ; Clockv       ; Presetv     ; 1.000        ; -0.023     ; 0.593      ;
; -0.122 ; random2:random2|Q[0] ; random2:random2|p[1] ; Clockv2      ; Presetv     ; 1.000        ; -0.011     ; 0.600      ;
; -0.121 ; random2:random2|Q[0] ; random2:random2|p[2] ; Clockv2      ; Presetv     ; 1.000        ; -0.011     ; 0.599      ;
; -0.120 ; random2:random2|Q[0] ; random2:random2|p[3] ; Clockv2      ; Presetv     ; 1.000        ; -0.012     ; 0.597      ;
; -0.074 ; random:random1|Q[1]  ; random:random1|p[3]  ; Clockv       ; Presetv     ; 1.000        ; -0.023     ; 0.519      ;
; -0.053 ; random2:random2|Q[1] ; random2:random2|p[0] ; Clockv2      ; Presetv     ; 1.000        ; -0.010     ; 0.522      ;
; -0.044 ; random2:random2|Q[1] ; random2:random2|p[1] ; Clockv2      ; Presetv     ; 1.000        ; -0.011     ; 0.522      ;
; -0.044 ; random2:random2|Q[1] ; random2:random2|p[3] ; Clockv2      ; Presetv     ; 1.000        ; -0.012     ; 0.521      ;
; -0.043 ; random2:random2|Q[2] ; random2:random2|p[2] ; Clockv2      ; Presetv     ; 1.000        ; -0.011     ; 0.521      ;
+--------+----------------------+----------------------+--------------+-------------+--------------+------------+------------+


+--------------------------------------------------------------------------------------------------------------------------+
; Fast 1200mV 0C Model Setup: 'Clockv'                                                                                     ;
+--------+---------------------+---------------------+--------------+-------------+--------------+------------+------------+
; Slack  ; From Node           ; To Node             ; Launch Clock ; Latch Clock ; Relationship ; Clock Skew ; Data Delay ;
+--------+---------------------+---------------------+--------------+-------------+--------------+------------+------------+
; -0.394 ; Presetv             ; random:random1|Q[3] ; Presetv      ; Clockv      ; 0.500        ; 1.146      ; 2.007      ;
; -0.288 ; Presetv             ; random:random1|Q[1] ; Presetv      ; Clockv      ; 0.500        ; 1.146      ; 1.901      ;
; -0.279 ; Presetv             ; random:random1|Q[2] ; Presetv      ; Clockv      ; 0.500        ; 1.146      ; 1.892      ;
; -0.276 ; Presetv             ; random:random1|Q[0] ; Presetv      ; Clockv      ; 0.500        ; 1.146      ; 1.889      ;
; 0.078  ; random:random1|Q[0] ; random:random1|Q[3] ; Clockv       ; Clockv      ; 1.000        ; -0.037     ; 0.872      ;
; 0.138  ; random:random1|Q[2] ; random:random1|Q[1] ; Clockv       ; Clockv      ; 1.000        ; -0.037     ; 0.812      ;
; 0.144  ; random:random1|Q[1] ; random:random1|Q[3] ; Clockv       ; Clockv      ; 1.000        ; -0.037     ; 0.806      ;
; 0.156  ; random:random1|Q[3] ; random:random1|Q[2] ; Clockv       ; Clockv      ; 1.000        ; -0.037     ; 0.794      ;
; 0.157  ; random:random1|Q[1] ; random:random1|Q[0] ; Clockv       ; Clockv      ; 1.000        ; -0.037     ; 0.793      ;
; 0.452  ; Presetv             ; random:random1|Q[3] ; Presetv      ; Clockv      ; 1.000        ; 1.146      ; 1.661      ;
; 0.464  ; Presetv             ; random:random1|Q[1] ; Presetv      ; Clockv      ; 1.000        ; 1.146      ; 1.649      ;
; 0.466  ; Presetv             ; random:random1|Q[2] ; Presetv      ; Clockv      ; 1.000        ; 1.146      ; 1.647      ;
; 0.471  ; Presetv             ; random:random1|Q[0] ; Presetv      ; Clockv      ; 1.000        ; 1.146      ; 1.642      ;
+--------+---------------------+---------------------+--------------+-------------+--------------+------------+------------+


+-------------------------------------------------------------------------------------------------------------------------+
; Fast 1200mV 0C Model Hold: 'Clockv'                                                                                     ;
+-------+---------------------+---------------------+--------------+-------------+--------------+------------+------------+
; Slack ; From Node           ; To Node             ; Launch Clock ; Latch Clock ; Relationship ; Clock Skew ; Data Delay ;
+-------+---------------------+---------------------+--------------+-------------+--------------+------------+------------+
; 0.231 ; Presetv             ; random:random1|Q[1] ; Presetv      ; Clockv      ; 0.000        ; 1.191      ; 1.546      ;
; 0.260 ; Presetv             ; random:random1|Q[3] ; Presetv      ; Clockv      ; 0.000        ; 1.191      ; 1.575      ;
; 0.274 ; Presetv             ; random:random1|Q[0] ; Presetv      ; Clockv      ; 0.000        ; 1.191      ; 1.589      ;
; 0.278 ; Presetv             ; random:random1|Q[2] ; Presetv      ; Clockv      ; 0.000        ; 1.191      ; 1.593      ;
; 0.566 ; random:random1|Q[2] ; random:random1|Q[1] ; Clockv       ; Clockv      ; 0.000        ; 0.037      ; 0.687      ;
; 0.576 ; random:random1|Q[1] ; random:random1|Q[0] ; Clockv       ; Clockv      ; 0.000        ; 0.037      ; 0.697      ;
; 0.576 ; random:random1|Q[3] ; random:random1|Q[2] ; Clockv       ; Clockv      ; 0.000        ; 0.037      ; 0.697      ;
; 0.585 ; random:random1|Q[1] ; random:random1|Q[3] ; Clockv       ; Clockv      ; 0.000        ; 0.037      ; 0.706      ;
; 0.637 ; random:random1|Q[0] ; random:random1|Q[3] ; Clockv       ; Clockv      ; 0.000        ; 0.037      ; 0.758      ;
; 1.001 ; Presetv             ; random:random1|Q[1] ; Presetv      ; Clockv      ; -0.500       ; 1.191      ; 1.816      ;
; 1.026 ; Presetv             ; random:random1|Q[0] ; Presetv      ; Clockv      ; -0.500       ; 1.191      ; 1.841      ;
; 1.029 ; Presetv             ; random:random1|Q[2] ; Presetv      ; Clockv      ; -0.500       ; 1.191      ; 1.844      ;
; 1.091 ; Presetv             ; random:random1|Q[3] ; Presetv      ; Clockv      ; -0.500       ; 1.191      ; 1.906      ;
+-------+---------------------+---------------------+--------------+-------------+--------------+------------+------------+


+---------------------------------------------------------------------------------------------------------------------------+
; Fast 1200mV 0C Model Hold: 'Clockv2'                                                                                      ;
+-------+----------------------+----------------------+--------------+-------------+--------------+------------+------------+
; Slack ; From Node            ; To Node              ; Launch Clock ; Latch Clock ; Relationship ; Clock Skew ; Data Delay ;
+-------+----------------------+----------------------+--------------+-------------+--------------+------------+------------+
; 0.246 ; Presetv              ; random2:random2|Q[3] ; Presetv      ; Clockv2     ; 0.000        ; 1.191      ; 1.561      ;
; 0.278 ; Presetv              ; random2:random2|Q[2] ; Presetv      ; Clockv2     ; 0.000        ; 1.191      ; 1.593      ;
; 0.281 ; Presetv              ; random2:random2|Q[0] ; Presetv      ; Clockv2     ; 0.000        ; 1.191      ; 1.596      ;
; 0.328 ; Presetv              ; random2:random2|Q[1] ; Presetv      ; Clockv2     ; 0.000        ; 1.191      ; 1.643      ;
; 0.468 ; random2:random2|Q[1] ; random2:random2|Q[3] ; Clockv2      ; Clockv2     ; 0.000        ; 0.037      ; 0.589      ;
; 0.491 ; random2:random2|Q[3] ; random2:random2|Q[2] ; Clockv2      ; Clockv2     ; 0.000        ; 0.037      ; 0.612      ;
; 0.494 ; random2:random2|Q[1] ; random2:random2|Q[0] ; Clockv2      ; Clockv2     ; 0.000        ; 0.037      ; 0.615      ;
; 0.529 ; random2:random2|Q[0] ; random2:random2|Q[3] ; Clockv2      ; Clockv2     ; 0.000        ; 0.037      ; 0.650      ;
; 0.564 ; random2:random2|Q[2] ; random2:random2|Q[1] ; Clockv2      ; Clockv2     ; 0.000        ; 0.037      ; 0.685      ;
; 1.014 ; Presetv              ; random2:random2|Q[3] ; Presetv      ; Clockv2     ; -0.500       ; 1.191      ; 1.829      ;
; 1.039 ; Presetv              ; random2:random2|Q[0] ; Presetv      ; Clockv2     ; -0.500       ; 1.191      ; 1.854      ;
; 1.040 ; Presetv              ; random2:random2|Q[2] ; Presetv      ; Clockv2     ; -0.500       ; 1.191      ; 1.855      ;
; 1.157 ; Presetv              ; random2:random2|Q[1] ; Presetv      ; Clockv2     ; -0.500       ; 1.191      ; 1.972      ;
+-------+----------------------+----------------------+--------------+-------------+--------------+------------+------------+


+---------------------------------------------------------------------------------------------------------------------------+
; Fast 1200mV 0C Model Hold: 'Presetv'                                                                                      ;
+-------+----------------------+----------------------+--------------+-------------+--------------+------------+------------+
; Slack ; From Node            ; To Node              ; Launch Clock ; Latch Clock ; Relationship ; Clock Skew ; Data Delay ;
+-------+----------------------+----------------------+--------------+-------------+--------------+------------+------------+
; 0.290 ; random:random1|Q[1]  ; random:random1|p[1]  ; Clockv       ; Presetv     ; 0.000        ; 0.123      ; 0.453      ;
; 0.291 ; random:random1|Q[1]  ; random:random1|p[2]  ; Clockv       ; Presetv     ; 0.000        ; 0.122      ; 0.453      ;
; 0.295 ; random:random1|Q[1]  ; random:random1|p[0]  ; Clockv       ; Presetv     ; 0.000        ; 0.121      ; 0.456      ;
; 0.345 ; random2:random2|Q[1] ; random2:random2|p[0] ; Clockv2      ; Presetv     ; 0.000        ; 0.071      ; 0.456      ;
; 0.345 ; random2:random2|Q[1] ; random2:random2|p[3] ; Clockv2      ; Presetv     ; 0.000        ; 0.069      ; 0.454      ;
; 0.346 ; random2:random2|Q[1] ; random2:random2|p[1] ; Clockv2      ; Presetv     ; 0.000        ; 0.069      ; 0.455      ;
; 0.347 ; random2:random2|Q[2] ; random2:random2|p[2] ; Clockv2      ; Presetv     ; 0.000        ; 0.069      ; 0.456      ;
; 0.348 ; random:random1|Q[2]  ; random:random1|p[2]  ; Clockv       ; Presetv     ; 0.000        ; 0.122      ; 0.510      ;
; 0.349 ; random:random1|Q[2]  ; random:random1|p[0]  ; Clockv       ; Presetv     ; 0.000        ; 0.121      ; 0.510      ;
; 0.353 ; random:random1|Q[0]  ; random:random1|p[1]  ; Clockv       ; Presetv     ; 0.000        ; 0.123      ; 0.516      ;
; 0.356 ; random:random1|Q[1]  ; random:random1|p[3]  ; Clockv       ; Presetv     ; 0.000        ; 0.057      ; 0.453      ;
; 0.392 ; random:random1|Q[3]  ; random:random1|p[2]  ; Clockv       ; Presetv     ; 0.000        ; 0.122      ; 0.554      ;
; 0.393 ; random:random1|Q[0]  ; random:random1|p[0]  ; Clockv       ; Presetv     ; 0.000        ; 0.121      ; 0.554      ;
; 0.395 ; random:random1|Q[0]  ; random:random1|p[2]  ; Clockv       ; Presetv     ; 0.000        ; 0.122      ; 0.557      ;
; 0.396 ; random:random1|Q[2]  ; random:random1|p[1]  ; Clockv       ; Presetv     ; 0.000        ; 0.123      ; 0.559      ;
; 0.404 ; random2:random2|Q[0] ; random2:random2|p[3] ; Clockv2      ; Presetv     ; 0.000        ; 0.069      ; 0.513      ;
; 0.407 ; random2:random2|Q[0] ; random2:random2|p[1] ; Clockv2      ; Presetv     ; 0.000        ; 0.069      ; 0.516      ;
; 0.407 ; random2:random2|Q[0] ; random2:random2|p[2] ; Clockv2      ; Presetv     ; 0.000        ; 0.069      ; 0.516      ;
; 0.409 ; random:random1|Q[3]  ; random:random1|p[0]  ; Clockv       ; Presetv     ; 0.000        ; 0.121      ; 0.570      ;
; 0.415 ; random:random1|Q[0]  ; random:random1|p[3]  ; Clockv       ; Presetv     ; 0.000        ; 0.057      ; 0.512      ;
; 0.424 ; random:random1|Q[3]  ; random:random1|p[1]  ; Clockv       ; Presetv     ; 0.000        ; 0.123      ; 0.587      ;
; 0.443 ; random2:random2|Q[0] ; random2:random2|p[0] ; Clockv2      ; Presetv     ; 0.000        ; 0.071      ; 0.554      ;
; 0.448 ; random2:random2|Q[3] ; random2:random2|p[3] ; Clockv2      ; Presetv     ; 0.000        ; 0.069      ; 0.557      ;
; 0.457 ; random:random1|Q[3]  ; random:random1|p[3]  ; Clockv       ; Presetv     ; 0.000        ; 0.057      ; 0.554      ;
; 0.463 ; random2:random2|Q[2] ; random2:random2|p[0] ; Clockv2      ; Presetv     ; 0.000        ; 0.071      ; 0.574      ;
; 0.465 ; random2:random2|Q[1] ; random2:random2|p[2] ; Clockv2      ; Presetv     ; 0.000        ; 0.069      ; 0.574      ;
; 0.474 ; random2:random2|Q[3] ; random2:random2|p[0] ; Clockv2      ; Presetv     ; 0.000        ; 0.071      ; 0.585      ;
; 0.477 ; random:random1|Q[2]  ; random:random1|p[3]  ; Clockv       ; Presetv     ; 0.000        ; 0.057      ; 0.574      ;
; 0.478 ; random2:random2|Q[3] ; random2:random2|p[1] ; Clockv2      ; Presetv     ; 0.000        ; 0.069      ; 0.587      ;
; 0.513 ; random2:random2|Q[2] ; random2:random2|p[1] ; Clockv2      ; Presetv     ; 0.000        ; 0.069      ; 0.622      ;
; 0.514 ; random2:random2|Q[3] ; random2:random2|p[2] ; Clockv2      ; Presetv     ; 0.000        ; 0.069      ; 0.623      ;
; 0.530 ; random2:random2|Q[2] ; random2:random2|p[3] ; Clockv2      ; Presetv     ; 0.000        ; 0.069      ; 0.639      ;
+-------+----------------------+----------------------+--------------+-------------+--------------+------------+------------+


+----------------------------------------------------------------------------------------------------------------+
; Fast 1200mV 0C Model Minimum Pulse Width: 'Clockv'                                                             ;
+--------+--------------+----------------+------------------+--------+------------+------------------------------+
; Slack  ; Actual Width ; Required Width ; Type             ; Clock  ; Clock Edge ; Target                       ;
+--------+--------------+----------------+------------------+--------+------------+------------------------------+
; -3.000 ; 1.000        ; 4.000          ; Port Rate        ; Clockv ; Rise       ; Clockv                       ;
; -1.000 ; 1.000        ; 2.000          ; Min Period       ; Clockv ; Rise       ; random:random1|Q[0]          ;
; -1.000 ; 1.000        ; 2.000          ; Min Period       ; Clockv ; Rise       ; random:random1|Q[1]          ;
; -1.000 ; 1.000        ; 2.000          ; Min Period       ; Clockv ; Rise       ; random:random1|Q[2]          ;
; -1.000 ; 1.000        ; 2.000          ; Min Period       ; Clockv ; Rise       ; random:random1|Q[3]          ;
; -0.064 ; 0.120        ; 0.184          ; Low Pulse Width  ; Clockv ; Rise       ; random:random1|Q[0]          ;
; -0.064 ; 0.120        ; 0.184          ; Low Pulse Width  ; Clockv ; Rise       ; random:random1|Q[1]          ;
; -0.064 ; 0.120        ; 0.184          ; Low Pulse Width  ; Clockv ; Rise       ; random:random1|Q[2]          ;
; -0.064 ; 0.120        ; 0.184          ; Low Pulse Width  ; Clockv ; Rise       ; random:random1|Q[3]          ;
; 0.116  ; 0.116        ; 0.000          ; Low Pulse Width  ; Clockv ; Rise       ; random1|Q[0]|clk             ;
; 0.116  ; 0.116        ; 0.000          ; Low Pulse Width  ; Clockv ; Rise       ; random1|Q[1]|clk             ;
; 0.116  ; 0.116        ; 0.000          ; Low Pulse Width  ; Clockv ; Rise       ; random1|Q[2]|clk             ;
; 0.116  ; 0.116        ; 0.000          ; Low Pulse Width  ; Clockv ; Rise       ; random1|Q[3]|clk             ;
; 0.120  ; 0.120        ; 0.000          ; Low Pulse Width  ; Clockv ; Rise       ; Clockv~input|o               ;
; 0.139  ; 0.139        ; 0.000          ; Low Pulse Width  ; Clockv ; Rise       ; Clockv~inputclkctrl|inclk[0] ;
; 0.139  ; 0.139        ; 0.000          ; Low Pulse Width  ; Clockv ; Rise       ; Clockv~inputclkctrl|outclk   ;
; 0.500  ; 0.500        ; 0.000          ; High Pulse Width ; Clockv ; Rise       ; Clockv~input|i               ;
; 0.500  ; 0.500        ; 0.000          ; Low Pulse Width  ; Clockv ; Rise       ; Clockv~input|i               ;
; 0.662  ; 0.878        ; 0.216          ; High Pulse Width ; Clockv ; Rise       ; random:random1|Q[0]          ;
; 0.662  ; 0.878        ; 0.216          ; High Pulse Width ; Clockv ; Rise       ; random:random1|Q[1]          ;
; 0.662  ; 0.878        ; 0.216          ; High Pulse Width ; Clockv ; Rise       ; random:random1|Q[2]          ;
; 0.662  ; 0.878        ; 0.216          ; High Pulse Width ; Clockv ; Rise       ; random:random1|Q[3]          ;
; 0.861  ; 0.861        ; 0.000          ; High Pulse Width ; Clockv ; Rise       ; Clockv~inputclkctrl|inclk[0] ;
; 0.861  ; 0.861        ; 0.000          ; High Pulse Width ; Clockv ; Rise       ; Clockv~inputclkctrl|outclk   ;
; 0.880  ; 0.880        ; 0.000          ; High Pulse Width ; Clockv ; Rise       ; Clockv~input|o               ;
; 0.884  ; 0.884        ; 0.000          ; High Pulse Width ; Clockv ; Rise       ; random1|Q[0]|clk             ;
; 0.884  ; 0.884        ; 0.000          ; High Pulse Width ; Clockv ; Rise       ; random1|Q[1]|clk             ;
; 0.884  ; 0.884        ; 0.000          ; High Pulse Width ; Clockv ; Rise       ; random1|Q[2]|clk             ;
; 0.884  ; 0.884        ; 0.000          ; High Pulse Width ; Clockv ; Rise       ; random1|Q[3]|clk             ;
+--------+--------------+----------------+------------------+--------+------------+------------------------------+


+------------------------------------------------------------------------------------------------------------------+
; Fast 1200mV 0C Model Minimum Pulse Width: 'Clockv2'                                                              ;
+--------+--------------+----------------+------------------+---------+------------+-------------------------------+
; Slack  ; Actual Width ; Required Width ; Type             ; Clock   ; Clock Edge ; Target                        ;
+--------+--------------+----------------+------------------+---------+------------+-------------------------------+
; -3.000 ; 1.000        ; 4.000          ; Port Rate        ; Clockv2 ; Rise       ; Clockv2                       ;
; -1.000 ; 1.000        ; 2.000          ; Min Period       ; Clockv2 ; Rise       ; random2:random2|Q[0]          ;
; -1.000 ; 1.000        ; 2.000          ; Min Period       ; Clockv2 ; Rise       ; random2:random2|Q[1]          ;
; -1.000 ; 1.000        ; 2.000          ; Min Period       ; Clockv2 ; Rise       ; random2:random2|Q[2]          ;
; -1.000 ; 1.000        ; 2.000          ; Min Period       ; Clockv2 ; Rise       ; random2:random2|Q[3]          ;
; -0.064 ; 0.120        ; 0.184          ; Low Pulse Width  ; Clockv2 ; Rise       ; random2:random2|Q[0]          ;
; -0.064 ; 0.120        ; 0.184          ; Low Pulse Width  ; Clockv2 ; Rise       ; random2:random2|Q[1]          ;
; -0.064 ; 0.120        ; 0.184          ; Low Pulse Width  ; Clockv2 ; Rise       ; random2:random2|Q[2]          ;
; -0.064 ; 0.120        ; 0.184          ; Low Pulse Width  ; Clockv2 ; Rise       ; random2:random2|Q[3]          ;
; 0.116  ; 0.116        ; 0.000          ; Low Pulse Width  ; Clockv2 ; Rise       ; random2|Q[0]|clk              ;
; 0.116  ; 0.116        ; 0.000          ; Low Pulse Width  ; Clockv2 ; Rise       ; random2|Q[1]|clk              ;
; 0.116  ; 0.116        ; 0.000          ; Low Pulse Width  ; Clockv2 ; Rise       ; random2|Q[2]|clk              ;
; 0.116  ; 0.116        ; 0.000          ; Low Pulse Width  ; Clockv2 ; Rise       ; random2|Q[3]|clk              ;
; 0.120  ; 0.120        ; 0.000          ; Low Pulse Width  ; Clockv2 ; Rise       ; Clockv2~input|o               ;
; 0.139  ; 0.139        ; 0.000          ; Low Pulse Width  ; Clockv2 ; Rise       ; Clockv2~inputclkctrl|inclk[0] ;
; 0.139  ; 0.139        ; 0.000          ; Low Pulse Width  ; Clockv2 ; Rise       ; Clockv2~inputclkctrl|outclk   ;
; 0.500  ; 0.500        ; 0.000          ; High Pulse Width ; Clockv2 ; Rise       ; Clockv2~input|i               ;
; 0.500  ; 0.500        ; 0.000          ; Low Pulse Width  ; Clockv2 ; Rise       ; Clockv2~input|i               ;
; 0.661  ; 0.877        ; 0.216          ; High Pulse Width ; Clockv2 ; Rise       ; random2:random2|Q[0]          ;
; 0.661  ; 0.877        ; 0.216          ; High Pulse Width ; Clockv2 ; Rise       ; random2:random2|Q[1]          ;
; 0.661  ; 0.877        ; 0.216          ; High Pulse Width ; Clockv2 ; Rise       ; random2:random2|Q[2]          ;
; 0.661  ; 0.877        ; 0.216          ; High Pulse Width ; Clockv2 ; Rise       ; random2:random2|Q[3]          ;
; 0.861  ; 0.861        ; 0.000          ; High Pulse Width ; Clockv2 ; Rise       ; Clockv2~inputclkctrl|inclk[0] ;
; 0.861  ; 0.861        ; 0.000          ; High Pulse Width ; Clockv2 ; Rise       ; Clockv2~inputclkctrl|outclk   ;
; 0.880  ; 0.880        ; 0.000          ; High Pulse Width ; Clockv2 ; Rise       ; Clockv2~input|o               ;
; 0.883  ; 0.883        ; 0.000          ; High Pulse Width ; Clockv2 ; Rise       ; random2|Q[0]|clk              ;
; 0.883  ; 0.883        ; 0.000          ; High Pulse Width ; Clockv2 ; Rise       ; random2|Q[1]|clk              ;
; 0.883  ; 0.883        ; 0.000          ; High Pulse Width ; Clockv2 ; Rise       ; random2|Q[2]|clk              ;
; 0.883  ; 0.883        ; 0.000          ; High Pulse Width ; Clockv2 ; Rise       ; random2|Q[3]|clk              ;
+--------+--------------+----------------+------------------+---------+------------+-------------------------------+


+------------------------------------------------------------------------------------------------------------------+
; Fast 1200mV 0C Model Minimum Pulse Width: 'Presetv'                                                              ;
+--------+--------------+----------------+------------------+---------+------------+-------------------------------+
; Slack  ; Actual Width ; Required Width ; Type             ; Clock   ; Clock Edge ; Target                        ;
+--------+--------------+----------------+------------------+---------+------------+-------------------------------+
; -3.000 ; 1.000        ; 4.000          ; Port Rate        ; Presetv ; Rise       ; Presetv                       ;
; 0.073  ; 0.073        ; 0.000          ; Low Pulse Width  ; Presetv ; Rise       ; random:random1|p[0]           ;
; 0.073  ; 0.073        ; 0.000          ; Low Pulse Width  ; Presetv ; Rise       ; random:random1|p[1]           ;
; 0.073  ; 0.073        ; 0.000          ; Low Pulse Width  ; Presetv ; Rise       ; random:random1|p[2]           ;
; 0.080  ; 0.080        ; 0.000          ; Low Pulse Width  ; Presetv ; Rise       ; random1|p[0]|dataa            ;
; 0.080  ; 0.080        ; 0.000          ; Low Pulse Width  ; Presetv ; Rise       ; random1|p[1]|dataa            ;
; 0.080  ; 0.080        ; 0.000          ; Low Pulse Width  ; Presetv ; Rise       ; random1|p[2]|dataa            ;
; 0.088  ; 0.088        ; 0.000          ; Low Pulse Width  ; Presetv ; Rise       ; random2|p[0]|datac            ;
; 0.088  ; 0.088        ; 0.000          ; Low Pulse Width  ; Presetv ; Rise       ; random2|p[1]|datac            ;
; 0.088  ; 0.088        ; 0.000          ; Low Pulse Width  ; Presetv ; Rise       ; random2|p[2]|datac            ;
; 0.089  ; 0.089        ; 0.000          ; Low Pulse Width  ; Presetv ; Rise       ; random2|p[3]|datac            ;
; 0.094  ; 0.094        ; 0.000          ; Low Pulse Width  ; Presetv ; Rise       ; random1|p[3]|datac            ;
; 0.094  ; 0.094        ; 0.000          ; Low Pulse Width  ; Presetv ; Rise       ; random2:random2|p[0]          ;
; 0.094  ; 0.094        ; 0.000          ; Low Pulse Width  ; Presetv ; Rise       ; random2:random2|p[1]          ;
; 0.094  ; 0.094        ; 0.000          ; Low Pulse Width  ; Presetv ; Rise       ; random2:random2|p[2]          ;
; 0.095  ; 0.095        ; 0.000          ; Low Pulse Width  ; Presetv ; Rise       ; random2:random2|p[3]          ;
; 0.100  ; 0.100        ; 0.000          ; Low Pulse Width  ; Presetv ; Rise       ; random:random1|p[3]           ;
; 0.120  ; 0.120        ; 0.000          ; Low Pulse Width  ; Presetv ; Rise       ; Presetv~input|o               ;
; 0.139  ; 0.139        ; 0.000          ; Low Pulse Width  ; Presetv ; Rise       ; Presetv~inputclkctrl|inclk[0] ;
; 0.139  ; 0.139        ; 0.000          ; Low Pulse Width  ; Presetv ; Rise       ; Presetv~inputclkctrl|outclk   ;
; 0.500  ; 0.500        ; 0.000          ; High Pulse Width ; Presetv ; Rise       ; Presetv~input|i               ;
; 0.500  ; 0.500        ; 0.000          ; Low Pulse Width  ; Presetv ; Rise       ; Presetv~input|i               ;
; 0.861  ; 0.861        ; 0.000          ; High Pulse Width ; Presetv ; Rise       ; Presetv~inputclkctrl|inclk[0] ;
; 0.861  ; 0.861        ; 0.000          ; High Pulse Width ; Presetv ; Rise       ; Presetv~inputclkctrl|outclk   ;
; 0.880  ; 0.880        ; 0.000          ; High Pulse Width ; Presetv ; Rise       ; Presetv~input|o               ;
; 0.898  ; 0.898        ; 0.000          ; High Pulse Width ; Presetv ; Rise       ; random:random1|p[3]           ;
; 0.903  ; 0.903        ; 0.000          ; High Pulse Width ; Presetv ; Rise       ; random2:random2|p[1]          ;
; 0.904  ; 0.904        ; 0.000          ; High Pulse Width ; Presetv ; Rise       ; random1|p[3]|datac            ;
; 0.904  ; 0.904        ; 0.000          ; High Pulse Width ; Presetv ; Rise       ; random2:random2|p[0]          ;
; 0.904  ; 0.904        ; 0.000          ; High Pulse Width ; Presetv ; Rise       ; random2:random2|p[2]          ;
; 0.904  ; 0.904        ; 0.000          ; High Pulse Width ; Presetv ; Rise       ; random2:random2|p[3]          ;
; 0.909  ; 0.909        ; 0.000          ; High Pulse Width ; Presetv ; Rise       ; random2|p[1]|datac            ;
; 0.910  ; 0.910        ; 0.000          ; High Pulse Width ; Presetv ; Rise       ; random2|p[0]|datac            ;
; 0.910  ; 0.910        ; 0.000          ; High Pulse Width ; Presetv ; Rise       ; random2|p[2]|datac            ;
; 0.910  ; 0.910        ; 0.000          ; High Pulse Width ; Presetv ; Rise       ; random2|p[3]|datac            ;
; 0.917  ; 0.917        ; 0.000          ; High Pulse Width ; Presetv ; Rise       ; random1|p[0]|dataa            ;
; 0.917  ; 0.917        ; 0.000          ; High Pulse Width ; Presetv ; Rise       ; random1|p[1]|dataa            ;
; 0.918  ; 0.918        ; 0.000          ; High Pulse Width ; Presetv ; Rise       ; random1|p[2]|dataa            ;
; 0.923  ; 0.923        ; 0.000          ; High Pulse Width ; Presetv ; Rise       ; random:random1|p[0]           ;
; 0.923  ; 0.923        ; 0.000          ; High Pulse Width ; Presetv ; Rise       ; random:random1|p[1]           ;
; 0.924  ; 0.924        ; 0.000          ; High Pulse Width ; Presetv ; Rise       ; random:random1|p[2]           ;
+--------+--------------+----------------+------------------+---------+------------+-------------------------------+


+-----------------------------------------------------------------------+
; Setup Times                                                           ;
+-----------+------------+-------+-------+------------+-----------------+
; Data Port ; Clock Port ; Rise  ; Fall  ; Clock Edge ; Clock Reference ;
+-----------+------------+-------+-------+------------+-----------------+
; Presetv   ; Clockv     ; 0.508 ; 0.854 ; Rise       ; Clockv          ;
; Presetv   ; Clockv2    ; 0.563 ; 0.914 ; Rise       ; Clockv2         ;
+-----------+------------+-------+-------+------------+-----------------+


+-------------------------------------------------------------------------+
; Hold Times                                                              ;
+-----------+------------+--------+--------+------------+-----------------+
; Data Port ; Clock Port ; Rise   ; Fall   ; Clock Edge ; Clock Reference ;
+-----------+------------+--------+--------+------------+-----------------+
; Presetv   ; Clockv     ; -0.271 ; -0.541 ; Rise       ; Clockv          ;
; Presetv   ; Clockv2    ; -0.286 ; -0.554 ; Rise       ; Clockv2         ;
+-----------+------------+--------+--------+------------+-----------------+


+-----------------------------------------------------------------------+
; Clock to Output Times                                                 ;
+-----------+------------+-------+-------+------------+-----------------+
; Data Port ; Clock Port ; Rise  ; Fall  ; Clock Edge ; Clock Reference ;
+-----------+------------+-------+-------+------------+-----------------+
; pv[*]     ; Presetv    ; 3.416 ; 3.489 ; Rise       ; Presetv         ;
;  pv[0]    ; Presetv    ; 3.416 ; 3.489 ; Rise       ; Presetv         ;
;  pv[1]    ; Presetv    ; 3.404 ; 3.476 ; Rise       ; Presetv         ;
;  pv[2]    ; Presetv    ; 3.361 ; 3.430 ; Rise       ; Presetv         ;
;  pv[3]    ; Presetv    ; 3.227 ; 3.293 ; Rise       ; Presetv         ;
; pv2[*]    ; Presetv    ; 3.899 ; 3.979 ; Rise       ; Presetv         ;
;  pv2[0]   ; Presetv    ; 3.899 ; 3.979 ; Rise       ; Presetv         ;
;  pv2[1]   ; Presetv    ; 3.285 ; 3.339 ; Rise       ; Presetv         ;
;  pv2[2]   ; Presetv    ; 3.135 ; 3.185 ; Rise       ; Presetv         ;
;  pv2[3]   ; Presetv    ; 3.311 ; 3.367 ; Rise       ; Presetv         ;
; segv[*]   ; Presetv    ; 4.789 ; 4.873 ; Rise       ; Presetv         ;
;  segv[0]  ; Presetv    ; 4.049 ; 4.010 ; Rise       ; Presetv         ;
;  segv[1]  ; Presetv    ; 3.745 ; 3.679 ; Rise       ; Presetv         ;
;  segv[2]  ; Presetv    ; 4.046 ; 4.046 ; Rise       ; Presetv         ;
;  segv[3]  ; Presetv    ; 3.738 ; 3.669 ; Rise       ; Presetv         ;
;  segv[4]  ; Presetv    ; 4.066 ; 4.076 ; Rise       ; Presetv         ;
;  segv[5]  ; Presetv    ; 4.789 ; 4.873 ; Rise       ; Presetv         ;
;  segv[6]  ; Presetv    ; 4.365 ; 4.236 ; Rise       ; Presetv         ;
; segv2[*]  ; Presetv    ; 5.015 ; 5.056 ; Rise       ; Presetv         ;
;  segv2[0] ; Presetv    ; 4.221 ; 4.106 ; Rise       ; Presetv         ;
;  segv2[1] ; Presetv    ; 3.589 ; 3.561 ; Rise       ; Presetv         ;
;  segv2[2] ; Presetv    ; 5.015 ; 5.056 ; Rise       ; Presetv         ;
;  segv2[3] ; Presetv    ; 3.974 ; 3.960 ; Rise       ; Presetv         ;
;  segv2[4] ; Presetv    ; 3.494 ; 3.586 ; Rise       ; Presetv         ;
;  segv2[5] ; Presetv    ; 4.012 ; 4.027 ; Rise       ; Presetv         ;
;  segv2[6] ; Presetv    ; 3.974 ; 3.990 ; Rise       ; Presetv         ;
+-----------+------------+-------+-------+------------+-----------------+


+-----------------------------------------------------------------------+
; Minimum Clock to Output Times                                         ;
+-----------+------------+-------+-------+------------+-----------------+
; Data Port ; Clock Port ; Rise  ; Fall  ; Clock Edge ; Clock Reference ;
+-----------+------------+-------+-------+------------+-----------------+
; pv[*]     ; Presetv    ; 3.134 ; 3.198 ; Rise       ; Presetv         ;
;  pv[0]    ; Presetv    ; 3.312 ; 3.382 ; Rise       ; Presetv         ;
;  pv[1]    ; Presetv    ; 3.301 ; 3.369 ; Rise       ; Presetv         ;
;  pv[2]    ; Presetv    ; 3.261 ; 3.328 ; Rise       ; Presetv         ;
;  pv[3]    ; Presetv    ; 3.134 ; 3.198 ; Rise       ; Presetv         ;
; pv2[*]    ; Presetv    ; 3.043 ; 3.092 ; Rise       ; Presetv         ;
;  pv2[0]   ; Presetv    ; 3.814 ; 3.893 ; Rise       ; Presetv         ;
;  pv2[1]   ; Presetv    ; 3.187 ; 3.238 ; Rise       ; Presetv         ;
;  pv2[2]   ; Presetv    ; 3.043 ; 3.092 ; Rise       ; Presetv         ;
;  pv2[3]   ; Presetv    ; 3.210 ; 3.264 ; Rise       ; Presetv         ;
; segv[*]   ; Presetv    ; 3.411 ; 3.331 ; Rise       ; Presetv         ;
;  segv[0]  ; Presetv    ; 3.697 ; 3.658 ; Rise       ; Presetv         ;
;  segv[1]  ; Presetv    ; 3.435 ; 3.359 ; Rise       ; Presetv         ;
;  segv[2]  ; Presetv    ; 3.685 ; 3.713 ; Rise       ; Presetv         ;
;  segv[3]  ; Presetv    ; 3.411 ; 3.331 ; Rise       ; Presetv         ;
;  segv[4]  ; Presetv    ; 3.698 ; 3.727 ; Rise       ; Presetv         ;
;  segv[5]  ; Presetv    ; 4.447 ; 4.528 ; Rise       ; Presetv         ;
;  segv[6]  ; Presetv    ; 4.017 ; 3.880 ; Rise       ; Presetv         ;
; segv2[*]  ; Presetv    ; 3.191 ; 3.209 ; Rise       ; Presetv         ;
;  segv2[0] ; Presetv    ; 3.889 ; 3.851 ; Rise       ; Presetv         ;
;  segv2[1] ; Presetv    ; 3.271 ; 3.260 ; Rise       ; Presetv         ;
;  segv2[2] ; Presetv    ; 4.656 ; 4.765 ; Rise       ; Presetv         ;
;  segv2[3] ; Presetv    ; 3.663 ; 3.640 ; Rise       ; Presetv         ;
;  segv2[4] ; Presetv    ; 3.191 ; 3.209 ; Rise       ; Presetv         ;
;  segv2[5] ; Presetv    ; 3.580 ; 3.628 ; Rise       ; Presetv         ;
;  segv2[6] ; Presetv    ; 3.681 ; 3.653 ; Rise       ; Presetv         ;
+-----------+------------+-------+-------+------------+-----------------+


----------------------------------------------
; Fast 1200mV 0C Model Metastability Summary ;
----------------------------------------------
No synchronizer chains to report.


+-------------------------------------------------------------------------------+
; Multicorner Timing Analysis Summary                                           ;
+------------------+---------+-------+----------+---------+---------------------+
; Clock            ; Setup   ; Hold  ; Recovery ; Removal ; Minimum Pulse Width ;
+------------------+---------+-------+----------+---------+---------------------+
; Worst-case Slack ; -1.542  ; 0.231 ; N/A      ; N/A     ; -3.000              ;
;  Clockv          ; -0.666  ; 0.231 ; N/A      ; N/A     ; -3.000              ;
;  Clockv2         ; -0.767  ; 0.246 ; N/A      ; N/A     ; -3.000              ;
;  Presetv         ; -1.542  ; 0.290 ; N/A      ; N/A     ; -3.000              ;
; Design-wide TNS  ; -15.229 ; 0.0   ; 0.0      ; 0.0     ; -17.512             ;
;  Clockv          ; -2.259  ; 0.000 ; N/A      ; N/A     ; -7.256              ;
;  Clockv2         ; -2.569  ; 0.000 ; N/A      ; N/A     ; -7.256              ;
;  Presetv         ; -10.401 ; 0.000 ; N/A      ; N/A     ; -3.000              ;
+------------------+---------+-------+----------+---------+---------------------+


+-----------------------------------------------------------------------+
; Setup Times                                                           ;
+-----------+------------+-------+-------+------------+-----------------+
; Data Port ; Clock Port ; Rise  ; Fall  ; Clock Edge ; Clock Reference ;
+-----------+------------+-------+-------+------------+-----------------+
; Presetv   ; Clockv     ; 0.947 ; 1.102 ; Rise       ; Clockv          ;
; Presetv   ; Clockv2    ; 1.038 ; 1.227 ; Rise       ; Clockv2         ;
+-----------+------------+-------+-------+------------+-----------------+


+-------------------------------------------------------------------------+
; Hold Times                                                              ;
+-----------+------------+--------+--------+------------+-----------------+
; Data Port ; Clock Port ; Rise   ; Fall   ; Clock Edge ; Clock Reference ;
+-----------+------------+--------+--------+------------+-----------------+
; Presetv   ; Clockv     ; -0.271 ; -0.541 ; Rise       ; Clockv          ;
; Presetv   ; Clockv2    ; -0.286 ; -0.554 ; Rise       ; Clockv2         ;
+-----------+------------+--------+--------+------------+-----------------+


+-----------------------------------------------------------------------+
; Clock to Output Times                                                 ;
+-----------+------------+-------+-------+------------+-----------------+
; Data Port ; Clock Port ; Rise  ; Fall  ; Clock Edge ; Clock Reference ;
+-----------+------------+-------+-------+------------+-----------------+
; pv[*]     ; Presetv    ; 5.792 ; 5.813 ; Rise       ; Presetv         ;
;  pv[0]    ; Presetv    ; 5.792 ; 5.813 ; Rise       ; Presetv         ;
;  pv[1]    ; Presetv    ; 5.770 ; 5.785 ; Rise       ; Presetv         ;
;  pv[2]    ; Presetv    ; 5.734 ; 5.700 ; Rise       ; Presetv         ;
;  pv[3]    ; Presetv    ; 5.465 ; 5.450 ; Rise       ; Presetv         ;
; pv2[*]    ; Presetv    ; 6.316 ; 6.389 ; Rise       ; Presetv         ;
;  pv2[0]   ; Presetv    ; 6.316 ; 6.389 ; Rise       ; Presetv         ;
;  pv2[1]   ; Presetv    ; 5.564 ; 5.555 ; Rise       ; Presetv         ;
;  pv2[2]   ; Presetv    ; 5.312 ; 5.321 ; Rise       ; Presetv         ;
;  pv2[3]   ; Presetv    ; 5.604 ; 5.592 ; Rise       ; Presetv         ;
; segv[*]   ; Presetv    ; 7.801 ; 7.883 ; Rise       ; Presetv         ;
;  segv[0]  ; Presetv    ; 6.775 ; 6.784 ; Rise       ; Presetv         ;
;  segv[1]  ; Presetv    ; 6.268 ; 6.275 ; Rise       ; Presetv         ;
;  segv[2]  ; Presetv    ; 6.829 ; 6.747 ; Rise       ; Presetv         ;
;  segv[3]  ; Presetv    ; 6.262 ; 6.248 ; Rise       ; Presetv         ;
;  segv[4]  ; Presetv    ; 6.864 ; 6.793 ; Rise       ; Presetv         ;
;  segv[5]  ; Presetv    ; 7.801 ; 7.883 ; Rise       ; Presetv         ;
;  segv[6]  ; Presetv    ; 7.320 ; 7.299 ; Rise       ; Presetv         ;
; segv2[*]  ; Presetv    ; 8.244 ; 8.245 ; Rise       ; Presetv         ;
;  segv2[0] ; Presetv    ; 7.068 ; 7.135 ; Rise       ; Presetv         ;
;  segv2[1] ; Presetv    ; 6.035 ; 6.035 ; Rise       ; Presetv         ;
;  segv2[2] ; Presetv    ; 8.244 ; 8.245 ; Rise       ; Presetv         ;
;  segv2[3] ; Presetv    ; 6.671 ; 6.731 ; Rise       ; Presetv         ;
;  segv2[4] ; Presetv    ; 6.004 ; 6.023 ; Rise       ; Presetv         ;
;  segv2[5] ; Presetv    ; 6.819 ; 6.744 ; Rise       ; Presetv         ;
;  segv2[6] ; Presetv    ; 6.712 ; 6.765 ; Rise       ; Presetv         ;
+-----------+------------+-------+-------+------------+-----------------+


+-----------------------------------------------------------------------+
; Minimum Clock to Output Times                                         ;
+-----------+------------+-------+-------+------------+-----------------+
; Data Port ; Clock Port ; Rise  ; Fall  ; Clock Edge ; Clock Reference ;
+-----------+------------+-------+-------+------------+-----------------+
; pv[*]     ; Presetv    ; 3.134 ; 3.198 ; Rise       ; Presetv         ;
;  pv[0]    ; Presetv    ; 3.312 ; 3.382 ; Rise       ; Presetv         ;
;  pv[1]    ; Presetv    ; 3.301 ; 3.369 ; Rise       ; Presetv         ;
;  pv[2]    ; Presetv    ; 3.261 ; 3.328 ; Rise       ; Presetv         ;
;  pv[3]    ; Presetv    ; 3.134 ; 3.198 ; Rise       ; Presetv         ;
; pv2[*]    ; Presetv    ; 3.043 ; 3.092 ; Rise       ; Presetv         ;
;  pv2[0]   ; Presetv    ; 3.814 ; 3.893 ; Rise       ; Presetv         ;
;  pv2[1]   ; Presetv    ; 3.187 ; 3.238 ; Rise       ; Presetv         ;
;  pv2[2]   ; Presetv    ; 3.043 ; 3.092 ; Rise       ; Presetv         ;
;  pv2[3]   ; Presetv    ; 3.210 ; 3.264 ; Rise       ; Presetv         ;
; segv[*]   ; Presetv    ; 3.411 ; 3.331 ; Rise       ; Presetv         ;
;  segv[0]  ; Presetv    ; 3.697 ; 3.658 ; Rise       ; Presetv         ;
;  segv[1]  ; Presetv    ; 3.435 ; 3.359 ; Rise       ; Presetv         ;
;  segv[2]  ; Presetv    ; 3.685 ; 3.713 ; Rise       ; Presetv         ;
;  segv[3]  ; Presetv    ; 3.411 ; 3.331 ; Rise       ; Presetv         ;
;  segv[4]  ; Presetv    ; 3.698 ; 3.727 ; Rise       ; Presetv         ;
;  segv[5]  ; Presetv    ; 4.447 ; 4.528 ; Rise       ; Presetv         ;
;  segv[6]  ; Presetv    ; 4.017 ; 3.880 ; Rise       ; Presetv         ;
; segv2[*]  ; Presetv    ; 3.191 ; 3.209 ; Rise       ; Presetv         ;
;  segv2[0] ; Presetv    ; 3.889 ; 3.851 ; Rise       ; Presetv         ;
;  segv2[1] ; Presetv    ; 3.271 ; 3.260 ; Rise       ; Presetv         ;
;  segv2[2] ; Presetv    ; 4.656 ; 4.765 ; Rise       ; Presetv         ;
;  segv2[3] ; Presetv    ; 3.663 ; 3.640 ; Rise       ; Presetv         ;
;  segv2[4] ; Presetv    ; 3.191 ; 3.209 ; Rise       ; Presetv         ;
;  segv2[5] ; Presetv    ; 3.580 ; 3.628 ; Rise       ; Presetv         ;
;  segv2[6] ; Presetv    ; 3.681 ; 3.653 ; Rise       ; Presetv         ;
+-----------+------------+-------+-------+------------+-----------------+


+------------------------------------------------------------------------------------------------------------------------------------------------------------------------------------------------------------------------------------------------------------------------------------------------------------------------------------------------------------------------------------------------------------------+
; Board Trace Model Assignments                                                                                                                                                                                                                                                                                                                                                                                    ;
+---------------+--------------+-------------------+-------------------------+-------------------------+---------------+---------------------+----------------+------------------+--------+------------------+------------------------+------------------------+--------------+---------------+-----------------+-------+---------------------+--------------------+---------------+-----------------+-------------+
; Pin           ; I/O Standard ; Near Tline Length ; Near Tline L per Length ; Near Tline C per Length ; Near Series R ; Near Differential R ; Near Pull-up R ; Near Pull-down R ; Near C ; Far Tline Length ; Far Tline L per Length ; Far Tline C per Length ; Far Series R ; Far Pull-up R ; Far Pull-down R ; Far C ; Termination Voltage ; Far Differential R ; EBD File Name ; EBD Signal Name ; EBD Far-end ;
+---------------+--------------+-------------------+-------------------------+-------------------------+---------------+---------------------+----------------+------------------+--------+------------------+------------------------+------------------------+--------------+---------------+-----------------+-------+---------------------+--------------------+---------------+-----------------+-------------+
; Qv[0]         ; 2.5 V        ; 0 in              ; 0 H/in                  ; 0 F/in                  ; short         ; -                   ; open           ; open             ; open   ; 0 in             ; 0 H/in                 ; 0 F/in                 ; short        ; open          ; open            ; open  ; 0 V                 ; -                  ; n/a           ; n/a             ; n/a         ;
; Qv[1]         ; 2.5 V        ; 0 in              ; 0 H/in                  ; 0 F/in                  ; short         ; -                   ; open           ; open             ; open   ; 0 in             ; 0 H/in                 ; 0 F/in                 ; short        ; open          ; open            ; open  ; 0 V                 ; -                  ; n/a           ; n/a             ; n/a         ;
; Qv[2]         ; 2.5 V        ; 0 in              ; 0 H/in                  ; 0 F/in                  ; short         ; -                   ; open           ; open             ; open   ; 0 in             ; 0 H/in                 ; 0 F/in                 ; short        ; open          ; open            ; open  ; 0 V                 ; -                  ; n/a           ; n/a             ; n/a         ;
; Qv[3]         ; 2.5 V        ; 0 in              ; 0 H/in                  ; 0 F/in                  ; short         ; -                   ; open           ; open             ; open   ; 0 in             ; 0 H/in                 ; 0 F/in                 ; short        ; open          ; open            ; open  ; 0 V                 ; -                  ; n/a           ; n/a             ; n/a         ;
; Qv[4]         ; 2.5 V        ; 0 in              ; 0 H/in                  ; 0 F/in                  ; short         ; -                   ; open           ; open             ; open   ; 0 in             ; 0 H/in                 ; 0 F/in                 ; short        ; open          ; open            ; open  ; 0 V                 ; -                  ; n/a           ; n/a             ; n/a         ;
; pv[0]         ; 2.5 V        ; 0 in              ; 0 H/in                  ; 0 F/in                  ; short         ; -                   ; open           ; open             ; open   ; 0 in             ; 0 H/in                 ; 0 F/in                 ; short        ; open          ; open            ; open  ; 0 V                 ; -                  ; n/a           ; n/a             ; n/a         ;
; pv[1]         ; 2.5 V        ; 0 in              ; 0 H/in                  ; 0 F/in                  ; short         ; -                   ; open           ; open             ; open   ; 0 in             ; 0 H/in                 ; 0 F/in                 ; short        ; open          ; open            ; open  ; 0 V                 ; -                  ; n/a           ; n/a             ; n/a         ;
; pv[2]         ; 2.5 V        ; 0 in              ; 0 H/in                  ; 0 F/in                  ; short         ; -                   ; open           ; open             ; open   ; 0 in             ; 0 H/in                 ; 0 F/in                 ; short        ; open          ; open            ; open  ; 0 V                 ; -                  ; n/a           ; n/a             ; n/a         ;
; pv[3]         ; 2.5 V        ; 0 in              ; 0 H/in                  ; 0 F/in                  ; short         ; -                   ; open           ; open             ; open   ; 0 in             ; 0 H/in                 ; 0 F/in                 ; short        ; open          ; open            ; open  ; 0 V                 ; -                  ; n/a           ; n/a             ; n/a         ;
; pv2[0]        ; 2.5 V        ; 0 in              ; 0 H/in                  ; 0 F/in                  ; short         ; -                   ; open           ; open             ; open   ; 0 in             ; 0 H/in                 ; 0 F/in                 ; short        ; open          ; open            ; open  ; 0 V                 ; -                  ; n/a           ; n/a             ; n/a         ;
; pv2[1]        ; 2.5 V        ; 0 in              ; 0 H/in                  ; 0 F/in                  ; short         ; -                   ; open           ; open             ; open   ; 0 in             ; 0 H/in                 ; 0 F/in                 ; short        ; open          ; open            ; open  ; 0 V                 ; -                  ; n/a           ; n/a             ; n/a         ;
; pv2[2]        ; 2.5 V        ; 0 in              ; 0 H/in                  ; 0 F/in                  ; short         ; -                   ; open           ; open             ; open   ; 0 in             ; 0 H/in                 ; 0 F/in                 ; short        ; open          ; open            ; open  ; 0 V                 ; -                  ; n/a           ; n/a             ; n/a         ;
; pv2[3]        ; 2.5 V        ; 0 in              ; 0 H/in                  ; 0 F/in                  ; short         ; -                   ; open           ; open             ; open   ; 0 in             ; 0 H/in                 ; 0 F/in                 ; short        ; open          ; open            ; open  ; 0 V                 ; -                  ; n/a           ; n/a             ; n/a         ;
; bcdv[0]       ; 2.5 V        ; 0 in              ; 0 H/in                  ; 0 F/in                  ; short         ; -                   ; open           ; open             ; open   ; 0 in             ; 0 H/in                 ; 0 F/in                 ; short        ; open          ; open            ; open  ; 0 V                 ; -                  ; n/a           ; n/a             ; n/a         ;
; bcdv[1]       ; 2.5 V        ; 0 in              ; 0 H/in                  ; 0 F/in                  ; short         ; -                   ; open           ; open             ; open   ; 0 in             ; 0 H/in                 ; 0 F/in                 ; short        ; open          ; open            ; open  ; 0 V                 ; -                  ; n/a           ; n/a             ; n/a         ;
; bcdv[2]       ; 2.5 V        ; 0 in              ; 0 H/in                  ; 0 F/in                  ; short         ; -                   ; open           ; open             ; open   ; 0 in             ; 0 H/in                 ; 0 F/in                 ; short        ; open          ; open            ; open  ; 0 V                 ; -                  ; n/a           ; n/a             ; n/a         ;
; bcdv[3]       ; 2.5 V        ; 0 in              ; 0 H/in                  ; 0 F/in                  ; short         ; -                   ; open           ; open             ; open   ; 0 in             ; 0 H/in                 ; 0 F/in                 ; short        ; open          ; open            ; open  ; 0 V                 ; -                  ; n/a           ; n/a             ; n/a         ;
; bcdv[4]       ; 2.5 V        ; 0 in              ; 0 H/in                  ; 0 F/in                  ; short         ; -                   ; open           ; open             ; open   ; 0 in             ; 0 H/in                 ; 0 F/in                 ; short        ; open          ; open            ; open  ; 0 V                 ; -                  ; n/a           ; n/a             ; n/a         ;
; bcdv[5]       ; 2.5 V        ; 0 in              ; 0 H/in                  ; 0 F/in                  ; short         ; -                   ; open           ; open             ; open   ; 0 in             ; 0 H/in                 ; 0 F/in                 ; short        ; open          ; open            ; open  ; 0 V                 ; -                  ; n/a           ; n/a             ; n/a         ;
; bcdv[6]       ; 2.5 V        ; 0 in              ; 0 H/in                  ; 0 F/in                  ; short         ; -                   ; open           ; open             ; open   ; 0 in             ; 0 H/in                 ; 0 F/in                 ; short        ; open          ; open            ; open  ; 0 V                 ; -                  ; n/a           ; n/a             ; n/a         ;
; bcdv[7]       ; 2.5 V        ; 0 in              ; 0 H/in                  ; 0 F/in                  ; short         ; -                   ; open           ; open             ; open   ; 0 in             ; 0 H/in                 ; 0 F/in                 ; short        ; open          ; open            ; open  ; 0 V                 ; -                  ; n/a           ; n/a             ; n/a         ;
; segv[0]       ; 2.5 V        ; 0 in              ; 0 H/in                  ; 0 F/in                  ; short         ; -                   ; open           ; open             ; open   ; 0 in             ; 0 H/in                 ; 0 F/in                 ; short        ; open          ; open            ; open  ; 0 V                 ; -                  ; n/a           ; n/a             ; n/a         ;
; segv[1]       ; 2.5 V        ; 0 in              ; 0 H/in                  ; 0 F/in                  ; short         ; -                   ; open           ; open             ; open   ; 0 in             ; 0 H/in                 ; 0 F/in                 ; short        ; open          ; open            ; open  ; 0 V                 ; -                  ; n/a           ; n/a             ; n/a         ;
; segv[2]       ; 2.5 V        ; 0 in              ; 0 H/in                  ; 0 F/in                  ; short         ; -                   ; open           ; open             ; open   ; 0 in             ; 0 H/in                 ; 0 F/in                 ; short        ; open          ; open            ; open  ; 0 V                 ; -                  ; n/a           ; n/a             ; n/a         ;
; segv[3]       ; 2.5 V        ; 0 in              ; 0 H/in                  ; 0 F/in                  ; short         ; -                   ; open           ; open             ; open   ; 0 in             ; 0 H/in                 ; 0 F/in                 ; short        ; open          ; open            ; open  ; 0 V                 ; -                  ; n/a           ; n/a             ; n/a         ;
; segv[4]       ; 2.5 V        ; 0 in              ; 0 H/in                  ; 0 F/in                  ; short         ; -                   ; open           ; open             ; open   ; 0 in             ; 0 H/in                 ; 0 F/in                 ; short        ; open          ; open            ; open  ; 0 V                 ; -                  ; n/a           ; n/a             ; n/a         ;
; segv[5]       ; 2.5 V        ; 0 in              ; 0 H/in                  ; 0 F/in                  ; short         ; -                   ; open           ; open             ; open   ; 0 in             ; 0 H/in                 ; 0 F/in                 ; short        ; open          ; open            ; open  ; 0 V                 ; -                  ; n/a           ; n/a             ; n/a         ;
; segv[6]       ; 2.5 V        ; 0 in              ; 0 H/in                  ; 0 F/in                  ; short         ; -                   ; open           ; open             ; open   ; 0 in             ; 0 H/in                 ; 0 F/in                 ; short        ; open          ; open            ; open  ; 0 V                 ; -                  ; n/a           ; n/a             ; n/a         ;
; segv2[0]      ; 2.5 V        ; 0 in              ; 0 H/in                  ; 0 F/in                  ; short         ; -                   ; open           ; open             ; open   ; 0 in             ; 0 H/in                 ; 0 F/in                 ; short        ; open          ; open            ; open  ; 0 V                 ; -                  ; n/a           ; n/a             ; n/a         ;
; segv2[1]      ; 2.5 V        ; 0 in              ; 0 H/in                  ; 0 F/in                  ; short         ; -                   ; open           ; open             ; open   ; 0 in             ; 0 H/in                 ; 0 F/in                 ; short        ; open          ; open            ; open  ; 0 V                 ; -                  ; n/a           ; n/a             ; n/a         ;
; segv2[2]      ; 2.5 V        ; 0 in              ; 0 H/in                  ; 0 F/in                  ; short         ; -                   ; open           ; open             ; open   ; 0 in             ; 0 H/in                 ; 0 F/in                 ; short        ; open          ; open            ; open  ; 0 V                 ; -                  ; n/a           ; n/a             ; n/a         ;
; segv2[3]      ; 2.5 V        ; 0 in              ; 0 H/in                  ; 0 F/in                  ; short         ; -                   ; open           ; open             ; open   ; 0 in             ; 0 H/in                 ; 0 F/in                 ; short        ; open          ; open            ; open  ; 0 V                 ; -                  ; n/a           ; n/a             ; n/a         ;
; segv2[4]      ; 2.5 V        ; 0 in              ; 0 H/in                  ; 0 F/in                  ; short         ; -                   ; open           ; open             ; open   ; 0 in             ; 0 H/in                 ; 0 F/in                 ; short        ; open          ; open            ; open  ; 0 V                 ; -                  ; n/a           ; n/a             ; n/a         ;
; segv2[5]      ; 2.5 V        ; 0 in              ; 0 H/in                  ; 0 F/in                  ; short         ; -                   ; open           ; open             ; open   ; 0 in             ; 0 H/in                 ; 0 F/in                 ; short        ; open          ; open            ; open  ; 0 V                 ; -                  ; n/a           ; n/a             ; n/a         ;
; segv2[6]      ; 2.5 V        ; 0 in              ; 0 H/in                  ; 0 F/in                  ; short         ; -                   ; open           ; open             ; open   ; 0 in             ; 0 H/in                 ; 0 F/in                 ; short        ; open          ; open            ; open  ; 0 V                 ; -                  ; n/a           ; n/a             ; n/a         ;
; ~ALTERA_DCLK~ ; 2.5 V        ; 0 in              ; 0 H/in                  ; 0 F/in                  ; short         ; -                   ; open           ; open             ; open   ; 0 in             ; 0 H/in                 ; 0 F/in                 ; short        ; open          ; open            ; open  ; 0 V                 ; -                  ; n/a           ; n/a             ; n/a         ;
; ~ALTERA_nCEO~ ; 2.5 V        ; 0 in              ; 0 H/in                  ; 0 F/in                  ; short         ; -                   ; open           ; open             ; open   ; 0 in             ; 0 H/in                 ; 0 F/in                 ; short        ; open          ; open            ; open  ; 0 V                 ; -                  ; n/a           ; n/a             ; n/a         ;
+---------------+--------------+-------------------+-------------------------+-------------------------+---------------+---------------------+----------------+------------------+--------+------------------+------------------------+------------------------+--------------+---------------+-----------------+-------+---------------------+--------------------+---------------+-----------------+-------------+


+----------------------------------------------------------------------------+
; Input Transition Times                                                     ;
+-------------------------+--------------+-----------------+-----------------+
; Pin                     ; I/O Standard ; 10-90 Rise Time ; 90-10 Fall Time ;
+-------------------------+--------------+-----------------+-----------------+
; binv[0]                 ; 2.5 V        ; 2000 ps         ; 2000 ps         ;
; binv[1]                 ; 2.5 V        ; 2000 ps         ; 2000 ps         ;
; binv[2]                 ; 2.5 V        ; 2000 ps         ; 2000 ps         ;
; binv[3]                 ; 2.5 V        ; 2000 ps         ; 2000 ps         ;
; binv[4]                 ; 2.5 V        ; 2000 ps         ; 2000 ps         ;
; bcd1v[0]                ; 2.5 V        ; 2000 ps         ; 2000 ps         ;
; bcd1v[1]                ; 2.5 V        ; 2000 ps         ; 2000 ps         ;
; bcd1v[2]                ; 2.5 V        ; 2000 ps         ; 2000 ps         ;
; bcd1v[3]                ; 2.5 V        ; 2000 ps         ; 2000 ps         ;
; Presetv                 ; 2.5 V        ; 2000 ps         ; 2000 ps         ;
; Clockv                  ; 2.5 V        ; 2000 ps         ; 2000 ps         ;
; Clockv2                 ; 2.5 V        ; 2000 ps         ; 2000 ps         ;
; ~ALTERA_ASDO_DATA1~     ; 2.5 V        ; 2000 ps         ; 2000 ps         ;
; ~ALTERA_FLASH_nCE_nCSO~ ; 2.5 V        ; 2000 ps         ; 2000 ps         ;
; ~ALTERA_DATA0~          ; 2.5 V        ; 2000 ps         ; 2000 ps         ;
+-------------------------+--------------+-----------------+-----------------+


+--------------------------------------------------------------------------------------------------------------------------------------------------------------------------------------------------------------------------------------------------------------------------------------------------------------------------------------------------------------------------------------------------------------------------------------------------------------------------------------------------------------------------------------------------------------------------------------------------------------------------------------------------------------------------------------------+
; Signal Integrity Metrics (Slow 1200mv 0c Model)                                                                                                                                                                                                                                                                                                                                                                                                                                                                                                                                                                                                                                            ;
+---------------+--------------+---------------------+---------------------+------------------------------+------------------------------+---------------------+---------------------+--------------------------------------+--------------------------------------+-----------------------------+-----------------------------+----------------------------+----------------------------+-----------------------------+-----------------------------+--------------------+--------------------+-------------------------------------+-------------------------------------+----------------------------+----------------------------+---------------------------+---------------------------+
; Pin           ; I/O Standard ; Board Delay on Rise ; Board Delay on Fall ; Steady State Voh at FPGA Pin ; Steady State Vol at FPGA Pin ; Voh Max at FPGA Pin ; Vol Min at FPGA Pin ; Ringback Voltage on Rise at FPGA Pin ; Ringback Voltage on Fall at FPGA Pin ; 10-90 Rise Time at FPGA Pin ; 90-10 Fall Time at FPGA Pin ; Monotonic Rise at FPGA Pin ; Monotonic Fall at FPGA Pin ; Steady State Voh at Far-end ; Steady State Vol at Far-end ; Voh Max at Far-end ; Vol Min at Far-end ; Ringback Voltage on Rise at Far-end ; Ringback Voltage on Fall at Far-end ; 10-90 Rise Time at Far-end ; 90-10 Fall Time at Far-end ; Monotonic Rise at Far-end ; Monotonic Fall at Far-end ;
+---------------+--------------+---------------------+---------------------+------------------------------+------------------------------+---------------------+---------------------+--------------------------------------+--------------------------------------+-----------------------------+-----------------------------+----------------------------+----------------------------+-----------------------------+-----------------------------+--------------------+--------------------+-------------------------------------+-------------------------------------+----------------------------+----------------------------+---------------------------+---------------------------+
; Qv[0]         ; 2.5 V        ; 0 s                 ; 0 s                 ; 2.32 V                       ; 5.95e-09 V                   ; 2.33 V              ; -0.00616 V          ; 0.191 V                              ; 0.099 V                              ; 2.83e-09 s                  ; 2.56e-09 s                  ; No                         ; Yes                        ; 2.32 V                      ; 5.95e-09 V                  ; 2.33 V             ; -0.00616 V         ; 0.191 V                             ; 0.099 V                             ; 2.83e-09 s                 ; 2.56e-09 s                 ; No                        ; Yes                       ;
; Qv[1]         ; 2.5 V        ; 0 s                 ; 0 s                 ; 2.32 V                       ; 5.95e-09 V                   ; 2.38 V              ; -0.016 V            ; 0.22 V                               ; 0.025 V                              ; 3.06e-10 s                  ; 3.3e-10 s                   ; Yes                        ; Yes                        ; 2.32 V                      ; 5.95e-09 V                  ; 2.38 V             ; -0.016 V           ; 0.22 V                              ; 0.025 V                             ; 3.06e-10 s                 ; 3.3e-10 s                  ; Yes                       ; Yes                       ;
; Qv[2]         ; 2.5 V        ; 0 s                 ; 0 s                 ; 2.32 V                       ; 5.95e-09 V                   ; 2.38 V              ; -0.016 V            ; 0.22 V                               ; 0.025 V                              ; 3.06e-10 s                  ; 3.3e-10 s                   ; Yes                        ; Yes                        ; 2.32 V                      ; 5.95e-09 V                  ; 2.38 V             ; -0.016 V           ; 0.22 V                              ; 0.025 V                             ; 3.06e-10 s                 ; 3.3e-10 s                  ; Yes                       ; Yes                       ;
; Qv[3]         ; 2.5 V        ; 0 s                 ; 0 s                 ; 2.32 V                       ; 4.44e-09 V                   ; 2.39 V              ; -0.0265 V           ; 0.2 V                                ; 0.033 V                              ; 2.94e-10 s                  ; 3.12e-10 s                  ; Yes                        ; Yes                        ; 2.32 V                      ; 4.44e-09 V                  ; 2.39 V             ; -0.0265 V          ; 0.2 V                               ; 0.033 V                             ; 2.94e-10 s                 ; 3.12e-10 s                 ; Yes                       ; Yes                       ;
; Qv[4]         ; 2.5 V        ; 0 s                 ; 0 s                 ; 2.32 V                       ; 5.95e-09 V                   ; 2.38 V              ; -0.016 V            ; 0.22 V                               ; 0.025 V                              ; 3.06e-10 s                  ; 3.3e-10 s                   ; Yes                        ; Yes                        ; 2.32 V                      ; 5.95e-09 V                  ; 2.38 V             ; -0.016 V           ; 0.22 V                              ; 0.025 V                             ; 3.06e-10 s                 ; 3.3e-10 s                  ; Yes                       ; Yes                       ;
; pv[0]         ; 2.5 V        ; 0 s                 ; 0 s                 ; 2.32 V                       ; 4.44e-09 V                   ; 2.39 V              ; -0.0265 V           ; 0.2 V                                ; 0.033 V                              ; 2.94e-10 s                  ; 3.12e-10 s                  ; Yes                        ; Yes                        ; 2.32 V                      ; 4.44e-09 V                  ; 2.39 V             ; -0.0265 V          ; 0.2 V                               ; 0.033 V                             ; 2.94e-10 s                 ; 3.12e-10 s                 ; Yes                       ; Yes                       ;
; pv[1]         ; 2.5 V        ; 0 s                 ; 0 s                 ; 2.32 V                       ; 4.44e-09 V                   ; 2.39 V              ; -0.0265 V           ; 0.2 V                                ; 0.033 V                              ; 2.94e-10 s                  ; 3.12e-10 s                  ; Yes                        ; Yes                        ; 2.32 V                      ; 4.44e-09 V                  ; 2.39 V             ; -0.0265 V          ; 0.2 V                               ; 0.033 V                             ; 2.94e-10 s                 ; 3.12e-10 s                 ; Yes                       ; Yes                       ;
; pv[2]         ; 2.5 V        ; 0 s                 ; 0 s                 ; 2.32 V                       ; 4.44e-09 V                   ; 2.38 V              ; -0.0145 V           ; 0.169 V                              ; 0.026 V                              ; 4.83e-10 s                  ; 4.71e-10 s                  ; Yes                        ; Yes                        ; 2.32 V                      ; 4.44e-09 V                  ; 2.38 V             ; -0.0145 V          ; 0.169 V                             ; 0.026 V                             ; 4.83e-10 s                 ; 4.71e-10 s                 ; Yes                       ; Yes                       ;
; pv[3]         ; 2.5 V        ; 0 s                 ; 0 s                 ; 2.32 V                       ; 4.44e-09 V                   ; 2.38 V              ; -0.0145 V           ; 0.169 V                              ; 0.026 V                              ; 4.83e-10 s                  ; 4.71e-10 s                  ; Yes                        ; Yes                        ; 2.32 V                      ; 4.44e-09 V                  ; 2.38 V             ; -0.0145 V          ; 0.169 V                             ; 0.026 V                             ; 4.83e-10 s                 ; 4.71e-10 s                 ; Yes                       ; Yes                       ;
; pv2[0]        ; 2.5 V        ; 0 s                 ; 0 s                 ; 2.32 V                       ; 4.44e-09 V                   ; 2.33 V              ; -0.00624 V          ; 0.185 V                              ; 0.097 V                              ; 2.82e-09 s                  ; 2.56e-09 s                  ; No                         ; Yes                        ; 2.32 V                      ; 4.44e-09 V                  ; 2.33 V             ; -0.00624 V         ; 0.185 V                             ; 0.097 V                             ; 2.82e-09 s                 ; 2.56e-09 s                 ; No                        ; Yes                       ;
; pv2[1]        ; 2.5 V        ; 0 s                 ; 0 s                 ; 2.32 V                       ; 5.95e-09 V                   ; 2.38 V              ; -0.016 V            ; 0.22 V                               ; 0.025 V                              ; 3.06e-10 s                  ; 3.3e-10 s                   ; Yes                        ; Yes                        ; 2.32 V                      ; 5.95e-09 V                  ; 2.38 V             ; -0.016 V           ; 0.22 V                              ; 0.025 V                             ; 3.06e-10 s                 ; 3.3e-10 s                  ; Yes                       ; Yes                       ;
; pv2[2]        ; 2.5 V        ; 0 s                 ; 0 s                 ; 2.32 V                       ; 4.44e-09 V                   ; 2.39 V              ; -0.0265 V           ; 0.2 V                                ; 0.033 V                              ; 2.94e-10 s                  ; 3.12e-10 s                  ; Yes                        ; Yes                        ; 2.32 V                      ; 4.44e-09 V                  ; 2.39 V             ; -0.0265 V          ; 0.2 V                               ; 0.033 V                             ; 2.94e-10 s                 ; 3.12e-10 s                 ; Yes                       ; Yes                       ;
; pv2[3]        ; 2.5 V        ; 0 s                 ; 0 s                 ; 2.32 V                       ; 5.95e-09 V                   ; 2.38 V              ; -0.016 V            ; 0.22 V                               ; 0.025 V                              ; 3.06e-10 s                  ; 3.3e-10 s                   ; Yes                        ; Yes                        ; 2.32 V                      ; 5.95e-09 V                  ; 2.38 V             ; -0.016 V           ; 0.22 V                              ; 0.025 V                             ; 3.06e-10 s                 ; 3.3e-10 s                  ; Yes                       ; Yes                       ;
; bcdv[0]       ; 2.5 V        ; 0 s                 ; 0 s                 ; 2.32 V                       ; 5.95e-09 V                   ; 2.38 V              ; -0.016 V            ; 0.22 V                               ; 0.025 V                              ; 3.06e-10 s                  ; 3.3e-10 s                   ; Yes                        ; Yes                        ; 2.32 V                      ; 5.95e-09 V                  ; 2.38 V             ; -0.016 V           ; 0.22 V                              ; 0.025 V                             ; 3.06e-10 s                 ; 3.3e-10 s                  ; Yes                       ; Yes                       ;
; bcdv[1]       ; 2.5 V        ; 0 s                 ; 0 s                 ; 2.32 V                       ; 5.95e-09 V                   ; 2.38 V              ; -0.016 V            ; 0.22 V                               ; 0.025 V                              ; 3.06e-10 s                  ; 3.3e-10 s                   ; Yes                        ; Yes                        ; 2.32 V                      ; 5.95e-09 V                  ; 2.38 V             ; -0.016 V           ; 0.22 V                              ; 0.025 V                             ; 3.06e-10 s                 ; 3.3e-10 s                  ; Yes                       ; Yes                       ;
; bcdv[2]       ; 2.5 V        ; 0 s                 ; 0 s                 ; 2.32 V                       ; 5.95e-09 V                   ; 2.38 V              ; -0.016 V            ; 0.22 V                               ; 0.025 V                              ; 3.06e-10 s                  ; 3.3e-10 s                   ; Yes                        ; Yes                        ; 2.32 V                      ; 5.95e-09 V                  ; 2.38 V             ; -0.016 V           ; 0.22 V                              ; 0.025 V                             ; 3.06e-10 s                 ; 3.3e-10 s                  ; Yes                       ; Yes                       ;
; bcdv[3]       ; 2.5 V        ; 0 s                 ; 0 s                 ; 2.32 V                       ; 4.44e-09 V                   ; 2.38 V              ; -0.0145 V           ; 0.169 V                              ; 0.026 V                              ; 4.83e-10 s                  ; 4.71e-10 s                  ; Yes                        ; Yes                        ; 2.32 V                      ; 4.44e-09 V                  ; 2.38 V             ; -0.0145 V          ; 0.169 V                             ; 0.026 V                             ; 4.83e-10 s                 ; 4.71e-10 s                 ; Yes                       ; Yes                       ;
; bcdv[4]       ; 2.5 V        ; 0 s                 ; 0 s                 ; 2.32 V                       ; 5.95e-09 V                   ; 2.38 V              ; -0.016 V            ; 0.22 V                               ; 0.025 V                              ; 3.06e-10 s                  ; 3.3e-10 s                   ; Yes                        ; Yes                        ; 2.32 V                      ; 5.95e-09 V                  ; 2.38 V             ; -0.016 V           ; 0.22 V                              ; 0.025 V                             ; 3.06e-10 s                 ; 3.3e-10 s                  ; Yes                       ; Yes                       ;
; bcdv[5]       ; 2.5 V        ; 0 s                 ; 0 s                 ; 2.32 V                       ; 4.44e-09 V                   ; 2.39 V              ; -0.0265 V           ; 0.2 V                                ; 0.033 V                              ; 2.94e-10 s                  ; 3.12e-10 s                  ; Yes                        ; Yes                        ; 2.32 V                      ; 4.44e-09 V                  ; 2.39 V             ; -0.0265 V          ; 0.2 V                               ; 0.033 V                             ; 2.94e-10 s                 ; 3.12e-10 s                 ; Yes                       ; Yes                       ;
; bcdv[6]       ; 2.5 V        ; 0 s                 ; 0 s                 ; 2.32 V                       ; 5.95e-09 V                   ; 2.38 V              ; -0.016 V            ; 0.22 V                               ; 0.025 V                              ; 3.06e-10 s                  ; 3.3e-10 s                   ; Yes                        ; Yes                        ; 2.32 V                      ; 5.95e-09 V                  ; 2.38 V             ; -0.016 V           ; 0.22 V                              ; 0.025 V                             ; 3.06e-10 s                 ; 3.3e-10 s                  ; Yes                       ; Yes                       ;
; bcdv[7]       ; 2.5 V        ; 0 s                 ; 0 s                 ; 2.32 V                       ; 5.95e-09 V                   ; 2.38 V              ; -0.016 V            ; 0.22 V                               ; 0.025 V                              ; 3.06e-10 s                  ; 3.3e-10 s                   ; Yes                        ; Yes                        ; 2.32 V                      ; 5.95e-09 V                  ; 2.38 V             ; -0.016 V           ; 0.22 V                              ; 0.025 V                             ; 3.06e-10 s                 ; 3.3e-10 s                  ; Yes                       ; Yes                       ;
; segv[0]       ; 2.5 V        ; 0 s                 ; 0 s                 ; 2.32 V                       ; 4.44e-09 V                   ; 2.39 V              ; -0.0265 V           ; 0.2 V                                ; 0.033 V                              ; 2.94e-10 s                  ; 3.12e-10 s                  ; Yes                        ; Yes                        ; 2.32 V                      ; 4.44e-09 V                  ; 2.39 V             ; -0.0265 V          ; 0.2 V                               ; 0.033 V                             ; 2.94e-10 s                 ; 3.12e-10 s                 ; Yes                       ; Yes                       ;
; segv[1]       ; 2.5 V        ; 0 s                 ; 0 s                 ; 2.32 V                       ; 4.44e-09 V                   ; 2.38 V              ; -0.0145 V           ; 0.169 V                              ; 0.026 V                              ; 4.83e-10 s                  ; 4.71e-10 s                  ; Yes                        ; Yes                        ; 2.32 V                      ; 4.44e-09 V                  ; 2.38 V             ; -0.0145 V          ; 0.169 V                             ; 0.026 V                             ; 4.83e-10 s                 ; 4.71e-10 s                 ; Yes                       ; Yes                       ;
; segv[2]       ; 2.5 V        ; 0 s                 ; 0 s                 ; 2.32 V                       ; 5.95e-09 V                   ; 2.38 V              ; -0.016 V            ; 0.22 V                               ; 0.025 V                              ; 3.06e-10 s                  ; 3.3e-10 s                   ; Yes                        ; Yes                        ; 2.32 V                      ; 5.95e-09 V                  ; 2.38 V             ; -0.016 V           ; 0.22 V                              ; 0.025 V                             ; 3.06e-10 s                 ; 3.3e-10 s                  ; Yes                       ; Yes                       ;
; segv[3]       ; 2.5 V        ; 0 s                 ; 0 s                 ; 2.32 V                       ; 4.44e-09 V                   ; 2.38 V              ; -0.0145 V           ; 0.169 V                              ; 0.026 V                              ; 4.83e-10 s                  ; 4.71e-10 s                  ; Yes                        ; Yes                        ; 2.32 V                      ; 4.44e-09 V                  ; 2.38 V             ; -0.0145 V          ; 0.169 V                             ; 0.026 V                             ; 4.83e-10 s                 ; 4.71e-10 s                 ; Yes                       ; Yes                       ;
; segv[4]       ; 2.5 V        ; 0 s                 ; 0 s                 ; 2.32 V                       ; 5.95e-09 V                   ; 2.38 V              ; -0.016 V            ; 0.22 V                               ; 0.025 V                              ; 3.06e-10 s                  ; 3.3e-10 s                   ; Yes                        ; Yes                        ; 2.32 V                      ; 5.95e-09 V                  ; 2.38 V             ; -0.016 V           ; 0.22 V                              ; 0.025 V                             ; 3.06e-10 s                 ; 3.3e-10 s                  ; Yes                       ; Yes                       ;
; segv[5]       ; 2.5 V        ; 0 s                 ; 0 s                 ; 2.32 V                       ; 4.44e-09 V                   ; 2.33 V              ; -0.00624 V          ; 0.185 V                              ; 0.097 V                              ; 2.82e-09 s                  ; 2.56e-09 s                  ; No                         ; Yes                        ; 2.32 V                      ; 4.44e-09 V                  ; 2.33 V             ; -0.00624 V         ; 0.185 V                             ; 0.097 V                             ; 2.82e-09 s                 ; 2.56e-09 s                 ; No                        ; Yes                       ;
; segv[6]       ; 2.5 V        ; 0 s                 ; 0 s                 ; 2.32 V                       ; 5.95e-09 V                   ; 2.38 V              ; -0.016 V            ; 0.22 V                               ; 0.025 V                              ; 3.06e-10 s                  ; 3.3e-10 s                   ; Yes                        ; Yes                        ; 2.32 V                      ; 5.95e-09 V                  ; 2.38 V             ; -0.016 V           ; 0.22 V                              ; 0.025 V                             ; 3.06e-10 s                 ; 3.3e-10 s                  ; Yes                       ; Yes                       ;
; segv2[0]      ; 2.5 V        ; 0 s                 ; 0 s                 ; 2.32 V                       ; 5.95e-09 V                   ; 2.38 V              ; -0.016 V            ; 0.22 V                               ; 0.025 V                              ; 3.06e-10 s                  ; 3.3e-10 s                   ; Yes                        ; Yes                        ; 2.32 V                      ; 5.95e-09 V                  ; 2.38 V             ; -0.016 V           ; 0.22 V                              ; 0.025 V                             ; 3.06e-10 s                 ; 3.3e-10 s                  ; Yes                       ; Yes                       ;
; segv2[1]      ; 2.5 V        ; 0 s                 ; 0 s                 ; 2.32 V                       ; 4.44e-09 V                   ; 2.39 V              ; -0.0265 V           ; 0.2 V                                ; 0.033 V                              ; 2.94e-10 s                  ; 3.12e-10 s                  ; Yes                        ; Yes                        ; 2.32 V                      ; 4.44e-09 V                  ; 2.39 V             ; -0.0265 V          ; 0.2 V                               ; 0.033 V                             ; 2.94e-10 s                 ; 3.12e-10 s                 ; Yes                       ; Yes                       ;
; segv2[2]      ; 2.5 V        ; 0 s                 ; 0 s                 ; 2.32 V                       ; 5.95e-09 V                   ; 2.33 V              ; -0.00616 V          ; 0.191 V                              ; 0.099 V                              ; 2.83e-09 s                  ; 2.56e-09 s                  ; No                         ; Yes                        ; 2.32 V                      ; 5.95e-09 V                  ; 2.33 V             ; -0.00616 V         ; 0.191 V                             ; 0.099 V                             ; 2.83e-09 s                 ; 2.56e-09 s                 ; No                        ; Yes                       ;
; segv2[3]      ; 2.5 V        ; 0 s                 ; 0 s                 ; 2.32 V                       ; 5.95e-09 V                   ; 2.38 V              ; -0.016 V            ; 0.22 V                               ; 0.025 V                              ; 3.06e-10 s                  ; 3.3e-10 s                   ; Yes                        ; Yes                        ; 2.32 V                      ; 5.95e-09 V                  ; 2.38 V             ; -0.016 V           ; 0.22 V                              ; 0.025 V                             ; 3.06e-10 s                 ; 3.3e-10 s                  ; Yes                       ; Yes                       ;
; segv2[4]      ; 2.5 V        ; 0 s                 ; 0 s                 ; 2.32 V                       ; 4.44e-09 V                   ; 2.39 V              ; -0.0265 V           ; 0.2 V                                ; 0.033 V                              ; 2.94e-10 s                  ; 3.12e-10 s                  ; Yes                        ; Yes                        ; 2.32 V                      ; 4.44e-09 V                  ; 2.39 V             ; -0.0265 V          ; 0.2 V                               ; 0.033 V                             ; 2.94e-10 s                 ; 3.12e-10 s                 ; Yes                       ; Yes                       ;
; segv2[5]      ; 2.5 V        ; 0 s                 ; 0 s                 ; 2.32 V                       ; 5.95e-09 V                   ; 2.38 V              ; -0.016 V            ; 0.22 V                               ; 0.025 V                              ; 3.06e-10 s                  ; 3.3e-10 s                   ; Yes                        ; Yes                        ; 2.32 V                      ; 5.95e-09 V                  ; 2.38 V             ; -0.016 V           ; 0.22 V                              ; 0.025 V                             ; 3.06e-10 s                 ; 3.3e-10 s                  ; Yes                       ; Yes                       ;
; segv2[6]      ; 2.5 V        ; 0 s                 ; 0 s                 ; 2.32 V                       ; 5.95e-09 V                   ; 2.38 V              ; -0.016 V            ; 0.22 V                               ; 0.025 V                              ; 3.06e-10 s                  ; 3.3e-10 s                   ; Yes                        ; Yes                        ; 2.32 V                      ; 5.95e-09 V                  ; 2.38 V             ; -0.016 V           ; 0.22 V                              ; 0.025 V                             ; 3.06e-10 s                 ; 3.3e-10 s                  ; Yes                       ; Yes                       ;
; ~ALTERA_DCLK~ ; 2.5 V        ; 0 s                 ; 0 s                 ; 2.32 V                       ; 3.45e-09 V                   ; 2.38 V              ; -0.0609 V           ; 0.148 V                              ; 0.095 V                              ; 2.82e-10 s                  ; 2.59e-10 s                  ; Yes                        ; Yes                        ; 2.32 V                      ; 3.45e-09 V                  ; 2.38 V             ; -0.0609 V          ; 0.148 V                             ; 0.095 V                             ; 2.82e-10 s                 ; 2.59e-10 s                 ; Yes                       ; Yes                       ;
; ~ALTERA_nCEO~ ; 2.5 V        ; 0 s                 ; 0 s                 ; 2.32 V                       ; 5.61e-09 V                   ; 2.38 V              ; -0.00274 V          ; 0.141 V                              ; 0.006 V                              ; 4.7e-10 s                   ; 6.02e-10 s                  ; Yes                        ; Yes                        ; 2.32 V                      ; 5.61e-09 V                  ; 2.38 V             ; -0.00274 V         ; 0.141 V                             ; 0.006 V                             ; 4.7e-10 s                  ; 6.02e-10 s                 ; Yes                       ; Yes                       ;
+---------------+--------------+---------------------+---------------------+------------------------------+------------------------------+---------------------+---------------------+--------------------------------------+--------------------------------------+-----------------------------+-----------------------------+----------------------------+----------------------------+-----------------------------+-----------------------------+--------------------+--------------------+-------------------------------------+-------------------------------------+----------------------------+----------------------------+---------------------------+---------------------------+


+--------------------------------------------------------------------------------------------------------------------------------------------------------------------------------------------------------------------------------------------------------------------------------------------------------------------------------------------------------------------------------------------------------------------------------------------------------------------------------------------------------------------------------------------------------------------------------------------------------------------------------------------------------------------------------------------+
; Signal Integrity Metrics (Slow 1200mv 85c Model)                                                                                                                                                                                                                                                                                                                                                                                                                                                                                                                                                                                                                                           ;
+---------------+--------------+---------------------+---------------------+------------------------------+------------------------------+---------------------+---------------------+--------------------------------------+--------------------------------------+-----------------------------+-----------------------------+----------------------------+----------------------------+-----------------------------+-----------------------------+--------------------+--------------------+-------------------------------------+-------------------------------------+----------------------------+----------------------------+---------------------------+---------------------------+
; Pin           ; I/O Standard ; Board Delay on Rise ; Board Delay on Fall ; Steady State Voh at FPGA Pin ; Steady State Vol at FPGA Pin ; Voh Max at FPGA Pin ; Vol Min at FPGA Pin ; Ringback Voltage on Rise at FPGA Pin ; Ringback Voltage on Fall at FPGA Pin ; 10-90 Rise Time at FPGA Pin ; 90-10 Fall Time at FPGA Pin ; Monotonic Rise at FPGA Pin ; Monotonic Fall at FPGA Pin ; Steady State Voh at Far-end ; Steady State Vol at Far-end ; Voh Max at Far-end ; Vol Min at Far-end ; Ringback Voltage on Rise at Far-end ; Ringback Voltage on Fall at Far-end ; 10-90 Rise Time at Far-end ; 90-10 Fall Time at Far-end ; Monotonic Rise at Far-end ; Monotonic Fall at Far-end ;
+---------------+--------------+---------------------+---------------------+------------------------------+------------------------------+---------------------+---------------------+--------------------------------------+--------------------------------------+-----------------------------+-----------------------------+----------------------------+----------------------------+-----------------------------+-----------------------------+--------------------+--------------------+-------------------------------------+-------------------------------------+----------------------------+----------------------------+---------------------------+---------------------------+
; Qv[0]         ; 2.5 V        ; 0 s                 ; 0 s                 ; 2.32 V                       ; 1.06e-06 V                   ; 2.33 V              ; -0.00344 V          ; 0.134 V                              ; 0.075 V                              ; 3.33e-09 s                  ; 3.16e-09 s                  ; Yes                        ; Yes                        ; 2.32 V                      ; 1.06e-06 V                  ; 2.33 V             ; -0.00344 V         ; 0.134 V                             ; 0.075 V                             ; 3.33e-09 s                 ; 3.16e-09 s                 ; Yes                       ; Yes                       ;
; Qv[1]         ; 2.5 V        ; 0 s                 ; 0 s                 ; 2.32 V                       ; 1.06e-06 V                   ; 2.36 V              ; -0.00724 V          ; 0.107 V                              ; 0.02 V                               ; 4.5e-10 s                   ; 4.25e-10 s                  ; Yes                        ; Yes                        ; 2.32 V                      ; 1.06e-06 V                  ; 2.36 V             ; -0.00724 V         ; 0.107 V                             ; 0.02 V                              ; 4.5e-10 s                  ; 4.25e-10 s                 ; Yes                       ; Yes                       ;
; Qv[2]         ; 2.5 V        ; 0 s                 ; 0 s                 ; 2.32 V                       ; 1.06e-06 V                   ; 2.36 V              ; -0.00724 V          ; 0.107 V                              ; 0.02 V                               ; 4.5e-10 s                   ; 4.25e-10 s                  ; Yes                        ; Yes                        ; 2.32 V                      ; 1.06e-06 V                  ; 2.36 V             ; -0.00724 V         ; 0.107 V                             ; 0.02 V                              ; 4.5e-10 s                  ; 4.25e-10 s                 ; Yes                       ; Yes                       ;
; Qv[3]         ; 2.5 V        ; 0 s                 ; 0 s                 ; 2.32 V                       ; 7.16e-07 V                   ; 2.36 V              ; -0.00476 V          ; 0.096 V                              ; 0.013 V                              ; 4.39e-10 s                  ; 4.15e-10 s                  ; Yes                        ; Yes                        ; 2.32 V                      ; 7.16e-07 V                  ; 2.36 V             ; -0.00476 V         ; 0.096 V                             ; 0.013 V                             ; 4.39e-10 s                 ; 4.15e-10 s                 ; Yes                       ; Yes                       ;
; Qv[4]         ; 2.5 V        ; 0 s                 ; 0 s                 ; 2.32 V                       ; 1.06e-06 V                   ; 2.36 V              ; -0.00724 V          ; 0.107 V                              ; 0.02 V                               ; 4.5e-10 s                   ; 4.25e-10 s                  ; Yes                        ; Yes                        ; 2.32 V                      ; 1.06e-06 V                  ; 2.36 V             ; -0.00724 V         ; 0.107 V                             ; 0.02 V                              ; 4.5e-10 s                  ; 4.25e-10 s                 ; Yes                       ; Yes                       ;
; pv[0]         ; 2.5 V        ; 0 s                 ; 0 s                 ; 2.32 V                       ; 7.16e-07 V                   ; 2.36 V              ; -0.00476 V          ; 0.096 V                              ; 0.013 V                              ; 4.39e-10 s                  ; 4.15e-10 s                  ; Yes                        ; Yes                        ; 2.32 V                      ; 7.16e-07 V                  ; 2.36 V             ; -0.00476 V         ; 0.096 V                             ; 0.013 V                             ; 4.39e-10 s                 ; 4.15e-10 s                 ; Yes                       ; Yes                       ;
; pv[1]         ; 2.5 V        ; 0 s                 ; 0 s                 ; 2.32 V                       ; 7.16e-07 V                   ; 2.36 V              ; -0.00476 V          ; 0.096 V                              ; 0.013 V                              ; 4.39e-10 s                  ; 4.15e-10 s                  ; Yes                        ; Yes                        ; 2.32 V                      ; 7.16e-07 V                  ; 2.36 V             ; -0.00476 V         ; 0.096 V                             ; 0.013 V                             ; 4.39e-10 s                 ; 4.15e-10 s                 ; Yes                       ; Yes                       ;
; pv[2]         ; 2.5 V        ; 0 s                 ; 0 s                 ; 2.32 V                       ; 7.16e-07 V                   ; 2.35 V              ; -0.00832 V          ; 0.101 V                              ; 0.024 V                              ; 6.39e-10 s                  ; 6e-10 s                     ; Yes                        ; Yes                        ; 2.32 V                      ; 7.16e-07 V                  ; 2.35 V             ; -0.00832 V         ; 0.101 V                             ; 0.024 V                             ; 6.39e-10 s                 ; 6e-10 s                    ; Yes                       ; Yes                       ;
; pv[3]         ; 2.5 V        ; 0 s                 ; 0 s                 ; 2.32 V                       ; 7.16e-07 V                   ; 2.35 V              ; -0.00832 V          ; 0.101 V                              ; 0.024 V                              ; 6.39e-10 s                  ; 6e-10 s                     ; Yes                        ; Yes                        ; 2.32 V                      ; 7.16e-07 V                  ; 2.35 V             ; -0.00832 V         ; 0.101 V                             ; 0.024 V                             ; 6.39e-10 s                 ; 6e-10 s                    ; Yes                       ; Yes                       ;
; pv2[0]        ; 2.5 V        ; 0 s                 ; 0 s                 ; 2.32 V                       ; 7.16e-07 V                   ; 2.33 V              ; -0.00349 V          ; 0.163 V                              ; 0.074 V                              ; 3.33e-09 s                  ; 3.14e-09 s                  ; Yes                        ; Yes                        ; 2.32 V                      ; 7.16e-07 V                  ; 2.33 V             ; -0.00349 V         ; 0.163 V                             ; 0.074 V                             ; 3.33e-09 s                 ; 3.14e-09 s                 ; Yes                       ; Yes                       ;
; pv2[1]        ; 2.5 V        ; 0 s                 ; 0 s                 ; 2.32 V                       ; 1.06e-06 V                   ; 2.36 V              ; -0.00724 V          ; 0.107 V                              ; 0.02 V                               ; 4.5e-10 s                   ; 4.25e-10 s                  ; Yes                        ; Yes                        ; 2.32 V                      ; 1.06e-06 V                  ; 2.36 V             ; -0.00724 V         ; 0.107 V                             ; 0.02 V                              ; 4.5e-10 s                  ; 4.25e-10 s                 ; Yes                       ; Yes                       ;
; pv2[2]        ; 2.5 V        ; 0 s                 ; 0 s                 ; 2.32 V                       ; 7.16e-07 V                   ; 2.36 V              ; -0.00476 V          ; 0.096 V                              ; 0.013 V                              ; 4.39e-10 s                  ; 4.15e-10 s                  ; Yes                        ; Yes                        ; 2.32 V                      ; 7.16e-07 V                  ; 2.36 V             ; -0.00476 V         ; 0.096 V                             ; 0.013 V                             ; 4.39e-10 s                 ; 4.15e-10 s                 ; Yes                       ; Yes                       ;
; pv2[3]        ; 2.5 V        ; 0 s                 ; 0 s                 ; 2.32 V                       ; 1.06e-06 V                   ; 2.36 V              ; -0.00724 V          ; 0.107 V                              ; 0.02 V                               ; 4.5e-10 s                   ; 4.25e-10 s                  ; Yes                        ; Yes                        ; 2.32 V                      ; 1.06e-06 V                  ; 2.36 V             ; -0.00724 V         ; 0.107 V                             ; 0.02 V                              ; 4.5e-10 s                  ; 4.25e-10 s                 ; Yes                       ; Yes                       ;
; bcdv[0]       ; 2.5 V        ; 0 s                 ; 0 s                 ; 2.32 V                       ; 1.06e-06 V                   ; 2.36 V              ; -0.00724 V          ; 0.107 V                              ; 0.02 V                               ; 4.5e-10 s                   ; 4.25e-10 s                  ; Yes                        ; Yes                        ; 2.32 V                      ; 1.06e-06 V                  ; 2.36 V             ; -0.00724 V         ; 0.107 V                             ; 0.02 V                              ; 4.5e-10 s                  ; 4.25e-10 s                 ; Yes                       ; Yes                       ;
; bcdv[1]       ; 2.5 V        ; 0 s                 ; 0 s                 ; 2.32 V                       ; 1.06e-06 V                   ; 2.36 V              ; -0.00724 V          ; 0.107 V                              ; 0.02 V                               ; 4.5e-10 s                   ; 4.25e-10 s                  ; Yes                        ; Yes                        ; 2.32 V                      ; 1.06e-06 V                  ; 2.36 V             ; -0.00724 V         ; 0.107 V                             ; 0.02 V                              ; 4.5e-10 s                  ; 4.25e-10 s                 ; Yes                       ; Yes                       ;
; bcdv[2]       ; 2.5 V        ; 0 s                 ; 0 s                 ; 2.32 V                       ; 1.06e-06 V                   ; 2.36 V              ; -0.00724 V          ; 0.107 V                              ; 0.02 V                               ; 4.5e-10 s                   ; 4.25e-10 s                  ; Yes                        ; Yes                        ; 2.32 V                      ; 1.06e-06 V                  ; 2.36 V             ; -0.00724 V         ; 0.107 V                             ; 0.02 V                              ; 4.5e-10 s                  ; 4.25e-10 s                 ; Yes                       ; Yes                       ;
; bcdv[3]       ; 2.5 V        ; 0 s                 ; 0 s                 ; 2.32 V                       ; 7.16e-07 V                   ; 2.35 V              ; -0.00832 V          ; 0.101 V                              ; 0.024 V                              ; 6.39e-10 s                  ; 6e-10 s                     ; Yes                        ; Yes                        ; 2.32 V                      ; 7.16e-07 V                  ; 2.35 V             ; -0.00832 V         ; 0.101 V                             ; 0.024 V                             ; 6.39e-10 s                 ; 6e-10 s                    ; Yes                       ; Yes                       ;
; bcdv[4]       ; 2.5 V        ; 0 s                 ; 0 s                 ; 2.32 V                       ; 1.06e-06 V                   ; 2.36 V              ; -0.00724 V          ; 0.107 V                              ; 0.02 V                               ; 4.5e-10 s                   ; 4.25e-10 s                  ; Yes                        ; Yes                        ; 2.32 V                      ; 1.06e-06 V                  ; 2.36 V             ; -0.00724 V         ; 0.107 V                             ; 0.02 V                              ; 4.5e-10 s                  ; 4.25e-10 s                 ; Yes                       ; Yes                       ;
; bcdv[5]       ; 2.5 V        ; 0 s                 ; 0 s                 ; 2.32 V                       ; 7.16e-07 V                   ; 2.36 V              ; -0.00476 V          ; 0.096 V                              ; 0.013 V                              ; 4.39e-10 s                  ; 4.15e-10 s                  ; Yes                        ; Yes                        ; 2.32 V                      ; 7.16e-07 V                  ; 2.36 V             ; -0.00476 V         ; 0.096 V                             ; 0.013 V                             ; 4.39e-10 s                 ; 4.15e-10 s                 ; Yes                       ; Yes                       ;
; bcdv[6]       ; 2.5 V        ; 0 s                 ; 0 s                 ; 2.32 V                       ; 1.06e-06 V                   ; 2.36 V              ; -0.00724 V          ; 0.107 V                              ; 0.02 V                               ; 4.5e-10 s                   ; 4.25e-10 s                  ; Yes                        ; Yes                        ; 2.32 V                      ; 1.06e-06 V                  ; 2.36 V             ; -0.00724 V         ; 0.107 V                             ; 0.02 V                              ; 4.5e-10 s                  ; 4.25e-10 s                 ; Yes                       ; Yes                       ;
; bcdv[7]       ; 2.5 V        ; 0 s                 ; 0 s                 ; 2.32 V                       ; 1.06e-06 V                   ; 2.36 V              ; -0.00724 V          ; 0.107 V                              ; 0.02 V                               ; 4.5e-10 s                   ; 4.25e-10 s                  ; Yes                        ; Yes                        ; 2.32 V                      ; 1.06e-06 V                  ; 2.36 V             ; -0.00724 V         ; 0.107 V                             ; 0.02 V                              ; 4.5e-10 s                  ; 4.25e-10 s                 ; Yes                       ; Yes                       ;
; segv[0]       ; 2.5 V        ; 0 s                 ; 0 s                 ; 2.32 V                       ; 7.16e-07 V                   ; 2.36 V              ; -0.00476 V          ; 0.096 V                              ; 0.013 V                              ; 4.39e-10 s                  ; 4.15e-10 s                  ; Yes                        ; Yes                        ; 2.32 V                      ; 7.16e-07 V                  ; 2.36 V             ; -0.00476 V         ; 0.096 V                             ; 0.013 V                             ; 4.39e-10 s                 ; 4.15e-10 s                 ; Yes                       ; Yes                       ;
; segv[1]       ; 2.5 V        ; 0 s                 ; 0 s                 ; 2.32 V                       ; 7.16e-07 V                   ; 2.35 V              ; -0.00832 V          ; 0.101 V                              ; 0.024 V                              ; 6.39e-10 s                  ; 6e-10 s                     ; Yes                        ; Yes                        ; 2.32 V                      ; 7.16e-07 V                  ; 2.35 V             ; -0.00832 V         ; 0.101 V                             ; 0.024 V                             ; 6.39e-10 s                 ; 6e-10 s                    ; Yes                       ; Yes                       ;
; segv[2]       ; 2.5 V        ; 0 s                 ; 0 s                 ; 2.32 V                       ; 1.06e-06 V                   ; 2.36 V              ; -0.00724 V          ; 0.107 V                              ; 0.02 V                               ; 4.5e-10 s                   ; 4.25e-10 s                  ; Yes                        ; Yes                        ; 2.32 V                      ; 1.06e-06 V                  ; 2.36 V             ; -0.00724 V         ; 0.107 V                             ; 0.02 V                              ; 4.5e-10 s                  ; 4.25e-10 s                 ; Yes                       ; Yes                       ;
; segv[3]       ; 2.5 V        ; 0 s                 ; 0 s                 ; 2.32 V                       ; 7.16e-07 V                   ; 2.35 V              ; -0.00832 V          ; 0.101 V                              ; 0.024 V                              ; 6.39e-10 s                  ; 6e-10 s                     ; Yes                        ; Yes                        ; 2.32 V                      ; 7.16e-07 V                  ; 2.35 V             ; -0.00832 V         ; 0.101 V                             ; 0.024 V                             ; 6.39e-10 s                 ; 6e-10 s                    ; Yes                       ; Yes                       ;
; segv[4]       ; 2.5 V        ; 0 s                 ; 0 s                 ; 2.32 V                       ; 1.06e-06 V                   ; 2.36 V              ; -0.00724 V          ; 0.107 V                              ; 0.02 V                               ; 4.5e-10 s                   ; 4.25e-10 s                  ; Yes                        ; Yes                        ; 2.32 V                      ; 1.06e-06 V                  ; 2.36 V             ; -0.00724 V         ; 0.107 V                             ; 0.02 V                              ; 4.5e-10 s                  ; 4.25e-10 s                 ; Yes                       ; Yes                       ;
; segv[5]       ; 2.5 V        ; 0 s                 ; 0 s                 ; 2.32 V                       ; 7.16e-07 V                   ; 2.33 V              ; -0.00349 V          ; 0.163 V                              ; 0.074 V                              ; 3.33e-09 s                  ; 3.14e-09 s                  ; Yes                        ; Yes                        ; 2.32 V                      ; 7.16e-07 V                  ; 2.33 V             ; -0.00349 V         ; 0.163 V                             ; 0.074 V                             ; 3.33e-09 s                 ; 3.14e-09 s                 ; Yes                       ; Yes                       ;
; segv[6]       ; 2.5 V        ; 0 s                 ; 0 s                 ; 2.32 V                       ; 1.06e-06 V                   ; 2.36 V              ; -0.00724 V          ; 0.107 V                              ; 0.02 V                               ; 4.5e-10 s                   ; 4.25e-10 s                  ; Yes                        ; Yes                        ; 2.32 V                      ; 1.06e-06 V                  ; 2.36 V             ; -0.00724 V         ; 0.107 V                             ; 0.02 V                              ; 4.5e-10 s                  ; 4.25e-10 s                 ; Yes                       ; Yes                       ;
; segv2[0]      ; 2.5 V        ; 0 s                 ; 0 s                 ; 2.32 V                       ; 1.06e-06 V                   ; 2.36 V              ; -0.00724 V          ; 0.107 V                              ; 0.02 V                               ; 4.5e-10 s                   ; 4.25e-10 s                  ; Yes                        ; Yes                        ; 2.32 V                      ; 1.06e-06 V                  ; 2.36 V             ; -0.00724 V         ; 0.107 V                             ; 0.02 V                              ; 4.5e-10 s                  ; 4.25e-10 s                 ; Yes                       ; Yes                       ;
; segv2[1]      ; 2.5 V        ; 0 s                 ; 0 s                 ; 2.32 V                       ; 7.16e-07 V                   ; 2.36 V              ; -0.00476 V          ; 0.096 V                              ; 0.013 V                              ; 4.39e-10 s                  ; 4.15e-10 s                  ; Yes                        ; Yes                        ; 2.32 V                      ; 7.16e-07 V                  ; 2.36 V             ; -0.00476 V         ; 0.096 V                             ; 0.013 V                             ; 4.39e-10 s                 ; 4.15e-10 s                 ; Yes                       ; Yes                       ;
; segv2[2]      ; 2.5 V        ; 0 s                 ; 0 s                 ; 2.32 V                       ; 1.06e-06 V                   ; 2.33 V              ; -0.00344 V          ; 0.134 V                              ; 0.075 V                              ; 3.33e-09 s                  ; 3.16e-09 s                  ; Yes                        ; Yes                        ; 2.32 V                      ; 1.06e-06 V                  ; 2.33 V             ; -0.00344 V         ; 0.134 V                             ; 0.075 V                             ; 3.33e-09 s                 ; 3.16e-09 s                 ; Yes                       ; Yes                       ;
; segv2[3]      ; 2.5 V        ; 0 s                 ; 0 s                 ; 2.32 V                       ; 1.06e-06 V                   ; 2.36 V              ; -0.00724 V          ; 0.107 V                              ; 0.02 V                               ; 4.5e-10 s                   ; 4.25e-10 s                  ; Yes                        ; Yes                        ; 2.32 V                      ; 1.06e-06 V                  ; 2.36 V             ; -0.00724 V         ; 0.107 V                             ; 0.02 V                              ; 4.5e-10 s                  ; 4.25e-10 s                 ; Yes                       ; Yes                       ;
; segv2[4]      ; 2.5 V        ; 0 s                 ; 0 s                 ; 2.32 V                       ; 7.16e-07 V                   ; 2.36 V              ; -0.00476 V          ; 0.096 V                              ; 0.013 V                              ; 4.39e-10 s                  ; 4.15e-10 s                  ; Yes                        ; Yes                        ; 2.32 V                      ; 7.16e-07 V                  ; 2.36 V             ; -0.00476 V         ; 0.096 V                             ; 0.013 V                             ; 4.39e-10 s                 ; 4.15e-10 s                 ; Yes                       ; Yes                       ;
; segv2[5]      ; 2.5 V        ; 0 s                 ; 0 s                 ; 2.32 V                       ; 1.06e-06 V                   ; 2.36 V              ; -0.00724 V          ; 0.107 V                              ; 0.02 V                               ; 4.5e-10 s                   ; 4.25e-10 s                  ; Yes                        ; Yes                        ; 2.32 V                      ; 1.06e-06 V                  ; 2.36 V             ; -0.00724 V         ; 0.107 V                             ; 0.02 V                              ; 4.5e-10 s                  ; 4.25e-10 s                 ; Yes                       ; Yes                       ;
; segv2[6]      ; 2.5 V        ; 0 s                 ; 0 s                 ; 2.32 V                       ; 1.06e-06 V                   ; 2.36 V              ; -0.00724 V          ; 0.107 V                              ; 0.02 V                               ; 4.5e-10 s                   ; 4.25e-10 s                  ; Yes                        ; Yes                        ; 2.32 V                      ; 1.06e-06 V                  ; 2.36 V             ; -0.00724 V         ; 0.107 V                             ; 0.02 V                              ; 4.5e-10 s                  ; 4.25e-10 s                 ; Yes                       ; Yes                       ;
; ~ALTERA_DCLK~ ; 2.5 V        ; 0 s                 ; 0 s                 ; 2.32 V                       ; 5.74e-07 V                   ; 2.36 V              ; -0.0201 V           ; 0.072 V                              ; 0.033 V                              ; 4.04e-10 s                  ; 3.29e-10 s                  ; Yes                        ; Yes                        ; 2.32 V                      ; 5.74e-07 V                  ; 2.36 V             ; -0.0201 V          ; 0.072 V                             ; 0.033 V                             ; 4.04e-10 s                 ; 3.29e-10 s                 ; Yes                       ; Yes                       ;
; ~ALTERA_nCEO~ ; 2.5 V        ; 0 s                 ; 0 s                 ; 2.32 V                       ; 9.45e-07 V                   ; 2.35 V              ; -0.00643 V          ; 0.081 V                              ; 0.031 V                              ; 5.31e-10 s                  ; 7.59e-10 s                  ; Yes                        ; Yes                        ; 2.32 V                      ; 9.45e-07 V                  ; 2.35 V             ; -0.00643 V         ; 0.081 V                             ; 0.031 V                             ; 5.31e-10 s                 ; 7.59e-10 s                 ; Yes                       ; Yes                       ;
+---------------+--------------+---------------------+---------------------+------------------------------+------------------------------+---------------------+---------------------+--------------------------------------+--------------------------------------+-----------------------------+-----------------------------+----------------------------+----------------------------+-----------------------------+-----------------------------+--------------------+--------------------+-------------------------------------+-------------------------------------+----------------------------+----------------------------+---------------------------+---------------------------+


+--------------------------------------------------------------------------------------------------------------------------------------------------------------------------------------------------------------------------------------------------------------------------------------------------------------------------------------------------------------------------------------------------------------------------------------------------------------------------------------------------------------------------------------------------------------------------------------------------------------------------------------------------------------------------------------------+
; Signal Integrity Metrics (Fast 1200mv 0c Model)                                                                                                                                                                                                                                                                                                                                                                                                                                                                                                                                                                                                                                            ;
+---------------+--------------+---------------------+---------------------+------------------------------+------------------------------+---------------------+---------------------+--------------------------------------+--------------------------------------+-----------------------------+-----------------------------+----------------------------+----------------------------+-----------------------------+-----------------------------+--------------------+--------------------+-------------------------------------+-------------------------------------+----------------------------+----------------------------+---------------------------+---------------------------+
; Pin           ; I/O Standard ; Board Delay on Rise ; Board Delay on Fall ; Steady State Voh at FPGA Pin ; Steady State Vol at FPGA Pin ; Voh Max at FPGA Pin ; Vol Min at FPGA Pin ; Ringback Voltage on Rise at FPGA Pin ; Ringback Voltage on Fall at FPGA Pin ; 10-90 Rise Time at FPGA Pin ; 90-10 Fall Time at FPGA Pin ; Monotonic Rise at FPGA Pin ; Monotonic Fall at FPGA Pin ; Steady State Voh at Far-end ; Steady State Vol at Far-end ; Voh Max at Far-end ; Vol Min at Far-end ; Ringback Voltage on Rise at Far-end ; Ringback Voltage on Fall at Far-end ; 10-90 Rise Time at Far-end ; 90-10 Fall Time at Far-end ; Monotonic Rise at Far-end ; Monotonic Fall at Far-end ;
+---------------+--------------+---------------------+---------------------+------------------------------+------------------------------+---------------------+---------------------+--------------------------------------+--------------------------------------+-----------------------------+-----------------------------+----------------------------+----------------------------+-----------------------------+-----------------------------+--------------------+--------------------+-------------------------------------+-------------------------------------+----------------------------+----------------------------+---------------------------+---------------------------+
; Qv[0]         ; 2.5 V        ; 0 s                 ; 0 s                 ; 2.62 V                       ; 4.05e-08 V                   ; 2.64 V              ; -0.0113 V           ; 0.208 V                              ; 0.179 V                              ; 2.38e-09 s                  ; 2.23e-09 s                  ; No                         ; Yes                        ; 2.62 V                      ; 4.05e-08 V                  ; 2.64 V             ; -0.0113 V          ; 0.208 V                             ; 0.179 V                             ; 2.38e-09 s                 ; 2.23e-09 s                 ; No                        ; Yes                       ;
; Qv[1]         ; 2.5 V        ; 0 s                 ; 0 s                 ; 2.62 V                       ; 4.05e-08 V                   ; 2.72 V              ; -0.0349 V           ; 0.173 V                              ; 0.1 V                                ; 2.72e-10 s                  ; 2.69e-10 s                  ; Yes                        ; Yes                        ; 2.62 V                      ; 4.05e-08 V                  ; 2.72 V             ; -0.0349 V          ; 0.173 V                             ; 0.1 V                               ; 2.72e-10 s                 ; 2.69e-10 s                 ; Yes                       ; Yes                       ;
; Qv[2]         ; 2.5 V        ; 0 s                 ; 0 s                 ; 2.62 V                       ; 4.05e-08 V                   ; 2.72 V              ; -0.0349 V           ; 0.173 V                              ; 0.1 V                                ; 2.72e-10 s                  ; 2.69e-10 s                  ; Yes                        ; Yes                        ; 2.62 V                      ; 4.05e-08 V                  ; 2.72 V             ; -0.0349 V          ; 0.173 V                             ; 0.1 V                               ; 2.72e-10 s                 ; 2.69e-10 s                 ; Yes                       ; Yes                       ;
; Qv[3]         ; 2.5 V        ; 0 s                 ; 0 s                 ; 2.62 V                       ; 2.74e-08 V                   ; 2.73 V              ; -0.0384 V           ; 0.169 V                              ; 0.089 V                              ; 2.7e-10 s                   ; 2.62e-10 s                  ; Yes                        ; Yes                        ; 2.62 V                      ; 2.74e-08 V                  ; 2.73 V             ; -0.0384 V          ; 0.169 V                             ; 0.089 V                             ; 2.7e-10 s                  ; 2.62e-10 s                 ; Yes                       ; Yes                       ;
; Qv[4]         ; 2.5 V        ; 0 s                 ; 0 s                 ; 2.62 V                       ; 4.05e-08 V                   ; 2.72 V              ; -0.0349 V           ; 0.173 V                              ; 0.1 V                                ; 2.72e-10 s                  ; 2.69e-10 s                  ; Yes                        ; Yes                        ; 2.62 V                      ; 4.05e-08 V                  ; 2.72 V             ; -0.0349 V          ; 0.173 V                             ; 0.1 V                               ; 2.72e-10 s                 ; 2.69e-10 s                 ; Yes                       ; Yes                       ;
; pv[0]         ; 2.5 V        ; 0 s                 ; 0 s                 ; 2.62 V                       ; 2.74e-08 V                   ; 2.73 V              ; -0.0384 V           ; 0.169 V                              ; 0.089 V                              ; 2.7e-10 s                   ; 2.62e-10 s                  ; Yes                        ; Yes                        ; 2.62 V                      ; 2.74e-08 V                  ; 2.73 V             ; -0.0384 V          ; 0.169 V                             ; 0.089 V                             ; 2.7e-10 s                  ; 2.62e-10 s                 ; Yes                       ; Yes                       ;
; pv[1]         ; 2.5 V        ; 0 s                 ; 0 s                 ; 2.62 V                       ; 2.74e-08 V                   ; 2.73 V              ; -0.0384 V           ; 0.169 V                              ; 0.089 V                              ; 2.7e-10 s                   ; 2.62e-10 s                  ; Yes                        ; Yes                        ; 2.62 V                      ; 2.74e-08 V                  ; 2.73 V             ; -0.0384 V          ; 0.169 V                             ; 0.089 V                             ; 2.7e-10 s                  ; 2.62e-10 s                 ; Yes                       ; Yes                       ;
; pv[2]         ; 2.5 V        ; 0 s                 ; 0 s                 ; 2.62 V                       ; 2.74e-08 V                   ; 2.71 V              ; -0.0317 V           ; 0.148 V                              ; 0.064 V                              ; 4.51e-10 s                  ; 4.15e-10 s                  ; No                         ; Yes                        ; 2.62 V                      ; 2.74e-08 V                  ; 2.71 V             ; -0.0317 V          ; 0.148 V                             ; 0.064 V                             ; 4.51e-10 s                 ; 4.15e-10 s                 ; No                        ; Yes                       ;
; pv[3]         ; 2.5 V        ; 0 s                 ; 0 s                 ; 2.62 V                       ; 2.74e-08 V                   ; 2.71 V              ; -0.0317 V           ; 0.148 V                              ; 0.064 V                              ; 4.51e-10 s                  ; 4.15e-10 s                  ; No                         ; Yes                        ; 2.62 V                      ; 2.74e-08 V                  ; 2.71 V             ; -0.0317 V          ; 0.148 V                             ; 0.064 V                             ; 4.51e-10 s                 ; 4.15e-10 s                 ; No                        ; Yes                       ;
; pv2[0]        ; 2.5 V        ; 0 s                 ; 0 s                 ; 2.62 V                       ; 2.74e-08 V                   ; 2.64 V              ; -0.0117 V           ; 0.202 V                              ; 0.176 V                              ; 2.38e-09 s                  ; 2.22e-09 s                  ; No                         ; Yes                        ; 2.62 V                      ; 2.74e-08 V                  ; 2.64 V             ; -0.0117 V          ; 0.202 V                             ; 0.176 V                             ; 2.38e-09 s                 ; 2.22e-09 s                 ; No                        ; Yes                       ;
; pv2[1]        ; 2.5 V        ; 0 s                 ; 0 s                 ; 2.62 V                       ; 4.05e-08 V                   ; 2.72 V              ; -0.0349 V           ; 0.173 V                              ; 0.1 V                                ; 2.72e-10 s                  ; 2.69e-10 s                  ; Yes                        ; Yes                        ; 2.62 V                      ; 4.05e-08 V                  ; 2.72 V             ; -0.0349 V          ; 0.173 V                             ; 0.1 V                               ; 2.72e-10 s                 ; 2.69e-10 s                 ; Yes                       ; Yes                       ;
; pv2[2]        ; 2.5 V        ; 0 s                 ; 0 s                 ; 2.62 V                       ; 2.74e-08 V                   ; 2.73 V              ; -0.0384 V           ; 0.169 V                              ; 0.089 V                              ; 2.7e-10 s                   ; 2.62e-10 s                  ; Yes                        ; Yes                        ; 2.62 V                      ; 2.74e-08 V                  ; 2.73 V             ; -0.0384 V          ; 0.169 V                             ; 0.089 V                             ; 2.7e-10 s                  ; 2.62e-10 s                 ; Yes                       ; Yes                       ;
; pv2[3]        ; 2.5 V        ; 0 s                 ; 0 s                 ; 2.62 V                       ; 4.05e-08 V                   ; 2.72 V              ; -0.0349 V           ; 0.173 V                              ; 0.1 V                                ; 2.72e-10 s                  ; 2.69e-10 s                  ; Yes                        ; Yes                        ; 2.62 V                      ; 4.05e-08 V                  ; 2.72 V             ; -0.0349 V          ; 0.173 V                             ; 0.1 V                               ; 2.72e-10 s                 ; 2.69e-10 s                 ; Yes                       ; Yes                       ;
; bcdv[0]       ; 2.5 V        ; 0 s                 ; 0 s                 ; 2.62 V                       ; 4.05e-08 V                   ; 2.72 V              ; -0.0349 V           ; 0.173 V                              ; 0.1 V                                ; 2.72e-10 s                  ; 2.69e-10 s                  ; Yes                        ; Yes                        ; 2.62 V                      ; 4.05e-08 V                  ; 2.72 V             ; -0.0349 V          ; 0.173 V                             ; 0.1 V                               ; 2.72e-10 s                 ; 2.69e-10 s                 ; Yes                       ; Yes                       ;
; bcdv[1]       ; 2.5 V        ; 0 s                 ; 0 s                 ; 2.62 V                       ; 4.05e-08 V                   ; 2.72 V              ; -0.0349 V           ; 0.173 V                              ; 0.1 V                                ; 2.72e-10 s                  ; 2.69e-10 s                  ; Yes                        ; Yes                        ; 2.62 V                      ; 4.05e-08 V                  ; 2.72 V             ; -0.0349 V          ; 0.173 V                             ; 0.1 V                               ; 2.72e-10 s                 ; 2.69e-10 s                 ; Yes                       ; Yes                       ;
; bcdv[2]       ; 2.5 V        ; 0 s                 ; 0 s                 ; 2.62 V                       ; 4.05e-08 V                   ; 2.72 V              ; -0.0349 V           ; 0.173 V                              ; 0.1 V                                ; 2.72e-10 s                  ; 2.69e-10 s                  ; Yes                        ; Yes                        ; 2.62 V                      ; 4.05e-08 V                  ; 2.72 V             ; -0.0349 V          ; 0.173 V                             ; 0.1 V                               ; 2.72e-10 s                 ; 2.69e-10 s                 ; Yes                       ; Yes                       ;
; bcdv[3]       ; 2.5 V        ; 0 s                 ; 0 s                 ; 2.62 V                       ; 2.74e-08 V                   ; 2.71 V              ; -0.0317 V           ; 0.148 V                              ; 0.064 V                              ; 4.51e-10 s                  ; 4.15e-10 s                  ; No                         ; Yes                        ; 2.62 V                      ; 2.74e-08 V                  ; 2.71 V             ; -0.0317 V          ; 0.148 V                             ; 0.064 V                             ; 4.51e-10 s                 ; 4.15e-10 s                 ; No                        ; Yes                       ;
; bcdv[4]       ; 2.5 V        ; 0 s                 ; 0 s                 ; 2.62 V                       ; 4.05e-08 V                   ; 2.72 V              ; -0.0349 V           ; 0.173 V                              ; 0.1 V                                ; 2.72e-10 s                  ; 2.69e-10 s                  ; Yes                        ; Yes                        ; 2.62 V                      ; 4.05e-08 V                  ; 2.72 V             ; -0.0349 V          ; 0.173 V                             ; 0.1 V                               ; 2.72e-10 s                 ; 2.69e-10 s                 ; Yes                       ; Yes                       ;
; bcdv[5]       ; 2.5 V        ; 0 s                 ; 0 s                 ; 2.62 V                       ; 2.74e-08 V                   ; 2.73 V              ; -0.0384 V           ; 0.169 V                              ; 0.089 V                              ; 2.7e-10 s                   ; 2.62e-10 s                  ; Yes                        ; Yes                        ; 2.62 V                      ; 2.74e-08 V                  ; 2.73 V             ; -0.0384 V          ; 0.169 V                             ; 0.089 V                             ; 2.7e-10 s                  ; 2.62e-10 s                 ; Yes                       ; Yes                       ;
; bcdv[6]       ; 2.5 V        ; 0 s                 ; 0 s                 ; 2.62 V                       ; 4.05e-08 V                   ; 2.72 V              ; -0.0349 V           ; 0.173 V                              ; 0.1 V                                ; 2.72e-10 s                  ; 2.69e-10 s                  ; Yes                        ; Yes                        ; 2.62 V                      ; 4.05e-08 V                  ; 2.72 V             ; -0.0349 V          ; 0.173 V                             ; 0.1 V                               ; 2.72e-10 s                 ; 2.69e-10 s                 ; Yes                       ; Yes                       ;
; bcdv[7]       ; 2.5 V        ; 0 s                 ; 0 s                 ; 2.62 V                       ; 4.05e-08 V                   ; 2.72 V              ; -0.0349 V           ; 0.173 V                              ; 0.1 V                                ; 2.72e-10 s                  ; 2.69e-10 s                  ; Yes                        ; Yes                        ; 2.62 V                      ; 4.05e-08 V                  ; 2.72 V             ; -0.0349 V          ; 0.173 V                             ; 0.1 V                               ; 2.72e-10 s                 ; 2.69e-10 s                 ; Yes                       ; Yes                       ;
; segv[0]       ; 2.5 V        ; 0 s                 ; 0 s                 ; 2.62 V                       ; 2.74e-08 V                   ; 2.73 V              ; -0.0384 V           ; 0.169 V                              ; 0.089 V                              ; 2.7e-10 s                   ; 2.62e-10 s                  ; Yes                        ; Yes                        ; 2.62 V                      ; 2.74e-08 V                  ; 2.73 V             ; -0.0384 V          ; 0.169 V                             ; 0.089 V                             ; 2.7e-10 s                  ; 2.62e-10 s                 ; Yes                       ; Yes                       ;
; segv[1]       ; 2.5 V        ; 0 s                 ; 0 s                 ; 2.62 V                       ; 2.74e-08 V                   ; 2.71 V              ; -0.0317 V           ; 0.148 V                              ; 0.064 V                              ; 4.51e-10 s                  ; 4.15e-10 s                  ; No                         ; Yes                        ; 2.62 V                      ; 2.74e-08 V                  ; 2.71 V             ; -0.0317 V          ; 0.148 V                             ; 0.064 V                             ; 4.51e-10 s                 ; 4.15e-10 s                 ; No                        ; Yes                       ;
; segv[2]       ; 2.5 V        ; 0 s                 ; 0 s                 ; 2.62 V                       ; 4.05e-08 V                   ; 2.72 V              ; -0.0349 V           ; 0.173 V                              ; 0.1 V                                ; 2.72e-10 s                  ; 2.69e-10 s                  ; Yes                        ; Yes                        ; 2.62 V                      ; 4.05e-08 V                  ; 2.72 V             ; -0.0349 V          ; 0.173 V                             ; 0.1 V                               ; 2.72e-10 s                 ; 2.69e-10 s                 ; Yes                       ; Yes                       ;
; segv[3]       ; 2.5 V        ; 0 s                 ; 0 s                 ; 2.62 V                       ; 2.74e-08 V                   ; 2.71 V              ; -0.0317 V           ; 0.148 V                              ; 0.064 V                              ; 4.51e-10 s                  ; 4.15e-10 s                  ; No                         ; Yes                        ; 2.62 V                      ; 2.74e-08 V                  ; 2.71 V             ; -0.0317 V          ; 0.148 V                             ; 0.064 V                             ; 4.51e-10 s                 ; 4.15e-10 s                 ; No                        ; Yes                       ;
; segv[4]       ; 2.5 V        ; 0 s                 ; 0 s                 ; 2.62 V                       ; 4.05e-08 V                   ; 2.72 V              ; -0.0349 V           ; 0.173 V                              ; 0.1 V                                ; 2.72e-10 s                  ; 2.69e-10 s                  ; Yes                        ; Yes                        ; 2.62 V                      ; 4.05e-08 V                  ; 2.72 V             ; -0.0349 V          ; 0.173 V                             ; 0.1 V                               ; 2.72e-10 s                 ; 2.69e-10 s                 ; Yes                       ; Yes                       ;
; segv[5]       ; 2.5 V        ; 0 s                 ; 0 s                 ; 2.62 V                       ; 2.74e-08 V                   ; 2.64 V              ; -0.0117 V           ; 0.202 V                              ; 0.176 V                              ; 2.38e-09 s                  ; 2.22e-09 s                  ; No                         ; Yes                        ; 2.62 V                      ; 2.74e-08 V                  ; 2.64 V             ; -0.0117 V          ; 0.202 V                             ; 0.176 V                             ; 2.38e-09 s                 ; 2.22e-09 s                 ; No                        ; Yes                       ;
; segv[6]       ; 2.5 V        ; 0 s                 ; 0 s                 ; 2.62 V                       ; 4.05e-08 V                   ; 2.72 V              ; -0.0349 V           ; 0.173 V                              ; 0.1 V                                ; 2.72e-10 s                  ; 2.69e-10 s                  ; Yes                        ; Yes                        ; 2.62 V                      ; 4.05e-08 V                  ; 2.72 V             ; -0.0349 V          ; 0.173 V                             ; 0.1 V                               ; 2.72e-10 s                 ; 2.69e-10 s                 ; Yes                       ; Yes                       ;
; segv2[0]      ; 2.5 V        ; 0 s                 ; 0 s                 ; 2.62 V                       ; 4.05e-08 V                   ; 2.72 V              ; -0.0349 V           ; 0.173 V                              ; 0.1 V                                ; 2.72e-10 s                  ; 2.69e-10 s                  ; Yes                        ; Yes                        ; 2.62 V                      ; 4.05e-08 V                  ; 2.72 V             ; -0.0349 V          ; 0.173 V                             ; 0.1 V                               ; 2.72e-10 s                 ; 2.69e-10 s                 ; Yes                       ; Yes                       ;
; segv2[1]      ; 2.5 V        ; 0 s                 ; 0 s                 ; 2.62 V                       ; 2.74e-08 V                   ; 2.73 V              ; -0.0384 V           ; 0.169 V                              ; 0.089 V                              ; 2.7e-10 s                   ; 2.62e-10 s                  ; Yes                        ; Yes                        ; 2.62 V                      ; 2.74e-08 V                  ; 2.73 V             ; -0.0384 V          ; 0.169 V                             ; 0.089 V                             ; 2.7e-10 s                  ; 2.62e-10 s                 ; Yes                       ; Yes                       ;
; segv2[2]      ; 2.5 V        ; 0 s                 ; 0 s                 ; 2.62 V                       ; 4.05e-08 V                   ; 2.64 V              ; -0.0113 V           ; 0.208 V                              ; 0.179 V                              ; 2.38e-09 s                  ; 2.23e-09 s                  ; No                         ; Yes                        ; 2.62 V                      ; 4.05e-08 V                  ; 2.64 V             ; -0.0113 V          ; 0.208 V                             ; 0.179 V                             ; 2.38e-09 s                 ; 2.23e-09 s                 ; No                        ; Yes                       ;
; segv2[3]      ; 2.5 V        ; 0 s                 ; 0 s                 ; 2.62 V                       ; 4.05e-08 V                   ; 2.72 V              ; -0.0349 V           ; 0.173 V                              ; 0.1 V                                ; 2.72e-10 s                  ; 2.69e-10 s                  ; Yes                        ; Yes                        ; 2.62 V                      ; 4.05e-08 V                  ; 2.72 V             ; -0.0349 V          ; 0.173 V                             ; 0.1 V                               ; 2.72e-10 s                 ; 2.69e-10 s                 ; Yes                       ; Yes                       ;
; segv2[4]      ; 2.5 V        ; 0 s                 ; 0 s                 ; 2.62 V                       ; 2.74e-08 V                   ; 2.73 V              ; -0.0384 V           ; 0.169 V                              ; 0.089 V                              ; 2.7e-10 s                   ; 2.62e-10 s                  ; Yes                        ; Yes                        ; 2.62 V                      ; 2.74e-08 V                  ; 2.73 V             ; -0.0384 V          ; 0.169 V                             ; 0.089 V                             ; 2.7e-10 s                  ; 2.62e-10 s                 ; Yes                       ; Yes                       ;
; segv2[5]      ; 2.5 V        ; 0 s                 ; 0 s                 ; 2.62 V                       ; 4.05e-08 V                   ; 2.72 V              ; -0.0349 V           ; 0.173 V                              ; 0.1 V                                ; 2.72e-10 s                  ; 2.69e-10 s                  ; Yes                        ; Yes                        ; 2.62 V                      ; 4.05e-08 V                  ; 2.72 V             ; -0.0349 V          ; 0.173 V                             ; 0.1 V                               ; 2.72e-10 s                 ; 2.69e-10 s                 ; Yes                       ; Yes                       ;
; segv2[6]      ; 2.5 V        ; 0 s                 ; 0 s                 ; 2.62 V                       ; 4.05e-08 V                   ; 2.72 V              ; -0.0349 V           ; 0.173 V                              ; 0.1 V                                ; 2.72e-10 s                  ; 2.69e-10 s                  ; Yes                        ; Yes                        ; 2.62 V                      ; 4.05e-08 V                  ; 2.72 V             ; -0.0349 V          ; 0.173 V                             ; 0.1 V                               ; 2.72e-10 s                 ; 2.69e-10 s                 ; Yes                       ; Yes                       ;
; ~ALTERA_DCLK~ ; 2.5 V        ; 0 s                 ; 0 s                 ; 2.62 V                       ; 2.22e-08 V                   ; 2.74 V              ; -0.06 V             ; 0.158 V                              ; 0.08 V                               ; 2.68e-10 s                  ; 2.19e-10 s                  ; Yes                        ; Yes                        ; 2.62 V                      ; 2.22e-08 V                  ; 2.74 V             ; -0.06 V            ; 0.158 V                             ; 0.08 V                              ; 2.68e-10 s                 ; 2.19e-10 s                 ; Yes                       ; Yes                       ;
; ~ALTERA_nCEO~ ; 2.5 V        ; 0 s                 ; 0 s                 ; 2.62 V                       ; 3.54e-08 V                   ; 2.7 V               ; -0.00943 V          ; 0.276 V                              ; 0.035 V                              ; 3.19e-10 s                  ; 4.99e-10 s                  ; No                         ; Yes                        ; 2.62 V                      ; 3.54e-08 V                  ; 2.7 V              ; -0.00943 V         ; 0.276 V                             ; 0.035 V                             ; 3.19e-10 s                 ; 4.99e-10 s                 ; No                        ; Yes                       ;
+---------------+--------------+---------------------+---------------------+------------------------------+------------------------------+---------------------+---------------------+--------------------------------------+--------------------------------------+-----------------------------+-----------------------------+----------------------------+----------------------------+-----------------------------+-----------------------------+--------------------+--------------------+-------------------------------------+-------------------------------------+----------------------------+----------------------------+---------------------------+---------------------------+


+-------------------------------------------------------------------+
; Setup Transfers                                                   ;
+------------+----------+----------+----------+----------+----------+
; From Clock ; To Clock ; RR Paths ; FR Paths ; RF Paths ; FF Paths ;
+------------+----------+----------+----------+----------+----------+
; Clockv     ; Clockv   ; 5        ; 0        ; 0        ; 0        ;
; Presetv    ; Clockv   ; 4        ; 4        ; 0        ; 0        ;
; Clockv2    ; Clockv2  ; 5        ; 0        ; 0        ; 0        ;
; Presetv    ; Clockv2  ; 4        ; 4        ; 0        ; 0        ;
; Clockv     ; Presetv  ; 16       ; 0        ; 0        ; 0        ;
; Clockv2    ; Presetv  ; 16       ; 0        ; 0        ; 0        ;
+------------+----------+----------+----------+----------+----------+
Entries labeled "false path" only account for clock-to-clock false paths and not path-based false paths. As a result, actual path counts may be lower than reported.


+-------------------------------------------------------------------+
; Hold Transfers                                                    ;
+------------+----------+----------+----------+----------+----------+
; From Clock ; To Clock ; RR Paths ; FR Paths ; RF Paths ; FF Paths ;
+------------+----------+----------+----------+----------+----------+
; Clockv     ; Clockv   ; 5        ; 0        ; 0        ; 0        ;
; Presetv    ; Clockv   ; 4        ; 4        ; 0        ; 0        ;
; Clockv2    ; Clockv2  ; 5        ; 0        ; 0        ; 0        ;
; Presetv    ; Clockv2  ; 4        ; 4        ; 0        ; 0        ;
; Clockv     ; Presetv  ; 16       ; 0        ; 0        ; 0        ;
; Clockv2    ; Presetv  ; 16       ; 0        ; 0        ; 0        ;
+------------+----------+----------+----------+----------+----------+
Entries labeled "false path" only account for clock-to-clock false paths and not path-based false paths. As a result, actual path counts may be lower than reported.


---------------
; Report TCCS ;
---------------
No dedicated SERDES Transmitter circuitry present in device or used in design


---------------
; Report RSKM ;
---------------
No non-DPA dedicated SERDES Receiver circuitry present in device or used in design


+------------------------------------------------+
; Unconstrained Paths                            ;
+---------------------------------+-------+------+
; Property                        ; Setup ; Hold ;
+---------------------------------+-------+------+
; Illegal Clocks                  ; 0     ; 0    ;
; Unconstrained Clocks            ; 0     ; 0    ;
; Unconstrained Input Ports       ; 0     ; 0    ;
; Unconstrained Input Port Paths  ; 0     ; 0    ;
; Unconstrained Output Ports      ; 22    ; 22   ;
; Unconstrained Output Port Paths ; 60    ; 60   ;
+---------------------------------+-------+------+


+------------------------------------+
; TimeQuest Timing Analyzer Messages ;
+------------------------------------+
Info: *******************************************************************
Info: Running Quartus II 64-Bit TimeQuest Timing Analyzer
    Info: Version 15.0.0 Build 145 04/22/2015 SJ Web Edition
    Info: Processing started: Thu Dec 05 22:59:41 2019
Info: Command: quartus_sta Project -c random
Info: qsta_default_script.tcl version: #11
Warning (20028): Parallel compilation is not licensed and has been disabled
Info (21076): High junction temperature operating condition is not set. Assuming a default value of '85'.
Info (21076): Low junction temperature operating condition is not set. Assuming a default value of '0'.
Warning (335093): TimeQuest Timing Analyzer is analyzing 8 combinational loops as latches.
Critical Warning (332012): Synopsys Design Constraints File file not found: 'random.sdc'. A Synopsys Design Constraints File is required by the TimeQuest Timing Analyzer to get proper timing constraints. Without it, the Compiler will not properly optimize the design.
Info (332142): No user constrained base clocks found in the design. Calling "derive_clocks -period 1.0"
Info (332105): Deriving Clocks
    Info (332105): create_clock -period 1.000 -name Presetv Presetv
    Info (332105): create_clock -period 1.000 -name Clockv Clockv
    Info (332105): create_clock -period 1.000 -name Clockv2 Clockv2
Info (332143): No user constrained clock uncertainty found in the design. Calling "derive_clock_uncertainty"
Info (332123): Deriving Clock Uncertainty. Please refer to report_sdc in TimeQuest to see clock uncertainties.
Info: Found TIMEQUEST_REPORT_SCRIPT_INCLUDE_DEFAULT_ANALYSIS = ON
Info: Analyzing Slow 1200mV 85C Model
Critical Warning (332148): Timing requirements not met
    Info (11105): For recommendations on closing timing, run Report Timing Closure Recommendations in the TimeQuest Timing Analyzer.
Info (332146): Worst-case setup slack is -1.542
    Info (332119):     Slack       End Point TNS Clock 
    Info (332119): ========= =================== =====================
    Info (332119):    -1.542             -10.401 Presetv 
    Info (332119):    -0.767              -2.569 Clockv2 
    Info (332119):    -0.666              -2.259 Clockv 
Info (332146): Worst-case hold slack is 0.435
    Info (332119):     Slack       End Point TNS Clock 
    Info (332119): ========= =================== =====================
    Info (332119):     0.435               0.000 Clockv 
    Info (332119):     0.449               0.000 Clockv2 
    Info (332119):     0.571               0.000 Presetv 
Info (332140): No Recovery paths to report
Info (332140): No Removal paths to report
Info (332146): Worst-case minimum pulse width slack is -3.000
    Info (332119):     Slack       End Point TNS Clock 
    Info (332119): ========= =================== =====================
    Info (332119):    -3.000              -7.000 Clockv 
    Info (332119):    -3.000              -7.000 Clockv2 
    Info (332119):    -3.000              -3.000 Presetv 
Info: Analyzing Slow 1200mV 0C Model
Info (334003): Started post-fitting delay annotation
Info (334004): Delay annotation completed successfully
Info (332123): Deriving Clock Uncertainty. Please refer to report_sdc in TimeQuest to see clock uncertainties.
Critical Warning (332148): Timing requirements not met
    Info (11105): For recommendations on closing timing, run Report Timing Closure Recommendations in the TimeQuest Timing Analyzer.
Info (332146): Worst-case setup slack is -1.261
    Info (332119):     Slack       End Point TNS Clock 
    Info (332119): ========= =================== =====================
    Info (332119):    -1.261              -8.443 Presetv 
    Info (332119):    -0.687              -2.325 Clockv2 
    Info (332119):    -0.564              -2.050 Clockv 
Info (332146): Worst-case hold slack is 0.387
    Info (332119):     Slack       End Point TNS Clock 
    Info (332119): ========= =================== =====================
    Info (332119):     0.387               0.000 Clockv 
    Info (332119):     0.416               0.000 Clockv2 
    Info (332119):     0.513               0.000 Presetv 
Info (332140): No Recovery paths to report
Info (332140): No Removal paths to report
Info (332146): Worst-case minimum pulse width slack is -3.000
    Info (332119):     Slack       End Point TNS Clock 
    Info (332119): ========= =================== =====================
    Info (332119):    -3.000              -7.000 Clockv 
    Info (332119):    -3.000              -7.000 Clockv2 
    Info (332119):    -3.000              -3.000 Presetv 
Info: Analyzing Fast 1200mV 0C Model
Info (332123): Deriving Clock Uncertainty. Please refer to report_sdc in TimeQuest to see clock uncertainties.
Critical Warning (332148): Timing requirements not met
    Info (11105): For recommendations on closing timing, run Report Timing Closure Recommendations in the TimeQuest Timing Analyzer.
Info (332146): Worst-case setup slack is -0.454
    Info (332119):     Slack       End Point TNS Clock 
    Info (332119): ========= =================== =====================
    Info (332119):    -0.454              -1.436 Clockv2 
    Info (332119):    -0.450              -2.460 Presetv 
    Info (332119):    -0.394              -1.237 Clockv 
Info (332146): Worst-case hold slack is 0.231
    Info (332119):     Slack       End Point TNS Clock 
    Info (332119): ========= =================== =====================
    Info (332119):     0.231               0.000 Clockv 
    Info (332119):     0.246               0.000 Clockv2 
    Info (332119):     0.290               0.000 Presetv 
Info (332140): No Recovery paths to report
Info (332140): No Removal paths to report
Info (332146): Worst-case minimum pulse width slack is -3.000
    Info (332119):     Slack       End Point TNS Clock 
    Info (332119): ========= =================== =====================
    Info (332119):    -3.000              -7.256 Clockv 
    Info (332119):    -3.000              -7.256 Clockv2 
    Info (332119):    -3.000              -3.000 Presetv 
Info (332102): Design is not fully constrained for setup requirements
Info (332102): Design is not fully constrained for hold requirements
Info: Quartus II 64-Bit TimeQuest Timing Analyzer was successful. 0 errors, 7 warnings
    Info: Peak virtual memory: 4846 megabytes
    Info: Processing ended: Thu Dec 05 23:00:07 2019
    Info: Elapsed time: 00:00:26
    Info: Total CPU time (on all processors): 00:00:03


