TimeQuest Timing Analyzer report for random
Thu Dec 05 22:46:34 2019
Quartus II 64-Bit Version 15.0.0 Build 145 04/22/2015 SJ Web Edition


---------------------
; Table of Contents ;
---------------------
  1. Legal Notice
  2. TimeQuest Timing Analyzer Summary
  3. Parallel Compilation
  4. Clocks
  5. Slow 1200mV 85C Model Fmax Summary
  6. Timing Closure Recommendations
  7. Slow 1200mV 85C Model Setup Summary
  8. Slow 1200mV 85C Model Hold Summary
  9. Slow 1200mV 85C Model Recovery Summary
 10. Slow 1200mV 85C Model Removal Summary
 11. Slow 1200mV 85C Model Minimum Pulse Width Summary
 12. Slow 1200mV 85C Model Setup: 'Presetv'
 13. Slow 1200mV 85C Model Setup: 'Clockv2'
 14. Slow 1200mV 85C Model Setup: 'Clockv'
 15. Slow 1200mV 85C Model Hold: 'Clockv'
 16. Slow 1200mV 85C Model Hold: 'Presetv'
 17. Slow 1200mV 85C Model Hold: 'Clockv2'
 18. Slow 1200mV 85C Model Minimum Pulse Width: 'Clockv'
 19. Slow 1200mV 85C Model Minimum Pulse Width: 'Clockv2'
 20. Slow 1200mV 85C Model Minimum Pulse Width: 'Presetv'
 21. Setup Times
 22. Hold Times
 23. Clock to Output Times
 24. Minimum Clock to Output Times
 25. Slow 1200mV 85C Model Metastability Summary
 26. Slow 1200mV 0C Model Fmax Summary
 27. Slow 1200mV 0C Model Setup Summary
 28. Slow 1200mV 0C Model Hold Summary
 29. Slow 1200mV 0C Model Recovery Summary
 30. Slow 1200mV 0C Model Removal Summary
 31. Slow 1200mV 0C Model Minimum Pulse Width Summary
 32. Slow 1200mV 0C Model Setup: 'Presetv'
 33. Slow 1200mV 0C Model Setup: 'Clockv'
 34. Slow 1200mV 0C Model Setup: 'Clockv2'
 35. Slow 1200mV 0C Model Hold: 'Presetv'
 36. Slow 1200mV 0C Model Hold: 'Clockv'
 37. Slow 1200mV 0C Model Hold: 'Clockv2'
 38. Slow 1200mV 0C Model Minimum Pulse Width: 'Clockv'
 39. Slow 1200mV 0C Model Minimum Pulse Width: 'Clockv2'
 40. Slow 1200mV 0C Model Minimum Pulse Width: 'Presetv'
 41. Setup Times
 42. Hold Times
 43. Clock to Output Times
 44. Minimum Clock to Output Times
 45. Slow 1200mV 0C Model Metastability Summary
 46. Fast 1200mV 0C Model Setup Summary
 47. Fast 1200mV 0C Model Hold Summary
 48. Fast 1200mV 0C Model Recovery Summary
 49. Fast 1200mV 0C Model Removal Summary
 50. Fast 1200mV 0C Model Minimum Pulse Width Summary
 51. Fast 1200mV 0C Model Setup: 'Presetv'
 52. Fast 1200mV 0C Model Setup: 'Clockv'
 53. Fast 1200mV 0C Model Setup: 'Clockv2'
 54. Fast 1200mV 0C Model Hold: 'Presetv'
 55. Fast 1200mV 0C Model Hold: 'Clockv'
 56. Fast 1200mV 0C Model Hold: 'Clockv2'
 57. Fast 1200mV 0C Model Minimum Pulse Width: 'Clockv2'
 58. Fast 1200mV 0C Model Minimum Pulse Width: 'Clockv'
 59. Fast 1200mV 0C Model Minimum Pulse Width: 'Presetv'
 60. Setup Times
 61. Hold Times
 62. Clock to Output Times
 63. Minimum Clock to Output Times
 64. Fast 1200mV 0C Model Metastability Summary
 65. Multicorner Timing Analysis Summary
 66. Setup Times
 67. Hold Times
 68. Clock to Output Times
 69. Minimum Clock to Output Times
 70. Board Trace Model Assignments
 71. Input Transition Times
 72. Signal Integrity Metrics (Slow 1200mv 0c Model)
 73. Signal Integrity Metrics (Slow 1200mv 85c Model)
 74. Signal Integrity Metrics (Fast 1200mv 0c Model)
 75. Setup Transfers
 76. Hold Transfers
 77. Report TCCS
 78. Report RSKM
 79. Unconstrained Paths
 80. TimeQuest Timing Analyzer Messages



----------------
; Legal Notice ;
----------------
Copyright (C) 1991-2015 Altera Corporation. All rights reserved.
Your use of Altera Corporation's design tools, logic functions 
and other software and tools, and its AMPP partner logic 
functions, and any output files from any of the foregoing 
(including device programming or simulation files), and any 
associated documentation or information are expressly subject 
to the terms and conditions of the Altera Program License 
Subscription Agreement, the Altera Quartus II License Agreement,
the Altera MegaCore Function License Agreement, or other 
applicable license agreement, including, without limitation, 
that your use is for the sole purpose of programming logic 
devices manufactured by Altera and sold by Altera or its 
authorized distributors.  Please refer to the applicable 
agreement for further details.



+-------------------------------------------------------------------------+
; TimeQuest Timing Analyzer Summary                                       ;
+--------------------+----------------------------------------------------+
; Quartus II Version ; Version 15.0.0 Build 145 04/22/2015 SJ Web Edition ;
; Revision Name      ; random                                             ;
; Device Family      ; Cyclone IV E                                       ;
; Device Name        ; EP4CE115F29C7                                      ;
; Timing Models      ; Final                                              ;
; Delay Model        ; Combined                                           ;
; Rise/Fall Delays   ; Enabled                                            ;
+--------------------+----------------------------------------------------+


Parallel compilation was disabled, but you have multiple processors available. Enable parallel compilation to reduce compilation time.
+-------------------------------------+
; Parallel Compilation                ;
+----------------------------+--------+
; Processors                 ; Number ;
+----------------------------+--------+
; Number detected on machine ; 8      ;
; Maximum allowed            ; 1      ;
+----------------------------+--------+


+-------------------------------------------------------------------------------------------------------------------------------------------------------------------------------------+
; Clocks                                                                                                                                                                              ;
+------------+------+--------+------------+-------+-------+------------+-----------+-------------+-------+--------+-----------+------------+----------+--------+--------+-------------+
; Clock Name ; Type ; Period ; Frequency  ; Rise  ; Fall  ; Duty Cycle ; Divide by ; Multiply by ; Phase ; Offset ; Edge List ; Edge Shift ; Inverted ; Master ; Source ; Targets     ;
+------------+------+--------+------------+-------+-------+------------+-----------+-------------+-------+--------+-----------+------------+----------+--------+--------+-------------+
; Clockv     ; Base ; 1.000  ; 1000.0 MHz ; 0.000 ; 0.500 ;            ;           ;             ;       ;        ;           ;            ;          ;        ;        ; { Clockv }  ;
; Clockv2    ; Base ; 1.000  ; 1000.0 MHz ; 0.000 ; 0.500 ;            ;           ;             ;       ;        ;           ;            ;          ;        ;        ; { Clockv2 } ;
; Presetv    ; Base ; 1.000  ; 1000.0 MHz ; 0.000 ; 0.500 ;            ;           ;             ;       ;        ;           ;            ;          ;        ;        ; { Presetv } ;
+------------+------+--------+------------+-------+-------+------------+-----------+-------------+-------+--------+-----------+------------+----------+--------+--------+-------------+


+-----------------------------------------------------------------------------------------------------------+
; Slow 1200mV 85C Model Fmax Summary                                                                        ;
+------------+-----------------+------------+---------------------------------------------------------------+
; Fmax       ; Restricted Fmax ; Clock Name ; Note                                                          ;
+------------+-----------------+------------+---------------------------------------------------------------+
; 468.16 MHz ; 250.0 MHz       ; Clockv2    ; limit due to minimum period restriction (max I/O toggle rate) ;
; 475.29 MHz ; 250.0 MHz       ; Clockv     ; limit due to minimum period restriction (max I/O toggle rate) ;
+------------+-----------------+------------+---------------------------------------------------------------+
This panel reports FMAX for every clock in the design, regardless of the user-specified clock periods.  FMAX is only computed for paths where the source and destination registers or ports are driven by the same clock.  Paths of different clocks, including generated clocks, are ignored.  For paths between a clock and its inversion, FMAX is computed as if the rising and falling edges are scaled along with FMAX, such that the duty cycle (in terms of a percentage) is maintained. Altera recommends that you always use clock constraints and other slack reports for sign-off analysis.


----------------------------------
; Timing Closure Recommendations ;
----------------------------------
HTML report is unavailable in plain text report export.


+-------------------------------------+
; Slow 1200mV 85C Model Setup Summary ;
+---------+--------+------------------+
; Clock   ; Slack  ; End Point TNS    ;
+---------+--------+------------------+
; Presetv ; -1.975 ; -13.505          ;
; Clockv2 ; -1.136 ; -4.074           ;
; Clockv  ; -1.104 ; -3.835           ;
+---------+--------+------------------+


+------------------------------------+
; Slow 1200mV 85C Model Hold Summary ;
+---------+-------+------------------+
; Clock   ; Slack ; End Point TNS    ;
+---------+-------+------------------+
; Clockv  ; 0.546 ; 0.000            ;
; Presetv ; 0.554 ; 0.000            ;
; Clockv2 ; 0.631 ; 0.000            ;
+---------+-------+------------------+


------------------------------------------
; Slow 1200mV 85C Model Recovery Summary ;
------------------------------------------
No paths to report.


-----------------------------------------
; Slow 1200mV 85C Model Removal Summary ;
-----------------------------------------
No paths to report.


+---------------------------------------------------+
; Slow 1200mV 85C Model Minimum Pulse Width Summary ;
+---------+--------+--------------------------------+
; Clock   ; Slack  ; End Point TNS                  ;
+---------+--------+--------------------------------+
; Clockv  ; -3.000 ; -8.140                         ;
; Clockv2 ; -3.000 ; -8.140                         ;
; Presetv ; -3.000 ; -3.000                         ;
+---------+--------+--------------------------------+


+----------------------------------------------------------------------------------------------------------------------------+
; Slow 1200mV 85C Model Setup: 'Presetv'                                                                                     ;
+--------+----------------------+----------------------+--------------+-------------+--------------+------------+------------+
; Slack  ; From Node            ; To Node              ; Launch Clock ; Latch Clock ; Relationship ; Clock Skew ; Data Delay ;
+--------+----------------------+----------------------+--------------+-------------+--------------+------------+------------+
; -1.975 ; random:random1|Q[3]  ; random:random1|p[2]  ; Clockv       ; Presetv     ; 1.000        ; 0.112      ; 1.525      ;
; -1.912 ; random:random1|Q[1]  ; random:random1|p[2]  ; Clockv       ; Presetv     ; 1.000        ; 0.112      ; 1.462      ;
; -1.747 ; random:random1|Q[2]  ; random:random1|p[1]  ; Clockv       ; Presetv     ; 1.000        ; 0.176      ; 1.573      ;
; -1.691 ; random2:random2|Q[2] ; random2:random2|p[3] ; Clockv2      ; Presetv     ; 1.000        ; 0.131      ; 1.451      ;
; -1.686 ; random:random1|Q[2]  ; random:random1|p[2]  ; Clockv       ; Presetv     ; 1.000        ; 0.112      ; 1.236      ;
; -1.676 ; random:random1|Q[2]  ; random:random1|p[3]  ; Clockv       ; Presetv     ; 1.000        ; 0.051      ; 1.550      ;
; -1.667 ; random2:random2|Q[1] ; random2:random2|p[0] ; Clockv2      ; Presetv     ; 1.000        ; 0.132      ; 1.427      ;
; -1.660 ; random2:random2|Q[0] ; random2:random2|p[2] ; Clockv2      ; Presetv     ; 1.000        ; 0.162      ; 1.452      ;
; -1.658 ; random2:random2|Q[0] ; random2:random2|p[3] ; Clockv2      ; Presetv     ; 1.000        ; 0.131      ; 1.418      ;
; -1.631 ; random2:random2|Q[0] ; random2:random2|p[1] ; Clockv2      ; Presetv     ; 1.000        ; 0.132      ; 1.445      ;
; -1.628 ; random2:random2|Q[3] ; random2:random2|p[2] ; Clockv2      ; Presetv     ; 1.000        ; 0.162      ; 1.420      ;
; -1.616 ; random:random1|Q[3]  ; random:random1|p[1]  ; Clockv       ; Presetv     ; 1.000        ; 0.176      ; 1.442      ;
; -1.615 ; random2:random2|Q[0] ; random2:random2|p[0] ; Clockv2      ; Presetv     ; 1.000        ; 0.132      ; 1.375      ;
; -1.615 ; random2:random2|Q[2] ; random2:random2|p[1] ; Clockv2      ; Presetv     ; 1.000        ; 0.132      ; 1.429      ;
; -1.572 ; random:random1|Q[0]  ; random:random1|p[2]  ; Clockv       ; Presetv     ; 1.000        ; 0.112      ; 1.122      ;
; -1.534 ; random:random1|Q[3]  ; random:random1|p[3]  ; Clockv       ; Presetv     ; 1.000        ; 0.051      ; 1.408      ;
; -1.499 ; random2:random2|Q[3] ; random2:random2|p[3] ; Clockv2      ; Presetv     ; 1.000        ; 0.131      ; 1.259      ;
; -1.481 ; random2:random2|Q[2] ; random2:random2|p[0] ; Clockv2      ; Presetv     ; 1.000        ; 0.132      ; 1.241      ;
; -1.474 ; random2:random2|Q[3] ; random2:random2|p[0] ; Clockv2      ; Presetv     ; 1.000        ; 0.132      ; 1.234      ;
; -1.459 ; random2:random2|Q[2] ; random2:random2|p[2] ; Clockv2      ; Presetv     ; 1.000        ; 0.162      ; 1.251      ;
; -1.458 ; random:random1|Q[0]  ; random:random1|p[0]  ; Clockv       ; Presetv     ; 1.000        ; 0.049      ; 1.480      ;
; -1.440 ; random2:random2|Q[3] ; random2:random2|p[1] ; Clockv2      ; Presetv     ; 1.000        ; 0.132      ; 1.254      ;
; -1.429 ; random:random1|Q[1]  ; random:random1|p[1]  ; Clockv       ; Presetv     ; 1.000        ; 0.176      ; 1.255      ;
; -1.384 ; random:random1|Q[1]  ; random:random1|p[3]  ; Clockv       ; Presetv     ; 1.000        ; 0.051      ; 1.258      ;
; -1.367 ; random2:random2|Q[1] ; random2:random2|p[3] ; Clockv2      ; Presetv     ; 1.000        ; 0.131      ; 1.127      ;
; -1.347 ; random:random1|Q[3]  ; random:random1|p[0]  ; Clockv       ; Presetv     ; 1.000        ; 0.049      ; 1.369      ;
; -1.340 ; random2:random2|Q[1] ; random2:random2|p[2] ; Clockv2      ; Presetv     ; 1.000        ; 0.162      ; 1.132      ;
; -1.309 ; random2:random2|Q[1] ; random2:random2|p[1] ; Clockv2      ; Presetv     ; 1.000        ; 0.132      ; 1.123      ;
; -1.297 ; random:random1|Q[0]  ; random:random1|p[1]  ; Clockv       ; Presetv     ; 1.000        ; 0.176      ; 1.123      ;
; -1.250 ; random:random1|Q[0]  ; random:random1|p[3]  ; Clockv       ; Presetv     ; 1.000        ; 0.051      ; 1.124      ;
; -1.242 ; random:random1|Q[2]  ; random:random1|p[0]  ; Clockv       ; Presetv     ; 1.000        ; 0.049      ; 1.264      ;
; -1.236 ; random:random1|Q[1]  ; random:random1|p[0]  ; Clockv       ; Presetv     ; 1.000        ; 0.049      ; 1.258      ;
+--------+----------------------+----------------------+--------------+-------------+--------------+------------+------------+


+----------------------------------------------------------------------------------------------------------------------------+
; Slow 1200mV 85C Model Setup: 'Clockv2'                                                                                     ;
+--------+----------------------+----------------------+--------------+-------------+--------------+------------+------------+
; Slack  ; From Node            ; To Node              ; Launch Clock ; Latch Clock ; Relationship ; Clock Skew ; Data Delay ;
+--------+----------------------+----------------------+--------------+-------------+--------------+------------+------------+
; -1.136 ; random2:random2|Q[2] ; random2:random2|Q[1] ; Clockv2      ; Clockv2     ; 1.000        ; -0.081     ; 2.053      ;
; -1.111 ; random2:random2|Q[1] ; random2:random2|Q[3] ; Clockv2      ; Clockv2     ; 1.000        ; -0.081     ; 2.028      ;
; -1.066 ; Presetv              ; random2:random2|Q[1] ; Presetv      ; Clockv2     ; 0.500        ; 2.983      ; 4.527      ;
; -0.962 ; random2:random2|Q[3] ; random2:random2|Q[2] ; Clockv2      ; Clockv2     ; 1.000        ; -0.081     ; 1.879      ;
; -0.949 ; Presetv              ; random2:random2|Q[3] ; Presetv      ; Clockv2     ; 0.500        ; 2.983      ; 4.410      ;
; -0.942 ; Presetv              ; random2:random2|Q[2] ; Presetv      ; Clockv2     ; 0.500        ; 2.983      ; 4.403      ;
; -0.865 ; Presetv              ; random2:random2|Q[0] ; Presetv      ; Clockv2     ; 0.500        ; 2.983      ; 4.326      ;
; -0.831 ; random2:random2|Q[0] ; random2:random2|Q[3] ; Clockv2      ; Clockv2     ; 1.000        ; -0.081     ; 1.748      ;
; -0.788 ; random2:random2|Q[1] ; random2:random2|Q[0] ; Clockv2      ; Clockv2     ; 1.000        ; -0.081     ; 1.705      ;
; -0.380 ; Presetv              ; random2:random2|Q[1] ; Presetv      ; Clockv2     ; 1.000        ; 2.983      ; 4.341      ;
; -0.212 ; Presetv              ; random2:random2|Q[3] ; Presetv      ; Clockv2     ; 1.000        ; 2.983      ; 4.173      ;
; -0.211 ; Presetv              ; random2:random2|Q[2] ; Presetv      ; Clockv2     ; 1.000        ; 2.983      ; 4.172      ;
; -0.187 ; Presetv              ; random2:random2|Q[0] ; Presetv      ; Clockv2     ; 1.000        ; 2.983      ; 4.148      ;
+--------+----------------------+----------------------+--------------+-------------+--------------+------------+------------+


+--------------------------------------------------------------------------------------------------------------------------+
; Slow 1200mV 85C Model Setup: 'Clockv'                                                                                    ;
+--------+---------------------+---------------------+--------------+-------------+--------------+------------+------------+
; Slack  ; From Node           ; To Node             ; Launch Clock ; Latch Clock ; Relationship ; Clock Skew ; Data Delay ;
+--------+---------------------+---------------------+--------------+-------------+--------------+------------+------------+
; -1.104 ; random:random1|Q[1] ; random:random1|Q[3] ; Clockv       ; Clockv      ; 1.000        ; -0.081     ; 2.021      ;
; -1.103 ; Presetv             ; random:random1|Q[3] ; Presetv      ; Clockv      ; 0.500        ; 2.987      ; 4.568      ;
; -1.001 ; Presetv             ; random:random1|Q[0] ; Presetv      ; Clockv      ; 0.500        ; 2.987      ; 4.466      ;
; -0.985 ; random:random1|Q[1] ; random:random1|Q[0] ; Clockv       ; Clockv      ; 1.000        ; -0.081     ; 1.902      ;
; -0.958 ; random:random1|Q[0] ; random:random1|Q[3] ; Clockv       ; Clockv      ; 1.000        ; -0.081     ; 1.875      ;
; -0.928 ; random:random1|Q[2] ; random:random1|Q[1] ; Clockv       ; Clockv      ; 1.000        ; -0.081     ; 1.845      ;
; -0.865 ; Presetv             ; random:random1|Q[1] ; Presetv      ; Clockv      ; 0.500        ; 2.987      ; 4.330      ;
; -0.802 ; random:random1|Q[3] ; random:random1|Q[2] ; Clockv       ; Clockv      ; 1.000        ; -0.081     ; 1.719      ;
; -0.790 ; Presetv             ; random:random1|Q[2] ; Presetv      ; Clockv      ; 0.500        ; 2.987      ; 4.255      ;
; -0.413 ; Presetv             ; random:random1|Q[3] ; Presetv      ; Clockv      ; 1.000        ; 2.987      ; 4.378      ;
; -0.307 ; Presetv             ; random:random1|Q[0] ; Presetv      ; Clockv      ; 1.000        ; 2.987      ; 4.272      ;
; -0.110 ; Presetv             ; random:random1|Q[1] ; Presetv      ; Clockv      ; 1.000        ; 2.987      ; 4.075      ;
; -0.080 ; Presetv             ; random:random1|Q[2] ; Presetv      ; Clockv      ; 1.000        ; 2.987      ; 4.045      ;
+--------+---------------------+---------------------+--------------+-------------+--------------+------------+------------+


+-------------------------------------------------------------------------------------------------------------------------+
; Slow 1200mV 85C Model Hold: 'Clockv'                                                                                    ;
+-------+---------------------+---------------------+--------------+-------------+--------------+------------+------------+
; Slack ; From Node           ; To Node             ; Launch Clock ; Latch Clock ; Relationship ; Clock Skew ; Data Delay ;
+-------+---------------------+---------------------+--------------+-------------+--------------+------------+------------+
; 0.546 ; Presetv             ; random:random1|Q[1] ; Presetv      ; Clockv      ; 0.000        ; 3.100      ; 3.872      ;
; 0.587 ; Presetv             ; random:random1|Q[2] ; Presetv      ; Clockv      ; 0.000        ; 3.100      ; 3.913      ;
; 0.734 ; Presetv             ; random:random1|Q[0] ; Presetv      ; Clockv      ; 0.000        ; 3.100      ; 4.060      ;
; 0.744 ; Presetv             ; random:random1|Q[3] ; Presetv      ; Clockv      ; 0.000        ; 3.100      ; 4.070      ;
; 1.292 ; Presetv             ; random:random1|Q[2] ; Presetv      ; Clockv      ; -0.500       ; 3.100      ; 4.118      ;
; 1.294 ; Presetv             ; random:random1|Q[1] ; Presetv      ; Clockv      ; -0.500       ; 3.100      ; 4.120      ;
; 1.335 ; random:random1|Q[0] ; random:random1|Q[3] ; Clockv       ; Clockv      ; 0.000        ; 0.081      ; 1.602      ;
; 1.369 ; random:random1|Q[3] ; random:random1|Q[2] ; Clockv       ; Clockv      ; 0.000        ; 0.081      ; 1.636      ;
; 1.375 ; Presetv             ; random:random1|Q[3] ; Presetv      ; Clockv      ; -0.500       ; 3.100      ; 4.201      ;
; 1.425 ; Presetv             ; random:random1|Q[0] ; Presetv      ; Clockv      ; -0.500       ; 3.100      ; 4.251      ;
; 1.455 ; random:random1|Q[1] ; random:random1|Q[3] ; Clockv       ; Clockv      ; 0.000        ; 0.081      ; 1.722      ;
; 1.456 ; random:random1|Q[2] ; random:random1|Q[1] ; Clockv       ; Clockv      ; 0.000        ; 0.081      ; 1.723      ;
; 1.496 ; random:random1|Q[1] ; random:random1|Q[0] ; Clockv       ; Clockv      ; 0.000        ; 0.081      ; 1.763      ;
+-------+---------------------+---------------------+--------------+-------------+--------------+------------+------------+


+---------------------------------------------------------------------------------------------------------------------------+
; Slow 1200mV 85C Model Hold: 'Presetv'                                                                                     ;
+-------+----------------------+----------------------+--------------+-------------+--------------+------------+------------+
; Slack ; From Node            ; To Node              ; Launch Clock ; Latch Clock ; Relationship ; Clock Skew ; Data Delay ;
+-------+----------------------+----------------------+--------------+-------------+--------------+------------+------------+
; 0.554 ; random:random1|Q[0]  ; random:random1|p[1]  ; Clockv       ; Presetv     ; 0.000        ; 0.397      ; 0.991      ;
; 0.569 ; random2:random2|Q[1] ; random2:random2|p[2] ; Clockv2      ; Presetv     ; 0.000        ; 0.382      ; 0.991      ;
; 0.587 ; random2:random2|Q[1] ; random2:random2|p[1] ; Clockv2      ; Presetv     ; 0.000        ; 0.356      ; 0.983      ;
; 0.592 ; random2:random2|Q[1] ; random2:random2|p[3] ; Clockv2      ; Presetv     ; 0.000        ; 0.355      ; 0.987      ;
; 0.615 ; random:random1|Q[0]  ; random:random1|p[2]  ; Clockv       ; Presetv     ; 0.000        ; 0.336      ; 0.991      ;
; 0.669 ; random:random1|Q[1]  ; random:random1|p[1]  ; Clockv       ; Presetv     ; 0.000        ; 0.397      ; 1.106      ;
; 0.691 ; random:random1|Q[0]  ; random:random1|p[3]  ; Clockv       ; Presetv     ; 0.000        ; 0.263      ; 0.994      ;
; 0.702 ; random2:random2|Q[2] ; random2:random2|p[0] ; Clockv2      ; Presetv     ; 0.000        ; 0.356      ; 1.098      ;
; 0.708 ; random2:random2|Q[2] ; random2:random2|p[2] ; Clockv2      ; Presetv     ; 0.000        ; 0.382      ; 1.130      ;
; 0.719 ; random2:random2|Q[3] ; random2:random2|p[1] ; Clockv2      ; Presetv     ; 0.000        ; 0.356      ; 1.115      ;
; 0.720 ; random2:random2|Q[3] ; random2:random2|p[3] ; Clockv2      ; Presetv     ; 0.000        ; 0.355      ; 1.115      ;
; 0.734 ; random2:random2|Q[3] ; random2:random2|p[0] ; Clockv2      ; Presetv     ; 0.000        ; 0.356      ; 1.130      ;
; 0.748 ; random:random1|Q[2]  ; random:random1|p[2]  ; Clockv       ; Presetv     ; 0.000        ; 0.336      ; 1.124      ;
; 0.788 ; random2:random2|Q[0] ; random2:random2|p[2] ; Clockv2      ; Presetv     ; 0.000        ; 0.382      ; 1.210      ;
; 0.804 ; random:random1|Q[3]  ; random:random1|p[1]  ; Clockv       ; Presetv     ; 0.000        ; 0.397      ; 1.241      ;
; 0.805 ; random2:random2|Q[3] ; random2:random2|p[2] ; Clockv2      ; Presetv     ; 0.000        ; 0.382      ; 1.227      ;
; 0.809 ; random:random1|Q[1]  ; random:random1|p[3]  ; Clockv       ; Presetv     ; 0.000        ; 0.263      ; 1.112      ;
; 0.809 ; random2:random2|Q[0] ; random2:random2|p[0] ; Clockv2      ; Presetv     ; 0.000        ; 0.356      ; 1.205      ;
; 0.812 ; random2:random2|Q[0] ; random2:random2|p[1] ; Clockv2      ; Presetv     ; 0.000        ; 0.356      ; 1.208      ;
; 0.813 ; random2:random2|Q[2] ; random2:random2|p[1] ; Clockv2      ; Presetv     ; 0.000        ; 0.356      ; 1.209      ;
; 0.815 ; random2:random2|Q[1] ; random2:random2|p[0] ; Clockv2      ; Presetv     ; 0.000        ; 0.356      ; 1.211      ;
; 0.821 ; random2:random2|Q[0] ; random2:random2|p[3] ; Clockv2      ; Presetv     ; 0.000        ; 0.355      ; 1.216      ;
; 0.831 ; random:random1|Q[1]  ; random:random1|p[0]  ; Clockv       ; Presetv     ; 0.000        ; 0.261      ; 1.132      ;
; 0.833 ; random2:random2|Q[2] ; random2:random2|p[3] ; Clockv2      ; Presetv     ; 0.000        ; 0.355      ; 1.228      ;
; 0.843 ; random:random1|Q[1]  ; random:random1|p[2]  ; Clockv       ; Presetv     ; 0.000        ; 0.336      ; 1.219      ;
; 0.849 ; random:random1|Q[2]  ; random:random1|p[0]  ; Clockv       ; Presetv     ; 0.000        ; 0.261      ; 1.150      ;
; 0.935 ; random:random1|Q[3]  ; random:random1|p[0]  ; Clockv       ; Presetv     ; 0.000        ; 0.261      ; 1.236      ;
; 0.939 ; random:random1|Q[3]  ; random:random1|p[3]  ; Clockv       ; Presetv     ; 0.000        ; 0.263      ; 1.242      ;
; 0.940 ; random:random1|Q[2]  ; random:random1|p[1]  ; Clockv       ; Presetv     ; 0.000        ; 0.397      ; 1.377      ;
; 0.985 ; random:random1|Q[3]  ; random:random1|p[2]  ; Clockv       ; Presetv     ; 0.000        ; 0.336      ; 1.361      ;
; 1.057 ; random:random1|Q[0]  ; random:random1|p[0]  ; Clockv       ; Presetv     ; 0.000        ; 0.261      ; 1.358      ;
; 1.090 ; random:random1|Q[2]  ; random:random1|p[3]  ; Clockv       ; Presetv     ; 0.000        ; 0.263      ; 1.393      ;
+-------+----------------------+----------------------+--------------+-------------+--------------+------------+------------+


+---------------------------------------------------------------------------------------------------------------------------+
; Slow 1200mV 85C Model Hold: 'Clockv2'                                                                                     ;
+-------+----------------------+----------------------+--------------+-------------+--------------+------------+------------+
; Slack ; From Node            ; To Node              ; Launch Clock ; Latch Clock ; Relationship ; Clock Skew ; Data Delay ;
+-------+----------------------+----------------------+--------------+-------------+--------------+------------+------------+
; 0.631 ; Presetv              ; random2:random2|Q[3] ; Presetv      ; Clockv2     ; 0.000        ; 3.096      ; 3.953      ;
; 0.639 ; Presetv              ; random2:random2|Q[2] ; Presetv      ; Clockv2     ; 0.000        ; 3.096      ; 3.961      ;
; 0.690 ; Presetv              ; random2:random2|Q[0] ; Presetv      ; Clockv2     ; 0.000        ; 3.096      ; 4.012      ;
; 0.802 ; Presetv              ; random2:random2|Q[1] ; Presetv      ; Clockv2     ; 0.000        ; 3.096      ; 4.124      ;
; 1.298 ; random2:random2|Q[0] ; random2:random2|Q[3] ; Clockv2      ; Clockv2     ; 0.000        ; 0.081      ; 1.565      ;
; 1.342 ; random2:random2|Q[1] ; random2:random2|Q[0] ; Clockv2      ; Clockv2     ; 0.000        ; 0.081      ; 1.609      ;
; 1.365 ; Presetv              ; random2:random2|Q[0] ; Presetv      ; Clockv2     ; -0.500       ; 3.096      ; 4.187      ;
; 1.369 ; Presetv              ; random2:random2|Q[3] ; Presetv      ; Clockv2     ; -0.500       ; 3.096      ; 4.191      ;
; 1.379 ; Presetv              ; random2:random2|Q[2] ; Presetv      ; Clockv2     ; -0.500       ; 3.096      ; 4.201      ;
; 1.468 ; Presetv              ; random2:random2|Q[1] ; Presetv      ; Clockv2     ; -0.500       ; 3.096      ; 4.290      ;
; 1.483 ; random2:random2|Q[3] ; random2:random2|Q[2] ; Clockv2      ; Clockv2     ; 0.000        ; 0.081      ; 1.750      ;
; 1.551 ; random2:random2|Q[1] ; random2:random2|Q[3] ; Clockv2      ; Clockv2     ; 0.000        ; 0.081      ; 1.818      ;
; 1.664 ; random2:random2|Q[2] ; random2:random2|Q[1] ; Clockv2      ; Clockv2     ; 0.000        ; 0.081      ; 1.931      ;
+-------+----------------------+----------------------+--------------+-------------+--------------+------------+------------+


+----------------------------------------------------------------------------------------------------------------+
; Slow 1200mV 85C Model Minimum Pulse Width: 'Clockv'                                                            ;
+--------+--------------+----------------+------------------+--------+------------+------------------------------+
; Slack  ; Actual Width ; Required Width ; Type             ; Clock  ; Clock Edge ; Target                       ;
+--------+--------------+----------------+------------------+--------+------------+------------------------------+
; -3.000 ; 1.000        ; 4.000          ; Port Rate        ; Clockv ; Rise       ; Clockv                       ;
; -1.285 ; 1.000        ; 2.285          ; Min Period       ; Clockv ; Rise       ; random:random1|Q[0]          ;
; -1.285 ; 1.000        ; 2.285          ; Min Period       ; Clockv ; Rise       ; random:random1|Q[1]          ;
; -1.285 ; 1.000        ; 2.285          ; Min Period       ; Clockv ; Rise       ; random:random1|Q[2]          ;
; -1.285 ; 1.000        ; 2.285          ; Min Period       ; Clockv ; Rise       ; random:random1|Q[3]          ;
; 0.259  ; 0.447        ; 0.188          ; Low Pulse Width  ; Clockv ; Rise       ; random:random1|Q[0]          ;
; 0.259  ; 0.447        ; 0.188          ; Low Pulse Width  ; Clockv ; Rise       ; random:random1|Q[1]          ;
; 0.259  ; 0.447        ; 0.188          ; Low Pulse Width  ; Clockv ; Rise       ; random:random1|Q[2]          ;
; 0.259  ; 0.447        ; 0.188          ; Low Pulse Width  ; Clockv ; Rise       ; random:random1|Q[3]          ;
; 0.331  ; 0.551        ; 0.220          ; High Pulse Width ; Clockv ; Rise       ; random:random1|Q[0]          ;
; 0.331  ; 0.551        ; 0.220          ; High Pulse Width ; Clockv ; Rise       ; random:random1|Q[1]          ;
; 0.331  ; 0.551        ; 0.220          ; High Pulse Width ; Clockv ; Rise       ; random:random1|Q[2]          ;
; 0.331  ; 0.551        ; 0.220          ; High Pulse Width ; Clockv ; Rise       ; random:random1|Q[3]          ;
; 0.394  ; 0.394        ; 0.000          ; Low Pulse Width  ; Clockv ; Rise       ; Clockv~input|o               ;
; 0.408  ; 0.408        ; 0.000          ; Low Pulse Width  ; Clockv ; Rise       ; Clockv~inputclkctrl|inclk[0] ;
; 0.408  ; 0.408        ; 0.000          ; Low Pulse Width  ; Clockv ; Rise       ; Clockv~inputclkctrl|outclk   ;
; 0.412  ; 0.412        ; 0.000          ; Low Pulse Width  ; Clockv ; Rise       ; random1|Q[0]|clk             ;
; 0.412  ; 0.412        ; 0.000          ; Low Pulse Width  ; Clockv ; Rise       ; random1|Q[1]|clk             ;
; 0.412  ; 0.412        ; 0.000          ; Low Pulse Width  ; Clockv ; Rise       ; random1|Q[2]|clk             ;
; 0.412  ; 0.412        ; 0.000          ; Low Pulse Width  ; Clockv ; Rise       ; random1|Q[3]|clk             ;
; 0.500  ; 0.500        ; 0.000          ; High Pulse Width ; Clockv ; Rise       ; Clockv~input|i               ;
; 0.500  ; 0.500        ; 0.000          ; Low Pulse Width  ; Clockv ; Rise       ; Clockv~input|i               ;
; 0.587  ; 0.587        ; 0.000          ; High Pulse Width ; Clockv ; Rise       ; random1|Q[0]|clk             ;
; 0.587  ; 0.587        ; 0.000          ; High Pulse Width ; Clockv ; Rise       ; random1|Q[1]|clk             ;
; 0.587  ; 0.587        ; 0.000          ; High Pulse Width ; Clockv ; Rise       ; random1|Q[2]|clk             ;
; 0.587  ; 0.587        ; 0.000          ; High Pulse Width ; Clockv ; Rise       ; random1|Q[3]|clk             ;
; 0.592  ; 0.592        ; 0.000          ; High Pulse Width ; Clockv ; Rise       ; Clockv~inputclkctrl|inclk[0] ;
; 0.592  ; 0.592        ; 0.000          ; High Pulse Width ; Clockv ; Rise       ; Clockv~inputclkctrl|outclk   ;
; 0.606  ; 0.606        ; 0.000          ; High Pulse Width ; Clockv ; Rise       ; Clockv~input|o               ;
+--------+--------------+----------------+------------------+--------+------------+------------------------------+


+------------------------------------------------------------------------------------------------------------------+
; Slow 1200mV 85C Model Minimum Pulse Width: 'Clockv2'                                                             ;
+--------+--------------+----------------+------------------+---------+------------+-------------------------------+
; Slack  ; Actual Width ; Required Width ; Type             ; Clock   ; Clock Edge ; Target                        ;
+--------+--------------+----------------+------------------+---------+------------+-------------------------------+
; -3.000 ; 1.000        ; 4.000          ; Port Rate        ; Clockv2 ; Rise       ; Clockv2                       ;
; -1.285 ; 1.000        ; 2.285          ; Min Period       ; Clockv2 ; Rise       ; random2:random2|Q[0]          ;
; -1.285 ; 1.000        ; 2.285          ; Min Period       ; Clockv2 ; Rise       ; random2:random2|Q[1]          ;
; -1.285 ; 1.000        ; 2.285          ; Min Period       ; Clockv2 ; Rise       ; random2:random2|Q[2]          ;
; -1.285 ; 1.000        ; 2.285          ; Min Period       ; Clockv2 ; Rise       ; random2:random2|Q[3]          ;
; 0.258  ; 0.446        ; 0.188          ; Low Pulse Width  ; Clockv2 ; Rise       ; random2:random2|Q[0]          ;
; 0.258  ; 0.446        ; 0.188          ; Low Pulse Width  ; Clockv2 ; Rise       ; random2:random2|Q[1]          ;
; 0.258  ; 0.446        ; 0.188          ; Low Pulse Width  ; Clockv2 ; Rise       ; random2:random2|Q[2]          ;
; 0.258  ; 0.446        ; 0.188          ; Low Pulse Width  ; Clockv2 ; Rise       ; random2:random2|Q[3]          ;
; 0.332  ; 0.552        ; 0.220          ; High Pulse Width ; Clockv2 ; Rise       ; random2:random2|Q[0]          ;
; 0.332  ; 0.552        ; 0.220          ; High Pulse Width ; Clockv2 ; Rise       ; random2:random2|Q[1]          ;
; 0.332  ; 0.552        ; 0.220          ; High Pulse Width ; Clockv2 ; Rise       ; random2:random2|Q[2]          ;
; 0.332  ; 0.552        ; 0.220          ; High Pulse Width ; Clockv2 ; Rise       ; random2:random2|Q[3]          ;
; 0.394  ; 0.394        ; 0.000          ; Low Pulse Width  ; Clockv2 ; Rise       ; Clockv2~input|o               ;
; 0.408  ; 0.408        ; 0.000          ; Low Pulse Width  ; Clockv2 ; Rise       ; Clockv2~inputclkctrl|inclk[0] ;
; 0.408  ; 0.408        ; 0.000          ; Low Pulse Width  ; Clockv2 ; Rise       ; Clockv2~inputclkctrl|outclk   ;
; 0.411  ; 0.411        ; 0.000          ; Low Pulse Width  ; Clockv2 ; Rise       ; random2|Q[0]|clk              ;
; 0.411  ; 0.411        ; 0.000          ; Low Pulse Width  ; Clockv2 ; Rise       ; random2|Q[1]|clk              ;
; 0.411  ; 0.411        ; 0.000          ; Low Pulse Width  ; Clockv2 ; Rise       ; random2|Q[2]|clk              ;
; 0.411  ; 0.411        ; 0.000          ; Low Pulse Width  ; Clockv2 ; Rise       ; random2|Q[3]|clk              ;
; 0.500  ; 0.500        ; 0.000          ; High Pulse Width ; Clockv2 ; Rise       ; Clockv2~input|i               ;
; 0.500  ; 0.500        ; 0.000          ; Low Pulse Width  ; Clockv2 ; Rise       ; Clockv2~input|i               ;
; 0.588  ; 0.588        ; 0.000          ; High Pulse Width ; Clockv2 ; Rise       ; random2|Q[0]|clk              ;
; 0.588  ; 0.588        ; 0.000          ; High Pulse Width ; Clockv2 ; Rise       ; random2|Q[1]|clk              ;
; 0.588  ; 0.588        ; 0.000          ; High Pulse Width ; Clockv2 ; Rise       ; random2|Q[2]|clk              ;
; 0.588  ; 0.588        ; 0.000          ; High Pulse Width ; Clockv2 ; Rise       ; random2|Q[3]|clk              ;
; 0.592  ; 0.592        ; 0.000          ; High Pulse Width ; Clockv2 ; Rise       ; Clockv2~inputclkctrl|inclk[0] ;
; 0.592  ; 0.592        ; 0.000          ; High Pulse Width ; Clockv2 ; Rise       ; Clockv2~inputclkctrl|outclk   ;
; 0.606  ; 0.606        ; 0.000          ; High Pulse Width ; Clockv2 ; Rise       ; Clockv2~input|o               ;
+--------+--------------+----------------+------------------+---------+------------+-------------------------------+


+------------------------------------------------------------------------------------------------------------------+
; Slow 1200mV 85C Model Minimum Pulse Width: 'Presetv'                                                             ;
+--------+--------------+----------------+------------------+---------+------------+-------------------------------+
; Slack  ; Actual Width ; Required Width ; Type             ; Clock   ; Clock Edge ; Target                        ;
+--------+--------------+----------------+------------------+---------+------------+-------------------------------+
; -3.000 ; 1.000        ; 4.000          ; Port Rate        ; Presetv ; Rise       ; Presetv                       ;
; 0.389  ; 0.389        ; 0.000          ; Low Pulse Width  ; Presetv ; Rise       ; random2|p[0]|dataa            ;
; 0.389  ; 0.389        ; 0.000          ; Low Pulse Width  ; Presetv ; Rise       ; random2|p[1]|dataa            ;
; 0.390  ; 0.390        ; 0.000          ; Low Pulse Width  ; Presetv ; Rise       ; random2|p[3]|dataa            ;
; 0.394  ; 0.394        ; 0.000          ; Low Pulse Width  ; Presetv ; Rise       ; Presetv~input|o               ;
; 0.394  ; 0.394        ; 0.000          ; Low Pulse Width  ; Presetv ; Rise       ; random2:random2|p[0]          ;
; 0.394  ; 0.394        ; 0.000          ; Low Pulse Width  ; Presetv ; Rise       ; random2:random2|p[1]          ;
; 0.394  ; 0.394        ; 0.000          ; Low Pulse Width  ; Presetv ; Rise       ; random2:random2|p[3]          ;
; 0.399  ; 0.399        ; 0.000          ; Low Pulse Width  ; Presetv ; Rise       ; random1|p[2]|dataa            ;
; 0.402  ; 0.402        ; 0.000          ; Low Pulse Width  ; Presetv ; Rise       ; random:random1|p[2]           ;
; 0.408  ; 0.408        ; 0.000          ; Low Pulse Width  ; Presetv ; Rise       ; Presetv~inputclkctrl|inclk[0] ;
; 0.408  ; 0.408        ; 0.000          ; Low Pulse Width  ; Presetv ; Rise       ; Presetv~inputclkctrl|outclk   ;
; 0.408  ; 0.408        ; 0.000          ; Low Pulse Width  ; Presetv ; Rise       ; random1|p[0]|datac            ;
; 0.408  ; 0.408        ; 0.000          ; Low Pulse Width  ; Presetv ; Rise       ; random1|p[3]|datac            ;
; 0.414  ; 0.414        ; 0.000          ; Low Pulse Width  ; Presetv ; Rise       ; random1|p[1]|datab            ;
; 0.418  ; 0.418        ; 0.000          ; Low Pulse Width  ; Presetv ; Rise       ; random:random1|p[0]           ;
; 0.418  ; 0.418        ; 0.000          ; Low Pulse Width  ; Presetv ; Rise       ; random:random1|p[3]           ;
; 0.419  ; 0.419        ; 0.000          ; Low Pulse Width  ; Presetv ; Rise       ; random2|p[2]|datab            ;
; 0.425  ; 0.425        ; 0.000          ; Low Pulse Width  ; Presetv ; Rise       ; random:random1|p[1]           ;
; 0.430  ; 0.430        ; 0.000          ; Low Pulse Width  ; Presetv ; Rise       ; random2:random2|p[2]          ;
; 0.500  ; 0.500        ; 0.000          ; High Pulse Width ; Presetv ; Rise       ; Presetv~input|i               ;
; 0.500  ; 0.500        ; 0.000          ; Low Pulse Width  ; Presetv ; Rise       ; Presetv~input|i               ;
; 0.567  ; 0.567        ; 0.000          ; High Pulse Width ; Presetv ; Rise       ; random2:random2|p[2]          ;
; 0.572  ; 0.572        ; 0.000          ; High Pulse Width ; Presetv ; Rise       ; random:random1|p[1]           ;
; 0.581  ; 0.581        ; 0.000          ; High Pulse Width ; Presetv ; Rise       ; random2|p[2]|datab            ;
; 0.582  ; 0.582        ; 0.000          ; High Pulse Width ; Presetv ; Rise       ; random:random1|p[0]           ;
; 0.582  ; 0.582        ; 0.000          ; High Pulse Width ; Presetv ; Rise       ; random:random1|p[3]           ;
; 0.586  ; 0.586        ; 0.000          ; High Pulse Width ; Presetv ; Rise       ; random1|p[1]|datab            ;
; 0.591  ; 0.591        ; 0.000          ; High Pulse Width ; Presetv ; Rise       ; random:random1|p[2]           ;
; 0.592  ; 0.592        ; 0.000          ; High Pulse Width ; Presetv ; Rise       ; Presetv~inputclkctrl|inclk[0] ;
; 0.592  ; 0.592        ; 0.000          ; High Pulse Width ; Presetv ; Rise       ; Presetv~inputclkctrl|outclk   ;
; 0.592  ; 0.592        ; 0.000          ; High Pulse Width ; Presetv ; Rise       ; random1|p[0]|datac            ;
; 0.592  ; 0.592        ; 0.000          ; High Pulse Width ; Presetv ; Rise       ; random1|p[3]|datac            ;
; 0.600  ; 0.600        ; 0.000          ; High Pulse Width ; Presetv ; Rise       ; random2:random2|p[3]          ;
; 0.601  ; 0.601        ; 0.000          ; High Pulse Width ; Presetv ; Rise       ; random1|p[2]|dataa            ;
; 0.601  ; 0.601        ; 0.000          ; High Pulse Width ; Presetv ; Rise       ; random2:random2|p[0]          ;
; 0.601  ; 0.601        ; 0.000          ; High Pulse Width ; Presetv ; Rise       ; random2:random2|p[1]          ;
; 0.606  ; 0.606        ; 0.000          ; High Pulse Width ; Presetv ; Rise       ; Presetv~input|o               ;
; 0.609  ; 0.609        ; 0.000          ; High Pulse Width ; Presetv ; Rise       ; random2|p[0]|dataa            ;
; 0.609  ; 0.609        ; 0.000          ; High Pulse Width ; Presetv ; Rise       ; random2|p[1]|dataa            ;
; 0.609  ; 0.609        ; 0.000          ; High Pulse Width ; Presetv ; Rise       ; random2|p[3]|dataa            ;
+--------+--------------+----------------+------------------+---------+------------+-------------------------------+


+-----------------------------------------------------------------------+
; Setup Times                                                           ;
+-----------+------------+-------+-------+------------+-----------------+
; Data Port ; Clock Port ; Rise  ; Fall  ; Clock Edge ; Clock Reference ;
+-----------+------------+-------+-------+------------+-----------------+
; Presetv   ; Clockv     ; 1.373 ; 1.563 ; Rise       ; Clockv          ;
; Presetv   ; Clockv2    ; 1.340 ; 1.526 ; Rise       ; Clockv2         ;
+-----------+------------+-------+-------+------------+-----------------+


+-------------------------------------------------------------------------+
; Hold Times                                                              ;
+-----------+------------+--------+--------+------------+-----------------+
; Data Port ; Clock Port ; Rise   ; Fall   ; Clock Edge ; Clock Reference ;
+-----------+------------+--------+--------+------------+-----------------+
; Presetv   ; Clockv     ; -0.586 ; -0.832 ; Rise       ; Clockv          ;
; Presetv   ; Clockv2    ; -0.671 ; -0.905 ; Rise       ; Clockv2         ;
+-----------+------------+--------+--------+------------+-----------------+


+-----------------------------------------------------------------------+
; Clock to Output Times                                                 ;
+-----------+------------+-------+-------+------------+-----------------+
; Data Port ; Clock Port ; Rise  ; Fall  ; Clock Edge ; Clock Reference ;
+-----------+------------+-------+-------+------------+-----------------+
; pv[*]     ; Presetv    ; 7.095 ; 7.054 ; Rise       ; Presetv         ;
;  pv[0]    ; Presetv    ; 7.089 ; 6.998 ; Rise       ; Presetv         ;
;  pv[1]    ; Presetv    ; 7.095 ; 7.054 ; Rise       ; Presetv         ;
;  pv[2]    ; Presetv    ; 6.882 ; 6.832 ; Rise       ; Presetv         ;
;  pv[3]    ; Presetv    ; 6.901 ; 6.867 ; Rise       ; Presetv         ;
; pv2[*]    ; Presetv    ; 8.181 ; 8.245 ; Rise       ; Presetv         ;
;  pv2[0]   ; Presetv    ; 8.181 ; 8.245 ; Rise       ; Presetv         ;
;  pv2[1]   ; Presetv    ; 7.431 ; 7.354 ; Rise       ; Presetv         ;
;  pv2[2]   ; Presetv    ; 7.144 ; 7.074 ; Rise       ; Presetv         ;
;  pv2[3]   ; Presetv    ; 6.978 ; 6.946 ; Rise       ; Presetv         ;
; segv[*]   ; Presetv    ; 8.044 ; 8.074 ; Rise       ; Presetv         ;
;  segv[0]  ; Presetv    ; 7.908 ; 7.968 ; Rise       ; Presetv         ;
;  segv[1]  ; Presetv    ; 8.001 ; 8.044 ; Rise       ; Presetv         ;
;  segv[2]  ; Presetv    ; 8.044 ; 7.973 ; Rise       ; Presetv         ;
;  segv[3]  ; Presetv    ; 8.029 ; 8.057 ; Rise       ; Presetv         ;
;  segv[4]  ; Presetv    ; 7.857 ; 7.813 ; Rise       ; Presetv         ;
;  segv[5]  ; Presetv    ; 7.799 ; 7.770 ; Rise       ; Presetv         ;
;  segv[6]  ; Presetv    ; 8.028 ; 8.074 ; Rise       ; Presetv         ;
; segv2[*]  ; Presetv    ; 8.498 ; 8.424 ; Rise       ; Presetv         ;
;  segv2[0] ; Presetv    ; 7.692 ; 7.722 ; Rise       ; Presetv         ;
;  segv2[1] ; Presetv    ; 8.035 ; 8.069 ; Rise       ; Presetv         ;
;  segv2[2] ; Presetv    ; 8.003 ; 7.996 ; Rise       ; Presetv         ;
;  segv2[3] ; Presetv    ; 7.601 ; 7.631 ; Rise       ; Presetv         ;
;  segv2[4] ; Presetv    ; 8.302 ; 8.251 ; Rise       ; Presetv         ;
;  segv2[5] ; Presetv    ; 8.498 ; 8.424 ; Rise       ; Presetv         ;
;  segv2[6] ; Presetv    ; 8.274 ; 8.321 ; Rise       ; Presetv         ;
+-----------+------------+-------+-------+------------+-----------------+


+-----------------------------------------------------------------------+
; Minimum Clock to Output Times                                         ;
+-----------+------------+-------+-------+------------+-----------------+
; Data Port ; Clock Port ; Rise  ; Fall  ; Clock Edge ; Clock Reference ;
+-----------+------------+-------+-------+------------+-----------------+
; pv[*]     ; Presetv    ; 6.653 ; 6.604 ; Rise       ; Presetv         ;
;  pv[0]    ; Presetv    ; 6.857 ; 6.769 ; Rise       ; Presetv         ;
;  pv[1]    ; Presetv    ; 6.864 ; 6.824 ; Rise       ; Presetv         ;
;  pv[2]    ; Presetv    ; 6.653 ; 6.604 ; Rise       ; Presetv         ;
;  pv[3]    ; Presetv    ; 6.682 ; 6.648 ; Rise       ; Presetv         ;
; pv2[*]    ; Presetv    ; 6.748 ; 6.716 ; Rise       ; Presetv         ;
;  pv2[0]   ; Presetv    ; 7.951 ; 8.015 ; Rise       ; Presetv         ;
;  pv2[1]   ; Presetv    ; 7.182 ; 7.107 ; Rise       ; Presetv         ;
;  pv2[2]   ; Presetv    ; 6.912 ; 6.843 ; Rise       ; Presetv         ;
;  pv2[3]   ; Presetv    ; 6.748 ; 6.716 ; Rise       ; Presetv         ;
; segv[*]   ; Presetv    ; 7.161 ; 7.118 ; Rise       ; Presetv         ;
;  segv[0]  ; Presetv    ; 7.254 ; 7.309 ; Rise       ; Presetv         ;
;  segv[1]  ; Presetv    ; 7.181 ; 7.239 ; Rise       ; Presetv         ;
;  segv[2]  ; Presetv    ; 7.377 ; 7.334 ; Rise       ; Presetv         ;
;  segv[3]  ; Presetv    ; 7.186 ; 7.242 ; Rise       ; Presetv         ;
;  segv[4]  ; Presetv    ; 7.171 ; 7.118 ; Rise       ; Presetv         ;
;  segv[5]  ; Presetv    ; 7.172 ; 7.121 ; Rise       ; Presetv         ;
;  segv[6]  ; Presetv    ; 7.161 ; 7.213 ; Rise       ; Presetv         ;
; segv2[*]  ; Presetv    ; 6.796 ; 6.847 ; Rise       ; Presetv         ;
;  segv2[0] ; Presetv    ; 6.892 ; 6.938 ; Rise       ; Presetv         ;
;  segv2[1] ; Presetv    ; 7.217 ; 7.272 ; Rise       ; Presetv         ;
;  segv2[2] ; Presetv    ; 7.241 ; 7.190 ; Rise       ; Presetv         ;
;  segv2[3] ; Presetv    ; 6.796 ; 6.847 ; Rise       ; Presetv         ;
;  segv2[4] ; Presetv    ; 7.402 ; 7.369 ; Rise       ; Presetv         ;
;  segv2[5] ; Presetv    ; 7.576 ; 7.515 ; Rise       ; Presetv         ;
;  segv2[6] ; Presetv    ; 7.385 ; 7.417 ; Rise       ; Presetv         ;
+-----------+------------+-------+-------+------------+-----------------+


-----------------------------------------------
; Slow 1200mV 85C Model Metastability Summary ;
-----------------------------------------------
No synchronizer chains to report.


+-----------------------------------------------------------------------------------------------------------+
; Slow 1200mV 0C Model Fmax Summary                                                                         ;
+------------+-----------------+------------+---------------------------------------------------------------+
; Fmax       ; Restricted Fmax ; Clock Name ; Note                                                          ;
+------------+-----------------+------------+---------------------------------------------------------------+
; 513.87 MHz ; 250.0 MHz       ; Clockv2    ; limit due to minimum period restriction (max I/O toggle rate) ;
; 519.21 MHz ; 250.0 MHz       ; Clockv     ; limit due to minimum period restriction (max I/O toggle rate) ;
+------------+-----------------+------------+---------------------------------------------------------------+
This panel reports FMAX for every clock in the design, regardless of the user-specified clock periods.  FMAX is only computed for paths where the source and destination registers or ports are driven by the same clock.  Paths of different clocks, including generated clocks, are ignored.  For paths between a clock and its inversion, FMAX is computed as if the rising and falling edges are scaled along with FMAX, such that the duty cycle (in terms of a percentage) is maintained. Altera recommends that you always use clock constraints and other slack reports for sign-off analysis.


+------------------------------------+
; Slow 1200mV 0C Model Setup Summary ;
+---------+--------+-----------------+
; Clock   ; Slack  ; End Point TNS   ;
+---------+--------+-----------------+
; Presetv ; -1.699 ; -11.347         ;
; Clockv  ; -1.046 ; -3.743          ;
; Clockv2 ; -1.010 ; -3.790          ;
+---------+--------+-----------------+


+-----------------------------------+
; Slow 1200mV 0C Model Hold Summary ;
+---------+-------+-----------------+
; Clock   ; Slack ; End Point TNS   ;
+---------+-------+-----------------+
; Presetv ; 0.498 ; 0.000           ;
; Clockv  ; 0.515 ; 0.000           ;
; Clockv2 ; 0.595 ; 0.000           ;
+---------+-------+-----------------+


-----------------------------------------
; Slow 1200mV 0C Model Recovery Summary ;
-----------------------------------------
No paths to report.


----------------------------------------
; Slow 1200mV 0C Model Removal Summary ;
----------------------------------------
No paths to report.


+--------------------------------------------------+
; Slow 1200mV 0C Model Minimum Pulse Width Summary ;
+---------+--------+-------------------------------+
; Clock   ; Slack  ; End Point TNS                 ;
+---------+--------+-------------------------------+
; Clockv  ; -3.000 ; -8.140                        ;
; Clockv2 ; -3.000 ; -8.140                        ;
; Presetv ; -3.000 ; -3.000                        ;
+---------+--------+-------------------------------+


+----------------------------------------------------------------------------------------------------------------------------+
; Slow 1200mV 0C Model Setup: 'Presetv'                                                                                      ;
+--------+----------------------+----------------------+--------------+-------------+--------------+------------+------------+
; Slack  ; From Node            ; To Node              ; Launch Clock ; Latch Clock ; Relationship ; Clock Skew ; Data Delay ;
+--------+----------------------+----------------------+--------------+-------------+--------------+------------+------------+
; -1.699 ; random:random1|Q[3]  ; random:random1|p[2]  ; Clockv       ; Presetv     ; 1.000        ; 0.109      ; 1.378      ;
; -1.642 ; random:random1|Q[1]  ; random:random1|p[2]  ; Clockv       ; Presetv     ; 1.000        ; 0.109      ; 1.321      ;
; -1.450 ; random:random1|Q[2]  ; random:random1|p[1]  ; Clockv       ; Presetv     ; 1.000        ; 0.167      ; 1.412      ;
; -1.439 ; random:random1|Q[2]  ; random:random1|p[2]  ; Clockv       ; Presetv     ; 1.000        ; 0.109      ; 1.118      ;
; -1.430 ; random:random1|Q[2]  ; random:random1|p[3]  ; Clockv       ; Presetv     ; 1.000        ; 0.050      ; 1.402      ;
; -1.407 ; random2:random2|Q[2] ; random2:random2|p[3] ; Clockv2      ; Presetv     ; 1.000        ; 0.127      ; 1.312      ;
; -1.384 ; random2:random2|Q[0] ; random2:random2|p[2] ; Clockv2      ; Presetv     ; 1.000        ; 0.155      ; 1.318      ;
; -1.376 ; random2:random2|Q[0] ; random2:random2|p[1] ; Clockv2      ; Presetv     ; 1.000        ; 0.128      ; 1.312      ;
; -1.376 ; random2:random2|Q[1] ; random2:random2|p[0] ; Clockv2      ; Presetv     ; 1.000        ; 0.128      ; 1.282      ;
; -1.373 ; random2:random2|Q[0] ; random2:random2|p[3] ; Clockv2      ; Presetv     ; 1.000        ; 0.127      ; 1.278      ;
; -1.358 ; random2:random2|Q[2] ; random2:random2|p[1] ; Clockv2      ; Presetv     ; 1.000        ; 0.128      ; 1.294      ;
; -1.345 ; random:random1|Q[3]  ; random:random1|p[1]  ; Clockv       ; Presetv     ; 1.000        ; 0.167      ; 1.307      ;
; -1.345 ; random2:random2|Q[3] ; random2:random2|p[2] ; Clockv2      ; Presetv     ; 1.000        ; 0.155      ; 1.279      ;
; -1.344 ; random:random1|Q[0]  ; random:random1|p[2]  ; Clockv       ; Presetv     ; 1.000        ; 0.109      ; 1.023      ;
; -1.334 ; random2:random2|Q[0] ; random2:random2|p[0] ; Clockv2      ; Presetv     ; 1.000        ; 0.128      ; 1.240      ;
; -1.295 ; random:random1|Q[3]  ; random:random1|p[3]  ; Clockv       ; Presetv     ; 1.000        ; 0.050      ; 1.267      ;
; -1.232 ; random2:random2|Q[3] ; random2:random2|p[3] ; Clockv2      ; Presetv     ; 1.000        ; 0.127      ; 1.137      ;
; -1.225 ; random:random1|Q[0]  ; random:random1|p[0]  ; Clockv       ; Presetv     ; 1.000        ; 0.048      ; 1.329      ;
; -1.213 ; random2:random2|Q[2] ; random2:random2|p[0] ; Clockv2      ; Presetv     ; 1.000        ; 0.128      ; 1.119      ;
; -1.213 ; random2:random2|Q[3] ; random2:random2|p[0] ; Clockv2      ; Presetv     ; 1.000        ; 0.128      ; 1.119      ;
; -1.197 ; random2:random2|Q[3] ; random2:random2|p[1] ; Clockv2      ; Presetv     ; 1.000        ; 0.128      ; 1.133      ;
; -1.195 ; random2:random2|Q[2] ; random2:random2|p[2] ; Clockv2      ; Presetv     ; 1.000        ; 0.155      ; 1.129      ;
; -1.171 ; random:random1|Q[1]  ; random:random1|p[1]  ; Clockv       ; Presetv     ; 1.000        ; 0.167      ; 1.133      ;
; -1.162 ; random:random1|Q[1]  ; random:random1|p[3]  ; Clockv       ; Presetv     ; 1.000        ; 0.050      ; 1.134      ;
; -1.138 ; random:random1|Q[3]  ; random:random1|p[0]  ; Clockv       ; Presetv     ; 1.000        ; 0.048      ; 1.242      ;
; -1.122 ; random2:random2|Q[1] ; random2:random2|p[3] ; Clockv2      ; Presetv     ; 1.000        ; 0.127      ; 1.027      ;
; -1.097 ; random2:random2|Q[1] ; random2:random2|p[2] ; Clockv2      ; Presetv     ; 1.000        ; 0.155      ; 1.031      ;
; -1.086 ; random2:random2|Q[1] ; random2:random2|p[1] ; Clockv2      ; Presetv     ; 1.000        ; 0.128      ; 1.022      ;
; -1.061 ; random:random1|Q[0]  ; random:random1|p[1]  ; Clockv       ; Presetv     ; 1.000        ; 0.167      ; 1.023      ;
; -1.053 ; random:random1|Q[0]  ; random:random1|p[3]  ; Clockv       ; Presetv     ; 1.000        ; 0.050      ; 1.025      ;
; -1.045 ; random:random1|Q[2]  ; random:random1|p[0]  ; Clockv       ; Presetv     ; 1.000        ; 0.048      ; 1.149      ;
; -1.031 ; random:random1|Q[1]  ; random:random1|p[0]  ; Clockv       ; Presetv     ; 1.000        ; 0.048      ; 1.135      ;
+--------+----------------------+----------------------+--------------+-------------+--------------+------------+------------+


+--------------------------------------------------------------------------------------------------------------------------+
; Slow 1200mV 0C Model Setup: 'Clockv'                                                                                     ;
+--------+---------------------+---------------------+--------------+-------------+--------------+------------+------------+
; Slack  ; From Node           ; To Node             ; Launch Clock ; Latch Clock ; Relationship ; Clock Skew ; Data Delay ;
+--------+---------------------+---------------------+--------------+-------------+--------------+------------+------------+
; -1.046 ; Presetv             ; random:random1|Q[3] ; Presetv      ; Clockv      ; 0.500        ; 2.715      ; 4.240      ;
; -0.998 ; Presetv             ; random:random1|Q[0] ; Presetv      ; Clockv      ; 0.500        ; 2.715      ; 4.192      ;
; -0.926 ; random:random1|Q[1] ; random:random1|Q[3] ; Clockv       ; Clockv      ; 1.000        ; -0.073     ; 1.852      ;
; -0.877 ; Presetv             ; random:random1|Q[1] ; Presetv      ; Clockv      ; 0.500        ; 2.715      ; 4.071      ;
; -0.822 ; Presetv             ; random:random1|Q[2] ; Presetv      ; Clockv      ; 0.500        ; 2.715      ; 4.016      ;
; -0.814 ; random:random1|Q[0] ; random:random1|Q[3] ; Clockv       ; Clockv      ; 1.000        ; -0.073     ; 1.740      ;
; -0.789 ; random:random1|Q[1] ; random:random1|Q[0] ; Clockv       ; Clockv      ; 1.000        ; -0.073     ; 1.715      ;
; -0.741 ; random:random1|Q[2] ; random:random1|Q[1] ; Clockv       ; Clockv      ; 1.000        ; -0.073     ; 1.667      ;
; -0.653 ; random:random1|Q[3] ; random:random1|Q[2] ; Clockv       ; Clockv      ; 1.000        ; -0.073     ; 1.579      ;
; -0.338 ; Presetv             ; random:random1|Q[3] ; Presetv      ; Clockv      ; 1.000        ; 2.715      ; 4.032      ;
; -0.194 ; Presetv             ; random:random1|Q[0] ; Presetv      ; Clockv      ; 1.000        ; 2.715      ; 3.888      ;
; -0.030 ; Presetv             ; random:random1|Q[1] ; Presetv      ; Clockv      ; 1.000        ; 2.715      ; 3.724      ;
; 0.013  ; Presetv             ; random:random1|Q[2] ; Presetv      ; Clockv      ; 1.000        ; 2.715      ; 3.681      ;
+--------+---------------------+---------------------+--------------+-------------+--------------+------------+------------+


+----------------------------------------------------------------------------------------------------------------------------+
; Slow 1200mV 0C Model Setup: 'Clockv2'                                                                                      ;
+--------+----------------------+----------------------+--------------+-------------+--------------+------------+------------+
; Slack  ; From Node            ; To Node              ; Launch Clock ; Latch Clock ; Relationship ; Clock Skew ; Data Delay ;
+--------+----------------------+----------------------+--------------+-------------+--------------+------------+------------+
; -1.010 ; Presetv              ; random2:random2|Q[1] ; Presetv      ; Clockv2     ; 0.500        ; 2.712      ; 4.201      ;
; -0.951 ; Presetv              ; random2:random2|Q[3] ; Presetv      ; Clockv2     ; 0.500        ; 2.712      ; 4.142      ;
; -0.946 ; random2:random2|Q[2] ; random2:random2|Q[1] ; Clockv2      ; Clockv2     ; 1.000        ; -0.073     ; 1.872      ;
; -0.936 ; Presetv              ; random2:random2|Q[2] ; Presetv      ; Clockv2     ; 0.500        ; 2.712      ; 4.127      ;
; -0.913 ; random2:random2|Q[1] ; random2:random2|Q[3] ; Clockv2      ; Clockv2     ; 1.000        ; -0.073     ; 1.839      ;
; -0.893 ; Presetv              ; random2:random2|Q[0] ; Presetv      ; Clockv2     ; 0.500        ; 2.712      ; 4.084      ;
; -0.770 ; random2:random2|Q[3] ; random2:random2|Q[2] ; Clockv2      ; Clockv2     ; 1.000        ; -0.073     ; 1.696      ;
; -0.699 ; random2:random2|Q[0] ; random2:random2|Q[3] ; Clockv2      ; Clockv2     ; 1.000        ; -0.073     ; 1.625      ;
; -0.629 ; random2:random2|Q[1] ; random2:random2|Q[0] ; Clockv2      ; Clockv2     ; 1.000        ; -0.073     ; 1.555      ;
; -0.331 ; Presetv              ; random2:random2|Q[1] ; Presetv      ; Clockv2     ; 1.000        ; 2.712      ; 4.022      ;
; -0.122 ; Presetv              ; random2:random2|Q[2] ; Presetv      ; Clockv2     ; 1.000        ; 2.712      ; 3.813      ;
; -0.121 ; Presetv              ; random2:random2|Q[3] ; Presetv      ; Clockv2     ; 1.000        ; 2.712      ; 3.812      ;
; -0.086 ; Presetv              ; random2:random2|Q[0] ; Presetv      ; Clockv2     ; 1.000        ; 2.712      ; 3.777      ;
+--------+----------------------+----------------------+--------------+-------------+--------------+------------+------------+


+---------------------------------------------------------------------------------------------------------------------------+
; Slow 1200mV 0C Model Hold: 'Presetv'                                                                                      ;
+-------+----------------------+----------------------+--------------+-------------+--------------+------------+------------+
; Slack ; From Node            ; To Node              ; Launch Clock ; Latch Clock ; Relationship ; Clock Skew ; Data Delay ;
+-------+----------------------+----------------------+--------------+-------------+--------------+------------+------------+
; 0.498 ; random:random1|Q[0]  ; random:random1|p[1]  ; Clockv       ; Presetv     ; 0.000        ; 0.362      ; 0.900      ;
; 0.509 ; random2:random2|Q[1] ; random2:random2|p[2] ; Clockv2      ; Presetv     ; 0.000        ; 0.350      ; 0.899      ;
; 0.525 ; random2:random2|Q[1] ; random2:random2|p[1] ; Clockv2      ; Presetv     ; 0.000        ; 0.327      ; 0.892      ;
; 0.530 ; random2:random2|Q[1] ; random2:random2|p[3] ; Clockv2      ; Presetv     ; 0.000        ; 0.326      ; 0.896      ;
; 0.552 ; random:random1|Q[0]  ; random:random1|p[2]  ; Clockv       ; Presetv     ; 0.000        ; 0.308      ; 0.900      ;
; 0.602 ; random:random1|Q[1]  ; random:random1|p[1]  ; Clockv       ; Presetv     ; 0.000        ; 0.362      ; 1.004      ;
; 0.623 ; random:random1|Q[0]  ; random:random1|p[3]  ; Clockv       ; Presetv     ; 0.000        ; 0.239      ; 0.902      ;
; 0.628 ; random2:random2|Q[2] ; random2:random2|p[0] ; Clockv2      ; Presetv     ; 0.000        ; 0.327      ; 0.995      ;
; 0.646 ; random2:random2|Q[3] ; random2:random2|p[1] ; Clockv2      ; Presetv     ; 0.000        ; 0.327      ; 1.013      ;
; 0.648 ; random2:random2|Q[3] ; random2:random2|p[3] ; Clockv2      ; Presetv     ; 0.000        ; 0.326      ; 1.014      ;
; 0.649 ; random2:random2|Q[2] ; random2:random2|p[2] ; Clockv2      ; Presetv     ; 0.000        ; 0.350      ; 1.039      ;
; 0.669 ; random2:random2|Q[3] ; random2:random2|p[0] ; Clockv2      ; Presetv     ; 0.000        ; 0.327      ; 1.036      ;
; 0.686 ; random:random1|Q[2]  ; random:random1|p[2]  ; Clockv       ; Presetv     ; 0.000        ; 0.308      ; 1.034      ;
; 0.723 ; random2:random2|Q[0] ; random2:random2|p[2] ; Clockv2      ; Presetv     ; 0.000        ; 0.350      ; 1.113      ;
; 0.729 ; random:random1|Q[1]  ; random:random1|p[3]  ; Clockv       ; Presetv     ; 0.000        ; 0.239      ; 1.008      ;
; 0.737 ; random2:random2|Q[3] ; random2:random2|p[2] ; Clockv2      ; Presetv     ; 0.000        ; 0.350      ; 1.127      ;
; 0.738 ; random:random1|Q[3]  ; random:random1|p[1]  ; Clockv       ; Presetv     ; 0.000        ; 0.362      ; 1.140      ;
; 0.739 ; random2:random2|Q[0] ; random2:random2|p[0] ; Clockv2      ; Presetv     ; 0.000        ; 0.327      ; 1.106      ;
; 0.741 ; random2:random2|Q[0] ; random2:random2|p[1] ; Clockv2      ; Presetv     ; 0.000        ; 0.327      ; 1.108      ;
; 0.741 ; random2:random2|Q[2] ; random2:random2|p[1] ; Clockv2      ; Presetv     ; 0.000        ; 0.327      ; 1.108      ;
; 0.743 ; random2:random2|Q[1] ; random2:random2|p[0] ; Clockv2      ; Presetv     ; 0.000        ; 0.327      ; 1.110      ;
; 0.747 ; random2:random2|Q[0] ; random2:random2|p[3] ; Clockv2      ; Presetv     ; 0.000        ; 0.326      ; 1.113      ;
; 0.751 ; random2:random2|Q[2] ; random2:random2|p[3] ; Clockv2      ; Presetv     ; 0.000        ; 0.326      ; 1.117      ;
; 0.763 ; random:random1|Q[1]  ; random:random1|p[0]  ; Clockv       ; Presetv     ; 0.000        ; 0.237      ; 1.040      ;
; 0.771 ; random:random1|Q[1]  ; random:random1|p[2]  ; Clockv       ; Presetv     ; 0.000        ; 0.308      ; 1.119      ;
; 0.782 ; random:random1|Q[2]  ; random:random1|p[0]  ; Clockv       ; Presetv     ; 0.000        ; 0.237      ; 1.059      ;
; 0.850 ; random:random1|Q[3]  ; random:random1|p[3]  ; Clockv       ; Presetv     ; 0.000        ; 0.239      ; 1.129      ;
; 0.850 ; random:random1|Q[3]  ; random:random1|p[0]  ; Clockv       ; Presetv     ; 0.000        ; 0.237      ; 1.127      ;
; 0.873 ; random:random1|Q[2]  ; random:random1|p[1]  ; Clockv       ; Presetv     ; 0.000        ; 0.362      ; 1.275      ;
; 0.904 ; random:random1|Q[3]  ; random:random1|p[2]  ; Clockv       ; Presetv     ; 0.000        ; 0.308      ; 1.252      ;
; 0.982 ; random:random1|Q[0]  ; random:random1|p[0]  ; Clockv       ; Presetv     ; 0.000        ; 0.237      ; 1.259      ;
; 1.004 ; random:random1|Q[2]  ; random:random1|p[3]  ; Clockv       ; Presetv     ; 0.000        ; 0.239      ; 1.283      ;
+-------+----------------------+----------------------+--------------+-------------+--------------+------------+------------+


+-------------------------------------------------------------------------------------------------------------------------+
; Slow 1200mV 0C Model Hold: 'Clockv'                                                                                     ;
+-------+---------------------+---------------------+--------------+-------------+--------------+------------+------------+
; Slack ; From Node           ; To Node             ; Launch Clock ; Latch Clock ; Relationship ; Clock Skew ; Data Delay ;
+-------+---------------------+---------------------+--------------+-------------+--------------+------------+------------+
; 0.515 ; Presetv             ; random:random1|Q[1] ; Presetv      ; Clockv      ; 0.000        ; 2.816      ; 3.542      ;
; 0.536 ; Presetv             ; random:random1|Q[2] ; Presetv      ; Clockv      ; 0.000        ; 2.816      ; 3.563      ;
; 0.673 ; Presetv             ; random:random1|Q[0] ; Presetv      ; Clockv      ; 0.000        ; 2.816      ; 3.700      ;
; 0.718 ; Presetv             ; random:random1|Q[3] ; Presetv      ; Clockv      ; 0.000        ; 2.816      ; 3.745      ;
; 1.194 ; random:random1|Q[0] ; random:random1|Q[3] ; Clockv       ; Clockv      ; 0.000        ; 0.073      ; 1.438      ;
; 1.249 ; random:random1|Q[3] ; random:random1|Q[2] ; Clockv       ; Clockv      ; 0.000        ; 0.073      ; 1.493      ;
; 1.303 ; random:random1|Q[1] ; random:random1|Q[3] ; Clockv       ; Clockv      ; 0.000        ; 0.073      ; 1.547      ;
; 1.350 ; Presetv             ; random:random1|Q[1] ; Presetv      ; Clockv      ; -0.500       ; 2.816      ; 3.877      ;
; 1.361 ; Presetv             ; random:random1|Q[2] ; Presetv      ; Clockv      ; -0.500       ; 2.816      ; 3.888      ;
; 1.361 ; random:random1|Q[2] ; random:random1|Q[1] ; Clockv       ; Clockv      ; 0.000        ; 0.073      ; 1.605      ;
; 1.381 ; Presetv             ; random:random1|Q[3] ; Presetv      ; Clockv      ; -0.500       ; 2.816      ; 3.908      ;
; 1.385 ; random:random1|Q[1] ; random:random1|Q[0] ; Clockv       ; Clockv      ; 0.000        ; 0.073      ; 1.629      ;
; 1.466 ; Presetv             ; random:random1|Q[0] ; Presetv      ; Clockv      ; -0.500       ; 2.816      ; 3.993      ;
+-------+---------------------+---------------------+--------------+-------------+--------------+------------+------------+


+---------------------------------------------------------------------------------------------------------------------------+
; Slow 1200mV 0C Model Hold: 'Clockv2'                                                                                      ;
+-------+----------------------+----------------------+--------------+-------------+--------------+------------+------------+
; Slack ; From Node            ; To Node              ; Launch Clock ; Latch Clock ; Relationship ; Clock Skew ; Data Delay ;
+-------+----------------------+----------------------+--------------+-------------+--------------+------------+------------+
; 0.595 ; Presetv              ; random2:random2|Q[3] ; Presetv      ; Clockv2     ; 0.000        ; 2.813      ; 3.619      ;
; 0.601 ; Presetv              ; random2:random2|Q[2] ; Presetv      ; Clockv2     ; 0.000        ; 2.813      ; 3.625      ;
; 0.631 ; Presetv              ; random2:random2|Q[0] ; Presetv      ; Clockv2     ; 0.000        ; 2.813      ; 3.655      ;
; 0.797 ; Presetv              ; random2:random2|Q[1] ; Presetv      ; Clockv2     ; 0.000        ; 2.813      ; 3.821      ;
; 1.179 ; random2:random2|Q[0] ; random2:random2|Q[3] ; Clockv2      ; Clockv2     ; 0.000        ; 0.073      ; 1.423      ;
; 1.241 ; random2:random2|Q[1] ; random2:random2|Q[0] ; Clockv2      ; Clockv2     ; 0.000        ; 0.073      ; 1.485      ;
; 1.375 ; random2:random2|Q[3] ; random2:random2|Q[2] ; Clockv2      ; Clockv2     ; 0.000        ; 0.073      ; 1.619      ;
; 1.409 ; random2:random2|Q[1] ; random2:random2|Q[3] ; Clockv2      ; Clockv2     ; 0.000        ; 0.073      ; 1.653      ;
; 1.413 ; Presetv              ; random2:random2|Q[3] ; Presetv      ; Clockv2     ; -0.500       ; 2.813      ; 3.937      ;
; 1.415 ; Presetv              ; random2:random2|Q[2] ; Presetv      ; Clockv2     ; -0.500       ; 2.813      ; 3.939      ;
; 1.429 ; Presetv              ; random2:random2|Q[0] ; Presetv      ; Clockv2     ; -0.500       ; 2.813      ; 3.953      ;
; 1.459 ; Presetv              ; random2:random2|Q[1] ; Presetv      ; Clockv2     ; -0.500       ; 2.813      ; 3.983      ;
; 1.539 ; random2:random2|Q[2] ; random2:random2|Q[1] ; Clockv2      ; Clockv2     ; 0.000        ; 0.073      ; 1.783      ;
+-------+----------------------+----------------------+--------------+-------------+--------------+------------+------------+


+----------------------------------------------------------------------------------------------------------------+
; Slow 1200mV 0C Model Minimum Pulse Width: 'Clockv'                                                             ;
+--------+--------------+----------------+------------------+--------+------------+------------------------------+
; Slack  ; Actual Width ; Required Width ; Type             ; Clock  ; Clock Edge ; Target                       ;
+--------+--------------+----------------+------------------+--------+------------+------------------------------+
; -3.000 ; 1.000        ; 4.000          ; Port Rate        ; Clockv ; Rise       ; Clockv                       ;
; -1.285 ; 1.000        ; 2.285          ; Min Period       ; Clockv ; Rise       ; random:random1|Q[0]          ;
; -1.285 ; 1.000        ; 2.285          ; Min Period       ; Clockv ; Rise       ; random:random1|Q[1]          ;
; -1.285 ; 1.000        ; 2.285          ; Min Period       ; Clockv ; Rise       ; random:random1|Q[2]          ;
; -1.285 ; 1.000        ; 2.285          ; Min Period       ; Clockv ; Rise       ; random:random1|Q[3]          ;
; 0.279  ; 0.465        ; 0.186          ; Low Pulse Width  ; Clockv ; Rise       ; random:random1|Q[0]          ;
; 0.279  ; 0.465        ; 0.186          ; Low Pulse Width  ; Clockv ; Rise       ; random:random1|Q[1]          ;
; 0.279  ; 0.465        ; 0.186          ; Low Pulse Width  ; Clockv ; Rise       ; random:random1|Q[2]          ;
; 0.279  ; 0.465        ; 0.186          ; Low Pulse Width  ; Clockv ; Rise       ; random:random1|Q[3]          ;
; 0.315  ; 0.533        ; 0.218          ; High Pulse Width ; Clockv ; Rise       ; random:random1|Q[0]          ;
; 0.315  ; 0.533        ; 0.218          ; High Pulse Width ; Clockv ; Rise       ; random:random1|Q[1]          ;
; 0.315  ; 0.533        ; 0.218          ; High Pulse Width ; Clockv ; Rise       ; random:random1|Q[2]          ;
; 0.315  ; 0.533        ; 0.218          ; High Pulse Width ; Clockv ; Rise       ; random:random1|Q[3]          ;
; 0.416  ; 0.416        ; 0.000          ; Low Pulse Width  ; Clockv ; Rise       ; Clockv~input|o               ;
; 0.422  ; 0.422        ; 0.000          ; Low Pulse Width  ; Clockv ; Rise       ; Clockv~inputclkctrl|inclk[0] ;
; 0.422  ; 0.422        ; 0.000          ; Low Pulse Width  ; Clockv ; Rise       ; Clockv~inputclkctrl|outclk   ;
; 0.427  ; 0.427        ; 0.000          ; Low Pulse Width  ; Clockv ; Rise       ; random1|Q[0]|clk             ;
; 0.427  ; 0.427        ; 0.000          ; Low Pulse Width  ; Clockv ; Rise       ; random1|Q[1]|clk             ;
; 0.427  ; 0.427        ; 0.000          ; Low Pulse Width  ; Clockv ; Rise       ; random1|Q[2]|clk             ;
; 0.427  ; 0.427        ; 0.000          ; Low Pulse Width  ; Clockv ; Rise       ; random1|Q[3]|clk             ;
; 0.500  ; 0.500        ; 0.000          ; High Pulse Width ; Clockv ; Rise       ; Clockv~input|i               ;
; 0.500  ; 0.500        ; 0.000          ; Low Pulse Width  ; Clockv ; Rise       ; Clockv~input|i               ;
; 0.573  ; 0.573        ; 0.000          ; High Pulse Width ; Clockv ; Rise       ; random1|Q[0]|clk             ;
; 0.573  ; 0.573        ; 0.000          ; High Pulse Width ; Clockv ; Rise       ; random1|Q[1]|clk             ;
; 0.573  ; 0.573        ; 0.000          ; High Pulse Width ; Clockv ; Rise       ; random1|Q[2]|clk             ;
; 0.573  ; 0.573        ; 0.000          ; High Pulse Width ; Clockv ; Rise       ; random1|Q[3]|clk             ;
; 0.578  ; 0.578        ; 0.000          ; High Pulse Width ; Clockv ; Rise       ; Clockv~inputclkctrl|inclk[0] ;
; 0.578  ; 0.578        ; 0.000          ; High Pulse Width ; Clockv ; Rise       ; Clockv~inputclkctrl|outclk   ;
; 0.584  ; 0.584        ; 0.000          ; High Pulse Width ; Clockv ; Rise       ; Clockv~input|o               ;
+--------+--------------+----------------+------------------+--------+------------+------------------------------+


+------------------------------------------------------------------------------------------------------------------+
; Slow 1200mV 0C Model Minimum Pulse Width: 'Clockv2'                                                              ;
+--------+--------------+----------------+------------------+---------+------------+-------------------------------+
; Slack  ; Actual Width ; Required Width ; Type             ; Clock   ; Clock Edge ; Target                        ;
+--------+--------------+----------------+------------------+---------+------------+-------------------------------+
; -3.000 ; 1.000        ; 4.000          ; Port Rate        ; Clockv2 ; Rise       ; Clockv2                       ;
; -1.285 ; 1.000        ; 2.285          ; Min Period       ; Clockv2 ; Rise       ; random2:random2|Q[0]          ;
; -1.285 ; 1.000        ; 2.285          ; Min Period       ; Clockv2 ; Rise       ; random2:random2|Q[1]          ;
; -1.285 ; 1.000        ; 2.285          ; Min Period       ; Clockv2 ; Rise       ; random2:random2|Q[2]          ;
; -1.285 ; 1.000        ; 2.285          ; Min Period       ; Clockv2 ; Rise       ; random2:random2|Q[3]          ;
; 0.280  ; 0.466        ; 0.186          ; Low Pulse Width  ; Clockv2 ; Rise       ; random2:random2|Q[0]          ;
; 0.280  ; 0.466        ; 0.186          ; Low Pulse Width  ; Clockv2 ; Rise       ; random2:random2|Q[1]          ;
; 0.280  ; 0.466        ; 0.186          ; Low Pulse Width  ; Clockv2 ; Rise       ; random2:random2|Q[2]          ;
; 0.280  ; 0.466        ; 0.186          ; Low Pulse Width  ; Clockv2 ; Rise       ; random2:random2|Q[3]          ;
; 0.314  ; 0.532        ; 0.218          ; High Pulse Width ; Clockv2 ; Rise       ; random2:random2|Q[0]          ;
; 0.314  ; 0.532        ; 0.218          ; High Pulse Width ; Clockv2 ; Rise       ; random2:random2|Q[1]          ;
; 0.314  ; 0.532        ; 0.218          ; High Pulse Width ; Clockv2 ; Rise       ; random2:random2|Q[2]          ;
; 0.314  ; 0.532        ; 0.218          ; High Pulse Width ; Clockv2 ; Rise       ; random2:random2|Q[3]          ;
; 0.416  ; 0.416        ; 0.000          ; Low Pulse Width  ; Clockv2 ; Rise       ; Clockv2~input|o               ;
; 0.422  ; 0.422        ; 0.000          ; Low Pulse Width  ; Clockv2 ; Rise       ; Clockv2~inputclkctrl|inclk[0] ;
; 0.422  ; 0.422        ; 0.000          ; Low Pulse Width  ; Clockv2 ; Rise       ; Clockv2~inputclkctrl|outclk   ;
; 0.428  ; 0.428        ; 0.000          ; Low Pulse Width  ; Clockv2 ; Rise       ; random2|Q[0]|clk              ;
; 0.428  ; 0.428        ; 0.000          ; Low Pulse Width  ; Clockv2 ; Rise       ; random2|Q[1]|clk              ;
; 0.428  ; 0.428        ; 0.000          ; Low Pulse Width  ; Clockv2 ; Rise       ; random2|Q[2]|clk              ;
; 0.428  ; 0.428        ; 0.000          ; Low Pulse Width  ; Clockv2 ; Rise       ; random2|Q[3]|clk              ;
; 0.500  ; 0.500        ; 0.000          ; High Pulse Width ; Clockv2 ; Rise       ; Clockv2~input|i               ;
; 0.500  ; 0.500        ; 0.000          ; Low Pulse Width  ; Clockv2 ; Rise       ; Clockv2~input|i               ;
; 0.572  ; 0.572        ; 0.000          ; High Pulse Width ; Clockv2 ; Rise       ; random2|Q[0]|clk              ;
; 0.572  ; 0.572        ; 0.000          ; High Pulse Width ; Clockv2 ; Rise       ; random2|Q[1]|clk              ;
; 0.572  ; 0.572        ; 0.000          ; High Pulse Width ; Clockv2 ; Rise       ; random2|Q[2]|clk              ;
; 0.572  ; 0.572        ; 0.000          ; High Pulse Width ; Clockv2 ; Rise       ; random2|Q[3]|clk              ;
; 0.578  ; 0.578        ; 0.000          ; High Pulse Width ; Clockv2 ; Rise       ; Clockv2~inputclkctrl|inclk[0] ;
; 0.578  ; 0.578        ; 0.000          ; High Pulse Width ; Clockv2 ; Rise       ; Clockv2~inputclkctrl|outclk   ;
; 0.584  ; 0.584        ; 0.000          ; High Pulse Width ; Clockv2 ; Rise       ; Clockv2~input|o               ;
+--------+--------------+----------------+------------------+---------+------------+-------------------------------+


+------------------------------------------------------------------------------------------------------------------+
; Slow 1200mV 0C Model Minimum Pulse Width: 'Presetv'                                                              ;
+--------+--------------+----------------+------------------+---------+------------+-------------------------------+
; Slack  ; Actual Width ; Required Width ; Type             ; Clock   ; Clock Edge ; Target                        ;
+--------+--------------+----------------+------------------+---------+------------+-------------------------------+
; -3.000 ; 1.000        ; 4.000          ; Port Rate        ; Presetv ; Rise       ; Presetv                       ;
; 0.416  ; 0.416        ; 0.000          ; Low Pulse Width  ; Presetv ; Rise       ; Presetv~input|o               ;
; 0.422  ; 0.422        ; 0.000          ; Low Pulse Width  ; Presetv ; Rise       ; Presetv~inputclkctrl|inclk[0] ;
; 0.422  ; 0.422        ; 0.000          ; Low Pulse Width  ; Presetv ; Rise       ; Presetv~inputclkctrl|outclk   ;
; 0.426  ; 0.426        ; 0.000          ; Low Pulse Width  ; Presetv ; Rise       ; random2|p[0]|dataa            ;
; 0.426  ; 0.426        ; 0.000          ; Low Pulse Width  ; Presetv ; Rise       ; random2|p[1]|dataa            ;
; 0.427  ; 0.427        ; 0.000          ; Low Pulse Width  ; Presetv ; Rise       ; random2|p[3]|dataa            ;
; 0.432  ; 0.432        ; 0.000          ; Low Pulse Width  ; Presetv ; Rise       ; random1|p[2]|dataa            ;
; 0.440  ; 0.440        ; 0.000          ; Low Pulse Width  ; Presetv ; Rise       ; random1|p[0]|datac            ;
; 0.440  ; 0.440        ; 0.000          ; Low Pulse Width  ; Presetv ; Rise       ; random1|p[3]|datac            ;
; 0.440  ; 0.440        ; 0.000          ; Low Pulse Width  ; Presetv ; Rise       ; random2:random2|p[0]          ;
; 0.440  ; 0.440        ; 0.000          ; Low Pulse Width  ; Presetv ; Rise       ; random2:random2|p[1]          ;
; 0.440  ; 0.440        ; 0.000          ; Low Pulse Width  ; Presetv ; Rise       ; random2:random2|p[3]          ;
; 0.445  ; 0.445        ; 0.000          ; Low Pulse Width  ; Presetv ; Rise       ; random:random1|p[2]           ;
; 0.447  ; 0.447        ; 0.000          ; Low Pulse Width  ; Presetv ; Rise       ; random1|p[1]|datab            ;
; 0.448  ; 0.448        ; 0.000          ; Low Pulse Width  ; Presetv ; Rise       ; random:random1|p[0]           ;
; 0.448  ; 0.448        ; 0.000          ; Low Pulse Width  ; Presetv ; Rise       ; random:random1|p[3]           ;
; 0.452  ; 0.452        ; 0.000          ; Low Pulse Width  ; Presetv ; Rise       ; random2|p[2]|datab            ;
; 0.467  ; 0.467        ; 0.000          ; Low Pulse Width  ; Presetv ; Rise       ; random:random1|p[1]           ;
; 0.472  ; 0.472        ; 0.000          ; Low Pulse Width  ; Presetv ; Rise       ; random2:random2|p[2]          ;
; 0.500  ; 0.500        ; 0.000          ; High Pulse Width ; Presetv ; Rise       ; Presetv~input|i               ;
; 0.500  ; 0.500        ; 0.000          ; Low Pulse Width  ; Presetv ; Rise       ; Presetv~input|i               ;
; 0.527  ; 0.527        ; 0.000          ; High Pulse Width ; Presetv ; Rise       ; random2:random2|p[2]          ;
; 0.533  ; 0.533        ; 0.000          ; High Pulse Width ; Presetv ; Rise       ; random:random1|p[1]           ;
; 0.546  ; 0.546        ; 0.000          ; High Pulse Width ; Presetv ; Rise       ; random2|p[2]|datab            ;
; 0.550  ; 0.550        ; 0.000          ; High Pulse Width ; Presetv ; Rise       ; random:random1|p[2]           ;
; 0.551  ; 0.551        ; 0.000          ; High Pulse Width ; Presetv ; Rise       ; random:random1|p[0]           ;
; 0.551  ; 0.551        ; 0.000          ; High Pulse Width ; Presetv ; Rise       ; random:random1|p[3]           ;
; 0.552  ; 0.552        ; 0.000          ; High Pulse Width ; Presetv ; Rise       ; random1|p[1]|datab            ;
; 0.556  ; 0.556        ; 0.000          ; High Pulse Width ; Presetv ; Rise       ; random2:random2|p[3]          ;
; 0.557  ; 0.557        ; 0.000          ; High Pulse Width ; Presetv ; Rise       ; random2:random2|p[0]          ;
; 0.557  ; 0.557        ; 0.000          ; High Pulse Width ; Presetv ; Rise       ; random2:random2|p[1]          ;
; 0.559  ; 0.559        ; 0.000          ; High Pulse Width ; Presetv ; Rise       ; random1|p[0]|datac            ;
; 0.559  ; 0.559        ; 0.000          ; High Pulse Width ; Presetv ; Rise       ; random1|p[3]|datac            ;
; 0.567  ; 0.567        ; 0.000          ; High Pulse Width ; Presetv ; Rise       ; random1|p[2]|dataa            ;
; 0.573  ; 0.573        ; 0.000          ; High Pulse Width ; Presetv ; Rise       ; random2|p[0]|dataa            ;
; 0.573  ; 0.573        ; 0.000          ; High Pulse Width ; Presetv ; Rise       ; random2|p[1]|dataa            ;
; 0.573  ; 0.573        ; 0.000          ; High Pulse Width ; Presetv ; Rise       ; random2|p[3]|dataa            ;
; 0.578  ; 0.578        ; 0.000          ; High Pulse Width ; Presetv ; Rise       ; Presetv~inputclkctrl|inclk[0] ;
; 0.578  ; 0.578        ; 0.000          ; High Pulse Width ; Presetv ; Rise       ; Presetv~inputclkctrl|outclk   ;
; 0.584  ; 0.584        ; 0.000          ; High Pulse Width ; Presetv ; Rise       ; Presetv~input|o               ;
+--------+--------------+----------------+------------------+---------+------------+-------------------------------+


+-----------------------------------------------------------------------+
; Setup Times                                                           ;
+-----------+------------+-------+-------+------------+-----------------+
; Data Port ; Clock Port ; Rise  ; Fall  ; Clock Edge ; Clock Reference ;
+-----------+------------+-------+-------+------------+-----------------+
; Presetv   ; Clockv     ; 1.298 ; 1.506 ; Rise       ; Clockv          ;
; Presetv   ; Clockv2    ; 1.291 ; 1.470 ; Rise       ; Clockv2         ;
+-----------+------------+-------+-------+------------+-----------------+


+-------------------------------------------------------------------------+
; Hold Times                                                              ;
+-----------+------------+--------+--------+------------+-----------------+
; Data Port ; Clock Port ; Rise   ; Fall   ; Clock Edge ; Clock Reference ;
+-----------+------------+--------+--------+------------+-----------------+
; Presetv   ; Clockv     ; -0.555 ; -0.890 ; Rise       ; Clockv          ;
; Presetv   ; Clockv2    ; -0.635 ; -0.953 ; Rise       ; Clockv2         ;
+-----------+------------+--------+--------+------------+-----------------+


+-----------------------------------------------------------------------+
; Clock to Output Times                                                 ;
+-----------+------------+-------+-------+------------+-----------------+
; Data Port ; Clock Port ; Rise  ; Fall  ; Clock Edge ; Clock Reference ;
+-----------+------------+-------+-------+------------+-----------------+
; pv[*]     ; Presetv    ; 6.419 ; 6.341 ; Rise       ; Presetv         ;
;  pv[0]    ; Presetv    ; 6.408 ; 6.285 ; Rise       ; Presetv         ;
;  pv[1]    ; Presetv    ; 6.419 ; 6.341 ; Rise       ; Presetv         ;
;  pv[2]    ; Presetv    ; 6.218 ; 6.136 ; Rise       ; Presetv         ;
;  pv[3]    ; Presetv    ; 6.237 ; 6.167 ; Rise       ; Presetv         ;
; pv2[*]    ; Presetv    ; 7.330 ; 7.345 ; Rise       ; Presetv         ;
;  pv2[0]   ; Presetv    ; 7.330 ; 7.345 ; Rise       ; Presetv         ;
;  pv2[1]   ; Presetv    ; 6.742 ; 6.608 ; Rise       ; Presetv         ;
;  pv2[2]   ; Presetv    ; 6.478 ; 6.356 ; Rise       ; Presetv         ;
;  pv2[3]   ; Presetv    ; 6.311 ; 6.246 ; Rise       ; Presetv         ;
; segv[*]   ; Presetv    ; 7.322 ; 7.328 ; Rise       ; Presetv         ;
;  segv[0]  ; Presetv    ; 7.130 ; 7.252 ; Rise       ; Presetv         ;
;  segv[1]  ; Presetv    ; 7.231 ; 7.298 ; Rise       ; Presetv         ;
;  segv[2]  ; Presetv    ; 7.322 ; 7.200 ; Rise       ; Presetv         ;
;  segv[3]  ; Presetv    ; 7.256 ; 7.300 ; Rise       ; Presetv         ;
;  segv[4]  ; Presetv    ; 7.081 ; 7.050 ; Rise       ; Presetv         ;
;  segv[5]  ; Presetv    ; 7.074 ; 6.996 ; Rise       ; Presetv         ;
;  segv[6]  ; Presetv    ; 7.256 ; 7.328 ; Rise       ; Presetv         ;
; segv2[*]  ; Presetv    ; 7.755 ; 7.637 ; Rise       ; Presetv         ;
;  segv2[0] ; Presetv    ; 6.945 ; 6.992 ; Rise       ; Presetv         ;
;  segv2[1] ; Presetv    ; 7.255 ; 7.318 ; Rise       ; Presetv         ;
;  segv2[2] ; Presetv    ; 7.262 ; 7.171 ; Rise       ; Presetv         ;
;  segv2[3] ; Presetv    ; 6.866 ; 6.887 ; Rise       ; Presetv         ;
;  segv2[4] ; Presetv    ; 7.558 ; 7.478 ; Rise       ; Presetv         ;
;  segv2[5] ; Presetv    ; 7.755 ; 7.637 ; Rise       ; Presetv         ;
;  segv2[6] ; Presetv    ; 7.500 ; 7.576 ; Rise       ; Presetv         ;
+-----------+------------+-------+-------+------------+-----------------+


+-----------------------------------------------------------------------+
; Minimum Clock to Output Times                                         ;
+-----------+------------+-------+-------+------------+-----------------+
; Data Port ; Clock Port ; Rise  ; Fall  ; Clock Edge ; Clock Reference ;
+-----------+------------+-------+-------+------------+-----------------+
; pv[*]     ; Presetv    ; 5.998 ; 5.919 ; Rise       ; Presetv         ;
;  pv[0]    ; Presetv    ; 6.184 ; 6.066 ; Rise       ; Presetv         ;
;  pv[1]    ; Presetv    ; 6.200 ; 6.123 ; Rise       ; Presetv         ;
;  pv[2]    ; Presetv    ; 5.998 ; 5.919 ; Rise       ; Presetv         ;
;  pv[3]    ; Presetv    ; 6.026 ; 5.957 ; Rise       ; Presetv         ;
; pv2[*]    ; Presetv    ; 6.091 ; 6.027 ; Rise       ; Presetv         ;
;  pv2[0]   ; Presetv    ; 7.110 ; 7.126 ; Rise       ; Presetv         ;
;  pv2[1]   ; Presetv    ; 6.504 ; 6.374 ; Rise       ; Presetv         ;
;  pv2[2]   ; Presetv    ; 6.255 ; 6.137 ; Rise       ; Presetv         ;
;  pv2[3]   ; Presetv    ; 6.091 ; 6.027 ; Rise       ; Presetv         ;
; segv[*]   ; Presetv    ; 6.432 ; 6.371 ; Rise       ; Presetv         ;
;  segv[0]  ; Presetv    ; 6.520 ; 6.609 ; Rise       ; Presetv         ;
;  segv[1]  ; Presetv    ; 6.432 ; 6.516 ; Rise       ; Presetv         ;
;  segv[2]  ; Presetv    ; 6.676 ; 6.576 ; Rise       ; Presetv         ;
;  segv[3]  ; Presetv    ; 6.438 ; 6.519 ; Rise       ; Presetv         ;
;  segv[4]  ; Presetv    ; 6.486 ; 6.371 ; Rise       ; Presetv         ;
;  segv[5]  ; Presetv    ; 6.459 ; 6.378 ; Rise       ; Presetv         ;
;  segv[6]  ; Presetv    ; 6.447 ; 6.492 ; Rise       ; Presetv         ;
; segv2[*]  ; Presetv    ; 6.094 ; 6.152 ; Rise       ; Presetv         ;
;  segv2[0] ; Presetv    ; 6.173 ; 6.274 ; Rise       ; Presetv         ;
;  segv2[1] ; Presetv    ; 6.471 ; 6.571 ; Rise       ; Presetv         ;
;  segv2[2] ; Presetv    ; 6.537 ; 6.446 ; Rise       ; Presetv         ;
;  segv2[3] ; Presetv    ; 6.094 ; 6.152 ; Rise       ; Presetv         ;
;  segv2[4] ; Presetv    ; 6.699 ; 6.609 ; Rise       ; Presetv         ;
;  segv2[5] ; Presetv    ; 6.844 ; 6.761 ; Rise       ; Presetv         ;
;  segv2[6] ; Presetv    ; 6.642 ; 6.684 ; Rise       ; Presetv         ;
+-----------+------------+-------+-------+------------+-----------------+


----------------------------------------------
; Slow 1200mV 0C Model Metastability Summary ;
----------------------------------------------
No synchronizer chains to report.


+------------------------------------+
; Fast 1200mV 0C Model Setup Summary ;
+---------+--------+-----------------+
; Clock   ; Slack  ; End Point TNS   ;
+---------+--------+-----------------+
; Presetv ; -0.491 ; -2.745          ;
; Clockv  ; -0.487 ; -1.426          ;
; Clockv2 ; -0.474 ; -1.523          ;
+---------+--------+-----------------+


+-----------------------------------+
; Fast 1200mV 0C Model Hold Summary ;
+---------+-------+-----------------+
; Clock   ; Slack ; End Point TNS   ;
+---------+-------+-----------------+
; Presetv ; 0.236 ; 0.000           ;
; Clockv  ; 0.237 ; 0.000           ;
; Clockv2 ; 0.290 ; 0.000           ;
+---------+-------+-----------------+


-----------------------------------------
; Fast 1200mV 0C Model Recovery Summary ;
-----------------------------------------
No paths to report.


----------------------------------------
; Fast 1200mV 0C Model Removal Summary ;
----------------------------------------
No paths to report.


+--------------------------------------------------+
; Fast 1200mV 0C Model Minimum Pulse Width Summary ;
+---------+--------+-------------------------------+
; Clock   ; Slack  ; End Point TNS                 ;
+---------+--------+-------------------------------+
; Clockv2 ; -3.000 ; -7.244                        ;
; Clockv  ; -3.000 ; -7.240                        ;
; Presetv ; -3.000 ; -3.000                        ;
+---------+--------+-------------------------------+


+----------------------------------------------------------------------------------------------------------------------------+
; Fast 1200mV 0C Model Setup: 'Presetv'                                                                                      ;
+--------+----------------------+----------------------+--------------+-------------+--------------+------------+------------+
; Slack  ; From Node            ; To Node              ; Launch Clock ; Latch Clock ; Relationship ; Clock Skew ; Data Delay ;
+--------+----------------------+----------------------+--------------+-------------+--------------+------------+------------+
; -0.491 ; random:random1|Q[3]  ; random:random1|p[2]  ; Clockv       ; Presetv     ; 1.000        ; 0.033      ; 0.737      ;
; -0.450 ; random:random1|Q[1]  ; random:random1|p[2]  ; Clockv       ; Presetv     ; 1.000        ; 0.033      ; 0.696      ;
; -0.387 ; random:random1|Q[2]  ; random:random1|p[1]  ; Clockv       ; Presetv     ; 1.000        ; 0.062      ; 0.764      ;
; -0.344 ; random:random1|Q[2]  ; random:random1|p[2]  ; Clockv       ; Presetv     ; 1.000        ; 0.033      ; 0.590      ;
; -0.339 ; random2:random2|Q[2] ; random2:random2|p[3] ; Clockv2      ; Presetv     ; 1.000        ; 0.047      ; 0.691      ;
; -0.335 ; random2:random2|Q[1] ; random2:random2|p[0] ; Clockv2      ; Presetv     ; 1.000        ; 0.048      ; 0.685      ;
; -0.335 ; random2:random2|Q[0] ; random2:random2|p[2] ; Clockv2      ; Presetv     ; 1.000        ; 0.053      ; 0.691      ;
; -0.329 ; random2:random2|Q[0] ; random2:random2|p[3] ; Clockv2      ; Presetv     ; 1.000        ; 0.047      ; 0.681      ;
; -0.329 ; random2:random2|Q[3] ; random2:random2|p[2] ; Clockv2      ; Presetv     ; 1.000        ; 0.053      ; 0.685      ;
; -0.328 ; random:random1|Q[2]  ; random:random1|p[3]  ; Clockv       ; Presetv     ; 1.000        ; 0.006      ; 0.741      ;
; -0.310 ; random2:random2|Q[0] ; random2:random2|p[0] ; Clockv2      ; Presetv     ; 1.000        ; 0.048      ; 0.660      ;
; -0.308 ; random:random1|Q[3]  ; random:random1|p[1]  ; Clockv       ; Presetv     ; 1.000        ; 0.062      ; 0.685      ;
; -0.304 ; random2:random2|Q[0] ; random2:random2|p[1] ; Clockv2      ; Presetv     ; 1.000        ; 0.048      ; 0.684      ;
; -0.298 ; random2:random2|Q[2] ; random2:random2|p[1] ; Clockv2      ; Presetv     ; 1.000        ; 0.048      ; 0.678      ;
; -0.277 ; random:random1|Q[0]  ; random:random1|p[2]  ; Clockv       ; Presetv     ; 1.000        ; 0.033      ; 0.523      ;
; -0.267 ; random:random1|Q[3]  ; random:random1|p[3]  ; Clockv       ; Presetv     ; 1.000        ; 0.006      ; 0.680      ;
; -0.249 ; random2:random2|Q[3] ; random2:random2|p[3] ; Clockv2      ; Presetv     ; 1.000        ; 0.047      ; 0.601      ;
; -0.242 ; random2:random2|Q[2] ; random2:random2|p[2] ; Clockv2      ; Presetv     ; 1.000        ; 0.053      ; 0.598      ;
; -0.237 ; random2:random2|Q[2] ; random2:random2|p[0] ; Clockv2      ; Presetv     ; 1.000        ; 0.048      ; 0.587      ;
; -0.227 ; random2:random2|Q[3] ; random2:random2|p[0] ; Clockv2      ; Presetv     ; 1.000        ; 0.048      ; 0.577      ;
; -0.226 ; random:random1|Q[0]  ; random:random1|p[0]  ; Clockv       ; Presetv     ; 1.000        ; 0.004      ; 0.719      ;
; -0.220 ; random:random1|Q[1]  ; random:random1|p[1]  ; Clockv       ; Presetv     ; 1.000        ; 0.062      ; 0.597      ;
; -0.216 ; random2:random2|Q[3] ; random2:random2|p[1] ; Clockv2      ; Presetv     ; 1.000        ; 0.048      ; 0.596      ;
; -0.184 ; random:random1|Q[1]  ; random:random1|p[3]  ; Clockv       ; Presetv     ; 1.000        ; 0.006      ; 0.597      ;
; -0.176 ; random2:random2|Q[1] ; random2:random2|p[3] ; Clockv2      ; Presetv     ; 1.000        ; 0.047      ; 0.528      ;
; -0.175 ; random2:random2|Q[1] ; random2:random2|p[2] ; Clockv2      ; Presetv     ; 1.000        ; 0.053      ; 0.531      ;
; -0.148 ; random:random1|Q[3]  ; random:random1|p[0]  ; Clockv       ; Presetv     ; 1.000        ; 0.004      ; 0.641      ;
; -0.147 ; random:random1|Q[0]  ; random:random1|p[1]  ; Clockv       ; Presetv     ; 1.000        ; 0.062      ; 0.524      ;
; -0.140 ; random2:random2|Q[1] ; random2:random2|p[1] ; Clockv2      ; Presetv     ; 1.000        ; 0.048      ; 0.520      ;
; -0.111 ; random:random1|Q[0]  ; random:random1|p[3]  ; Clockv       ; Presetv     ; 1.000        ; 0.006      ; 0.524      ;
; -0.107 ; random:random1|Q[2]  ; random:random1|p[0]  ; Clockv       ; Presetv     ; 1.000        ; 0.004      ; 0.600      ;
; -0.105 ; random:random1|Q[1]  ; random:random1|p[0]  ; Clockv       ; Presetv     ; 1.000        ; 0.004      ; 0.598      ;
+--------+----------------------+----------------------+--------------+-------------+--------------+------------+------------+


+--------------------------------------------------------------------------------------------------------------------------+
; Fast 1200mV 0C Model Setup: 'Clockv'                                                                                     ;
+--------+---------------------+---------------------+--------------+-------------+--------------+------------+------------+
; Slack  ; From Node           ; To Node             ; Launch Clock ; Latch Clock ; Relationship ; Clock Skew ; Data Delay ;
+--------+---------------------+---------------------+--------------+-------------+--------------+------------+------------+
; -0.487 ; Presetv             ; random:random1|Q[3] ; Presetv      ; Clockv      ; 0.500        ; 1.600      ; 2.554      ;
; -0.379 ; Presetv             ; random:random1|Q[0] ; Presetv      ; Clockv      ; 0.500        ; 1.600      ; 2.446      ;
; -0.309 ; Presetv             ; random:random1|Q[1] ; Presetv      ; Clockv      ; 0.500        ; 1.600      ; 2.376      ;
; -0.251 ; Presetv             ; random:random1|Q[2] ; Presetv      ; Clockv      ; 0.500        ; 1.600      ; 2.318      ;
; -0.040 ; random:random1|Q[1] ; random:random1|Q[3] ; Clockv       ; Clockv      ; 1.000        ; -0.043     ; 0.984      ;
; 0.038  ; random:random1|Q[0] ; random:random1|Q[3] ; Clockv       ; Clockv      ; 1.000        ; -0.043     ; 0.906      ;
; 0.041  ; random:random1|Q[1] ; random:random1|Q[0] ; Clockv       ; Clockv      ; 1.000        ; -0.043     ; 0.903      ;
; 0.067  ; random:random1|Q[2] ; random:random1|Q[1] ; Clockv       ; Clockv      ; 1.000        ; -0.043     ; 0.877      ;
; 0.125  ; random:random1|Q[3] ; random:random1|Q[2] ; Clockv       ; Clockv      ; 1.000        ; -0.043     ; 0.819      ;
; 0.346  ; Presetv             ; random:random1|Q[3] ; Presetv      ; Clockv      ; 1.000        ; 1.600      ; 2.221      ;
; 0.352  ; Presetv             ; random:random1|Q[0] ; Presetv      ; Clockv      ; 1.000        ; 1.600      ; 2.215      ;
; 0.437  ; Presetv             ; random:random1|Q[1] ; Presetv      ; Clockv      ; 1.000        ; 1.600      ; 2.130      ;
; 0.471  ; Presetv             ; random:random1|Q[2] ; Presetv      ; Clockv      ; 1.000        ; 1.600      ; 2.096      ;
+--------+---------------------+---------------------+--------------+-------------+--------------+------------+------------+


+----------------------------------------------------------------------------------------------------------------------------+
; Fast 1200mV 0C Model Setup: 'Clockv2'                                                                                      ;
+--------+----------------------+----------------------+--------------+-------------+--------------+------------+------------+
; Slack  ; From Node            ; To Node              ; Launch Clock ; Latch Clock ; Relationship ; Clock Skew ; Data Delay ;
+--------+----------------------+----------------------+--------------+-------------+--------------+------------+------------+
; -0.474 ; Presetv              ; random2:random2|Q[1] ; Presetv      ; Clockv2     ; 0.500        ; 1.596      ; 2.537      ;
; -0.366 ; Presetv              ; random2:random2|Q[2] ; Presetv      ; Clockv2     ; 0.500        ; 1.596      ; 2.429      ;
; -0.362 ; Presetv              ; random2:random2|Q[3] ; Presetv      ; Clockv2     ; 0.500        ; 1.596      ; 2.425      ;
; -0.321 ; Presetv              ; random2:random2|Q[0] ; Presetv      ; Clockv2     ; 0.500        ; 1.596      ; 2.384      ;
; -0.045 ; random2:random2|Q[2] ; random2:random2|Q[1] ; Clockv2      ; Clockv2     ; 1.000        ; -0.043     ; 0.989      ;
; -0.026 ; random2:random2|Q[1] ; random2:random2|Q[3] ; Clockv2      ; Clockv2     ; 1.000        ; -0.043     ; 0.970      ;
; 0.047  ; random2:random2|Q[3] ; random2:random2|Q[2] ; Clockv2      ; Clockv2     ; 1.000        ; -0.043     ; 0.897      ;
; 0.126  ; random2:random2|Q[1] ; random2:random2|Q[0] ; Clockv2      ; Clockv2     ; 1.000        ; -0.043     ; 0.818      ;
; 0.131  ; random2:random2|Q[0] ; random2:random2|Q[3] ; Clockv2      ; Clockv2     ; 1.000        ; -0.043     ; 0.813      ;
; 0.352  ; Presetv              ; random2:random2|Q[1] ; Presetv      ; Clockv2     ; 1.000        ; 1.596      ; 2.211      ;
; 0.374  ; Presetv              ; random2:random2|Q[2] ; Presetv      ; Clockv2     ; 1.000        ; 1.596      ; 2.189      ;
; 0.375  ; Presetv              ; random2:random2|Q[3] ; Presetv      ; Clockv2     ; 1.000        ; 1.596      ; 2.188      ;
; 0.393  ; Presetv              ; random2:random2|Q[0] ; Presetv      ; Clockv2     ; 1.000        ; 1.596      ; 2.170      ;
+--------+----------------------+----------------------+--------------+-------------+--------------+------------+------------+


+---------------------------------------------------------------------------------------------------------------------------+
; Fast 1200mV 0C Model Hold: 'Presetv'                                                                                      ;
+-------+----------------------+----------------------+--------------+-------------+--------------+------------+------------+
; Slack ; From Node            ; To Node              ; Launch Clock ; Latch Clock ; Relationship ; Clock Skew ; Data Delay ;
+-------+----------------------+----------------------+--------------+-------------+--------------+------------+------------+
; 0.236 ; random:random1|Q[0]  ; random:random1|p[1]  ; Clockv       ; Presetv     ; 0.000        ; 0.181      ; 0.457      ;
; 0.245 ; random2:random2|Q[1] ; random2:random2|p[1] ; Clockv2      ; Presetv     ; 0.000        ; 0.168      ; 0.453      ;
; 0.249 ; random2:random2|Q[1] ; random2:random2|p[2] ; Clockv2      ; Presetv     ; 0.000        ; 0.171      ; 0.460      ;
; 0.250 ; random2:random2|Q[1] ; random2:random2|p[3] ; Clockv2      ; Presetv     ; 0.000        ; 0.167      ; 0.457      ;
; 0.265 ; random:random1|Q[0]  ; random:random1|p[2]  ; Clockv       ; Presetv     ; 0.000        ; 0.153      ; 0.458      ;
; 0.293 ; random:random1|Q[1]  ; random:random1|p[1]  ; Clockv       ; Presetv     ; 0.000        ; 0.181      ; 0.514      ;
; 0.296 ; random:random1|Q[0]  ; random:random1|p[3]  ; Clockv       ; Presetv     ; 0.000        ; 0.123      ; 0.459      ;
; 0.299 ; random2:random2|Q[2] ; random2:random2|p[0] ; Clockv2      ; Presetv     ; 0.000        ; 0.168      ; 0.507      ;
; 0.305 ; random2:random2|Q[2] ; random2:random2|p[2] ; Clockv2      ; Presetv     ; 0.000        ; 0.171      ; 0.516      ;
; 0.308 ; random2:random2|Q[3] ; random2:random2|p[1] ; Clockv2      ; Presetv     ; 0.000        ; 0.168      ; 0.516      ;
; 0.312 ; random2:random2|Q[3] ; random2:random2|p[3] ; Clockv2      ; Presetv     ; 0.000        ; 0.167      ; 0.519      ;
; 0.317 ; random2:random2|Q[3] ; random2:random2|p[0] ; Clockv2      ; Presetv     ; 0.000        ; 0.168      ; 0.525      ;
; 0.319 ; random:random1|Q[2]  ; random:random1|p[2]  ; Clockv       ; Presetv     ; 0.000        ; 0.153      ; 0.512      ;
; 0.342 ; random2:random2|Q[1] ; random2:random2|p[0] ; Clockv2      ; Presetv     ; 0.000        ; 0.168      ; 0.550      ;
; 0.343 ; random2:random2|Q[0] ; random2:random2|p[0] ; Clockv2      ; Presetv     ; 0.000        ; 0.168      ; 0.551      ;
; 0.345 ; random2:random2|Q[0] ; random2:random2|p[1] ; Clockv2      ; Presetv     ; 0.000        ; 0.168      ; 0.553      ;
; 0.345 ; random2:random2|Q[2] ; random2:random2|p[1] ; Clockv2      ; Presetv     ; 0.000        ; 0.168      ; 0.553      ;
; 0.346 ; random:random1|Q[3]  ; random:random1|p[1]  ; Clockv       ; Presetv     ; 0.000        ; 0.181      ; 0.567      ;
; 0.347 ; random2:random2|Q[0] ; random2:random2|p[2] ; Clockv2      ; Presetv     ; 0.000        ; 0.171      ; 0.558      ;
; 0.352 ; random:random1|Q[1]  ; random:random1|p[3]  ; Clockv       ; Presetv     ; 0.000        ; 0.123      ; 0.515      ;
; 0.354 ; random:random1|Q[1]  ; random:random1|p[0]  ; Clockv       ; Presetv     ; 0.000        ; 0.121      ; 0.515      ;
; 0.354 ; random2:random2|Q[3] ; random2:random2|p[2] ; Clockv2      ; Presetv     ; 0.000        ; 0.171      ; 0.565      ;
; 0.363 ; random:random1|Q[2]  ; random:random1|p[0]  ; Clockv       ; Presetv     ; 0.000        ; 0.121      ; 0.524      ;
; 0.366 ; random2:random2|Q[0] ; random2:random2|p[3] ; Clockv2      ; Presetv     ; 0.000        ; 0.167      ; 0.573      ;
; 0.369 ; random:random1|Q[1]  ; random:random1|p[2]  ; Clockv       ; Presetv     ; 0.000        ; 0.153      ; 0.562      ;
; 0.370 ; random2:random2|Q[2] ; random2:random2|p[3] ; Clockv2      ; Presetv     ; 0.000        ; 0.167      ; 0.577      ;
; 0.401 ; random:random1|Q[2]  ; random:random1|p[1]  ; Clockv       ; Presetv     ; 0.000        ; 0.181      ; 0.622      ;
; 0.418 ; random:random1|Q[3]  ; random:random1|p[0]  ; Clockv       ; Presetv     ; 0.000        ; 0.121      ; 0.579      ;
; 0.419 ; random:random1|Q[3]  ; random:random1|p[3]  ; Clockv       ; Presetv     ; 0.000        ; 0.123      ; 0.582      ;
; 0.420 ; random:random1|Q[3]  ; random:random1|p[2]  ; Clockv       ; Presetv     ; 0.000        ; 0.153      ; 0.613      ;
; 0.451 ; random:random1|Q[0]  ; random:random1|p[0]  ; Clockv       ; Presetv     ; 0.000        ; 0.121      ; 0.612      ;
; 0.480 ; random:random1|Q[2]  ; random:random1|p[3]  ; Clockv       ; Presetv     ; 0.000        ; 0.123      ; 0.643      ;
+-------+----------------------+----------------------+--------------+-------------+--------------+------------+------------+


+-------------------------------------------------------------------------------------------------------------------------+
; Fast 1200mV 0C Model Hold: 'Clockv'                                                                                     ;
+-------+---------------------+---------------------+--------------+-------------+--------------+------------+------------+
; Slack ; From Node           ; To Node             ; Launch Clock ; Latch Clock ; Relationship ; Clock Skew ; Data Delay ;
+-------+---------------------+---------------------+--------------+-------------+--------------+------------+------------+
; 0.237 ; Presetv             ; random:random1|Q[1] ; Presetv      ; Clockv      ; 0.000        ; 1.663      ; 2.024      ;
; 0.241 ; Presetv             ; random:random1|Q[2] ; Presetv      ; Clockv      ; 0.000        ; 1.663      ; 2.028      ;
; 0.287 ; Presetv             ; random:random1|Q[3] ; Presetv      ; Clockv      ; 0.000        ; 1.663      ; 2.074      ;
; 0.319 ; Presetv             ; random:random1|Q[0] ; Presetv      ; Clockv      ; 0.000        ; 1.663      ; 2.106      ;
; 0.590 ; random:random1|Q[3] ; random:random1|Q[2] ; Clockv       ; Clockv      ; 0.000        ; 0.043      ; 0.717      ;
; 0.609 ; random:random1|Q[0] ; random:random1|Q[3] ; Clockv       ; Clockv      ; 0.000        ; 0.043      ; 0.736      ;
; 0.638 ; random:random1|Q[2] ; random:random1|Q[1] ; Clockv       ; Clockv      ; 0.000        ; 0.043      ; 0.765      ;
; 0.663 ; random:random1|Q[1] ; random:random1|Q[0] ; Clockv       ; Clockv      ; 0.000        ; 0.043      ; 0.790      ;
; 0.668 ; random:random1|Q[1] ; random:random1|Q[3] ; Clockv       ; Clockv      ; 0.000        ; 0.043      ; 0.795      ;
; 0.968 ; Presetv             ; random:random1|Q[2] ; Presetv      ; Clockv      ; -0.500       ; 1.663      ; 2.255      ;
; 0.984 ; Presetv             ; random:random1|Q[1] ; Presetv      ; Clockv      ; -0.500       ; 1.663      ; 2.271      ;
; 1.051 ; Presetv             ; random:random1|Q[0] ; Presetv      ; Clockv      ; -0.500       ; 1.663      ; 2.338      ;
; 1.089 ; Presetv             ; random:random1|Q[3] ; Presetv      ; Clockv      ; -0.500       ; 1.663      ; 2.376      ;
+-------+---------------------+---------------------+--------------+-------------+--------------+------------+------------+


+---------------------------------------------------------------------------------------------------------------------------+
; Fast 1200mV 0C Model Hold: 'Clockv2'                                                                                      ;
+-------+----------------------+----------------------+--------------+-------------+--------------+------------+------------+
; Slack ; From Node            ; To Node              ; Launch Clock ; Latch Clock ; Relationship ; Clock Skew ; Data Delay ;
+-------+----------------------+----------------------+--------------+-------------+--------------+------------+------------+
; 0.290 ; Presetv              ; random2:random2|Q[3] ; Presetv      ; Clockv2     ; 0.000        ; 1.659      ; 2.073      ;
; 0.295 ; Presetv              ; random2:random2|Q[2] ; Presetv      ; Clockv2     ; 0.000        ; 1.659      ; 2.078      ;
; 0.314 ; Presetv              ; random2:random2|Q[0] ; Presetv      ; Clockv2     ; 0.000        ; 1.659      ; 2.097      ;
; 0.320 ; Presetv              ; random2:random2|Q[1] ; Presetv      ; Clockv2     ; 0.000        ; 1.659      ; 2.103      ;
; 0.583 ; random2:random2|Q[0] ; random2:random2|Q[3] ; Clockv2      ; Clockv2     ; 0.000        ; 0.043      ; 0.710      ;
; 0.584 ; random2:random2|Q[1] ; random2:random2|Q[0] ; Clockv2      ; Clockv2     ; 0.000        ; 0.043      ; 0.711      ;
; 0.660 ; random2:random2|Q[3] ; random2:random2|Q[2] ; Clockv2      ; Clockv2     ; 0.000        ; 0.043      ; 0.787      ;
; 0.714 ; random2:random2|Q[1] ; random2:random2|Q[3] ; Clockv2      ; Clockv2     ; 0.000        ; 0.043      ; 0.841      ;
; 0.734 ; random2:random2|Q[2] ; random2:random2|Q[1] ; Clockv2      ; Clockv2     ; 0.000        ; 0.043      ; 0.861      ;
; 1.033 ; Presetv              ; random2:random2|Q[3] ; Presetv      ; Clockv2     ; -0.500       ; 1.659      ; 2.316      ;
; 1.035 ; Presetv              ; random2:random2|Q[0] ; Presetv      ; Clockv2     ; -0.500       ; 1.659      ; 2.318      ;
; 1.047 ; Presetv              ; random2:random2|Q[2] ; Presetv      ; Clockv2     ; -0.500       ; 1.659      ; 2.330      ;
; 1.136 ; Presetv              ; random2:random2|Q[1] ; Presetv      ; Clockv2     ; -0.500       ; 1.659      ; 2.419      ;
+-------+----------------------+----------------------+--------------+-------------+--------------+------------+------------+


+------------------------------------------------------------------------------------------------------------------+
; Fast 1200mV 0C Model Minimum Pulse Width: 'Clockv2'                                                              ;
+--------+--------------+----------------+------------------+---------+------------+-------------------------------+
; Slack  ; Actual Width ; Required Width ; Type             ; Clock   ; Clock Edge ; Target                        ;
+--------+--------------+----------------+------------------+---------+------------+-------------------------------+
; -3.000 ; 1.000        ; 4.000          ; Port Rate        ; Clockv2 ; Rise       ; Clockv2                       ;
; -1.000 ; 1.000        ; 2.000          ; Min Period       ; Clockv2 ; Rise       ; random2:random2|Q[0]          ;
; -1.000 ; 1.000        ; 2.000          ; Min Period       ; Clockv2 ; Rise       ; random2:random2|Q[1]          ;
; -1.000 ; 1.000        ; 2.000          ; Min Period       ; Clockv2 ; Rise       ; random2:random2|Q[2]          ;
; -1.000 ; 1.000        ; 2.000          ; Min Period       ; Clockv2 ; Rise       ; random2:random2|Q[3]          ;
; -0.061 ; 0.123        ; 0.184          ; Low Pulse Width  ; Clockv2 ; Rise       ; random2:random2|Q[0]          ;
; -0.061 ; 0.123        ; 0.184          ; Low Pulse Width  ; Clockv2 ; Rise       ; random2:random2|Q[1]          ;
; -0.061 ; 0.123        ; 0.184          ; Low Pulse Width  ; Clockv2 ; Rise       ; random2:random2|Q[2]          ;
; -0.061 ; 0.123        ; 0.184          ; Low Pulse Width  ; Clockv2 ; Rise       ; random2:random2|Q[3]          ;
; 0.118  ; 0.118        ; 0.000          ; Low Pulse Width  ; Clockv2 ; Rise       ; random2|Q[0]|clk              ;
; 0.118  ; 0.118        ; 0.000          ; Low Pulse Width  ; Clockv2 ; Rise       ; random2|Q[1]|clk              ;
; 0.118  ; 0.118        ; 0.000          ; Low Pulse Width  ; Clockv2 ; Rise       ; random2|Q[2]|clk              ;
; 0.118  ; 0.118        ; 0.000          ; Low Pulse Width  ; Clockv2 ; Rise       ; random2|Q[3]|clk              ;
; 0.120  ; 0.120        ; 0.000          ; Low Pulse Width  ; Clockv2 ; Rise       ; Clockv2~input|o               ;
; 0.133  ; 0.133        ; 0.000          ; Low Pulse Width  ; Clockv2 ; Rise       ; Clockv2~inputclkctrl|inclk[0] ;
; 0.133  ; 0.133        ; 0.000          ; Low Pulse Width  ; Clockv2 ; Rise       ; Clockv2~inputclkctrl|outclk   ;
; 0.500  ; 0.500        ; 0.000          ; High Pulse Width ; Clockv2 ; Rise       ; Clockv2~input|i               ;
; 0.500  ; 0.500        ; 0.000          ; Low Pulse Width  ; Clockv2 ; Rise       ; Clockv2~input|i               ;
; 0.660  ; 0.876        ; 0.216          ; High Pulse Width ; Clockv2 ; Rise       ; random2:random2|Q[0]          ;
; 0.660  ; 0.876        ; 0.216          ; High Pulse Width ; Clockv2 ; Rise       ; random2:random2|Q[1]          ;
; 0.660  ; 0.876        ; 0.216          ; High Pulse Width ; Clockv2 ; Rise       ; random2:random2|Q[2]          ;
; 0.660  ; 0.876        ; 0.216          ; High Pulse Width ; Clockv2 ; Rise       ; random2:random2|Q[3]          ;
; 0.866  ; 0.866        ; 0.000          ; High Pulse Width ; Clockv2 ; Rise       ; Clockv2~inputclkctrl|inclk[0] ;
; 0.866  ; 0.866        ; 0.000          ; High Pulse Width ; Clockv2 ; Rise       ; Clockv2~inputclkctrl|outclk   ;
; 0.880  ; 0.880        ; 0.000          ; High Pulse Width ; Clockv2 ; Rise       ; Clockv2~input|o               ;
; 0.881  ; 0.881        ; 0.000          ; High Pulse Width ; Clockv2 ; Rise       ; random2|Q[0]|clk              ;
; 0.881  ; 0.881        ; 0.000          ; High Pulse Width ; Clockv2 ; Rise       ; random2|Q[1]|clk              ;
; 0.881  ; 0.881        ; 0.000          ; High Pulse Width ; Clockv2 ; Rise       ; random2|Q[2]|clk              ;
; 0.881  ; 0.881        ; 0.000          ; High Pulse Width ; Clockv2 ; Rise       ; random2|Q[3]|clk              ;
+--------+--------------+----------------+------------------+---------+------------+-------------------------------+


+----------------------------------------------------------------------------------------------------------------+
; Fast 1200mV 0C Model Minimum Pulse Width: 'Clockv'                                                             ;
+--------+--------------+----------------+------------------+--------+------------+------------------------------+
; Slack  ; Actual Width ; Required Width ; Type             ; Clock  ; Clock Edge ; Target                       ;
+--------+--------------+----------------+------------------+--------+------------+------------------------------+
; -3.000 ; 1.000        ; 4.000          ; Port Rate        ; Clockv ; Rise       ; Clockv                       ;
; -1.000 ; 1.000        ; 2.000          ; Min Period       ; Clockv ; Rise       ; random:random1|Q[0]          ;
; -1.000 ; 1.000        ; 2.000          ; Min Period       ; Clockv ; Rise       ; random:random1|Q[1]          ;
; -1.000 ; 1.000        ; 2.000          ; Min Period       ; Clockv ; Rise       ; random:random1|Q[2]          ;
; -1.000 ; 1.000        ; 2.000          ; Min Period       ; Clockv ; Rise       ; random:random1|Q[3]          ;
; -0.060 ; 0.124        ; 0.184          ; Low Pulse Width  ; Clockv ; Rise       ; random:random1|Q[0]          ;
; -0.060 ; 0.124        ; 0.184          ; Low Pulse Width  ; Clockv ; Rise       ; random:random1|Q[1]          ;
; -0.060 ; 0.124        ; 0.184          ; Low Pulse Width  ; Clockv ; Rise       ; random:random1|Q[2]          ;
; -0.060 ; 0.124        ; 0.184          ; Low Pulse Width  ; Clockv ; Rise       ; random:random1|Q[3]          ;
; 0.119  ; 0.119        ; 0.000          ; Low Pulse Width  ; Clockv ; Rise       ; random1|Q[0]|clk             ;
; 0.119  ; 0.119        ; 0.000          ; Low Pulse Width  ; Clockv ; Rise       ; random1|Q[1]|clk             ;
; 0.119  ; 0.119        ; 0.000          ; Low Pulse Width  ; Clockv ; Rise       ; random1|Q[2]|clk             ;
; 0.119  ; 0.119        ; 0.000          ; Low Pulse Width  ; Clockv ; Rise       ; random1|Q[3]|clk             ;
; 0.120  ; 0.120        ; 0.000          ; Low Pulse Width  ; Clockv ; Rise       ; Clockv~input|o               ;
; 0.133  ; 0.133        ; 0.000          ; Low Pulse Width  ; Clockv ; Rise       ; Clockv~inputclkctrl|inclk[0] ;
; 0.133  ; 0.133        ; 0.000          ; Low Pulse Width  ; Clockv ; Rise       ; Clockv~inputclkctrl|outclk   ;
; 0.500  ; 0.500        ; 0.000          ; High Pulse Width ; Clockv ; Rise       ; Clockv~input|i               ;
; 0.500  ; 0.500        ; 0.000          ; Low Pulse Width  ; Clockv ; Rise       ; Clockv~input|i               ;
; 0.659  ; 0.875        ; 0.216          ; High Pulse Width ; Clockv ; Rise       ; random:random1|Q[0]          ;
; 0.659  ; 0.875        ; 0.216          ; High Pulse Width ; Clockv ; Rise       ; random:random1|Q[1]          ;
; 0.659  ; 0.875        ; 0.216          ; High Pulse Width ; Clockv ; Rise       ; random:random1|Q[2]          ;
; 0.659  ; 0.875        ; 0.216          ; High Pulse Width ; Clockv ; Rise       ; random:random1|Q[3]          ;
; 0.866  ; 0.866        ; 0.000          ; High Pulse Width ; Clockv ; Rise       ; Clockv~inputclkctrl|inclk[0] ;
; 0.866  ; 0.866        ; 0.000          ; High Pulse Width ; Clockv ; Rise       ; Clockv~inputclkctrl|outclk   ;
; 0.880  ; 0.880        ; 0.000          ; High Pulse Width ; Clockv ; Rise       ; Clockv~input|o               ;
; 0.880  ; 0.880        ; 0.000          ; High Pulse Width ; Clockv ; Rise       ; random1|Q[0]|clk             ;
; 0.880  ; 0.880        ; 0.000          ; High Pulse Width ; Clockv ; Rise       ; random1|Q[1]|clk             ;
; 0.880  ; 0.880        ; 0.000          ; High Pulse Width ; Clockv ; Rise       ; random1|Q[2]|clk             ;
; 0.880  ; 0.880        ; 0.000          ; High Pulse Width ; Clockv ; Rise       ; random1|Q[3]|clk             ;
+--------+--------------+----------------+------------------+--------+------------+------------------------------+


+------------------------------------------------------------------------------------------------------------------+
; Fast 1200mV 0C Model Minimum Pulse Width: 'Presetv'                                                              ;
+--------+--------------+----------------+------------------+---------+------------+-------------------------------+
; Slack  ; Actual Width ; Required Width ; Type             ; Clock   ; Clock Edge ; Target                        ;
+--------+--------------+----------------+------------------+---------+------------+-------------------------------+
; -3.000 ; 1.000        ; 4.000          ; Port Rate        ; Presetv ; Rise       ; Presetv                       ;
; 0.076  ; 0.076        ; 0.000          ; Low Pulse Width  ; Presetv ; Rise       ; random2:random2|p[0]          ;
; 0.076  ; 0.076        ; 0.000          ; Low Pulse Width  ; Presetv ; Rise       ; random2:random2|p[1]          ;
; 0.076  ; 0.076        ; 0.000          ; Low Pulse Width  ; Presetv ; Rise       ; random2:random2|p[3]          ;
; 0.080  ; 0.080        ; 0.000          ; Low Pulse Width  ; Presetv ; Rise       ; random:random1|p[2]           ;
; 0.083  ; 0.083        ; 0.000          ; Low Pulse Width  ; Presetv ; Rise       ; random2|p[0]|dataa            ;
; 0.083  ; 0.083        ; 0.000          ; Low Pulse Width  ; Presetv ; Rise       ; random2|p[1]|dataa            ;
; 0.083  ; 0.083        ; 0.000          ; Low Pulse Width  ; Presetv ; Rise       ; random2|p[3]|dataa            ;
; 0.086  ; 0.086        ; 0.000          ; Low Pulse Width  ; Presetv ; Rise       ; random:random1|p[1]           ;
; 0.087  ; 0.087        ; 0.000          ; Low Pulse Width  ; Presetv ; Rise       ; random1|p[2]|dataa            ;
; 0.088  ; 0.088        ; 0.000          ; Low Pulse Width  ; Presetv ; Rise       ; random1|p[1]|datab            ;
; 0.088  ; 0.088        ; 0.000          ; Low Pulse Width  ; Presetv ; Rise       ; random2:random2|p[2]          ;
; 0.090  ; 0.090        ; 0.000          ; Low Pulse Width  ; Presetv ; Rise       ; random1|p[3]|datac            ;
; 0.090  ; 0.090        ; 0.000          ; Low Pulse Width  ; Presetv ; Rise       ; random2|p[2]|datab            ;
; 0.091  ; 0.091        ; 0.000          ; Low Pulse Width  ; Presetv ; Rise       ; random1|p[0]|datac            ;
; 0.096  ; 0.096        ; 0.000          ; Low Pulse Width  ; Presetv ; Rise       ; random:random1|p[3]           ;
; 0.097  ; 0.097        ; 0.000          ; Low Pulse Width  ; Presetv ; Rise       ; random:random1|p[0]           ;
; 0.120  ; 0.120        ; 0.000          ; Low Pulse Width  ; Presetv ; Rise       ; Presetv~input|o               ;
; 0.133  ; 0.133        ; 0.000          ; Low Pulse Width  ; Presetv ; Rise       ; Presetv~inputclkctrl|inclk[0] ;
; 0.133  ; 0.133        ; 0.000          ; Low Pulse Width  ; Presetv ; Rise       ; Presetv~inputclkctrl|outclk   ;
; 0.500  ; 0.500        ; 0.000          ; High Pulse Width ; Presetv ; Rise       ; Presetv~input|i               ;
; 0.500  ; 0.500        ; 0.000          ; Low Pulse Width  ; Presetv ; Rise       ; Presetv~input|i               ;
; 0.866  ; 0.866        ; 0.000          ; High Pulse Width ; Presetv ; Rise       ; Presetv~inputclkctrl|inclk[0] ;
; 0.866  ; 0.866        ; 0.000          ; High Pulse Width ; Presetv ; Rise       ; Presetv~inputclkctrl|outclk   ;
; 0.880  ; 0.880        ; 0.000          ; High Pulse Width ; Presetv ; Rise       ; Presetv~input|o               ;
; 0.902  ; 0.902        ; 0.000          ; High Pulse Width ; Presetv ; Rise       ; random:random1|p[0]           ;
; 0.903  ; 0.903        ; 0.000          ; High Pulse Width ; Presetv ; Rise       ; random:random1|p[3]           ;
; 0.908  ; 0.908        ; 0.000          ; High Pulse Width ; Presetv ; Rise       ; random1|p[0]|datac            ;
; 0.909  ; 0.909        ; 0.000          ; High Pulse Width ; Presetv ; Rise       ; random1|p[3]|datac            ;
; 0.909  ; 0.909        ; 0.000          ; High Pulse Width ; Presetv ; Rise       ; random2:random2|p[2]          ;
; 0.909  ; 0.909        ; 0.000          ; High Pulse Width ; Presetv ; Rise       ; random2|p[2]|datab            ;
; 0.911  ; 0.911        ; 0.000          ; High Pulse Width ; Presetv ; Rise       ; random1|p[1]|datab            ;
; 0.911  ; 0.911        ; 0.000          ; High Pulse Width ; Presetv ; Rise       ; random:random1|p[1]           ;
; 0.912  ; 0.912        ; 0.000          ; High Pulse Width ; Presetv ; Rise       ; random1|p[2]|dataa            ;
; 0.916  ; 0.916        ; 0.000          ; High Pulse Width ; Presetv ; Rise       ; random2|p[0]|dataa            ;
; 0.916  ; 0.916        ; 0.000          ; High Pulse Width ; Presetv ; Rise       ; random2|p[1]|dataa            ;
; 0.916  ; 0.916        ; 0.000          ; High Pulse Width ; Presetv ; Rise       ; random2|p[3]|dataa            ;
; 0.918  ; 0.918        ; 0.000          ; High Pulse Width ; Presetv ; Rise       ; random:random1|p[2]           ;
; 0.922  ; 0.922        ; 0.000          ; High Pulse Width ; Presetv ; Rise       ; random2:random2|p[0]          ;
; 0.922  ; 0.922        ; 0.000          ; High Pulse Width ; Presetv ; Rise       ; random2:random2|p[1]          ;
; 0.922  ; 0.922        ; 0.000          ; High Pulse Width ; Presetv ; Rise       ; random2:random2|p[3]          ;
+--------+--------------+----------------+------------------+---------+------------+-------------------------------+


+-----------------------------------------------------------------------+
; Setup Times                                                           ;
+-----------+------------+-------+-------+------------+-----------------+
; Data Port ; Clock Port ; Rise  ; Fall  ; Clock Edge ; Clock Reference ;
+-----------+------------+-------+-------+------------+-----------------+
; Presetv   ; Clockv     ; 0.614 ; 0.947 ; Rise       ; Clockv          ;
; Presetv   ; Clockv2    ; 0.608 ; 0.934 ; Rise       ; Clockv2         ;
+-----------+------------+-------+-------+------------+-----------------+


+-------------------------------------------------------------------------+
; Hold Times                                                              ;
+-----------+------------+--------+--------+------------+-----------------+
; Data Port ; Clock Port ; Rise   ; Fall   ; Clock Edge ; Clock Reference ;
+-----------+------------+--------+--------+------------+-----------------+
; Presetv   ; Clockv     ; -0.277 ; -0.508 ; Rise       ; Clockv          ;
; Presetv   ; Clockv2    ; -0.330 ; -0.573 ; Rise       ; Clockv2         ;
+-----------+------------+--------+--------+------------+-----------------+


+-----------------------------------------------------------------------+
; Clock to Output Times                                                 ;
+-----------+------------+-------+-------+------------+-----------------+
; Data Port ; Clock Port ; Rise  ; Fall  ; Clock Edge ; Clock Reference ;
+-----------+------------+-------+-------+------------+-----------------+
; pv[*]     ; Presetv    ; 3.791 ; 3.861 ; Rise       ; Presetv         ;
;  pv[0]    ; Presetv    ; 3.743 ; 3.796 ; Rise       ; Presetv         ;
;  pv[1]    ; Presetv    ; 3.791 ; 3.861 ; Rise       ; Presetv         ;
;  pv[2]    ; Presetv    ; 3.651 ; 3.713 ; Rise       ; Presetv         ;
;  pv[3]    ; Presetv    ; 3.694 ; 3.764 ; Rise       ; Presetv         ;
; pv2[*]    ; Presetv    ; 4.539 ; 4.650 ; Rise       ; Presetv         ;
;  pv2[0]   ; Presetv    ; 4.539 ; 4.650 ; Rise       ; Presetv         ;
;  pv2[1]   ; Presetv    ; 3.933 ; 4.028 ; Rise       ; Presetv         ;
;  pv2[2]   ; Presetv    ; 3.787 ; 3.856 ; Rise       ; Presetv         ;
;  pv2[3]   ; Presetv    ; 3.733 ; 3.809 ; Rise       ; Presetv         ;
; segv[*]   ; Presetv    ; 4.338 ; 4.332 ; Rise       ; Presetv         ;
;  segv[0]  ; Presetv    ; 4.283 ; 4.206 ; Rise       ; Presetv         ;
;  segv[1]  ; Presetv    ; 4.311 ; 4.265 ; Rise       ; Presetv         ;
;  segv[2]  ; Presetv    ; 4.250 ; 4.332 ; Rise       ; Presetv         ;
;  segv[3]  ; Presetv    ; 4.328 ; 4.286 ; Rise       ; Presetv         ;
;  segv[4]  ; Presetv    ; 4.173 ; 4.192 ; Rise       ; Presetv         ;
;  segv[5]  ; Presetv    ; 4.136 ; 4.184 ; Rise       ; Presetv         ;
;  segv[6]  ; Presetv    ; 4.338 ; 4.290 ; Rise       ; Presetv         ;
; segv2[*]  ; Presetv    ; 4.515 ; 4.557 ; Rise       ; Presetv         ;
;  segv2[0] ; Presetv    ; 4.122 ; 4.097 ; Rise       ; Presetv         ;
;  segv2[1] ; Presetv    ; 4.321 ; 4.269 ; Rise       ; Presetv         ;
;  segv2[2] ; Presetv    ; 4.216 ; 4.303 ; Rise       ; Presetv         ;
;  segv2[3] ; Presetv    ; 4.048 ; 4.042 ; Rise       ; Presetv         ;
;  segv2[4] ; Presetv    ; 4.417 ; 4.453 ; Rise       ; Presetv         ;
;  segv2[5] ; Presetv    ; 4.515 ; 4.557 ; Rise       ; Presetv         ;
;  segv2[6] ; Presetv    ; 4.471 ; 4.433 ; Rise       ; Presetv         ;
+-----------+------------+-------+-------+------------+-----------------+


+-----------------------------------------------------------------------+
; Minimum Clock to Output Times                                         ;
+-----------+------------+-------+-------+------------+-----------------+
; Data Port ; Clock Port ; Rise  ; Fall  ; Clock Edge ; Clock Reference ;
+-----------+------------+-------+-------+------------+-----------------+
; pv[*]     ; Presetv    ; 3.540 ; 3.600 ; Rise       ; Presetv         ;
;  pv[0]    ; Presetv    ; 3.627 ; 3.678 ; Rise       ; Presetv         ;
;  pv[1]    ; Presetv    ; 3.677 ; 3.746 ; Rise       ; Presetv         ;
;  pv[2]    ; Presetv    ; 3.540 ; 3.600 ; Rise       ; Presetv         ;
;  pv[3]    ; Presetv    ; 3.584 ; 3.652 ; Rise       ; Presetv         ;
; pv2[*]    ; Presetv    ; 3.620 ; 3.694 ; Rise       ; Presetv         ;
;  pv2[0]   ; Presetv    ; 4.426 ; 4.535 ; Rise       ; Presetv         ;
;  pv2[1]   ; Presetv    ; 3.812 ; 3.905 ; Rise       ; Presetv         ;
;  pv2[2]   ; Presetv    ; 3.674 ; 3.741 ; Rise       ; Presetv         ;
;  pv2[3]   ; Presetv    ; 3.620 ; 3.694 ; Rise       ; Presetv         ;
; segv[*]   ; Presetv    ; 3.773 ; 3.810 ; Rise       ; Presetv         ;
;  segv[0]  ; Presetv    ; 3.939 ; 3.877 ; Rise       ; Presetv         ;
;  segv[1]  ; Presetv    ; 3.853 ; 3.810 ; Rise       ; Presetv         ;
;  segv[2]  ; Presetv    ; 3.916 ; 4.007 ; Rise       ; Presetv         ;
;  segv[3]  ; Presetv    ; 3.855 ; 3.810 ; Rise       ; Presetv         ;
;  segv[4]  ; Presetv    ; 3.775 ; 3.873 ; Rise       ; Presetv         ;
;  segv[5]  ; Presetv    ; 3.773 ; 3.817 ; Rise       ; Presetv         ;
;  segv[6]  ; Presetv    ; 3.854 ; 3.871 ; Rise       ; Presetv         ;
; segv2[*]  ; Presetv    ; 3.624 ; 3.600 ; Rise       ; Presetv         ;
;  segv2[0] ; Presetv    ; 3.727 ; 3.654 ; Rise       ; Presetv         ;
;  segv2[1] ; Presetv    ; 3.888 ; 3.819 ; Rise       ; Presetv         ;
;  segv2[2] ; Presetv    ; 3.794 ; 3.861 ; Rise       ; Presetv         ;
;  segv2[3] ; Presetv    ; 3.624 ; 3.600 ; Rise       ; Presetv         ;
;  segv2[4] ; Presetv    ; 3.902 ; 4.007 ; Rise       ; Presetv         ;
;  segv2[5] ; Presetv    ; 3.987 ; 4.031 ; Rise       ; Presetv         ;
;  segv2[6] ; Presetv    ; 3.960 ; 3.918 ; Rise       ; Presetv         ;
+-----------+------------+-------+-------+------------+-----------------+


----------------------------------------------
; Fast 1200mV 0C Model Metastability Summary ;
----------------------------------------------
No synchronizer chains to report.


+-------------------------------------------------------------------------------+
; Multicorner Timing Analysis Summary                                           ;
+------------------+---------+-------+----------+---------+---------------------+
; Clock            ; Setup   ; Hold  ; Recovery ; Removal ; Minimum Pulse Width ;
+------------------+---------+-------+----------+---------+---------------------+
; Worst-case Slack ; -1.975  ; 0.236 ; N/A      ; N/A     ; -3.000              ;
;  Clockv          ; -1.104  ; 0.237 ; N/A      ; N/A     ; -3.000              ;
;  Clockv2         ; -1.136  ; 0.290 ; N/A      ; N/A     ; -3.000              ;
;  Presetv         ; -1.975  ; 0.236 ; N/A      ; N/A     ; -3.000              ;
; Design-wide TNS  ; -21.414 ; 0.0   ; 0.0      ; 0.0     ; -19.28              ;
;  Clockv          ; -3.835  ; 0.000 ; N/A      ; N/A     ; -8.140              ;
;  Clockv2         ; -4.074  ; 0.000 ; N/A      ; N/A     ; -8.140              ;
;  Presetv         ; -13.505 ; 0.000 ; N/A      ; N/A     ; -3.000              ;
+------------------+---------+-------+----------+---------+---------------------+


+-----------------------------------------------------------------------+
; Setup Times                                                           ;
+-----------+------------+-------+-------+------------+-----------------+
; Data Port ; Clock Port ; Rise  ; Fall  ; Clock Edge ; Clock Reference ;
+-----------+------------+-------+-------+------------+-----------------+
; Presetv   ; Clockv     ; 1.373 ; 1.563 ; Rise       ; Clockv          ;
; Presetv   ; Clockv2    ; 1.340 ; 1.526 ; Rise       ; Clockv2         ;
+-----------+------------+-------+-------+------------+-----------------+


+-------------------------------------------------------------------------+
; Hold Times                                                              ;
+-----------+------------+--------+--------+------------+-----------------+
; Data Port ; Clock Port ; Rise   ; Fall   ; Clock Edge ; Clock Reference ;
+-----------+------------+--------+--------+------------+-----------------+
; Presetv   ; Clockv     ; -0.277 ; -0.508 ; Rise       ; Clockv          ;
; Presetv   ; Clockv2    ; -0.330 ; -0.573 ; Rise       ; Clockv2         ;
+-----------+------------+--------+--------+------------+-----------------+


+-----------------------------------------------------------------------+
; Clock to Output Times                                                 ;
+-----------+------------+-------+-------+------------+-----------------+
; Data Port ; Clock Port ; Rise  ; Fall  ; Clock Edge ; Clock Reference ;
+-----------+------------+-------+-------+------------+-----------------+
; pv[*]     ; Presetv    ; 7.095 ; 7.054 ; Rise       ; Presetv         ;
;  pv[0]    ; Presetv    ; 7.089 ; 6.998 ; Rise       ; Presetv         ;
;  pv[1]    ; Presetv    ; 7.095 ; 7.054 ; Rise       ; Presetv         ;
;  pv[2]    ; Presetv    ; 6.882 ; 6.832 ; Rise       ; Presetv         ;
;  pv[3]    ; Presetv    ; 6.901 ; 6.867 ; Rise       ; Presetv         ;
; pv2[*]    ; Presetv    ; 8.181 ; 8.245 ; Rise       ; Presetv         ;
;  pv2[0]   ; Presetv    ; 8.181 ; 8.245 ; Rise       ; Presetv         ;
;  pv2[1]   ; Presetv    ; 7.431 ; 7.354 ; Rise       ; Presetv         ;
;  pv2[2]   ; Presetv    ; 7.144 ; 7.074 ; Rise       ; Presetv         ;
;  pv2[3]   ; Presetv    ; 6.978 ; 6.946 ; Rise       ; Presetv         ;
; segv[*]   ; Presetv    ; 8.044 ; 8.074 ; Rise       ; Presetv         ;
;  segv[0]  ; Presetv    ; 7.908 ; 7.968 ; Rise       ; Presetv         ;
;  segv[1]  ; Presetv    ; 8.001 ; 8.044 ; Rise       ; Presetv         ;
;  segv[2]  ; Presetv    ; 8.044 ; 7.973 ; Rise       ; Presetv         ;
;  segv[3]  ; Presetv    ; 8.029 ; 8.057 ; Rise       ; Presetv         ;
;  segv[4]  ; Presetv    ; 7.857 ; 7.813 ; Rise       ; Presetv         ;
;  segv[5]  ; Presetv    ; 7.799 ; 7.770 ; Rise       ; Presetv         ;
;  segv[6]  ; Presetv    ; 8.028 ; 8.074 ; Rise       ; Presetv         ;
; segv2[*]  ; Presetv    ; 8.498 ; 8.424 ; Rise       ; Presetv         ;
;  segv2[0] ; Presetv    ; 7.692 ; 7.722 ; Rise       ; Presetv         ;
;  segv2[1] ; Presetv    ; 8.035 ; 8.069 ; Rise       ; Presetv         ;
;  segv2[2] ; Presetv    ; 8.003 ; 7.996 ; Rise       ; Presetv         ;
;  segv2[3] ; Presetv    ; 7.601 ; 7.631 ; Rise       ; Presetv         ;
;  segv2[4] ; Presetv    ; 8.302 ; 8.251 ; Rise       ; Presetv         ;
;  segv2[5] ; Presetv    ; 8.498 ; 8.424 ; Rise       ; Presetv         ;
;  segv2[6] ; Presetv    ; 8.274 ; 8.321 ; Rise       ; Presetv         ;
+-----------+------------+-------+-------+------------+-----------------+


+-----------------------------------------------------------------------+
; Minimum Clock to Output Times                                         ;
+-----------+------------+-------+-------+------------+-----------------+
; Data Port ; Clock Port ; Rise  ; Fall  ; Clock Edge ; Clock Reference ;
+-----------+------------+-------+-------+------------+-----------------+
; pv[*]     ; Presetv    ; 3.540 ; 3.600 ; Rise       ; Presetv         ;
;  pv[0]    ; Presetv    ; 3.627 ; 3.678 ; Rise       ; Presetv         ;
;  pv[1]    ; Presetv    ; 3.677 ; 3.746 ; Rise       ; Presetv         ;
;  pv[2]    ; Presetv    ; 3.540 ; 3.600 ; Rise       ; Presetv         ;
;  pv[3]    ; Presetv    ; 3.584 ; 3.652 ; Rise       ; Presetv         ;
; pv2[*]    ; Presetv    ; 3.620 ; 3.694 ; Rise       ; Presetv         ;
;  pv2[0]   ; Presetv    ; 4.426 ; 4.535 ; Rise       ; Presetv         ;
;  pv2[1]   ; Presetv    ; 3.812 ; 3.905 ; Rise       ; Presetv         ;
;  pv2[2]   ; Presetv    ; 3.674 ; 3.741 ; Rise       ; Presetv         ;
;  pv2[3]   ; Presetv    ; 3.620 ; 3.694 ; Rise       ; Presetv         ;
; segv[*]   ; Presetv    ; 3.773 ; 3.810 ; Rise       ; Presetv         ;
;  segv[0]  ; Presetv    ; 3.939 ; 3.877 ; Rise       ; Presetv         ;
;  segv[1]  ; Presetv    ; 3.853 ; 3.810 ; Rise       ; Presetv         ;
;  segv[2]  ; Presetv    ; 3.916 ; 4.007 ; Rise       ; Presetv         ;
;  segv[3]  ; Presetv    ; 3.855 ; 3.810 ; Rise       ; Presetv         ;
;  segv[4]  ; Presetv    ; 3.775 ; 3.873 ; Rise       ; Presetv         ;
;  segv[5]  ; Presetv    ; 3.773 ; 3.817 ; Rise       ; Presetv         ;
;  segv[6]  ; Presetv    ; 3.854 ; 3.871 ; Rise       ; Presetv         ;
; segv2[*]  ; Presetv    ; 3.624 ; 3.600 ; Rise       ; Presetv         ;
;  segv2[0] ; Presetv    ; 3.727 ; 3.654 ; Rise       ; Presetv         ;
;  segv2[1] ; Presetv    ; 3.888 ; 3.819 ; Rise       ; Presetv         ;
;  segv2[2] ; Presetv    ; 3.794 ; 3.861 ; Rise       ; Presetv         ;
;  segv2[3] ; Presetv    ; 3.624 ; 3.600 ; Rise       ; Presetv         ;
;  segv2[4] ; Presetv    ; 3.902 ; 4.007 ; Rise       ; Presetv         ;
;  segv2[5] ; Presetv    ; 3.987 ; 4.031 ; Rise       ; Presetv         ;
;  segv2[6] ; Presetv    ; 3.960 ; 3.918 ; Rise       ; Presetv         ;
+-----------+------------+-------+-------+------------+-----------------+


+------------------------------------------------------------------------------------------------------------------------------------------------------------------------------------------------------------------------------------------------------------------------------------------------------------------------------------------------------------------------------------------------------------------+
; Board Trace Model Assignments                                                                                                                                                                                                                                                                                                                                                                                    ;
+---------------+--------------+-------------------+-------------------------+-------------------------+---------------+---------------------+----------------+------------------+--------+------------------+------------------------+------------------------+--------------+---------------+-----------------+-------+---------------------+--------------------+---------------+-----------------+-------------+
; Pin           ; I/O Standard ; Near Tline Length ; Near Tline L per Length ; Near Tline C per Length ; Near Series R ; Near Differential R ; Near Pull-up R ; Near Pull-down R ; Near C ; Far Tline Length ; Far Tline L per Length ; Far Tline C per Length ; Far Series R ; Far Pull-up R ; Far Pull-down R ; Far C ; Termination Voltage ; Far Differential R ; EBD File Name ; EBD Signal Name ; EBD Far-end ;
+---------------+--------------+-------------------+-------------------------+-------------------------+---------------+---------------------+----------------+------------------+--------+------------------+------------------------+------------------------+--------------+---------------+-----------------+-------+---------------------+--------------------+---------------+-----------------+-------------+
; Qv[0]         ; 2.5 V        ; 0 in              ; 0 H/in                  ; 0 F/in                  ; short         ; -                   ; open           ; open             ; open   ; 0 in             ; 0 H/in                 ; 0 F/in                 ; short        ; open          ; open            ; open  ; 0 V                 ; -                  ; n/a           ; n/a             ; n/a         ;
; Qv[1]         ; 2.5 V        ; 0 in              ; 0 H/in                  ; 0 F/in                  ; short         ; -                   ; open           ; open             ; open   ; 0 in             ; 0 H/in                 ; 0 F/in                 ; short        ; open          ; open            ; open  ; 0 V                 ; -                  ; n/a           ; n/a             ; n/a         ;
; Qv[2]         ; 2.5 V        ; 0 in              ; 0 H/in                  ; 0 F/in                  ; short         ; -                   ; open           ; open             ; open   ; 0 in             ; 0 H/in                 ; 0 F/in                 ; short        ; open          ; open            ; open  ; 0 V                 ; -                  ; n/a           ; n/a             ; n/a         ;
; Qv[3]         ; 2.5 V        ; 0 in              ; 0 H/in                  ; 0 F/in                  ; short         ; -                   ; open           ; open             ; open   ; 0 in             ; 0 H/in                 ; 0 F/in                 ; short        ; open          ; open            ; open  ; 0 V                 ; -                  ; n/a           ; n/a             ; n/a         ;
; Qv[4]         ; 2.5 V        ; 0 in              ; 0 H/in                  ; 0 F/in                  ; short         ; -                   ; open           ; open             ; open   ; 0 in             ; 0 H/in                 ; 0 F/in                 ; short        ; open          ; open            ; open  ; 0 V                 ; -                  ; n/a           ; n/a             ; n/a         ;
; pv[0]         ; 2.5 V        ; 0 in              ; 0 H/in                  ; 0 F/in                  ; short         ; -                   ; open           ; open             ; open   ; 0 in             ; 0 H/in                 ; 0 F/in                 ; short        ; open          ; open            ; open  ; 0 V                 ; -                  ; n/a           ; n/a             ; n/a         ;
; pv[1]         ; 2.5 V        ; 0 in              ; 0 H/in                  ; 0 F/in                  ; short         ; -                   ; open           ; open             ; open   ; 0 in             ; 0 H/in                 ; 0 F/in                 ; short        ; open          ; open            ; open  ; 0 V                 ; -                  ; n/a           ; n/a             ; n/a         ;
; pv[2]         ; 2.5 V        ; 0 in              ; 0 H/in                  ; 0 F/in                  ; short         ; -                   ; open           ; open             ; open   ; 0 in             ; 0 H/in                 ; 0 F/in                 ; short        ; open          ; open            ; open  ; 0 V                 ; -                  ; n/a           ; n/a             ; n/a         ;
; pv[3]         ; 2.5 V        ; 0 in              ; 0 H/in                  ; 0 F/in                  ; short         ; -                   ; open           ; open             ; open   ; 0 in             ; 0 H/in                 ; 0 F/in                 ; short        ; open          ; open            ; open  ; 0 V                 ; -                  ; n/a           ; n/a             ; n/a         ;
; pv2[0]        ; 2.5 V        ; 0 in              ; 0 H/in                  ; 0 F/in                  ; short         ; -                   ; open           ; open             ; open   ; 0 in             ; 0 H/in                 ; 0 F/in                 ; short        ; open          ; open            ; open  ; 0 V                 ; -                  ; n/a           ; n/a             ; n/a         ;
; pv2[1]        ; 2.5 V        ; 0 in              ; 0 H/in                  ; 0 F/in                  ; short         ; -                   ; open           ; open             ; open   ; 0 in             ; 0 H/in                 ; 0 F/in                 ; short        ; open          ; open            ; open  ; 0 V                 ; -                  ; n/a           ; n/a             ; n/a         ;
; pv2[2]        ; 2.5 V        ; 0 in              ; 0 H/in                  ; 0 F/in                  ; short         ; -                   ; open           ; open             ; open   ; 0 in             ; 0 H/in                 ; 0 F/in                 ; short        ; open          ; open            ; open  ; 0 V                 ; -                  ; n/a           ; n/a             ; n/a         ;
; pv2[3]        ; 2.5 V        ; 0 in              ; 0 H/in                  ; 0 F/in                  ; short         ; -                   ; open           ; open             ; open   ; 0 in             ; 0 H/in                 ; 0 F/in                 ; short        ; open          ; open            ; open  ; 0 V                 ; -                  ; n/a           ; n/a             ; n/a         ;
; bcdv[0]       ; 2.5 V        ; 0 in              ; 0 H/in                  ; 0 F/in                  ; short         ; -                   ; open           ; open             ; open   ; 0 in             ; 0 H/in                 ; 0 F/in                 ; short        ; open          ; open            ; open  ; 0 V                 ; -                  ; n/a           ; n/a             ; n/a         ;
; bcdv[1]       ; 2.5 V        ; 0 in              ; 0 H/in                  ; 0 F/in                  ; short         ; -                   ; open           ; open             ; open   ; 0 in             ; 0 H/in                 ; 0 F/in                 ; short        ; open          ; open            ; open  ; 0 V                 ; -                  ; n/a           ; n/a             ; n/a         ;
; bcdv[2]       ; 2.5 V        ; 0 in              ; 0 H/in                  ; 0 F/in                  ; short         ; -                   ; open           ; open             ; open   ; 0 in             ; 0 H/in                 ; 0 F/in                 ; short        ; open          ; open            ; open  ; 0 V                 ; -                  ; n/a           ; n/a             ; n/a         ;
; bcdv[3]       ; 2.5 V        ; 0 in              ; 0 H/in                  ; 0 F/in                  ; short         ; -                   ; open           ; open             ; open   ; 0 in             ; 0 H/in                 ; 0 F/in                 ; short        ; open          ; open            ; open  ; 0 V                 ; -                  ; n/a           ; n/a             ; n/a         ;
; bcdv[4]       ; 2.5 V        ; 0 in              ; 0 H/in                  ; 0 F/in                  ; short         ; -                   ; open           ; open             ; open   ; 0 in             ; 0 H/in                 ; 0 F/in                 ; short        ; open          ; open            ; open  ; 0 V                 ; -                  ; n/a           ; n/a             ; n/a         ;
; bcdv[5]       ; 2.5 V        ; 0 in              ; 0 H/in                  ; 0 F/in                  ; short         ; -                   ; open           ; open             ; open   ; 0 in             ; 0 H/in                 ; 0 F/in                 ; short        ; open          ; open            ; open  ; 0 V                 ; -                  ; n/a           ; n/a             ; n/a         ;
; bcdv[6]       ; 2.5 V        ; 0 in              ; 0 H/in                  ; 0 F/in                  ; short         ; -                   ; open           ; open             ; open   ; 0 in             ; 0 H/in                 ; 0 F/in                 ; short        ; open          ; open            ; open  ; 0 V                 ; -                  ; n/a           ; n/a             ; n/a         ;
; bcdv[7]       ; 2.5 V        ; 0 in              ; 0 H/in                  ; 0 F/in                  ; short         ; -                   ; open           ; open             ; open   ; 0 in             ; 0 H/in                 ; 0 F/in                 ; short        ; open          ; open            ; open  ; 0 V                 ; -                  ; n/a           ; n/a             ; n/a         ;
; segv[0]       ; 2.5 V        ; 0 in              ; 0 H/in                  ; 0 F/in                  ; short         ; -                   ; open           ; open             ; open   ; 0 in             ; 0 H/in                 ; 0 F/in                 ; short        ; open          ; open            ; open  ; 0 V                 ; -                  ; n/a           ; n/a             ; n/a         ;
; segv[1]       ; 2.5 V        ; 0 in              ; 0 H/in                  ; 0 F/in                  ; short         ; -                   ; open           ; open             ; open   ; 0 in             ; 0 H/in                 ; 0 F/in                 ; short        ; open          ; open            ; open  ; 0 V                 ; -                  ; n/a           ; n/a             ; n/a         ;
; segv[2]       ; 2.5 V        ; 0 in              ; 0 H/in                  ; 0 F/in                  ; short         ; -                   ; open           ; open             ; open   ; 0 in             ; 0 H/in                 ; 0 F/in                 ; short        ; open          ; open            ; open  ; 0 V                 ; -                  ; n/a           ; n/a             ; n/a         ;
; segv[3]       ; 2.5 V        ; 0 in              ; 0 H/in                  ; 0 F/in                  ; short         ; -                   ; open           ; open             ; open   ; 0 in             ; 0 H/in                 ; 0 F/in                 ; short        ; open          ; open            ; open  ; 0 V                 ; -                  ; n/a           ; n/a             ; n/a         ;
; segv[4]       ; 2.5 V        ; 0 in              ; 0 H/in                  ; 0 F/in                  ; short         ; -                   ; open           ; open             ; open   ; 0 in             ; 0 H/in                 ; 0 F/in                 ; short        ; open          ; open            ; open  ; 0 V                 ; -                  ; n/a           ; n/a             ; n/a         ;
; segv[5]       ; 2.5 V        ; 0 in              ; 0 H/in                  ; 0 F/in                  ; short         ; -                   ; open           ; open             ; open   ; 0 in             ; 0 H/in                 ; 0 F/in                 ; short        ; open          ; open            ; open  ; 0 V                 ; -                  ; n/a           ; n/a             ; n/a         ;
; segv[6]       ; 2.5 V        ; 0 in              ; 0 H/in                  ; 0 F/in                  ; short         ; -                   ; open           ; open             ; open   ; 0 in             ; 0 H/in                 ; 0 F/in                 ; short        ; open          ; open            ; open  ; 0 V                 ; -                  ; n/a           ; n/a             ; n/a         ;
; segv2[0]      ; 2.5 V        ; 0 in              ; 0 H/in                  ; 0 F/in                  ; short         ; -                   ; open           ; open             ; open   ; 0 in             ; 0 H/in                 ; 0 F/in                 ; short        ; open          ; open            ; open  ; 0 V                 ; -                  ; n/a           ; n/a             ; n/a         ;
; segv2[1]      ; 2.5 V        ; 0 in              ; 0 H/in                  ; 0 F/in                  ; short         ; -                   ; open           ; open             ; open   ; 0 in             ; 0 H/in                 ; 0 F/in                 ; short        ; open          ; open            ; open  ; 0 V                 ; -                  ; n/a           ; n/a             ; n/a         ;
; segv2[2]      ; 2.5 V        ; 0 in              ; 0 H/in                  ; 0 F/in                  ; short         ; -                   ; open           ; open             ; open   ; 0 in             ; 0 H/in                 ; 0 F/in                 ; short        ; open          ; open            ; open  ; 0 V                 ; -                  ; n/a           ; n/a             ; n/a         ;
; segv2[3]      ; 2.5 V        ; 0 in              ; 0 H/in                  ; 0 F/in                  ; short         ; -                   ; open           ; open             ; open   ; 0 in             ; 0 H/in                 ; 0 F/in                 ; short        ; open          ; open            ; open  ; 0 V                 ; -                  ; n/a           ; n/a             ; n/a         ;
; segv2[4]      ; 2.5 V        ; 0 in              ; 0 H/in                  ; 0 F/in                  ; short         ; -                   ; open           ; open             ; open   ; 0 in             ; 0 H/in                 ; 0 F/in                 ; short        ; open          ; open            ; open  ; 0 V                 ; -                  ; n/a           ; n/a             ; n/a         ;
; segv2[5]      ; 2.5 V        ; 0 in              ; 0 H/in                  ; 0 F/in                  ; short         ; -                   ; open           ; open             ; open   ; 0 in             ; 0 H/in                 ; 0 F/in                 ; short        ; open          ; open            ; open  ; 0 V                 ; -                  ; n/a           ; n/a             ; n/a         ;
; segv2[6]      ; 2.5 V        ; 0 in              ; 0 H/in                  ; 0 F/in                  ; short         ; -                   ; open           ; open             ; open   ; 0 in             ; 0 H/in                 ; 0 F/in                 ; short        ; open          ; open            ; open  ; 0 V                 ; -                  ; n/a           ; n/a             ; n/a         ;
; ~ALTERA_DCLK~ ; 2.5 V        ; 0 in              ; 0 H/in                  ; 0 F/in                  ; short         ; -                   ; open           ; open             ; open   ; 0 in             ; 0 H/in                 ; 0 F/in                 ; short        ; open          ; open            ; open  ; 0 V                 ; -                  ; n/a           ; n/a             ; n/a         ;
; ~ALTERA_nCEO~ ; 2.5 V        ; 0 in              ; 0 H/in                  ; 0 F/in                  ; short         ; -                   ; open           ; open             ; open   ; 0 in             ; 0 H/in                 ; 0 F/in                 ; short        ; open          ; open            ; open  ; 0 V                 ; -                  ; n/a           ; n/a             ; n/a         ;
+---------------+--------------+-------------------+-------------------------+-------------------------+---------------+---------------------+----------------+------------------+--------+------------------+------------------------+------------------------+--------------+---------------+-----------------+-------+---------------------+--------------------+---------------+-----------------+-------------+


+----------------------------------------------------------------------------+
; Input Transition Times                                                     ;
+-------------------------+--------------+-----------------+-----------------+
; Pin                     ; I/O Standard ; 10-90 Rise Time ; 90-10 Fall Time ;
+-------------------------+--------------+-----------------+-----------------+
; binv[0]                 ; 2.5 V        ; 2000 ps         ; 2000 ps         ;
; binv[1]                 ; 2.5 V        ; 2000 ps         ; 2000 ps         ;
; binv[2]                 ; 2.5 V        ; 2000 ps         ; 2000 ps         ;
; binv[3]                 ; 2.5 V        ; 2000 ps         ; 2000 ps         ;
; binv[4]                 ; 2.5 V        ; 2000 ps         ; 2000 ps         ;
; bcd1v[0]                ; 2.5 V        ; 2000 ps         ; 2000 ps         ;
; bcd1v[1]                ; 2.5 V        ; 2000 ps         ; 2000 ps         ;
; bcd1v[2]                ; 2.5 V        ; 2000 ps         ; 2000 ps         ;
; bcd1v[3]                ; 2.5 V        ; 2000 ps         ; 2000 ps         ;
; Presetv                 ; 2.5 V        ; 2000 ps         ; 2000 ps         ;
; Clockv                  ; 2.5 V        ; 2000 ps         ; 2000 ps         ;
; Clockv2                 ; 2.5 V        ; 2000 ps         ; 2000 ps         ;
; ~ALTERA_ASDO_DATA1~     ; 2.5 V        ; 2000 ps         ; 2000 ps         ;
; ~ALTERA_FLASH_nCE_nCSO~ ; 2.5 V        ; 2000 ps         ; 2000 ps         ;
; ~ALTERA_DATA0~          ; 2.5 V        ; 2000 ps         ; 2000 ps         ;
+-------------------------+--------------+-----------------+-----------------+


+--------------------------------------------------------------------------------------------------------------------------------------------------------------------------------------------------------------------------------------------------------------------------------------------------------------------------------------------------------------------------------------------------------------------------------------------------------------------------------------------------------------------------------------------------------------------------------------------------------------------------------------------------------------------------------------------+
; Signal Integrity Metrics (Slow 1200mv 0c Model)                                                                                                                                                                                                                                                                                                                                                                                                                                                                                                                                                                                                                                            ;
+---------------+--------------+---------------------+---------------------+------------------------------+------------------------------+---------------------+---------------------+--------------------------------------+--------------------------------------+-----------------------------+-----------------------------+----------------------------+----------------------------+-----------------------------+-----------------------------+--------------------+--------------------+-------------------------------------+-------------------------------------+----------------------------+----------------------------+---------------------------+---------------------------+
; Pin           ; I/O Standard ; Board Delay on Rise ; Board Delay on Fall ; Steady State Voh at FPGA Pin ; Steady State Vol at FPGA Pin ; Voh Max at FPGA Pin ; Vol Min at FPGA Pin ; Ringback Voltage on Rise at FPGA Pin ; Ringback Voltage on Fall at FPGA Pin ; 10-90 Rise Time at FPGA Pin ; 90-10 Fall Time at FPGA Pin ; Monotonic Rise at FPGA Pin ; Monotonic Fall at FPGA Pin ; Steady State Voh at Far-end ; Steady State Vol at Far-end ; Voh Max at Far-end ; Vol Min at Far-end ; Ringback Voltage on Rise at Far-end ; Ringback Voltage on Fall at Far-end ; 10-90 Rise Time at Far-end ; 90-10 Fall Time at Far-end ; Monotonic Rise at Far-end ; Monotonic Fall at Far-end ;
+---------------+--------------+---------------------+---------------------+------------------------------+------------------------------+---------------------+---------------------+--------------------------------------+--------------------------------------+-----------------------------+-----------------------------+----------------------------+----------------------------+-----------------------------+-----------------------------+--------------------+--------------------+-------------------------------------+-------------------------------------+----------------------------+----------------------------+---------------------------+---------------------------+
; Qv[0]         ; 2.5 V        ; 0 s                 ; 0 s                 ; 2.32 V                       ; 4.49e-09 V                   ; 2.38 V              ; -0.00552 V          ; 0.096 V                              ; 0.019 V                              ; 4.18e-10 s                  ; 3.59e-10 s                  ; No                         ; Yes                        ; 2.32 V                      ; 4.49e-09 V                  ; 2.38 V             ; -0.00552 V         ; 0.096 V                             ; 0.019 V                             ; 4.18e-10 s                 ; 3.59e-10 s                 ; No                        ; Yes                       ;
; Qv[1]         ; 2.5 V        ; 0 s                 ; 0 s                 ; 2.32 V                       ; 3.07e-09 V                   ; 2.37 V              ; -0.00994 V          ; 0.186 V                              ; 0.028 V                              ; 4.98e-10 s                  ; 4.96e-10 s                  ; Yes                        ; Yes                        ; 2.32 V                      ; 3.07e-09 V                  ; 2.37 V             ; -0.00994 V         ; 0.186 V                             ; 0.028 V                             ; 4.98e-10 s                 ; 4.96e-10 s                 ; Yes                       ; Yes                       ;
; Qv[2]         ; 2.5 V        ; 0 s                 ; 0 s                 ; 2.32 V                       ; 4.49e-09 V                   ; 2.38 V              ; -0.00552 V          ; 0.096 V                              ; 0.019 V                              ; 4.18e-10 s                  ; 3.59e-10 s                  ; No                         ; Yes                        ; 2.32 V                      ; 4.49e-09 V                  ; 2.38 V             ; -0.00552 V         ; 0.096 V                             ; 0.019 V                             ; 4.18e-10 s                 ; 3.59e-10 s                 ; No                        ; Yes                       ;
; Qv[3]         ; 2.5 V        ; 0 s                 ; 0 s                 ; 2.32 V                       ; 4.49e-09 V                   ; 2.38 V              ; -0.00552 V          ; 0.096 V                              ; 0.019 V                              ; 4.18e-10 s                  ; 3.59e-10 s                  ; No                         ; Yes                        ; 2.32 V                      ; 4.49e-09 V                  ; 2.38 V             ; -0.00552 V         ; 0.096 V                             ; 0.019 V                             ; 4.18e-10 s                 ; 3.59e-10 s                 ; No                        ; Yes                       ;
; Qv[4]         ; 2.5 V        ; 0 s                 ; 0 s                 ; 2.32 V                       ; 4.49e-09 V                   ; 2.38 V              ; -0.00552 V          ; 0.096 V                              ; 0.019 V                              ; 4.18e-10 s                  ; 3.59e-10 s                  ; No                         ; Yes                        ; 2.32 V                      ; 4.49e-09 V                  ; 2.38 V             ; -0.00552 V         ; 0.096 V                             ; 0.019 V                             ; 4.18e-10 s                 ; 3.59e-10 s                 ; No                        ; Yes                       ;
; pv[0]         ; 2.5 V        ; 0 s                 ; 0 s                 ; 2.32 V                       ; 3.07e-09 V                   ; 2.38 V              ; -0.0144 V           ; 0.227 V                              ; 0.024 V                              ; 3.14e-10 s                  ; 3.39e-10 s                  ; Yes                        ; Yes                        ; 2.32 V                      ; 3.07e-09 V                  ; 2.38 V             ; -0.0144 V          ; 0.227 V                             ; 0.024 V                             ; 3.14e-10 s                 ; 3.39e-10 s                 ; Yes                       ; Yes                       ;
; pv[1]         ; 2.5 V        ; 0 s                 ; 0 s                 ; 2.32 V                       ; 3.07e-09 V                   ; 2.37 V              ; -0.00994 V          ; 0.186 V                              ; 0.028 V                              ; 4.98e-10 s                  ; 4.96e-10 s                  ; Yes                        ; Yes                        ; 2.32 V                      ; 3.07e-09 V                  ; 2.37 V             ; -0.00994 V         ; 0.186 V                             ; 0.028 V                             ; 4.98e-10 s                 ; 4.96e-10 s                 ; Yes                       ; Yes                       ;
; pv[2]         ; 2.5 V        ; 0 s                 ; 0 s                 ; 2.32 V                       ; 3.07e-09 V                   ; 2.37 V              ; -0.00994 V          ; 0.186 V                              ; 0.028 V                              ; 4.98e-10 s                  ; 4.96e-10 s                  ; Yes                        ; Yes                        ; 2.32 V                      ; 3.07e-09 V                  ; 2.37 V             ; -0.00994 V         ; 0.186 V                             ; 0.028 V                             ; 4.98e-10 s                 ; 4.96e-10 s                 ; Yes                       ; Yes                       ;
; pv[3]         ; 2.5 V        ; 0 s                 ; 0 s                 ; 2.32 V                       ; 3.07e-09 V                   ; 2.37 V              ; -0.00994 V          ; 0.186 V                              ; 0.028 V                              ; 4.98e-10 s                  ; 4.96e-10 s                  ; Yes                        ; Yes                        ; 2.32 V                      ; 3.07e-09 V                  ; 2.37 V             ; -0.00994 V         ; 0.186 V                             ; 0.028 V                             ; 4.98e-10 s                 ; 4.96e-10 s                 ; Yes                       ; Yes                       ;
; pv2[0]        ; 2.5 V        ; 0 s                 ; 0 s                 ; 2.32 V                       ; 3.07e-09 V                   ; 2.33 V              ; -0.00496 V          ; 0.223 V                              ; 0.086 V                              ; 2.9e-09 s                   ; 2.73e-09 s                  ; Yes                        ; Yes                        ; 2.32 V                      ; 3.07e-09 V                  ; 2.33 V             ; -0.00496 V         ; 0.223 V                             ; 0.086 V                             ; 2.9e-09 s                  ; 2.73e-09 s                 ; Yes                       ; Yes                       ;
; pv2[1]        ; 2.5 V        ; 0 s                 ; 0 s                 ; 2.32 V                       ; 3.07e-09 V                   ; 2.37 V              ; -0.00994 V          ; 0.186 V                              ; 0.028 V                              ; 4.98e-10 s                  ; 4.96e-10 s                  ; Yes                        ; Yes                        ; 2.32 V                      ; 3.07e-09 V                  ; 2.37 V             ; -0.00994 V         ; 0.186 V                             ; 0.028 V                             ; 4.98e-10 s                 ; 4.96e-10 s                 ; Yes                       ; Yes                       ;
; pv2[2]        ; 2.5 V        ; 0 s                 ; 0 s                 ; 2.32 V                       ; 3.07e-09 V                   ; 2.37 V              ; -0.00994 V          ; 0.186 V                              ; 0.028 V                              ; 4.98e-10 s                  ; 4.96e-10 s                  ; Yes                        ; Yes                        ; 2.32 V                      ; 3.07e-09 V                  ; 2.37 V             ; -0.00994 V         ; 0.186 V                             ; 0.028 V                             ; 4.98e-10 s                 ; 4.96e-10 s                 ; Yes                       ; Yes                       ;
; pv2[3]        ; 2.5 V        ; 0 s                 ; 0 s                 ; 2.32 V                       ; 3.07e-09 V                   ; 2.37 V              ; -0.00994 V          ; 0.186 V                              ; 0.028 V                              ; 4.98e-10 s                  ; 4.96e-10 s                  ; Yes                        ; Yes                        ; 2.32 V                      ; 3.07e-09 V                  ; 2.37 V             ; -0.00994 V         ; 0.186 V                             ; 0.028 V                             ; 4.98e-10 s                 ; 4.96e-10 s                 ; Yes                       ; Yes                       ;
; bcdv[0]       ; 2.5 V        ; 0 s                 ; 0 s                 ; 2.32 V                       ; 4.49e-09 V                   ; 2.38 V              ; -0.00552 V          ; 0.096 V                              ; 0.019 V                              ; 4.18e-10 s                  ; 3.59e-10 s                  ; No                         ; Yes                        ; 2.32 V                      ; 4.49e-09 V                  ; 2.38 V             ; -0.00552 V         ; 0.096 V                             ; 0.019 V                             ; 4.18e-10 s                 ; 3.59e-10 s                 ; No                        ; Yes                       ;
; bcdv[1]       ; 2.5 V        ; 0 s                 ; 0 s                 ; 2.32 V                       ; 3.07e-09 V                   ; 2.37 V              ; -0.00994 V          ; 0.186 V                              ; 0.028 V                              ; 4.98e-10 s                  ; 4.96e-10 s                  ; Yes                        ; Yes                        ; 2.32 V                      ; 3.07e-09 V                  ; 2.37 V             ; -0.00994 V         ; 0.186 V                             ; 0.028 V                             ; 4.98e-10 s                 ; 4.96e-10 s                 ; Yes                       ; Yes                       ;
; bcdv[2]       ; 2.5 V        ; 0 s                 ; 0 s                 ; 2.32 V                       ; 4.49e-09 V                   ; 2.38 V              ; -0.00552 V          ; 0.096 V                              ; 0.019 V                              ; 4.18e-10 s                  ; 3.59e-10 s                  ; No                         ; Yes                        ; 2.32 V                      ; 4.49e-09 V                  ; 2.38 V             ; -0.00552 V         ; 0.096 V                             ; 0.019 V                             ; 4.18e-10 s                 ; 3.59e-10 s                 ; No                        ; Yes                       ;
; bcdv[3]       ; 2.5 V        ; 0 s                 ; 0 s                 ; 2.32 V                       ; 4.49e-09 V                   ; 2.38 V              ; -0.00552 V          ; 0.096 V                              ; 0.019 V                              ; 4.18e-10 s                  ; 3.59e-10 s                  ; No                         ; Yes                        ; 2.32 V                      ; 4.49e-09 V                  ; 2.38 V             ; -0.00552 V         ; 0.096 V                             ; 0.019 V                             ; 4.18e-10 s                 ; 3.59e-10 s                 ; No                        ; Yes                       ;
; bcdv[4]       ; 2.5 V        ; 0 s                 ; 0 s                 ; 2.32 V                       ; 3.07e-09 V                   ; 2.37 V              ; -0.00994 V          ; 0.186 V                              ; 0.028 V                              ; 4.98e-10 s                  ; 4.96e-10 s                  ; Yes                        ; Yes                        ; 2.32 V                      ; 3.07e-09 V                  ; 2.37 V             ; -0.00994 V         ; 0.186 V                             ; 0.028 V                             ; 4.98e-10 s                 ; 4.96e-10 s                 ; Yes                       ; Yes                       ;
; bcdv[5]       ; 2.5 V        ; 0 s                 ; 0 s                 ; 2.32 V                       ; 4.49e-09 V                   ; 2.38 V              ; -0.00552 V          ; 0.096 V                              ; 0.019 V                              ; 4.18e-10 s                  ; 3.59e-10 s                  ; No                         ; Yes                        ; 2.32 V                      ; 4.49e-09 V                  ; 2.38 V             ; -0.00552 V         ; 0.096 V                             ; 0.019 V                             ; 4.18e-10 s                 ; 3.59e-10 s                 ; No                        ; Yes                       ;
; bcdv[6]       ; 2.5 V        ; 0 s                 ; 0 s                 ; 2.32 V                       ; 4.49e-09 V                   ; 2.38 V              ; -0.00552 V          ; 0.096 V                              ; 0.019 V                              ; 4.18e-10 s                  ; 3.59e-10 s                  ; No                         ; Yes                        ; 2.32 V                      ; 4.49e-09 V                  ; 2.38 V             ; -0.00552 V         ; 0.096 V                             ; 0.019 V                             ; 4.18e-10 s                 ; 3.59e-10 s                 ; No                        ; Yes                       ;
; bcdv[7]       ; 2.5 V        ; 0 s                 ; 0 s                 ; 2.32 V                       ; 3.07e-09 V                   ; 2.37 V              ; -0.00994 V          ; 0.186 V                              ; 0.028 V                              ; 4.98e-10 s                  ; 4.96e-10 s                  ; Yes                        ; Yes                        ; 2.32 V                      ; 3.07e-09 V                  ; 2.37 V             ; -0.00994 V         ; 0.186 V                             ; 0.028 V                             ; 4.98e-10 s                 ; 4.96e-10 s                 ; Yes                       ; Yes                       ;
; segv[0]       ; 2.5 V        ; 0 s                 ; 0 s                 ; 2.32 V                       ; 3.07e-09 V                   ; 2.37 V              ; -0.00994 V          ; 0.186 V                              ; 0.028 V                              ; 4.98e-10 s                  ; 4.96e-10 s                  ; Yes                        ; Yes                        ; 2.32 V                      ; 3.07e-09 V                  ; 2.37 V             ; -0.00994 V         ; 0.186 V                             ; 0.028 V                             ; 4.98e-10 s                 ; 4.96e-10 s                 ; Yes                       ; Yes                       ;
; segv[1]       ; 2.5 V        ; 0 s                 ; 0 s                 ; 2.32 V                       ; 3.07e-09 V                   ; 2.37 V              ; -0.00994 V          ; 0.186 V                              ; 0.028 V                              ; 4.98e-10 s                  ; 4.96e-10 s                  ; Yes                        ; Yes                        ; 2.32 V                      ; 3.07e-09 V                  ; 2.37 V             ; -0.00994 V         ; 0.186 V                             ; 0.028 V                             ; 4.98e-10 s                 ; 4.96e-10 s                 ; Yes                       ; Yes                       ;
; segv[2]       ; 2.5 V        ; 0 s                 ; 0 s                 ; 2.32 V                       ; 3.07e-09 V                   ; 2.37 V              ; -0.00994 V          ; 0.186 V                              ; 0.028 V                              ; 4.98e-10 s                  ; 4.96e-10 s                  ; Yes                        ; Yes                        ; 2.32 V                      ; 3.07e-09 V                  ; 2.37 V             ; -0.00994 V         ; 0.186 V                             ; 0.028 V                             ; 4.98e-10 s                 ; 4.96e-10 s                 ; Yes                       ; Yes                       ;
; segv[3]       ; 2.5 V        ; 0 s                 ; 0 s                 ; 2.32 V                       ; 3.07e-09 V                   ; 2.37 V              ; -0.00994 V          ; 0.186 V                              ; 0.028 V                              ; 4.98e-10 s                  ; 4.96e-10 s                  ; Yes                        ; Yes                        ; 2.32 V                      ; 3.07e-09 V                  ; 2.37 V             ; -0.00994 V         ; 0.186 V                             ; 0.028 V                             ; 4.98e-10 s                 ; 4.96e-10 s                 ; Yes                       ; Yes                       ;
; segv[4]       ; 2.5 V        ; 0 s                 ; 0 s                 ; 2.32 V                       ; 3.07e-09 V                   ; 2.37 V              ; -0.00994 V          ; 0.186 V                              ; 0.028 V                              ; 4.98e-10 s                  ; 4.96e-10 s                  ; Yes                        ; Yes                        ; 2.32 V                      ; 3.07e-09 V                  ; 2.37 V             ; -0.00994 V         ; 0.186 V                             ; 0.028 V                             ; 4.98e-10 s                 ; 4.96e-10 s                 ; Yes                       ; Yes                       ;
; segv[5]       ; 2.5 V        ; 0 s                 ; 0 s                 ; 2.32 V                       ; 3.07e-09 V                   ; 2.37 V              ; -0.00994 V          ; 0.186 V                              ; 0.028 V                              ; 4.98e-10 s                  ; 4.96e-10 s                  ; Yes                        ; Yes                        ; 2.32 V                      ; 3.07e-09 V                  ; 2.37 V             ; -0.00994 V         ; 0.186 V                             ; 0.028 V                             ; 4.98e-10 s                 ; 4.96e-10 s                 ; Yes                       ; Yes                       ;
; segv[6]       ; 2.5 V        ; 0 s                 ; 0 s                 ; 2.32 V                       ; 3.07e-09 V                   ; 2.37 V              ; -0.00994 V          ; 0.186 V                              ; 0.028 V                              ; 4.98e-10 s                  ; 4.96e-10 s                  ; Yes                        ; Yes                        ; 2.32 V                      ; 3.07e-09 V                  ; 2.37 V             ; -0.00994 V         ; 0.186 V                             ; 0.028 V                             ; 4.98e-10 s                 ; 4.96e-10 s                 ; Yes                       ; Yes                       ;
; segv2[0]      ; 2.5 V        ; 0 s                 ; 0 s                 ; 2.32 V                       ; 3.07e-09 V                   ; 2.37 V              ; -0.00994 V          ; 0.186 V                              ; 0.028 V                              ; 4.98e-10 s                  ; 4.96e-10 s                  ; Yes                        ; Yes                        ; 2.32 V                      ; 3.07e-09 V                  ; 2.37 V             ; -0.00994 V         ; 0.186 V                             ; 0.028 V                             ; 4.98e-10 s                 ; 4.96e-10 s                 ; Yes                       ; Yes                       ;
; segv2[1]      ; 2.5 V        ; 0 s                 ; 0 s                 ; 2.32 V                       ; 3.07e-09 V                   ; 2.37 V              ; -0.00994 V          ; 0.186 V                              ; 0.028 V                              ; 4.98e-10 s                  ; 4.96e-10 s                  ; Yes                        ; Yes                        ; 2.32 V                      ; 3.07e-09 V                  ; 2.37 V             ; -0.00994 V         ; 0.186 V                             ; 0.028 V                             ; 4.98e-10 s                 ; 4.96e-10 s                 ; Yes                       ; Yes                       ;
; segv2[2]      ; 2.5 V        ; 0 s                 ; 0 s                 ; 2.32 V                       ; 3.07e-09 V                   ; 2.37 V              ; -0.00994 V          ; 0.186 V                              ; 0.028 V                              ; 4.98e-10 s                  ; 4.96e-10 s                  ; Yes                        ; Yes                        ; 2.32 V                      ; 3.07e-09 V                  ; 2.37 V             ; -0.00994 V         ; 0.186 V                             ; 0.028 V                             ; 4.98e-10 s                 ; 4.96e-10 s                 ; Yes                       ; Yes                       ;
; segv2[3]      ; 2.5 V        ; 0 s                 ; 0 s                 ; 2.32 V                       ; 3.07e-09 V                   ; 2.38 V              ; -0.0144 V           ; 0.227 V                              ; 0.024 V                              ; 3.14e-10 s                  ; 3.39e-10 s                  ; Yes                        ; Yes                        ; 2.32 V                      ; 3.07e-09 V                  ; 2.38 V             ; -0.0144 V          ; 0.227 V                             ; 0.024 V                             ; 3.14e-10 s                 ; 3.39e-10 s                 ; Yes                       ; Yes                       ;
; segv2[4]      ; 2.5 V        ; 0 s                 ; 0 s                 ; 2.32 V                       ; 3.07e-09 V                   ; 2.37 V              ; -0.00994 V          ; 0.186 V                              ; 0.028 V                              ; 4.98e-10 s                  ; 4.96e-10 s                  ; Yes                        ; Yes                        ; 2.32 V                      ; 3.07e-09 V                  ; 2.37 V             ; -0.00994 V         ; 0.186 V                             ; 0.028 V                             ; 4.98e-10 s                 ; 4.96e-10 s                 ; Yes                       ; Yes                       ;
; segv2[5]      ; 2.5 V        ; 0 s                 ; 0 s                 ; 2.32 V                       ; 3.07e-09 V                   ; 2.37 V              ; -0.00994 V          ; 0.186 V                              ; 0.028 V                              ; 4.98e-10 s                  ; 4.96e-10 s                  ; Yes                        ; Yes                        ; 2.32 V                      ; 3.07e-09 V                  ; 2.37 V             ; -0.00994 V         ; 0.186 V                             ; 0.028 V                             ; 4.98e-10 s                 ; 4.96e-10 s                 ; Yes                       ; Yes                       ;
; segv2[6]      ; 2.5 V        ; 0 s                 ; 0 s                 ; 2.32 V                       ; 3.07e-09 V                   ; 2.37 V              ; -0.00994 V          ; 0.186 V                              ; 0.028 V                              ; 4.98e-10 s                  ; 4.96e-10 s                  ; Yes                        ; Yes                        ; 2.32 V                      ; 3.07e-09 V                  ; 2.37 V             ; -0.00994 V         ; 0.186 V                             ; 0.028 V                             ; 4.98e-10 s                 ; 4.96e-10 s                 ; Yes                       ; Yes                       ;
; ~ALTERA_DCLK~ ; 2.5 V        ; 0 s                 ; 0 s                 ; 2.32 V                       ; 2.67e-09 V                   ; 2.38 V              ; -0.0485 V           ; 0.167 V                              ; 0.096 V                              ; 2.95e-10 s                  ; 2.73e-10 s                  ; Yes                        ; Yes                        ; 2.32 V                      ; 2.67e-09 V                  ; 2.38 V             ; -0.0485 V          ; 0.167 V                             ; 0.096 V                             ; 2.95e-10 s                 ; 2.73e-10 s                 ; Yes                       ; Yes                       ;
; ~ALTERA_nCEO~ ; 2.5 V        ; 0 s                 ; 0 s                 ; 2.32 V                       ; 4.18e-09 V                   ; 2.38 V              ; -0.00483 V          ; 0.152 V                              ; 0.012 V                              ; 4.81e-10 s                  ; 6.29e-10 s                  ; Yes                        ; Yes                        ; 2.32 V                      ; 4.18e-09 V                  ; 2.38 V             ; -0.00483 V         ; 0.152 V                             ; 0.012 V                             ; 4.81e-10 s                 ; 6.29e-10 s                 ; Yes                       ; Yes                       ;
+---------------+--------------+---------------------+---------------------+------------------------------+------------------------------+---------------------+---------------------+--------------------------------------+--------------------------------------+-----------------------------+-----------------------------+----------------------------+----------------------------+-----------------------------+-----------------------------+--------------------+--------------------+-------------------------------------+-------------------------------------+----------------------------+----------------------------+---------------------------+---------------------------+


+--------------------------------------------------------------------------------------------------------------------------------------------------------------------------------------------------------------------------------------------------------------------------------------------------------------------------------------------------------------------------------------------------------------------------------------------------------------------------------------------------------------------------------------------------------------------------------------------------------------------------------------------------------------------------------------------+
; Signal Integrity Metrics (Slow 1200mv 85c Model)                                                                                                                                                                                                                                                                                                                                                                                                                                                                                                                                                                                                                                           ;
+---------------+--------------+---------------------+---------------------+------------------------------+------------------------------+---------------------+---------------------+--------------------------------------+--------------------------------------+-----------------------------+-----------------------------+----------------------------+----------------------------+-----------------------------+-----------------------------+--------------------+--------------------+-------------------------------------+-------------------------------------+----------------------------+----------------------------+---------------------------+---------------------------+
; Pin           ; I/O Standard ; Board Delay on Rise ; Board Delay on Fall ; Steady State Voh at FPGA Pin ; Steady State Vol at FPGA Pin ; Voh Max at FPGA Pin ; Vol Min at FPGA Pin ; Ringback Voltage on Rise at FPGA Pin ; Ringback Voltage on Fall at FPGA Pin ; 10-90 Rise Time at FPGA Pin ; 90-10 Fall Time at FPGA Pin ; Monotonic Rise at FPGA Pin ; Monotonic Fall at FPGA Pin ; Steady State Voh at Far-end ; Steady State Vol at Far-end ; Voh Max at Far-end ; Vol Min at Far-end ; Ringback Voltage on Rise at Far-end ; Ringback Voltage on Fall at Far-end ; 10-90 Rise Time at Far-end ; 90-10 Fall Time at Far-end ; Monotonic Rise at Far-end ; Monotonic Fall at Far-end ;
+---------------+--------------+---------------------+---------------------+------------------------------+------------------------------+---------------------+---------------------+--------------------------------------+--------------------------------------+-----------------------------+-----------------------------+----------------------------+----------------------------+-----------------------------+-----------------------------+--------------------+--------------------+-------------------------------------+-------------------------------------+----------------------------+----------------------------+---------------------------+---------------------------+
; Qv[0]         ; 2.5 V        ; 0 s                 ; 0 s                 ; 2.32 V                       ; 6.92e-07 V                   ; 2.35 V              ; -0.00996 V          ; 0.121 V                              ; 0.03 V                               ; 4.64e-10 s                  ; 4.47e-10 s                  ; Yes                        ; Yes                        ; 2.32 V                      ; 6.92e-07 V                  ; 2.35 V             ; -0.00996 V         ; 0.121 V                             ; 0.03 V                              ; 4.64e-10 s                 ; 4.47e-10 s                 ; Yes                       ; Yes                       ;
; Qv[1]         ; 2.5 V        ; 0 s                 ; 0 s                 ; 2.32 V                       ; 4.67e-07 V                   ; 2.35 V              ; -0.00942 V          ; 0.116 V                              ; 0.033 V                              ; 6.66e-10 s                  ; 6.27e-10 s                  ; Yes                        ; Yes                        ; 2.32 V                      ; 4.67e-07 V                  ; 2.35 V             ; -0.00942 V         ; 0.116 V                             ; 0.033 V                             ; 6.66e-10 s                 ; 6.27e-10 s                 ; Yes                       ; Yes                       ;
; Qv[2]         ; 2.5 V        ; 0 s                 ; 0 s                 ; 2.32 V                       ; 6.92e-07 V                   ; 2.35 V              ; -0.00996 V          ; 0.121 V                              ; 0.03 V                               ; 4.64e-10 s                  ; 4.47e-10 s                  ; Yes                        ; Yes                        ; 2.32 V                      ; 6.92e-07 V                  ; 2.35 V             ; -0.00996 V         ; 0.121 V                             ; 0.03 V                              ; 4.64e-10 s                 ; 4.47e-10 s                 ; Yes                       ; Yes                       ;
; Qv[3]         ; 2.5 V        ; 0 s                 ; 0 s                 ; 2.32 V                       ; 6.92e-07 V                   ; 2.35 V              ; -0.00996 V          ; 0.121 V                              ; 0.03 V                               ; 4.64e-10 s                  ; 4.47e-10 s                  ; Yes                        ; Yes                        ; 2.32 V                      ; 6.92e-07 V                  ; 2.35 V             ; -0.00996 V         ; 0.121 V                             ; 0.03 V                              ; 4.64e-10 s                 ; 4.47e-10 s                 ; Yes                       ; Yes                       ;
; Qv[4]         ; 2.5 V        ; 0 s                 ; 0 s                 ; 2.32 V                       ; 6.92e-07 V                   ; 2.35 V              ; -0.00996 V          ; 0.121 V                              ; 0.03 V                               ; 4.64e-10 s                  ; 4.47e-10 s                  ; Yes                        ; Yes                        ; 2.32 V                      ; 6.92e-07 V                  ; 2.35 V             ; -0.00996 V         ; 0.121 V                             ; 0.03 V                              ; 4.64e-10 s                 ; 4.47e-10 s                 ; Yes                       ; Yes                       ;
; pv[0]         ; 2.5 V        ; 0 s                 ; 0 s                 ; 2.32 V                       ; 4.67e-07 V                   ; 2.36 V              ; -0.00552 V          ; 0.11 V                               ; 0.007 V                              ; 4.54e-10 s                  ; 4.35e-10 s                  ; Yes                        ; Yes                        ; 2.32 V                      ; 4.67e-07 V                  ; 2.36 V             ; -0.00552 V         ; 0.11 V                              ; 0.007 V                             ; 4.54e-10 s                 ; 4.35e-10 s                 ; Yes                       ; Yes                       ;
; pv[1]         ; 2.5 V        ; 0 s                 ; 0 s                 ; 2.32 V                       ; 4.67e-07 V                   ; 2.35 V              ; -0.00942 V          ; 0.116 V                              ; 0.033 V                              ; 6.66e-10 s                  ; 6.27e-10 s                  ; Yes                        ; Yes                        ; 2.32 V                      ; 4.67e-07 V                  ; 2.35 V             ; -0.00942 V         ; 0.116 V                             ; 0.033 V                             ; 6.66e-10 s                 ; 6.27e-10 s                 ; Yes                       ; Yes                       ;
; pv[2]         ; 2.5 V        ; 0 s                 ; 0 s                 ; 2.32 V                       ; 4.67e-07 V                   ; 2.35 V              ; -0.00942 V          ; 0.116 V                              ; 0.033 V                              ; 6.66e-10 s                  ; 6.27e-10 s                  ; Yes                        ; Yes                        ; 2.32 V                      ; 4.67e-07 V                  ; 2.35 V             ; -0.00942 V         ; 0.116 V                             ; 0.033 V                             ; 6.66e-10 s                 ; 6.27e-10 s                 ; Yes                       ; Yes                       ;
; pv[3]         ; 2.5 V        ; 0 s                 ; 0 s                 ; 2.32 V                       ; 4.67e-07 V                   ; 2.35 V              ; -0.00942 V          ; 0.116 V                              ; 0.033 V                              ; 6.66e-10 s                  ; 6.27e-10 s                  ; Yes                        ; Yes                        ; 2.32 V                      ; 4.67e-07 V                  ; 2.35 V             ; -0.00942 V         ; 0.116 V                             ; 0.033 V                             ; 6.66e-10 s                 ; 6.27e-10 s                 ; Yes                       ; Yes                       ;
; pv2[0]        ; 2.5 V        ; 0 s                 ; 0 s                 ; 2.32 V                       ; 4.67e-07 V                   ; 2.33 V              ; -0.00269 V          ; 0.13 V                               ; 0.055 V                              ; 3.54e-09 s                  ; 3.29e-09 s                  ; Yes                        ; Yes                        ; 2.32 V                      ; 4.67e-07 V                  ; 2.33 V             ; -0.00269 V         ; 0.13 V                              ; 0.055 V                             ; 3.54e-09 s                 ; 3.29e-09 s                 ; Yes                       ; Yes                       ;
; pv2[1]        ; 2.5 V        ; 0 s                 ; 0 s                 ; 2.32 V                       ; 4.67e-07 V                   ; 2.35 V              ; -0.00942 V          ; 0.116 V                              ; 0.033 V                              ; 6.66e-10 s                  ; 6.27e-10 s                  ; Yes                        ; Yes                        ; 2.32 V                      ; 4.67e-07 V                  ; 2.35 V             ; -0.00942 V         ; 0.116 V                             ; 0.033 V                             ; 6.66e-10 s                 ; 6.27e-10 s                 ; Yes                       ; Yes                       ;
; pv2[2]        ; 2.5 V        ; 0 s                 ; 0 s                 ; 2.32 V                       ; 4.67e-07 V                   ; 2.35 V              ; -0.00942 V          ; 0.116 V                              ; 0.033 V                              ; 6.66e-10 s                  ; 6.27e-10 s                  ; Yes                        ; Yes                        ; 2.32 V                      ; 4.67e-07 V                  ; 2.35 V             ; -0.00942 V         ; 0.116 V                             ; 0.033 V                             ; 6.66e-10 s                 ; 6.27e-10 s                 ; Yes                       ; Yes                       ;
; pv2[3]        ; 2.5 V        ; 0 s                 ; 0 s                 ; 2.32 V                       ; 4.67e-07 V                   ; 2.35 V              ; -0.00942 V          ; 0.116 V                              ; 0.033 V                              ; 6.66e-10 s                  ; 6.27e-10 s                  ; Yes                        ; Yes                        ; 2.32 V                      ; 4.67e-07 V                  ; 2.35 V             ; -0.00942 V         ; 0.116 V                             ; 0.033 V                             ; 6.66e-10 s                 ; 6.27e-10 s                 ; Yes                       ; Yes                       ;
; bcdv[0]       ; 2.5 V        ; 0 s                 ; 0 s                 ; 2.32 V                       ; 6.92e-07 V                   ; 2.35 V              ; -0.00996 V          ; 0.121 V                              ; 0.03 V                               ; 4.64e-10 s                  ; 4.47e-10 s                  ; Yes                        ; Yes                        ; 2.32 V                      ; 6.92e-07 V                  ; 2.35 V             ; -0.00996 V         ; 0.121 V                             ; 0.03 V                              ; 4.64e-10 s                 ; 4.47e-10 s                 ; Yes                       ; Yes                       ;
; bcdv[1]       ; 2.5 V        ; 0 s                 ; 0 s                 ; 2.32 V                       ; 4.67e-07 V                   ; 2.35 V              ; -0.00942 V          ; 0.116 V                              ; 0.033 V                              ; 6.66e-10 s                  ; 6.27e-10 s                  ; Yes                        ; Yes                        ; 2.32 V                      ; 4.67e-07 V                  ; 2.35 V             ; -0.00942 V         ; 0.116 V                             ; 0.033 V                             ; 6.66e-10 s                 ; 6.27e-10 s                 ; Yes                       ; Yes                       ;
; bcdv[2]       ; 2.5 V        ; 0 s                 ; 0 s                 ; 2.32 V                       ; 6.92e-07 V                   ; 2.35 V              ; -0.00996 V          ; 0.121 V                              ; 0.03 V                               ; 4.64e-10 s                  ; 4.47e-10 s                  ; Yes                        ; Yes                        ; 2.32 V                      ; 6.92e-07 V                  ; 2.35 V             ; -0.00996 V         ; 0.121 V                             ; 0.03 V                              ; 4.64e-10 s                 ; 4.47e-10 s                 ; Yes                       ; Yes                       ;
; bcdv[3]       ; 2.5 V        ; 0 s                 ; 0 s                 ; 2.32 V                       ; 6.92e-07 V                   ; 2.35 V              ; -0.00996 V          ; 0.121 V                              ; 0.03 V                               ; 4.64e-10 s                  ; 4.47e-10 s                  ; Yes                        ; Yes                        ; 2.32 V                      ; 6.92e-07 V                  ; 2.35 V             ; -0.00996 V         ; 0.121 V                             ; 0.03 V                              ; 4.64e-10 s                 ; 4.47e-10 s                 ; Yes                       ; Yes                       ;
; bcdv[4]       ; 2.5 V        ; 0 s                 ; 0 s                 ; 2.32 V                       ; 4.67e-07 V                   ; 2.35 V              ; -0.00942 V          ; 0.116 V                              ; 0.033 V                              ; 6.66e-10 s                  ; 6.27e-10 s                  ; Yes                        ; Yes                        ; 2.32 V                      ; 4.67e-07 V                  ; 2.35 V             ; -0.00942 V         ; 0.116 V                             ; 0.033 V                             ; 6.66e-10 s                 ; 6.27e-10 s                 ; Yes                       ; Yes                       ;
; bcdv[5]       ; 2.5 V        ; 0 s                 ; 0 s                 ; 2.32 V                       ; 6.92e-07 V                   ; 2.35 V              ; -0.00996 V          ; 0.121 V                              ; 0.03 V                               ; 4.64e-10 s                  ; 4.47e-10 s                  ; Yes                        ; Yes                        ; 2.32 V                      ; 6.92e-07 V                  ; 2.35 V             ; -0.00996 V         ; 0.121 V                             ; 0.03 V                              ; 4.64e-10 s                 ; 4.47e-10 s                 ; Yes                       ; Yes                       ;
; bcdv[6]       ; 2.5 V        ; 0 s                 ; 0 s                 ; 2.32 V                       ; 6.92e-07 V                   ; 2.35 V              ; -0.00996 V          ; 0.121 V                              ; 0.03 V                               ; 4.64e-10 s                  ; 4.47e-10 s                  ; Yes                        ; Yes                        ; 2.32 V                      ; 6.92e-07 V                  ; 2.35 V             ; -0.00996 V         ; 0.121 V                             ; 0.03 V                              ; 4.64e-10 s                 ; 4.47e-10 s                 ; Yes                       ; Yes                       ;
; bcdv[7]       ; 2.5 V        ; 0 s                 ; 0 s                 ; 2.32 V                       ; 4.67e-07 V                   ; 2.35 V              ; -0.00942 V          ; 0.116 V                              ; 0.033 V                              ; 6.66e-10 s                  ; 6.27e-10 s                  ; Yes                        ; Yes                        ; 2.32 V                      ; 4.67e-07 V                  ; 2.35 V             ; -0.00942 V         ; 0.116 V                             ; 0.033 V                             ; 6.66e-10 s                 ; 6.27e-10 s                 ; Yes                       ; Yes                       ;
; segv[0]       ; 2.5 V        ; 0 s                 ; 0 s                 ; 2.32 V                       ; 4.67e-07 V                   ; 2.35 V              ; -0.00942 V          ; 0.116 V                              ; 0.033 V                              ; 6.66e-10 s                  ; 6.27e-10 s                  ; Yes                        ; Yes                        ; 2.32 V                      ; 4.67e-07 V                  ; 2.35 V             ; -0.00942 V         ; 0.116 V                             ; 0.033 V                             ; 6.66e-10 s                 ; 6.27e-10 s                 ; Yes                       ; Yes                       ;
; segv[1]       ; 2.5 V        ; 0 s                 ; 0 s                 ; 2.32 V                       ; 4.67e-07 V                   ; 2.35 V              ; -0.00942 V          ; 0.116 V                              ; 0.033 V                              ; 6.66e-10 s                  ; 6.27e-10 s                  ; Yes                        ; Yes                        ; 2.32 V                      ; 4.67e-07 V                  ; 2.35 V             ; -0.00942 V         ; 0.116 V                             ; 0.033 V                             ; 6.66e-10 s                 ; 6.27e-10 s                 ; Yes                       ; Yes                       ;
; segv[2]       ; 2.5 V        ; 0 s                 ; 0 s                 ; 2.32 V                       ; 4.67e-07 V                   ; 2.35 V              ; -0.00942 V          ; 0.116 V                              ; 0.033 V                              ; 6.66e-10 s                  ; 6.27e-10 s                  ; Yes                        ; Yes                        ; 2.32 V                      ; 4.67e-07 V                  ; 2.35 V             ; -0.00942 V         ; 0.116 V                             ; 0.033 V                             ; 6.66e-10 s                 ; 6.27e-10 s                 ; Yes                       ; Yes                       ;
; segv[3]       ; 2.5 V        ; 0 s                 ; 0 s                 ; 2.32 V                       ; 4.67e-07 V                   ; 2.35 V              ; -0.00942 V          ; 0.116 V                              ; 0.033 V                              ; 6.66e-10 s                  ; 6.27e-10 s                  ; Yes                        ; Yes                        ; 2.32 V                      ; 4.67e-07 V                  ; 2.35 V             ; -0.00942 V         ; 0.116 V                             ; 0.033 V                             ; 6.66e-10 s                 ; 6.27e-10 s                 ; Yes                       ; Yes                       ;
; segv[4]       ; 2.5 V        ; 0 s                 ; 0 s                 ; 2.32 V                       ; 4.67e-07 V                   ; 2.35 V              ; -0.00942 V          ; 0.116 V                              ; 0.033 V                              ; 6.66e-10 s                  ; 6.27e-10 s                  ; Yes                        ; Yes                        ; 2.32 V                      ; 4.67e-07 V                  ; 2.35 V             ; -0.00942 V         ; 0.116 V                             ; 0.033 V                             ; 6.66e-10 s                 ; 6.27e-10 s                 ; Yes                       ; Yes                       ;
; segv[5]       ; 2.5 V        ; 0 s                 ; 0 s                 ; 2.32 V                       ; 4.67e-07 V                   ; 2.35 V              ; -0.00942 V          ; 0.116 V                              ; 0.033 V                              ; 6.66e-10 s                  ; 6.27e-10 s                  ; Yes                        ; Yes                        ; 2.32 V                      ; 4.67e-07 V                  ; 2.35 V             ; -0.00942 V         ; 0.116 V                             ; 0.033 V                             ; 6.66e-10 s                 ; 6.27e-10 s                 ; Yes                       ; Yes                       ;
; segv[6]       ; 2.5 V        ; 0 s                 ; 0 s                 ; 2.32 V                       ; 4.67e-07 V                   ; 2.35 V              ; -0.00942 V          ; 0.116 V                              ; 0.033 V                              ; 6.66e-10 s                  ; 6.27e-10 s                  ; Yes                        ; Yes                        ; 2.32 V                      ; 4.67e-07 V                  ; 2.35 V             ; -0.00942 V         ; 0.116 V                             ; 0.033 V                             ; 6.66e-10 s                 ; 6.27e-10 s                 ; Yes                       ; Yes                       ;
; segv2[0]      ; 2.5 V        ; 0 s                 ; 0 s                 ; 2.32 V                       ; 4.67e-07 V                   ; 2.35 V              ; -0.00942 V          ; 0.116 V                              ; 0.033 V                              ; 6.66e-10 s                  ; 6.27e-10 s                  ; Yes                        ; Yes                        ; 2.32 V                      ; 4.67e-07 V                  ; 2.35 V             ; -0.00942 V         ; 0.116 V                             ; 0.033 V                             ; 6.66e-10 s                 ; 6.27e-10 s                 ; Yes                       ; Yes                       ;
; segv2[1]      ; 2.5 V        ; 0 s                 ; 0 s                 ; 2.32 V                       ; 4.67e-07 V                   ; 2.35 V              ; -0.00942 V          ; 0.116 V                              ; 0.033 V                              ; 6.66e-10 s                  ; 6.27e-10 s                  ; Yes                        ; Yes                        ; 2.32 V                      ; 4.67e-07 V                  ; 2.35 V             ; -0.00942 V         ; 0.116 V                             ; 0.033 V                             ; 6.66e-10 s                 ; 6.27e-10 s                 ; Yes                       ; Yes                       ;
; segv2[2]      ; 2.5 V        ; 0 s                 ; 0 s                 ; 2.32 V                       ; 4.67e-07 V                   ; 2.35 V              ; -0.00942 V          ; 0.116 V                              ; 0.033 V                              ; 6.66e-10 s                  ; 6.27e-10 s                  ; Yes                        ; Yes                        ; 2.32 V                      ; 4.67e-07 V                  ; 2.35 V             ; -0.00942 V         ; 0.116 V                             ; 0.033 V                             ; 6.66e-10 s                 ; 6.27e-10 s                 ; Yes                       ; Yes                       ;
; segv2[3]      ; 2.5 V        ; 0 s                 ; 0 s                 ; 2.32 V                       ; 4.67e-07 V                   ; 2.36 V              ; -0.00552 V          ; 0.11 V                               ; 0.007 V                              ; 4.54e-10 s                  ; 4.35e-10 s                  ; Yes                        ; Yes                        ; 2.32 V                      ; 4.67e-07 V                  ; 2.36 V             ; -0.00552 V         ; 0.11 V                              ; 0.007 V                             ; 4.54e-10 s                 ; 4.35e-10 s                 ; Yes                       ; Yes                       ;
; segv2[4]      ; 2.5 V        ; 0 s                 ; 0 s                 ; 2.32 V                       ; 4.67e-07 V                   ; 2.35 V              ; -0.00942 V          ; 0.116 V                              ; 0.033 V                              ; 6.66e-10 s                  ; 6.27e-10 s                  ; Yes                        ; Yes                        ; 2.32 V                      ; 4.67e-07 V                  ; 2.35 V             ; -0.00942 V         ; 0.116 V                             ; 0.033 V                             ; 6.66e-10 s                 ; 6.27e-10 s                 ; Yes                       ; Yes                       ;
; segv2[5]      ; 2.5 V        ; 0 s                 ; 0 s                 ; 2.32 V                       ; 4.67e-07 V                   ; 2.35 V              ; -0.00942 V          ; 0.116 V                              ; 0.033 V                              ; 6.66e-10 s                  ; 6.27e-10 s                  ; Yes                        ; Yes                        ; 2.32 V                      ; 4.67e-07 V                  ; 2.35 V             ; -0.00942 V         ; 0.116 V                             ; 0.033 V                             ; 6.66e-10 s                 ; 6.27e-10 s                 ; Yes                       ; Yes                       ;
; segv2[6]      ; 2.5 V        ; 0 s                 ; 0 s                 ; 2.32 V                       ; 4.67e-07 V                   ; 2.35 V              ; -0.00942 V          ; 0.116 V                              ; 0.033 V                              ; 6.66e-10 s                  ; 6.27e-10 s                  ; Yes                        ; Yes                        ; 2.32 V                      ; 4.67e-07 V                  ; 2.35 V             ; -0.00942 V         ; 0.116 V                             ; 0.033 V                             ; 6.66e-10 s                 ; 6.27e-10 s                 ; Yes                       ; Yes                       ;
; ~ALTERA_DCLK~ ; 2.5 V        ; 0 s                 ; 0 s                 ; 2.32 V                       ; 3.75e-07 V                   ; 2.35 V              ; -0.0109 V           ; 0.084 V                              ; 0.027 V                              ; 4.31e-10 s                  ; 3.61e-10 s                  ; Yes                        ; Yes                        ; 2.32 V                      ; 3.75e-07 V                  ; 2.35 V             ; -0.0109 V          ; 0.084 V                             ; 0.027 V                             ; 4.31e-10 s                 ; 3.61e-10 s                 ; Yes                       ; Yes                       ;
; ~ALTERA_nCEO~ ; 2.5 V        ; 0 s                 ; 0 s                 ; 2.32 V                       ; 6.15e-07 V                   ; 2.35 V              ; -0.00712 V          ; 0.093 V                              ; 0.02 V                               ; 6.21e-10 s                  ; 7.9e-10 s                   ; Yes                        ; Yes                        ; 2.32 V                      ; 6.15e-07 V                  ; 2.35 V             ; -0.00712 V         ; 0.093 V                             ; 0.02 V                              ; 6.21e-10 s                 ; 7.9e-10 s                  ; Yes                       ; Yes                       ;
+---------------+--------------+---------------------+---------------------+------------------------------+------------------------------+---------------------+---------------------+--------------------------------------+--------------------------------------+-----------------------------+-----------------------------+----------------------------+----------------------------+-----------------------------+-----------------------------+--------------------+--------------------+-------------------------------------+-------------------------------------+----------------------------+----------------------------+---------------------------+---------------------------+


+--------------------------------------------------------------------------------------------------------------------------------------------------------------------------------------------------------------------------------------------------------------------------------------------------------------------------------------------------------------------------------------------------------------------------------------------------------------------------------------------------------------------------------------------------------------------------------------------------------------------------------------------------------------------------------------------+
; Signal Integrity Metrics (Fast 1200mv 0c Model)                                                                                                                                                                                                                                                                                                                                                                                                                                                                                                                                                                                                                                            ;
+---------------+--------------+---------------------+---------------------+------------------------------+------------------------------+---------------------+---------------------+--------------------------------------+--------------------------------------+-----------------------------+-----------------------------+----------------------------+----------------------------+-----------------------------+-----------------------------+--------------------+--------------------+-------------------------------------+-------------------------------------+----------------------------+----------------------------+---------------------------+---------------------------+
; Pin           ; I/O Standard ; Board Delay on Rise ; Board Delay on Fall ; Steady State Voh at FPGA Pin ; Steady State Vol at FPGA Pin ; Voh Max at FPGA Pin ; Vol Min at FPGA Pin ; Ringback Voltage on Rise at FPGA Pin ; Ringback Voltage on Fall at FPGA Pin ; 10-90 Rise Time at FPGA Pin ; 90-10 Fall Time at FPGA Pin ; Monotonic Rise at FPGA Pin ; Monotonic Fall at FPGA Pin ; Steady State Voh at Far-end ; Steady State Vol at Far-end ; Voh Max at Far-end ; Vol Min at Far-end ; Ringback Voltage on Rise at Far-end ; Ringback Voltage on Fall at Far-end ; 10-90 Rise Time at Far-end ; 90-10 Fall Time at Far-end ; Monotonic Rise at Far-end ; Monotonic Fall at Far-end ;
+---------------+--------------+---------------------+---------------------+------------------------------+------------------------------+---------------------+---------------------+--------------------------------------+--------------------------------------+-----------------------------+-----------------------------+----------------------------+----------------------------+-----------------------------+-----------------------------+--------------------+--------------------+-------------------------------------+-------------------------------------+----------------------------+----------------------------+---------------------------+---------------------------+
; Qv[0]         ; 2.5 V        ; 0 s                 ; 0 s                 ; 2.62 V                       ; 4.05e-08 V                   ; 2.72 V              ; -0.0349 V           ; 0.173 V                              ; 0.1 V                                ; 2.72e-10 s                  ; 2.69e-10 s                  ; Yes                        ; Yes                        ; 2.62 V                      ; 4.05e-08 V                  ; 2.72 V             ; -0.0349 V          ; 0.173 V                             ; 0.1 V                               ; 2.72e-10 s                 ; 2.69e-10 s                 ; Yes                       ; Yes                       ;
; Qv[1]         ; 2.5 V        ; 0 s                 ; 0 s                 ; 2.62 V                       ; 2.74e-08 V                   ; 2.71 V              ; -0.0317 V           ; 0.148 V                              ; 0.064 V                              ; 4.51e-10 s                  ; 4.15e-10 s                  ; No                         ; Yes                        ; 2.62 V                      ; 2.74e-08 V                  ; 2.71 V             ; -0.0317 V          ; 0.148 V                             ; 0.064 V                             ; 4.51e-10 s                 ; 4.15e-10 s                 ; No                        ; Yes                       ;
; Qv[2]         ; 2.5 V        ; 0 s                 ; 0 s                 ; 2.62 V                       ; 4.05e-08 V                   ; 2.72 V              ; -0.0349 V           ; 0.173 V                              ; 0.1 V                                ; 2.72e-10 s                  ; 2.69e-10 s                  ; Yes                        ; Yes                        ; 2.62 V                      ; 4.05e-08 V                  ; 2.72 V             ; -0.0349 V          ; 0.173 V                             ; 0.1 V                               ; 2.72e-10 s                 ; 2.69e-10 s                 ; Yes                       ; Yes                       ;
; Qv[3]         ; 2.5 V        ; 0 s                 ; 0 s                 ; 2.62 V                       ; 4.05e-08 V                   ; 2.72 V              ; -0.0349 V           ; 0.173 V                              ; 0.1 V                                ; 2.72e-10 s                  ; 2.69e-10 s                  ; Yes                        ; Yes                        ; 2.62 V                      ; 4.05e-08 V                  ; 2.72 V             ; -0.0349 V          ; 0.173 V                             ; 0.1 V                               ; 2.72e-10 s                 ; 2.69e-10 s                 ; Yes                       ; Yes                       ;
; Qv[4]         ; 2.5 V        ; 0 s                 ; 0 s                 ; 2.62 V                       ; 4.05e-08 V                   ; 2.72 V              ; -0.0349 V           ; 0.173 V                              ; 0.1 V                                ; 2.72e-10 s                  ; 2.69e-10 s                  ; Yes                        ; Yes                        ; 2.62 V                      ; 4.05e-08 V                  ; 2.72 V             ; -0.0349 V          ; 0.173 V                             ; 0.1 V                               ; 2.72e-10 s                 ; 2.69e-10 s                 ; Yes                       ; Yes                       ;
; pv[0]         ; 2.5 V        ; 0 s                 ; 0 s                 ; 2.62 V                       ; 2.74e-08 V                   ; 2.73 V              ; -0.0384 V           ; 0.169 V                              ; 0.089 V                              ; 2.7e-10 s                   ; 2.62e-10 s                  ; Yes                        ; Yes                        ; 2.62 V                      ; 2.74e-08 V                  ; 2.73 V             ; -0.0384 V          ; 0.169 V                             ; 0.089 V                             ; 2.7e-10 s                  ; 2.62e-10 s                 ; Yes                       ; Yes                       ;
; pv[1]         ; 2.5 V        ; 0 s                 ; 0 s                 ; 2.62 V                       ; 2.74e-08 V                   ; 2.71 V              ; -0.0317 V           ; 0.148 V                              ; 0.064 V                              ; 4.51e-10 s                  ; 4.15e-10 s                  ; No                         ; Yes                        ; 2.62 V                      ; 2.74e-08 V                  ; 2.71 V             ; -0.0317 V          ; 0.148 V                             ; 0.064 V                             ; 4.51e-10 s                 ; 4.15e-10 s                 ; No                        ; Yes                       ;
; pv[2]         ; 2.5 V        ; 0 s                 ; 0 s                 ; 2.62 V                       ; 2.74e-08 V                   ; 2.71 V              ; -0.0317 V           ; 0.148 V                              ; 0.064 V                              ; 4.51e-10 s                  ; 4.15e-10 s                  ; No                         ; Yes                        ; 2.62 V                      ; 2.74e-08 V                  ; 2.71 V             ; -0.0317 V          ; 0.148 V                             ; 0.064 V                             ; 4.51e-10 s                 ; 4.15e-10 s                 ; No                        ; Yes                       ;
; pv[3]         ; 2.5 V        ; 0 s                 ; 0 s                 ; 2.62 V                       ; 2.74e-08 V                   ; 2.71 V              ; -0.0317 V           ; 0.148 V                              ; 0.064 V                              ; 4.51e-10 s                  ; 4.15e-10 s                  ; No                         ; Yes                        ; 2.62 V                      ; 2.74e-08 V                  ; 2.71 V             ; -0.0317 V          ; 0.148 V                             ; 0.064 V                             ; 4.51e-10 s                 ; 4.15e-10 s                 ; No                        ; Yes                       ;
; pv2[0]        ; 2.5 V        ; 0 s                 ; 0 s                 ; 2.62 V                       ; 2.74e-08 V                   ; 2.64 V              ; -0.0117 V           ; 0.202 V                              ; 0.176 V                              ; 2.38e-09 s                  ; 2.22e-09 s                  ; No                         ; Yes                        ; 2.62 V                      ; 2.74e-08 V                  ; 2.64 V             ; -0.0117 V          ; 0.202 V                             ; 0.176 V                             ; 2.38e-09 s                 ; 2.22e-09 s                 ; No                        ; Yes                       ;
; pv2[1]        ; 2.5 V        ; 0 s                 ; 0 s                 ; 2.62 V                       ; 2.74e-08 V                   ; 2.71 V              ; -0.0317 V           ; 0.148 V                              ; 0.064 V                              ; 4.51e-10 s                  ; 4.15e-10 s                  ; No                         ; Yes                        ; 2.62 V                      ; 2.74e-08 V                  ; 2.71 V             ; -0.0317 V          ; 0.148 V                             ; 0.064 V                             ; 4.51e-10 s                 ; 4.15e-10 s                 ; No                        ; Yes                       ;
; pv2[2]        ; 2.5 V        ; 0 s                 ; 0 s                 ; 2.62 V                       ; 2.74e-08 V                   ; 2.71 V              ; -0.0317 V           ; 0.148 V                              ; 0.064 V                              ; 4.51e-10 s                  ; 4.15e-10 s                  ; No                         ; Yes                        ; 2.62 V                      ; 2.74e-08 V                  ; 2.71 V             ; -0.0317 V          ; 0.148 V                             ; 0.064 V                             ; 4.51e-10 s                 ; 4.15e-10 s                 ; No                        ; Yes                       ;
; pv2[3]        ; 2.5 V        ; 0 s                 ; 0 s                 ; 2.62 V                       ; 2.74e-08 V                   ; 2.71 V              ; -0.0317 V           ; 0.148 V                              ; 0.064 V                              ; 4.51e-10 s                  ; 4.15e-10 s                  ; No                         ; Yes                        ; 2.62 V                      ; 2.74e-08 V                  ; 2.71 V             ; -0.0317 V          ; 0.148 V                             ; 0.064 V                             ; 4.51e-10 s                 ; 4.15e-10 s                 ; No                        ; Yes                       ;
; bcdv[0]       ; 2.5 V        ; 0 s                 ; 0 s                 ; 2.62 V                       ; 4.05e-08 V                   ; 2.72 V              ; -0.0349 V           ; 0.173 V                              ; 0.1 V                                ; 2.72e-10 s                  ; 2.69e-10 s                  ; Yes                        ; Yes                        ; 2.62 V                      ; 4.05e-08 V                  ; 2.72 V             ; -0.0349 V          ; 0.173 V                             ; 0.1 V                               ; 2.72e-10 s                 ; 2.69e-10 s                 ; Yes                       ; Yes                       ;
; bcdv[1]       ; 2.5 V        ; 0 s                 ; 0 s                 ; 2.62 V                       ; 2.74e-08 V                   ; 2.71 V              ; -0.0317 V           ; 0.148 V                              ; 0.064 V                              ; 4.51e-10 s                  ; 4.15e-10 s                  ; No                         ; Yes                        ; 2.62 V                      ; 2.74e-08 V                  ; 2.71 V             ; -0.0317 V          ; 0.148 V                             ; 0.064 V                             ; 4.51e-10 s                 ; 4.15e-10 s                 ; No                        ; Yes                       ;
; bcdv[2]       ; 2.5 V        ; 0 s                 ; 0 s                 ; 2.62 V                       ; 4.05e-08 V                   ; 2.72 V              ; -0.0349 V           ; 0.173 V                              ; 0.1 V                                ; 2.72e-10 s                  ; 2.69e-10 s                  ; Yes                        ; Yes                        ; 2.62 V                      ; 4.05e-08 V                  ; 2.72 V             ; -0.0349 V          ; 0.173 V                             ; 0.1 V                               ; 2.72e-10 s                 ; 2.69e-10 s                 ; Yes                       ; Yes                       ;
; bcdv[3]       ; 2.5 V        ; 0 s                 ; 0 s                 ; 2.62 V                       ; 4.05e-08 V                   ; 2.72 V              ; -0.0349 V           ; 0.173 V                              ; 0.1 V                                ; 2.72e-10 s                  ; 2.69e-10 s                  ; Yes                        ; Yes                        ; 2.62 V                      ; 4.05e-08 V                  ; 2.72 V             ; -0.0349 V          ; 0.173 V                             ; 0.1 V                               ; 2.72e-10 s                 ; 2.69e-10 s                 ; Yes                       ; Yes                       ;
; bcdv[4]       ; 2.5 V        ; 0 s                 ; 0 s                 ; 2.62 V                       ; 2.74e-08 V                   ; 2.71 V              ; -0.0317 V           ; 0.148 V                              ; 0.064 V                              ; 4.51e-10 s                  ; 4.15e-10 s                  ; No                         ; Yes                        ; 2.62 V                      ; 2.74e-08 V                  ; 2.71 V             ; -0.0317 V          ; 0.148 V                             ; 0.064 V                             ; 4.51e-10 s                 ; 4.15e-10 s                 ; No                        ; Yes                       ;
; bcdv[5]       ; 2.5 V        ; 0 s                 ; 0 s                 ; 2.62 V                       ; 4.05e-08 V                   ; 2.72 V              ; -0.0349 V           ; 0.173 V                              ; 0.1 V                                ; 2.72e-10 s                  ; 2.69e-10 s                  ; Yes                        ; Yes                        ; 2.62 V                      ; 4.05e-08 V                  ; 2.72 V             ; -0.0349 V          ; 0.173 V                             ; 0.1 V                               ; 2.72e-10 s                 ; 2.69e-10 s                 ; Yes                       ; Yes                       ;
; bcdv[6]       ; 2.5 V        ; 0 s                 ; 0 s                 ; 2.62 V                       ; 4.05e-08 V                   ; 2.72 V              ; -0.0349 V           ; 0.173 V                              ; 0.1 V                                ; 2.72e-10 s                  ; 2.69e-10 s                  ; Yes                        ; Yes                        ; 2.62 V                      ; 4.05e-08 V                  ; 2.72 V             ; -0.0349 V          ; 0.173 V                             ; 0.1 V                               ; 2.72e-10 s                 ; 2.69e-10 s                 ; Yes                       ; Yes                       ;
; bcdv[7]       ; 2.5 V        ; 0 s                 ; 0 s                 ; 2.62 V                       ; 2.74e-08 V                   ; 2.71 V              ; -0.0317 V           ; 0.148 V                              ; 0.064 V                              ; 4.51e-10 s                  ; 4.15e-10 s                  ; No                         ; Yes                        ; 2.62 V                      ; 2.74e-08 V                  ; 2.71 V             ; -0.0317 V          ; 0.148 V                             ; 0.064 V                             ; 4.51e-10 s                 ; 4.15e-10 s                 ; No                        ; Yes                       ;
; segv[0]       ; 2.5 V        ; 0 s                 ; 0 s                 ; 2.62 V                       ; 2.74e-08 V                   ; 2.71 V              ; -0.0317 V           ; 0.148 V                              ; 0.064 V                              ; 4.51e-10 s                  ; 4.15e-10 s                  ; No                         ; Yes                        ; 2.62 V                      ; 2.74e-08 V                  ; 2.71 V             ; -0.0317 V          ; 0.148 V                             ; 0.064 V                             ; 4.51e-10 s                 ; 4.15e-10 s                 ; No                        ; Yes                       ;
; segv[1]       ; 2.5 V        ; 0 s                 ; 0 s                 ; 2.62 V                       ; 2.74e-08 V                   ; 2.71 V              ; -0.0317 V           ; 0.148 V                              ; 0.064 V                              ; 4.51e-10 s                  ; 4.15e-10 s                  ; No                         ; Yes                        ; 2.62 V                      ; 2.74e-08 V                  ; 2.71 V             ; -0.0317 V          ; 0.148 V                             ; 0.064 V                             ; 4.51e-10 s                 ; 4.15e-10 s                 ; No                        ; Yes                       ;
; segv[2]       ; 2.5 V        ; 0 s                 ; 0 s                 ; 2.62 V                       ; 2.74e-08 V                   ; 2.71 V              ; -0.0317 V           ; 0.148 V                              ; 0.064 V                              ; 4.51e-10 s                  ; 4.15e-10 s                  ; No                         ; Yes                        ; 2.62 V                      ; 2.74e-08 V                  ; 2.71 V             ; -0.0317 V          ; 0.148 V                             ; 0.064 V                             ; 4.51e-10 s                 ; 4.15e-10 s                 ; No                        ; Yes                       ;
; segv[3]       ; 2.5 V        ; 0 s                 ; 0 s                 ; 2.62 V                       ; 2.74e-08 V                   ; 2.71 V              ; -0.0317 V           ; 0.148 V                              ; 0.064 V                              ; 4.51e-10 s                  ; 4.15e-10 s                  ; No                         ; Yes                        ; 2.62 V                      ; 2.74e-08 V                  ; 2.71 V             ; -0.0317 V          ; 0.148 V                             ; 0.064 V                             ; 4.51e-10 s                 ; 4.15e-10 s                 ; No                        ; Yes                       ;
; segv[4]       ; 2.5 V        ; 0 s                 ; 0 s                 ; 2.62 V                       ; 2.74e-08 V                   ; 2.71 V              ; -0.0317 V           ; 0.148 V                              ; 0.064 V                              ; 4.51e-10 s                  ; 4.15e-10 s                  ; No                         ; Yes                        ; 2.62 V                      ; 2.74e-08 V                  ; 2.71 V             ; -0.0317 V          ; 0.148 V                             ; 0.064 V                             ; 4.51e-10 s                 ; 4.15e-10 s                 ; No                        ; Yes                       ;
; segv[5]       ; 2.5 V        ; 0 s                 ; 0 s                 ; 2.62 V                       ; 2.74e-08 V                   ; 2.71 V              ; -0.0317 V           ; 0.148 V                              ; 0.064 V                              ; 4.51e-10 s                  ; 4.15e-10 s                  ; No                         ; Yes                        ; 2.62 V                      ; 2.74e-08 V                  ; 2.71 V             ; -0.0317 V          ; 0.148 V                             ; 0.064 V                             ; 4.51e-10 s                 ; 4.15e-10 s                 ; No                        ; Yes                       ;
; segv[6]       ; 2.5 V        ; 0 s                 ; 0 s                 ; 2.62 V                       ; 2.74e-08 V                   ; 2.71 V              ; -0.0317 V           ; 0.148 V                              ; 0.064 V                              ; 4.51e-10 s                  ; 4.15e-10 s                  ; No                         ; Yes                        ; 2.62 V                      ; 2.74e-08 V                  ; 2.71 V             ; -0.0317 V          ; 0.148 V                             ; 0.064 V                             ; 4.51e-10 s                 ; 4.15e-10 s                 ; No                        ; Yes                       ;
; segv2[0]      ; 2.5 V        ; 0 s                 ; 0 s                 ; 2.62 V                       ; 2.74e-08 V                   ; 2.71 V              ; -0.0317 V           ; 0.148 V                              ; 0.064 V                              ; 4.51e-10 s                  ; 4.15e-10 s                  ; No                         ; Yes                        ; 2.62 V                      ; 2.74e-08 V                  ; 2.71 V             ; -0.0317 V          ; 0.148 V                             ; 0.064 V                             ; 4.51e-10 s                 ; 4.15e-10 s                 ; No                        ; Yes                       ;
; segv2[1]      ; 2.5 V        ; 0 s                 ; 0 s                 ; 2.62 V                       ; 2.74e-08 V                   ; 2.71 V              ; -0.0317 V           ; 0.148 V                              ; 0.064 V                              ; 4.51e-10 s                  ; 4.15e-10 s                  ; No                         ; Yes                        ; 2.62 V                      ; 2.74e-08 V                  ; 2.71 V             ; -0.0317 V          ; 0.148 V                             ; 0.064 V                             ; 4.51e-10 s                 ; 4.15e-10 s                 ; No                        ; Yes                       ;
; segv2[2]      ; 2.5 V        ; 0 s                 ; 0 s                 ; 2.62 V                       ; 2.74e-08 V                   ; 2.71 V              ; -0.0317 V           ; 0.148 V                              ; 0.064 V                              ; 4.51e-10 s                  ; 4.15e-10 s                  ; No                         ; Yes                        ; 2.62 V                      ; 2.74e-08 V                  ; 2.71 V             ; -0.0317 V          ; 0.148 V                             ; 0.064 V                             ; 4.51e-10 s                 ; 4.15e-10 s                 ; No                        ; Yes                       ;
; segv2[3]      ; 2.5 V        ; 0 s                 ; 0 s                 ; 2.62 V                       ; 2.74e-08 V                   ; 2.73 V              ; -0.0384 V           ; 0.169 V                              ; 0.089 V                              ; 2.7e-10 s                   ; 2.62e-10 s                  ; Yes                        ; Yes                        ; 2.62 V                      ; 2.74e-08 V                  ; 2.73 V             ; -0.0384 V          ; 0.169 V                             ; 0.089 V                             ; 2.7e-10 s                  ; 2.62e-10 s                 ; Yes                       ; Yes                       ;
; segv2[4]      ; 2.5 V        ; 0 s                 ; 0 s                 ; 2.62 V                       ; 2.74e-08 V                   ; 2.71 V              ; -0.0317 V           ; 0.148 V                              ; 0.064 V                              ; 4.51e-10 s                  ; 4.15e-10 s                  ; No                         ; Yes                        ; 2.62 V                      ; 2.74e-08 V                  ; 2.71 V             ; -0.0317 V          ; 0.148 V                             ; 0.064 V                             ; 4.51e-10 s                 ; 4.15e-10 s                 ; No                        ; Yes                       ;
; segv2[5]      ; 2.5 V        ; 0 s                 ; 0 s                 ; 2.62 V                       ; 2.74e-08 V                   ; 2.71 V              ; -0.0317 V           ; 0.148 V                              ; 0.064 V                              ; 4.51e-10 s                  ; 4.15e-10 s                  ; No                         ; Yes                        ; 2.62 V                      ; 2.74e-08 V                  ; 2.71 V             ; -0.0317 V          ; 0.148 V                             ; 0.064 V                             ; 4.51e-10 s                 ; 4.15e-10 s                 ; No                        ; Yes                       ;
; segv2[6]      ; 2.5 V        ; 0 s                 ; 0 s                 ; 2.62 V                       ; 2.74e-08 V                   ; 2.71 V              ; -0.0317 V           ; 0.148 V                              ; 0.064 V                              ; 4.51e-10 s                  ; 4.15e-10 s                  ; No                         ; Yes                        ; 2.62 V                      ; 2.74e-08 V                  ; 2.71 V             ; -0.0317 V          ; 0.148 V                             ; 0.064 V                             ; 4.51e-10 s                 ; 4.15e-10 s                 ; No                        ; Yes                       ;
; ~ALTERA_DCLK~ ; 2.5 V        ; 0 s                 ; 0 s                 ; 2.62 V                       ; 2.22e-08 V                   ; 2.74 V              ; -0.06 V             ; 0.158 V                              ; 0.08 V                               ; 2.68e-10 s                  ; 2.19e-10 s                  ; Yes                        ; Yes                        ; 2.62 V                      ; 2.22e-08 V                  ; 2.74 V             ; -0.06 V            ; 0.158 V                             ; 0.08 V                              ; 2.68e-10 s                 ; 2.19e-10 s                 ; Yes                       ; Yes                       ;
; ~ALTERA_nCEO~ ; 2.5 V        ; 0 s                 ; 0 s                 ; 2.62 V                       ; 3.54e-08 V                   ; 2.7 V               ; -0.00943 V          ; 0.276 V                              ; 0.035 V                              ; 3.19e-10 s                  ; 4.99e-10 s                  ; No                         ; Yes                        ; 2.62 V                      ; 3.54e-08 V                  ; 2.7 V              ; -0.00943 V         ; 0.276 V                             ; 0.035 V                             ; 3.19e-10 s                 ; 4.99e-10 s                 ; No                        ; Yes                       ;
+---------------+--------------+---------------------+---------------------+------------------------------+------------------------------+---------------------+---------------------+--------------------------------------+--------------------------------------+-----------------------------+-----------------------------+----------------------------+----------------------------+-----------------------------+-----------------------------+--------------------+--------------------+-------------------------------------+-------------------------------------+----------------------------+----------------------------+---------------------------+---------------------------+


+-------------------------------------------------------------------+
; Setup Transfers                                                   ;
+------------+----------+----------+----------+----------+----------+
; From Clock ; To Clock ; RR Paths ; FR Paths ; RF Paths ; FF Paths ;
+------------+----------+----------+----------+----------+----------+
; Clockv     ; Clockv   ; 5        ; 0        ; 0        ; 0        ;
; Presetv    ; Clockv   ; 4        ; 4        ; 0        ; 0        ;
; Clockv2    ; Clockv2  ; 5        ; 0        ; 0        ; 0        ;
; Presetv    ; Clockv2  ; 4        ; 4        ; 0        ; 0        ;
; Clockv     ; Presetv  ; 16       ; 0        ; 0        ; 0        ;
; Clockv2    ; Presetv  ; 16       ; 0        ; 0        ; 0        ;
+------------+----------+----------+----------+----------+----------+
Entries labeled "false path" only account for clock-to-clock false paths and not path-based false paths. As a result, actual path counts may be lower than reported.


+-------------------------------------------------------------------+
; Hold Transfers                                                    ;
+------------+----------+----------+----------+----------+----------+
; From Clock ; To Clock ; RR Paths ; FR Paths ; RF Paths ; FF Paths ;
+------------+----------+----------+----------+----------+----------+
; Clockv     ; Clockv   ; 5        ; 0        ; 0        ; 0        ;
; Presetv    ; Clockv   ; 4        ; 4        ; 0        ; 0        ;
; Clockv2    ; Clockv2  ; 5        ; 0        ; 0        ; 0        ;
; Presetv    ; Clockv2  ; 4        ; 4        ; 0        ; 0        ;
; Clockv     ; Presetv  ; 16       ; 0        ; 0        ; 0        ;
; Clockv2    ; Presetv  ; 16       ; 0        ; 0        ; 0        ;
+------------+----------+----------+----------+----------+----------+
Entries labeled "false path" only account for clock-to-clock false paths and not path-based false paths. As a result, actual path counts may be lower than reported.


---------------
; Report TCCS ;
---------------
No dedicated SERDES Transmitter circuitry present in device or used in design


---------------
; Report RSKM ;
---------------
No non-DPA dedicated SERDES Receiver circuitry present in device or used in design


+------------------------------------------------+
; Unconstrained Paths                            ;
+---------------------------------+-------+------+
; Property                        ; Setup ; Hold ;
+---------------------------------+-------+------+
; Illegal Clocks                  ; 0     ; 0    ;
; Unconstrained Clocks            ; 0     ; 0    ;
; Unconstrained Input Ports       ; 0     ; 0    ;
; Unconstrained Input Port Paths  ; 0     ; 0    ;
; Unconstrained Output Ports      ; 22    ; 22   ;
; Unconstrained Output Port Paths ; 60    ; 60   ;
+---------------------------------+-------+------+


+------------------------------------+
; TimeQuest Timing Analyzer Messages ;
+------------------------------------+
Info: *******************************************************************
Info: Running Quartus II 64-Bit TimeQuest Timing Analyzer
    Info: Version 15.0.0 Build 145 04/22/2015 SJ Web Edition
    Info: Processing started: Thu Dec 05 22:45:50 2019
Info: Command: quartus_sta random -c random
Info: qsta_default_script.tcl version: #11
Warning (20028): Parallel compilation is not licensed and has been disabled
Info (21077): Low junction temperature is 0 degrees C
Info (21077): High junction temperature is 85 degrees C
Warning (335093): TimeQuest Timing Analyzer is analyzing 8 combinational loops as latches.
Critical Warning (332012): Synopsys Design Constraints File file not found: 'random.sdc'. A Synopsys Design Constraints File is required by the TimeQuest Timing Analyzer to get proper timing constraints. Without it, the Compiler will not properly optimize the design.
Info (332142): No user constrained base clocks found in the design. Calling "derive_clocks -period 1.0"
Info (332105): Deriving Clocks
    Info (332105): create_clock -period 1.000 -name Presetv Presetv
    Info (332105): create_clock -period 1.000 -name Clockv Clockv
    Info (332105): create_clock -period 1.000 -name Clockv2 Clockv2
Info (332143): No user constrained clock uncertainty found in the design. Calling "derive_clock_uncertainty"
Info (332123): Deriving Clock Uncertainty. Please refer to report_sdc in TimeQuest to see clock uncertainties.
Info: Found TIMEQUEST_REPORT_SCRIPT_INCLUDE_DEFAULT_ANALYSIS = ON
Info: Analyzing Slow 1200mV 85C Model
Critical Warning (332148): Timing requirements not met
    Info (11105): For recommendations on closing timing, run Report Timing Closure Recommendations in the TimeQuest Timing Analyzer.
Info (332146): Worst-case setup slack is -1.975
    Info (332119):     Slack       End Point TNS Clock 
    Info (332119): ========= =================== =====================
    Info (332119):    -1.975             -13.505 Presetv 
    Info (332119):    -1.136              -4.074 Clockv2 
    Info (332119):    -1.104              -3.835 Clockv 
Info (332146): Worst-case hold slack is 0.546
    Info (332119):     Slack       End Point TNS Clock 
    Info (332119): ========= =================== =====================
    Info (332119):     0.546               0.000 Clockv 
    Info (332119):     0.554               0.000 Presetv 
    Info (332119):     0.631               0.000 Clockv2 
Info (332140): No Recovery paths to report
Info (332140): No Removal paths to report
Info (332146): Worst-case minimum pulse width slack is -3.000
    Info (332119):     Slack       End Point TNS Clock 
    Info (332119): ========= =================== =====================
    Info (332119):    -3.000              -8.140 Clockv 
    Info (332119):    -3.000              -8.140 Clockv2 
    Info (332119):    -3.000              -3.000 Presetv 
Info: Analyzing Slow 1200mV 0C Model
Info (334003): Started post-fitting delay annotation
Info (334004): Delay annotation completed successfully
Info (332123): Deriving Clock Uncertainty. Please refer to report_sdc in TimeQuest to see clock uncertainties.
Critical Warning (332148): Timing requirements not met
    Info (11105): For recommendations on closing timing, run Report Timing Closure Recommendations in the TimeQuest Timing Analyzer.
Info (332146): Worst-case setup slack is -1.699
    Info (332119):     Slack       End Point TNS Clock 
    Info (332119): ========= =================== =====================
    Info (332119):    -1.699             -11.347 Presetv 
    Info (332119):    -1.046              -3.743 Clockv 
    Info (332119):    -1.010              -3.790 Clockv2 
Info (332146): Worst-case hold slack is 0.498
    Info (332119):     Slack       End Point TNS Clock 
    Info (332119): ========= =================== =====================
    Info (332119):     0.498               0.000 Presetv 
    Info (332119):     0.515               0.000 Clockv 
    Info (332119):     0.595               0.000 Clockv2 
Info (332140): No Recovery paths to report
Info (332140): No Removal paths to report
Info (332146): Worst-case minimum pulse width slack is -3.000
    Info (332119):     Slack       End Point TNS Clock 
    Info (332119): ========= =================== =====================
    Info (332119):    -3.000              -8.140 Clockv 
    Info (332119):    -3.000              -8.140 Clockv2 
    Info (332119):    -3.000              -3.000 Presetv 
Info: Analyzing Fast 1200mV 0C Model
Info (332123): Deriving Clock Uncertainty. Please refer to report_sdc in TimeQuest to see clock uncertainties.
Critical Warning (332148): Timing requirements not met
    Info (11105): For recommendations on closing timing, run Report Timing Closure Recommendations in the TimeQuest Timing Analyzer.
Info (332146): Worst-case setup slack is -0.491
    Info (332119):     Slack       End Point TNS Clock 
    Info (332119): ========= =================== =====================
    Info (332119):    -0.491              -2.745 Presetv 
    Info (332119):    -0.487              -1.426 Clockv 
    Info (332119):    -0.474              -1.523 Clockv2 
Info (332146): Worst-case hold slack is 0.236
    Info (332119):     Slack       End Point TNS Clock 
    Info (332119): ========= =================== =====================
    Info (332119):     0.236               0.000 Presetv 
    Info (332119):     0.237               0.000 Clockv 
    Info (332119):     0.290               0.000 Clockv2 
Info (332140): No Recovery paths to report
Info (332140): No Removal paths to report
Info (332146): Worst-case minimum pulse width slack is -3.000
    Info (332119):     Slack       End Point TNS Clock 
    Info (332119): ========= =================== =====================
    Info (332119):    -3.000              -7.244 Clockv2 
    Info (332119):    -3.000              -7.240 Clockv 
    Info (332119):    -3.000              -3.000 Presetv 
Info (332102): Design is not fully constrained for setup requirements
Info (332102): Design is not fully constrained for hold requirements
Info: Quartus II 64-Bit TimeQuest Timing Analyzer was successful. 0 errors, 7 warnings
    Info: Peak virtual memory: 4931 megabytes
    Info: Processing ended: Thu Dec 05 22:46:34 2019
    Info: Elapsed time: 00:00:44
    Info: Total CPU time (on all processors): 00:00:02


