TimeQuest Timing Analyzer report for lcdlab3
Tue Dec 03 21:33:55 2019
Quartus II 64-Bit Version 15.0.0 Build 145 04/22/2015 SJ Web Edition


---------------------
; Table of Contents ;
---------------------
  1. Legal Notice
  2. TimeQuest Timing Analyzer Summary
  3. Parallel Compilation
  4. Clocks
  5. Slow 1200mV 85C Model Fmax Summary
  6. Timing Closure Recommendations
  7. Slow 1200mV 85C Model Setup Summary
  8. Slow 1200mV 85C Model Hold Summary
  9. Slow 1200mV 85C Model Recovery Summary
 10. Slow 1200mV 85C Model Removal Summary
 11. Slow 1200mV 85C Model Minimum Pulse Width Summary
 12. Slow 1200mV 85C Model Setup: 'CLOCK_50'
 13. Slow 1200mV 85C Model Setup: 'LCD_Display:u1|CLK_400HZ'
 14. Slow 1200mV 85C Model Hold: 'LCD_Display:u1|CLK_400HZ'
 15. Slow 1200mV 85C Model Hold: 'CLOCK_50'
 16. Slow 1200mV 85C Model Recovery: 'CLOCK_50'
 17. Slow 1200mV 85C Model Recovery: 'LCD_Display:u1|CLK_400HZ'
 18. Slow 1200mV 85C Model Removal: 'LCD_Display:u1|CLK_400HZ'
 19. Slow 1200mV 85C Model Removal: 'CLOCK_50'
 20. Slow 1200mV 85C Model Minimum Pulse Width: 'CLOCK_50'
 21. Slow 1200mV 85C Model Minimum Pulse Width: 'LCD_Display:u1|CLK_400HZ'
 22. Setup Times
 23. Hold Times
 24. Clock to Output Times
 25. Minimum Clock to Output Times
 26. Propagation Delay
 27. Minimum Propagation Delay
 28. Slow 1200mV 85C Model Metastability Summary
 29. Slow 1200mV 0C Model Fmax Summary
 30. Slow 1200mV 0C Model Setup Summary
 31. Slow 1200mV 0C Model Hold Summary
 32. Slow 1200mV 0C Model Recovery Summary
 33. Slow 1200mV 0C Model Removal Summary
 34. Slow 1200mV 0C Model Minimum Pulse Width Summary
 35. Slow 1200mV 0C Model Setup: 'CLOCK_50'
 36. Slow 1200mV 0C Model Setup: 'LCD_Display:u1|CLK_400HZ'
 37. Slow 1200mV 0C Model Hold: 'LCD_Display:u1|CLK_400HZ'
 38. Slow 1200mV 0C Model Hold: 'CLOCK_50'
 39. Slow 1200mV 0C Model Recovery: 'CLOCK_50'
 40. Slow 1200mV 0C Model Recovery: 'LCD_Display:u1|CLK_400HZ'
 41. Slow 1200mV 0C Model Removal: 'LCD_Display:u1|CLK_400HZ'
 42. Slow 1200mV 0C Model Removal: 'CLOCK_50'
 43. Slow 1200mV 0C Model Minimum Pulse Width: 'CLOCK_50'
 44. Slow 1200mV 0C Model Minimum Pulse Width: 'LCD_Display:u1|CLK_400HZ'
 45. Setup Times
 46. Hold Times
 47. Clock to Output Times
 48. Minimum Clock to Output Times
 49. Propagation Delay
 50. Minimum Propagation Delay
 51. Slow 1200mV 0C Model Metastability Summary
 52. Fast 1200mV 0C Model Setup Summary
 53. Fast 1200mV 0C Model Hold Summary
 54. Fast 1200mV 0C Model Recovery Summary
 55. Fast 1200mV 0C Model Removal Summary
 56. Fast 1200mV 0C Model Minimum Pulse Width Summary
 57. Fast 1200mV 0C Model Setup: 'CLOCK_50'
 58. Fast 1200mV 0C Model Setup: 'LCD_Display:u1|CLK_400HZ'
 59. Fast 1200mV 0C Model Hold: 'LCD_Display:u1|CLK_400HZ'
 60. Fast 1200mV 0C Model Hold: 'CLOCK_50'
 61. Fast 1200mV 0C Model Recovery: 'CLOCK_50'
 62. Fast 1200mV 0C Model Recovery: 'LCD_Display:u1|CLK_400HZ'
 63. Fast 1200mV 0C Model Removal: 'LCD_Display:u1|CLK_400HZ'
 64. Fast 1200mV 0C Model Removal: 'CLOCK_50'
 65. Fast 1200mV 0C Model Minimum Pulse Width: 'CLOCK_50'
 66. Fast 1200mV 0C Model Minimum Pulse Width: 'LCD_Display:u1|CLK_400HZ'
 67. Setup Times
 68. Hold Times
 69. Clock to Output Times
 70. Minimum Clock to Output Times
 71. Propagation Delay
 72. Minimum Propagation Delay
 73. Fast 1200mV 0C Model Metastability Summary
 74. Multicorner Timing Analysis Summary
 75. Setup Times
 76. Hold Times
 77. Clock to Output Times
 78. Minimum Clock to Output Times
 79. Propagation Delay
 80. Minimum Propagation Delay
 81. Board Trace Model Assignments
 82. Input Transition Times
 83. Signal Integrity Metrics (Slow 1200mv 0c Model)
 84. Signal Integrity Metrics (Slow 1200mv 85c Model)
 85. Signal Integrity Metrics (Fast 1200mv 0c Model)
 86. Setup Transfers
 87. Hold Transfers
 88. Recovery Transfers
 89. Removal Transfers
 90. Report TCCS
 91. Report RSKM
 92. Unconstrained Paths
 93. TimeQuest Timing Analyzer Messages



----------------
; Legal Notice ;
----------------
Copyright (C) 1991-2015 Altera Corporation. All rights reserved.
Your use of Altera Corporation's design tools, logic functions 
and other software and tools, and its AMPP partner logic 
functions, and any output files from any of the foregoing 
(including device programming or simulation files), and any 
associated documentation or information are expressly subject 
to the terms and conditions of the Altera Program License 
Subscription Agreement, the Altera Quartus II License Agreement,
the Altera MegaCore Function License Agreement, or other 
applicable license agreement, including, without limitation, 
that your use is for the sole purpose of programming logic 
devices manufactured by Altera and sold by Altera or its 
authorized distributors.  Please refer to the applicable 
agreement for further details.



+-------------------------------------------------------------------------+
; TimeQuest Timing Analyzer Summary                                       ;
+--------------------+----------------------------------------------------+
; Quartus II Version ; Version 15.0.0 Build 145 04/22/2015 SJ Web Edition ;
; Revision Name      ; lcdlab3                                            ;
; Device Family      ; Cyclone IV E                                       ;
; Device Name        ; EP4CE115F29C7                                      ;
; Timing Models      ; Final                                              ;
; Delay Model        ; Combined                                           ;
; Rise/Fall Delays   ; Enabled                                            ;
+--------------------+----------------------------------------------------+


Parallel compilation was disabled, but you have multiple processors available. Enable parallel compilation to reduce compilation time.
+-------------------------------------+
; Parallel Compilation                ;
+----------------------------+--------+
; Processors                 ; Number ;
+----------------------------+--------+
; Number detected on machine ; 8      ;
; Maximum allowed            ; 1      ;
+----------------------------+--------+


+--------------------------------------------------------------------------------------------------------------------------------------------------------------------------------------------------------------------+
; Clocks                                                                                                                                                                                                             ;
+--------------------------+------+--------+------------+-------+-------+------------+-----------+-------------+-------+--------+-----------+------------+----------+--------+--------+------------------------------+
; Clock Name               ; Type ; Period ; Frequency  ; Rise  ; Fall  ; Duty Cycle ; Divide by ; Multiply by ; Phase ; Offset ; Edge List ; Edge Shift ; Inverted ; Master ; Source ; Targets                      ;
+--------------------------+------+--------+------------+-------+-------+------------+-----------+-------------+-------+--------+-----------+------------+----------+--------+--------+------------------------------+
; CLOCK_50                 ; Base ; 1.000  ; 1000.0 MHz ; 0.000 ; 0.500 ;            ;           ;             ;       ;        ;           ;            ;          ;        ;        ; { CLOCK_50 }                 ;
; LCD_Display:u1|CLK_400HZ ; Base ; 1.000  ; 1000.0 MHz ; 0.000 ; 0.500 ;            ;           ;             ;       ;        ;           ;            ;          ;        ;        ; { LCD_Display:u1|CLK_400HZ } ;
+--------------------------+------+--------+------------+-------+-------+------------+-----------+-------------+-------+--------+-----------+------------+----------+--------+--------+------------------------------+


+----------------------------------------------------------------+
; Slow 1200mV 85C Model Fmax Summary                             ;
+------------+-----------------+--------------------------+------+
; Fmax       ; Restricted Fmax ; Clock Name               ; Note ;
+------------+-----------------+--------------------------+------+
; 233.26 MHz ; 233.26 MHz      ; CLOCK_50                 ;      ;
; 241.95 MHz ; 241.95 MHz      ; LCD_Display:u1|CLK_400HZ ;      ;
+------------+-----------------+--------------------------+------+
This panel reports FMAX for every clock in the design, regardless of the user-specified clock periods.  FMAX is only computed for paths where the source and destination registers or ports are driven by the same clock.  Paths of different clocks, including generated clocks, are ignored.  For paths between a clock and its inversion, FMAX is computed as if the rising and falling edges are scaled along with FMAX, such that the duty cycle (in terms of a percentage) is maintained. Altera recommends that you always use clock constraints and other slack reports for sign-off analysis.


----------------------------------
; Timing Closure Recommendations ;
----------------------------------
HTML report is unavailable in plain text report export.


+---------------------------------------------------+
; Slow 1200mV 85C Model Setup Summary               ;
+--------------------------+--------+---------------+
; Clock                    ; Slack  ; End Point TNS ;
+--------------------------+--------+---------------+
; CLOCK_50                 ; -3.287 ; -101.489      ;
; LCD_Display:u1|CLK_400HZ ; -3.133 ; -54.192       ;
+--------------------------+--------+---------------+


+--------------------------------------------------+
; Slow 1200mV 85C Model Hold Summary               ;
+--------------------------+-------+---------------+
; Clock                    ; Slack ; End Point TNS ;
+--------------------------+-------+---------------+
; LCD_Display:u1|CLK_400HZ ; 0.266 ; 0.000         ;
; CLOCK_50                 ; 0.408 ; 0.000         ;
+--------------------------+-------+---------------+


+---------------------------------------------------+
; Slow 1200mV 85C Model Recovery Summary            ;
+--------------------------+--------+---------------+
; Clock                    ; Slack  ; End Point TNS ;
+--------------------------+--------+---------------+
; CLOCK_50                 ; -0.938 ; -17.388       ;
; LCD_Display:u1|CLK_400HZ ; 0.060  ; 0.000         ;
+--------------------------+--------+---------------+


+--------------------------------------------------+
; Slow 1200mV 85C Model Removal Summary            ;
+--------------------------+-------+---------------+
; Clock                    ; Slack ; End Point TNS ;
+--------------------------+-------+---------------+
; LCD_Display:u1|CLK_400HZ ; 0.269 ; 0.000         ;
; CLOCK_50                 ; 1.033 ; 0.000         ;
+--------------------------+-------+---------------+


+---------------------------------------------------+
; Slow 1200mV 85C Model Minimum Pulse Width Summary ;
+--------------------------+--------+---------------+
; Clock                    ; Slack  ; End Point TNS ;
+--------------------------+--------+---------------+
; CLOCK_50                 ; -3.000 ; -56.970       ;
; LCD_Display:u1|CLK_400HZ ; -1.285 ; -48.830       ;
+--------------------------+--------+---------------+


+-------------------------------------------------------------------------------------------------------------------------------------------------------+
; Slow 1200mV 85C Model Setup: 'CLOCK_50'                                                                                                               ;
+--------+------------------------------------+-----------------------------------+--------------+-------------+--------------+------------+------------+
; Slack  ; From Node                          ; To Node                           ; Launch Clock ; Latch Clock ; Relationship ; Clock Skew ; Data Delay ;
+--------+------------------------------------+-----------------------------------+--------------+-------------+--------------+------------+------------+
; -3.287 ; LCD_Display:u1|CLK_COUNT_400HZ[3]  ; LCD_Display:u1|CLK_400HZ          ; CLOCK_50     ; CLOCK_50    ; 1.000        ; -0.077     ; 4.208      ;
; -3.263 ; LCD_Display:u1|CLK_COUNT_400HZ[9]  ; LCD_Display:u1|CLK_400HZ          ; CLOCK_50     ; CLOCK_50    ; 1.000        ; -0.077     ; 4.184      ;
; -3.253 ; LCD_Display:u1|CLK_COUNT_400HZ[6]  ; LCD_Display:u1|CLK_400HZ          ; CLOCK_50     ; CLOCK_50    ; 1.000        ; -0.077     ; 4.174      ;
; -3.126 ; LCD_Display:u1|CLK_COUNT_400HZ[2]  ; LCD_Display:u1|CLK_400HZ          ; CLOCK_50     ; CLOCK_50    ; 1.000        ; -0.077     ; 4.047      ;
; -3.073 ; LCD_Display:u1|CLK_COUNT_400HZ[7]  ; LCD_Display:u1|CLK_400HZ          ; CLOCK_50     ; CLOCK_50    ; 1.000        ; -0.077     ; 3.994      ;
; -3.065 ; LCD_Display:u1|CLK_COUNT_400HZ[11] ; LCD_Display:u1|CLK_400HZ          ; CLOCK_50     ; CLOCK_50    ; 1.000        ; -0.513     ; 3.550      ;
; -2.959 ; LCD_Display:u1|CLK_COUNT_400HZ[5]  ; LCD_Display:u1|CLK_400HZ          ; CLOCK_50     ; CLOCK_50    ; 1.000        ; -0.077     ; 3.880      ;
; -2.956 ; LCD_Display:u1|CLK_COUNT_400HZ[8]  ; LCD_Display:u1|CLK_400HZ          ; CLOCK_50     ; CLOCK_50    ; 1.000        ; -0.077     ; 3.877      ;
; -2.934 ; LCD_Display:u1|CLK_COUNT_400HZ[10] ; LCD_Display:u1|CLK_400HZ          ; CLOCK_50     ; CLOCK_50    ; 1.000        ; -0.080     ; 3.852      ;
; -2.930 ; LCD_Display:u1|CLK_COUNT_400HZ[13] ; LCD_Display:u1|CLK_400HZ          ; CLOCK_50     ; CLOCK_50    ; 1.000        ; -0.080     ; 3.848      ;
; -2.842 ; LCD_Display:u1|CLK_COUNT_400HZ[4]  ; LCD_Display:u1|CLK_400HZ          ; CLOCK_50     ; CLOCK_50    ; 1.000        ; -0.077     ; 3.763      ;
; -2.736 ; LCD_Display:u1|CLK_COUNT_400HZ[3]  ; LCD_Display:u1|CLK_COUNT_400HZ[4] ; CLOCK_50     ; CLOCK_50    ; 1.000        ; -0.080     ; 3.654      ;
; -2.736 ; LCD_Display:u1|CLK_COUNT_400HZ[3]  ; LCD_Display:u1|CLK_COUNT_400HZ[0] ; CLOCK_50     ; CLOCK_50    ; 1.000        ; -0.080     ; 3.654      ;
; -2.736 ; LCD_Display:u1|CLK_COUNT_400HZ[3]  ; LCD_Display:u1|CLK_COUNT_400HZ[1] ; CLOCK_50     ; CLOCK_50    ; 1.000        ; -0.080     ; 3.654      ;
; -2.736 ; LCD_Display:u1|CLK_COUNT_400HZ[3]  ; LCD_Display:u1|CLK_COUNT_400HZ[2] ; CLOCK_50     ; CLOCK_50    ; 1.000        ; -0.080     ; 3.654      ;
; -2.736 ; LCD_Display:u1|CLK_COUNT_400HZ[3]  ; LCD_Display:u1|CLK_COUNT_400HZ[3] ; CLOCK_50     ; CLOCK_50    ; 1.000        ; -0.080     ; 3.654      ;
; -2.736 ; LCD_Display:u1|CLK_COUNT_400HZ[3]  ; LCD_Display:u1|CLK_COUNT_400HZ[5] ; CLOCK_50     ; CLOCK_50    ; 1.000        ; -0.080     ; 3.654      ;
; -2.736 ; LCD_Display:u1|CLK_COUNT_400HZ[3]  ; LCD_Display:u1|CLK_COUNT_400HZ[8] ; CLOCK_50     ; CLOCK_50    ; 1.000        ; -0.080     ; 3.654      ;
; -2.736 ; LCD_Display:u1|CLK_COUNT_400HZ[3]  ; LCD_Display:u1|CLK_COUNT_400HZ[6] ; CLOCK_50     ; CLOCK_50    ; 1.000        ; -0.080     ; 3.654      ;
; -2.736 ; LCD_Display:u1|CLK_COUNT_400HZ[3]  ; LCD_Display:u1|CLK_COUNT_400HZ[7] ; CLOCK_50     ; CLOCK_50    ; 1.000        ; -0.080     ; 3.654      ;
; -2.736 ; LCD_Display:u1|CLK_COUNT_400HZ[3]  ; LCD_Display:u1|CLK_COUNT_400HZ[9] ; CLOCK_50     ; CLOCK_50    ; 1.000        ; -0.080     ; 3.654      ;
; -2.735 ; LCD_Display:u1|CLK_COUNT_400HZ[12] ; LCD_Display:u1|CLK_400HZ          ; CLOCK_50     ; CLOCK_50    ; 1.000        ; -0.080     ; 3.653      ;
; -2.712 ; LCD_Display:u1|CLK_COUNT_400HZ[9]  ; LCD_Display:u1|CLK_COUNT_400HZ[4] ; CLOCK_50     ; CLOCK_50    ; 1.000        ; -0.080     ; 3.630      ;
; -2.712 ; LCD_Display:u1|CLK_COUNT_400HZ[9]  ; LCD_Display:u1|CLK_COUNT_400HZ[0] ; CLOCK_50     ; CLOCK_50    ; 1.000        ; -0.080     ; 3.630      ;
; -2.712 ; LCD_Display:u1|CLK_COUNT_400HZ[9]  ; LCD_Display:u1|CLK_COUNT_400HZ[1] ; CLOCK_50     ; CLOCK_50    ; 1.000        ; -0.080     ; 3.630      ;
; -2.712 ; LCD_Display:u1|CLK_COUNT_400HZ[9]  ; LCD_Display:u1|CLK_COUNT_400HZ[2] ; CLOCK_50     ; CLOCK_50    ; 1.000        ; -0.080     ; 3.630      ;
; -2.712 ; LCD_Display:u1|CLK_COUNT_400HZ[9]  ; LCD_Display:u1|CLK_COUNT_400HZ[3] ; CLOCK_50     ; CLOCK_50    ; 1.000        ; -0.080     ; 3.630      ;
; -2.712 ; LCD_Display:u1|CLK_COUNT_400HZ[9]  ; LCD_Display:u1|CLK_COUNT_400HZ[5] ; CLOCK_50     ; CLOCK_50    ; 1.000        ; -0.080     ; 3.630      ;
; -2.712 ; LCD_Display:u1|CLK_COUNT_400HZ[9]  ; LCD_Display:u1|CLK_COUNT_400HZ[8] ; CLOCK_50     ; CLOCK_50    ; 1.000        ; -0.080     ; 3.630      ;
; -2.712 ; LCD_Display:u1|CLK_COUNT_400HZ[9]  ; LCD_Display:u1|CLK_COUNT_400HZ[6] ; CLOCK_50     ; CLOCK_50    ; 1.000        ; -0.080     ; 3.630      ;
; -2.712 ; LCD_Display:u1|CLK_COUNT_400HZ[9]  ; LCD_Display:u1|CLK_COUNT_400HZ[7] ; CLOCK_50     ; CLOCK_50    ; 1.000        ; -0.080     ; 3.630      ;
; -2.712 ; LCD_Display:u1|CLK_COUNT_400HZ[9]  ; LCD_Display:u1|CLK_COUNT_400HZ[9] ; CLOCK_50     ; CLOCK_50    ; 1.000        ; -0.080     ; 3.630      ;
; -2.702 ; LCD_Display:u1|CLK_COUNT_400HZ[6]  ; LCD_Display:u1|CLK_COUNT_400HZ[4] ; CLOCK_50     ; CLOCK_50    ; 1.000        ; -0.080     ; 3.620      ;
; -2.702 ; LCD_Display:u1|CLK_COUNT_400HZ[6]  ; LCD_Display:u1|CLK_COUNT_400HZ[0] ; CLOCK_50     ; CLOCK_50    ; 1.000        ; -0.080     ; 3.620      ;
; -2.702 ; LCD_Display:u1|CLK_COUNT_400HZ[6]  ; LCD_Display:u1|CLK_COUNT_400HZ[1] ; CLOCK_50     ; CLOCK_50    ; 1.000        ; -0.080     ; 3.620      ;
; -2.702 ; LCD_Display:u1|CLK_COUNT_400HZ[6]  ; LCD_Display:u1|CLK_COUNT_400HZ[2] ; CLOCK_50     ; CLOCK_50    ; 1.000        ; -0.080     ; 3.620      ;
; -2.702 ; LCD_Display:u1|CLK_COUNT_400HZ[6]  ; LCD_Display:u1|CLK_COUNT_400HZ[3] ; CLOCK_50     ; CLOCK_50    ; 1.000        ; -0.080     ; 3.620      ;
; -2.702 ; LCD_Display:u1|CLK_COUNT_400HZ[6]  ; LCD_Display:u1|CLK_COUNT_400HZ[5] ; CLOCK_50     ; CLOCK_50    ; 1.000        ; -0.080     ; 3.620      ;
; -2.702 ; LCD_Display:u1|CLK_COUNT_400HZ[6]  ; LCD_Display:u1|CLK_COUNT_400HZ[8] ; CLOCK_50     ; CLOCK_50    ; 1.000        ; -0.080     ; 3.620      ;
; -2.702 ; LCD_Display:u1|CLK_COUNT_400HZ[6]  ; LCD_Display:u1|CLK_COUNT_400HZ[6] ; CLOCK_50     ; CLOCK_50    ; 1.000        ; -0.080     ; 3.620      ;
; -2.702 ; LCD_Display:u1|CLK_COUNT_400HZ[6]  ; LCD_Display:u1|CLK_COUNT_400HZ[7] ; CLOCK_50     ; CLOCK_50    ; 1.000        ; -0.080     ; 3.620      ;
; -2.702 ; LCD_Display:u1|CLK_COUNT_400HZ[6]  ; LCD_Display:u1|CLK_COUNT_400HZ[9] ; CLOCK_50     ; CLOCK_50    ; 1.000        ; -0.080     ; 3.620      ;
; -2.686 ; Reset_Delay:r0|Cont[17]            ; Reset_Delay:r0|Cont[16]           ; CLOCK_50     ; CLOCK_50    ; 1.000        ; -0.544     ; 3.140      ;
; -2.686 ; Reset_Delay:r0|Cont[17]            ; Reset_Delay:r0|Cont[12]           ; CLOCK_50     ; CLOCK_50    ; 1.000        ; -0.544     ; 3.140      ;
; -2.686 ; Reset_Delay:r0|Cont[17]            ; Reset_Delay:r0|Cont[13]           ; CLOCK_50     ; CLOCK_50    ; 1.000        ; -0.544     ; 3.140      ;
; -2.686 ; Reset_Delay:r0|Cont[17]            ; Reset_Delay:r0|Cont[14]           ; CLOCK_50     ; CLOCK_50    ; 1.000        ; -0.544     ; 3.140      ;
; -2.686 ; Reset_Delay:r0|Cont[17]            ; Reset_Delay:r0|Cont[15]           ; CLOCK_50     ; CLOCK_50    ; 1.000        ; -0.544     ; 3.140      ;
; -2.686 ; Reset_Delay:r0|Cont[17]            ; Reset_Delay:r0|Cont[19]           ; CLOCK_50     ; CLOCK_50    ; 1.000        ; -0.544     ; 3.140      ;
; -2.668 ; Reset_Delay:r0|Cont[5]             ; Reset_Delay:r0|Cont[16]           ; CLOCK_50     ; CLOCK_50    ; 1.000        ; -0.077     ; 3.589      ;
; -2.668 ; Reset_Delay:r0|Cont[5]             ; Reset_Delay:r0|Cont[12]           ; CLOCK_50     ; CLOCK_50    ; 1.000        ; -0.077     ; 3.589      ;
; -2.668 ; Reset_Delay:r0|Cont[5]             ; Reset_Delay:r0|Cont[13]           ; CLOCK_50     ; CLOCK_50    ; 1.000        ; -0.077     ; 3.589      ;
; -2.668 ; Reset_Delay:r0|Cont[5]             ; Reset_Delay:r0|Cont[14]           ; CLOCK_50     ; CLOCK_50    ; 1.000        ; -0.077     ; 3.589      ;
; -2.668 ; Reset_Delay:r0|Cont[5]             ; Reset_Delay:r0|Cont[15]           ; CLOCK_50     ; CLOCK_50    ; 1.000        ; -0.077     ; 3.589      ;
; -2.668 ; Reset_Delay:r0|Cont[5]             ; Reset_Delay:r0|Cont[19]           ; CLOCK_50     ; CLOCK_50    ; 1.000        ; -0.077     ; 3.589      ;
; -2.656 ; Reset_Delay:r0|Cont[4]             ; Reset_Delay:r0|Cont[16]           ; CLOCK_50     ; CLOCK_50    ; 1.000        ; -0.077     ; 3.577      ;
; -2.656 ; Reset_Delay:r0|Cont[4]             ; Reset_Delay:r0|Cont[12]           ; CLOCK_50     ; CLOCK_50    ; 1.000        ; -0.077     ; 3.577      ;
; -2.656 ; Reset_Delay:r0|Cont[4]             ; Reset_Delay:r0|Cont[13]           ; CLOCK_50     ; CLOCK_50    ; 1.000        ; -0.077     ; 3.577      ;
; -2.656 ; Reset_Delay:r0|Cont[4]             ; Reset_Delay:r0|Cont[14]           ; CLOCK_50     ; CLOCK_50    ; 1.000        ; -0.077     ; 3.577      ;
; -2.656 ; Reset_Delay:r0|Cont[4]             ; Reset_Delay:r0|Cont[15]           ; CLOCK_50     ; CLOCK_50    ; 1.000        ; -0.077     ; 3.577      ;
; -2.656 ; Reset_Delay:r0|Cont[4]             ; Reset_Delay:r0|Cont[19]           ; CLOCK_50     ; CLOCK_50    ; 1.000        ; -0.077     ; 3.577      ;
; -2.643 ; LCD_Display:u1|CLK_COUNT_400HZ[17] ; LCD_Display:u1|CLK_400HZ          ; CLOCK_50     ; CLOCK_50    ; 1.000        ; -0.513     ; 3.128      ;
; -2.575 ; LCD_Display:u1|CLK_COUNT_400HZ[2]  ; LCD_Display:u1|CLK_COUNT_400HZ[4] ; CLOCK_50     ; CLOCK_50    ; 1.000        ; -0.080     ; 3.493      ;
; -2.575 ; LCD_Display:u1|CLK_COUNT_400HZ[2]  ; LCD_Display:u1|CLK_COUNT_400HZ[0] ; CLOCK_50     ; CLOCK_50    ; 1.000        ; -0.080     ; 3.493      ;
; -2.575 ; LCD_Display:u1|CLK_COUNT_400HZ[2]  ; LCD_Display:u1|CLK_COUNT_400HZ[1] ; CLOCK_50     ; CLOCK_50    ; 1.000        ; -0.080     ; 3.493      ;
; -2.575 ; LCD_Display:u1|CLK_COUNT_400HZ[2]  ; LCD_Display:u1|CLK_COUNT_400HZ[2] ; CLOCK_50     ; CLOCK_50    ; 1.000        ; -0.080     ; 3.493      ;
; -2.575 ; LCD_Display:u1|CLK_COUNT_400HZ[2]  ; LCD_Display:u1|CLK_COUNT_400HZ[3] ; CLOCK_50     ; CLOCK_50    ; 1.000        ; -0.080     ; 3.493      ;
; -2.575 ; LCD_Display:u1|CLK_COUNT_400HZ[2]  ; LCD_Display:u1|CLK_COUNT_400HZ[5] ; CLOCK_50     ; CLOCK_50    ; 1.000        ; -0.080     ; 3.493      ;
; -2.575 ; LCD_Display:u1|CLK_COUNT_400HZ[2]  ; LCD_Display:u1|CLK_COUNT_400HZ[8] ; CLOCK_50     ; CLOCK_50    ; 1.000        ; -0.080     ; 3.493      ;
; -2.575 ; LCD_Display:u1|CLK_COUNT_400HZ[2]  ; LCD_Display:u1|CLK_COUNT_400HZ[6] ; CLOCK_50     ; CLOCK_50    ; 1.000        ; -0.080     ; 3.493      ;
; -2.575 ; LCD_Display:u1|CLK_COUNT_400HZ[2]  ; LCD_Display:u1|CLK_COUNT_400HZ[7] ; CLOCK_50     ; CLOCK_50    ; 1.000        ; -0.080     ; 3.493      ;
; -2.575 ; LCD_Display:u1|CLK_COUNT_400HZ[2]  ; LCD_Display:u1|CLK_COUNT_400HZ[9] ; CLOCK_50     ; CLOCK_50    ; 1.000        ; -0.080     ; 3.493      ;
; -2.552 ; Reset_Delay:r0|Cont[7]             ; Reset_Delay:r0|Cont[16]           ; CLOCK_50     ; CLOCK_50    ; 1.000        ; -0.077     ; 3.473      ;
; -2.552 ; Reset_Delay:r0|Cont[7]             ; Reset_Delay:r0|Cont[12]           ; CLOCK_50     ; CLOCK_50    ; 1.000        ; -0.077     ; 3.473      ;
; -2.552 ; Reset_Delay:r0|Cont[7]             ; Reset_Delay:r0|Cont[13]           ; CLOCK_50     ; CLOCK_50    ; 1.000        ; -0.077     ; 3.473      ;
; -2.552 ; Reset_Delay:r0|Cont[7]             ; Reset_Delay:r0|Cont[14]           ; CLOCK_50     ; CLOCK_50    ; 1.000        ; -0.077     ; 3.473      ;
; -2.552 ; Reset_Delay:r0|Cont[7]             ; Reset_Delay:r0|Cont[15]           ; CLOCK_50     ; CLOCK_50    ; 1.000        ; -0.077     ; 3.473      ;
; -2.552 ; Reset_Delay:r0|Cont[7]             ; Reset_Delay:r0|Cont[19]           ; CLOCK_50     ; CLOCK_50    ; 1.000        ; -0.077     ; 3.473      ;
; -2.531 ; LCD_Display:u1|CLK_COUNT_400HZ[11] ; LCD_Display:u1|CLK_COUNT_400HZ[4] ; CLOCK_50     ; CLOCK_50    ; 1.000        ; -0.516     ; 3.013      ;
; -2.531 ; LCD_Display:u1|CLK_COUNT_400HZ[11] ; LCD_Display:u1|CLK_COUNT_400HZ[0] ; CLOCK_50     ; CLOCK_50    ; 1.000        ; -0.516     ; 3.013      ;
; -2.531 ; LCD_Display:u1|CLK_COUNT_400HZ[11] ; LCD_Display:u1|CLK_COUNT_400HZ[1] ; CLOCK_50     ; CLOCK_50    ; 1.000        ; -0.516     ; 3.013      ;
; -2.531 ; LCD_Display:u1|CLK_COUNT_400HZ[11] ; LCD_Display:u1|CLK_COUNT_400HZ[2] ; CLOCK_50     ; CLOCK_50    ; 1.000        ; -0.516     ; 3.013      ;
; -2.531 ; LCD_Display:u1|CLK_COUNT_400HZ[11] ; LCD_Display:u1|CLK_COUNT_400HZ[3] ; CLOCK_50     ; CLOCK_50    ; 1.000        ; -0.516     ; 3.013      ;
; -2.531 ; LCD_Display:u1|CLK_COUNT_400HZ[11] ; LCD_Display:u1|CLK_COUNT_400HZ[5] ; CLOCK_50     ; CLOCK_50    ; 1.000        ; -0.516     ; 3.013      ;
; -2.531 ; LCD_Display:u1|CLK_COUNT_400HZ[11] ; LCD_Display:u1|CLK_COUNT_400HZ[8] ; CLOCK_50     ; CLOCK_50    ; 1.000        ; -0.516     ; 3.013      ;
; -2.531 ; LCD_Display:u1|CLK_COUNT_400HZ[11] ; LCD_Display:u1|CLK_COUNT_400HZ[6] ; CLOCK_50     ; CLOCK_50    ; 1.000        ; -0.516     ; 3.013      ;
; -2.531 ; LCD_Display:u1|CLK_COUNT_400HZ[11] ; LCD_Display:u1|CLK_COUNT_400HZ[7] ; CLOCK_50     ; CLOCK_50    ; 1.000        ; -0.516     ; 3.013      ;
; -2.531 ; LCD_Display:u1|CLK_COUNT_400HZ[11] ; LCD_Display:u1|CLK_COUNT_400HZ[9] ; CLOCK_50     ; CLOCK_50    ; 1.000        ; -0.516     ; 3.013      ;
; -2.528 ; Reset_Delay:r0|Cont[18]            ; Reset_Delay:r0|Cont[16]           ; CLOCK_50     ; CLOCK_50    ; 1.000        ; -0.544     ; 2.982      ;
; -2.528 ; Reset_Delay:r0|Cont[18]            ; Reset_Delay:r0|Cont[12]           ; CLOCK_50     ; CLOCK_50    ; 1.000        ; -0.544     ; 2.982      ;
; -2.528 ; Reset_Delay:r0|Cont[18]            ; Reset_Delay:r0|Cont[13]           ; CLOCK_50     ; CLOCK_50    ; 1.000        ; -0.544     ; 2.982      ;
; -2.528 ; Reset_Delay:r0|Cont[18]            ; Reset_Delay:r0|Cont[14]           ; CLOCK_50     ; CLOCK_50    ; 1.000        ; -0.544     ; 2.982      ;
; -2.528 ; Reset_Delay:r0|Cont[18]            ; Reset_Delay:r0|Cont[15]           ; CLOCK_50     ; CLOCK_50    ; 1.000        ; -0.544     ; 2.982      ;
; -2.528 ; Reset_Delay:r0|Cont[18]            ; Reset_Delay:r0|Cont[19]           ; CLOCK_50     ; CLOCK_50    ; 1.000        ; -0.544     ; 2.982      ;
; -2.525 ; LCD_Display:u1|CLK_COUNT_400HZ[18] ; LCD_Display:u1|CLK_400HZ          ; CLOCK_50     ; CLOCK_50    ; 1.000        ; -0.513     ; 3.010      ;
; -2.522 ; LCD_Display:u1|CLK_COUNT_400HZ[7]  ; LCD_Display:u1|CLK_COUNT_400HZ[4] ; CLOCK_50     ; CLOCK_50    ; 1.000        ; -0.080     ; 3.440      ;
; -2.522 ; LCD_Display:u1|CLK_COUNT_400HZ[7]  ; LCD_Display:u1|CLK_COUNT_400HZ[0] ; CLOCK_50     ; CLOCK_50    ; 1.000        ; -0.080     ; 3.440      ;
; -2.522 ; LCD_Display:u1|CLK_COUNT_400HZ[7]  ; LCD_Display:u1|CLK_COUNT_400HZ[1] ; CLOCK_50     ; CLOCK_50    ; 1.000        ; -0.080     ; 3.440      ;
; -2.522 ; LCD_Display:u1|CLK_COUNT_400HZ[7]  ; LCD_Display:u1|CLK_COUNT_400HZ[2] ; CLOCK_50     ; CLOCK_50    ; 1.000        ; -0.080     ; 3.440      ;
; -2.522 ; LCD_Display:u1|CLK_COUNT_400HZ[7]  ; LCD_Display:u1|CLK_COUNT_400HZ[3] ; CLOCK_50     ; CLOCK_50    ; 1.000        ; -0.080     ; 3.440      ;
; -2.522 ; LCD_Display:u1|CLK_COUNT_400HZ[7]  ; LCD_Display:u1|CLK_COUNT_400HZ[5] ; CLOCK_50     ; CLOCK_50    ; 1.000        ; -0.080     ; 3.440      ;
+--------+------------------------------------+-----------------------------------+--------------+-------------+--------------+------------+------------+


+-----------------------------------------------------------------------------------------------------------------------------------------------------------------------------------------+
; Slow 1200mV 85C Model Setup: 'LCD_Display:u1|CLK_400HZ'                                                                                                                                 ;
+--------+--------------------------------------+------------------------------------------+--------------------------+--------------------------+--------------+------------+------------+
; Slack  ; From Node                            ; To Node                                  ; Launch Clock             ; Latch Clock              ; Relationship ; Clock Skew ; Data Delay ;
+--------+--------------------------------------+------------------------------------------+--------------------------+--------------------------+--------------+------------+------------+
; -3.133 ; LCD_Display:u1|CHAR_COUNT[1]         ; LCD_Display:u1|DATA_BUS_VALUE[1]         ; LCD_Display:u1|CLK_400HZ ; LCD_Display:u1|CLK_400HZ ; 1.000        ; -0.080     ; 4.051      ;
; -3.108 ; LCD_Display:u1|CHAR_COUNT[0]         ; LCD_Display:u1|DATA_BUS_VALUE[1]         ; LCD_Display:u1|CLK_400HZ ; LCD_Display:u1|CLK_400HZ ; 1.000        ; -0.080     ; 4.026      ;
; -3.011 ; LCD_Display:u1|CHAR_COUNT[4]         ; LCD_Display:u1|DATA_BUS_VALUE[1]         ; LCD_Display:u1|CLK_400HZ ; LCD_Display:u1|CLK_400HZ ; 1.000        ; -0.080     ; 3.929      ;
; -2.976 ; LCD_Display:u1|CHAR_COUNT[3]         ; LCD_Display:u1|DATA_BUS_VALUE[1]         ; LCD_Display:u1|CLK_400HZ ; LCD_Display:u1|CLK_400HZ ; 1.000        ; -0.080     ; 3.894      ;
; -2.971 ; LCD_Display:u1|CHAR_COUNT[2]         ; LCD_Display:u1|DATA_BUS_VALUE[1]         ; LCD_Display:u1|CLK_400HZ ; LCD_Display:u1|CLK_400HZ ; 1.000        ; -0.080     ; 3.889      ;
; -2.824 ; LCD_Display:u1|CHAR_COUNT[4]         ; LCD_Display:u1|DATA_BUS_VALUE[2]         ; LCD_Display:u1|CLK_400HZ ; LCD_Display:u1|CLK_400HZ ; 1.000        ; -0.080     ; 3.742      ;
; -2.797 ; LCD_Display:u1|CHAR_COUNT[1]         ; LCD_Display:u1|DATA_BUS_VALUE[2]         ; LCD_Display:u1|CLK_400HZ ; LCD_Display:u1|CLK_400HZ ; 1.000        ; -0.080     ; 3.715      ;
; -2.796 ; LCD_Display:u1|CHAR_COUNT[1]         ; LCD_Display:u1|DATA_BUS_VALUE[6]         ; LCD_Display:u1|CLK_400HZ ; LCD_Display:u1|CLK_400HZ ; 1.000        ; -0.080     ; 3.714      ;
; -2.789 ; LCD_Display:u1|CHAR_COUNT[3]         ; LCD_Display:u1|DATA_BUS_VALUE[2]         ; LCD_Display:u1|CLK_400HZ ; LCD_Display:u1|CLK_400HZ ; 1.000        ; -0.080     ; 3.707      ;
; -2.777 ; LCD_Display:u1|CHAR_COUNT[1]         ; LCD_Display:u1|DATA_BUS_VALUE[3]         ; LCD_Display:u1|CLK_400HZ ; LCD_Display:u1|CLK_400HZ ; 1.000        ; -0.080     ; 3.695      ;
; -2.772 ; LCD_Display:u1|CHAR_COUNT[0]         ; LCD_Display:u1|DATA_BUS_VALUE[2]         ; LCD_Display:u1|CLK_400HZ ; LCD_Display:u1|CLK_400HZ ; 1.000        ; -0.080     ; 3.690      ;
; -2.771 ; LCD_Display:u1|CHAR_COUNT[0]         ; LCD_Display:u1|DATA_BUS_VALUE[6]         ; LCD_Display:u1|CLK_400HZ ; LCD_Display:u1|CLK_400HZ ; 1.000        ; -0.080     ; 3.689      ;
; -2.752 ; LCD_Display:u1|CHAR_COUNT[0]         ; LCD_Display:u1|DATA_BUS_VALUE[3]         ; LCD_Display:u1|CLK_400HZ ; LCD_Display:u1|CLK_400HZ ; 1.000        ; -0.080     ; 3.670      ;
; -2.718 ; LCD_Display:u1|CHAR_COUNT[2]         ; LCD_Display:u1|DATA_BUS_VALUE[2]         ; LCD_Display:u1|CLK_400HZ ; LCD_Display:u1|CLK_400HZ ; 1.000        ; -0.080     ; 3.636      ;
; -2.688 ; LCD_Display:u1|CHAR_COUNT[4]         ; LCD_Display:u1|DATA_BUS_VALUE[3]         ; LCD_Display:u1|CLK_400HZ ; LCD_Display:u1|CLK_400HZ ; 1.000        ; -0.080     ; 3.606      ;
; -2.681 ; LCD_Display:u1|CHAR_COUNT[4]         ; LCD_Display:u1|DATA_BUS_VALUE[6]         ; LCD_Display:u1|CLK_400HZ ; LCD_Display:u1|CLK_400HZ ; 1.000        ; -0.080     ; 3.599      ;
; -2.681 ; LCD_Display:u1|CHAR_COUNT[4]         ; LCD_Display:u1|DATA_BUS_VALUE[5]         ; LCD_Display:u1|CLK_400HZ ; LCD_Display:u1|CLK_400HZ ; 1.000        ; -0.080     ; 3.599      ;
; -2.678 ; LCD_Display:u1|CHAR_COUNT[4]         ; LCD_Display:u1|DATA_BUS_VALUE[4]         ; LCD_Display:u1|CLK_400HZ ; LCD_Display:u1|CLK_400HZ ; 1.000        ; -0.080     ; 3.596      ;
; -2.653 ; LCD_Display:u1|CHAR_COUNT[3]         ; LCD_Display:u1|DATA_BUS_VALUE[3]         ; LCD_Display:u1|CLK_400HZ ; LCD_Display:u1|CLK_400HZ ; 1.000        ; -0.080     ; 3.571      ;
; -2.646 ; LCD_Display:u1|CHAR_COUNT[3]         ; LCD_Display:u1|DATA_BUS_VALUE[6]         ; LCD_Display:u1|CLK_400HZ ; LCD_Display:u1|CLK_400HZ ; 1.000        ; -0.080     ; 3.564      ;
; -2.646 ; LCD_Display:u1|CHAR_COUNT[3]         ; LCD_Display:u1|DATA_BUS_VALUE[5]         ; LCD_Display:u1|CLK_400HZ ; LCD_Display:u1|CLK_400HZ ; 1.000        ; -0.080     ; 3.564      ;
; -2.643 ; LCD_Display:u1|CHAR_COUNT[3]         ; LCD_Display:u1|DATA_BUS_VALUE[4]         ; LCD_Display:u1|CLK_400HZ ; LCD_Display:u1|CLK_400HZ ; 1.000        ; -0.080     ; 3.561      ;
; -2.634 ; LCD_Display:u1|CHAR_COUNT[2]         ; LCD_Display:u1|DATA_BUS_VALUE[6]         ; LCD_Display:u1|CLK_400HZ ; LCD_Display:u1|CLK_400HZ ; 1.000        ; -0.080     ; 3.552      ;
; -2.620 ; LCD_Display:u1|CHAR_COUNT[2]         ; LCD_Display:u1|DATA_BUS_VALUE[3]         ; LCD_Display:u1|CLK_400HZ ; LCD_Display:u1|CLK_400HZ ; 1.000        ; -0.080     ; 3.538      ;
; -2.596 ; LCD_Display:u1|CHAR_COUNT[2]         ; LCD_Display:u1|DATA_BUS_VALUE[5]         ; LCD_Display:u1|CLK_400HZ ; LCD_Display:u1|CLK_400HZ ; 1.000        ; -0.080     ; 3.514      ;
; -2.593 ; LCD_Display:u1|CHAR_COUNT[2]         ; LCD_Display:u1|DATA_BUS_VALUE[4]         ; LCD_Display:u1|CLK_400HZ ; LCD_Display:u1|CLK_400HZ ; 1.000        ; -0.080     ; 3.511      ;
; -2.574 ; LCD_Display:u1|CHAR_COUNT[1]         ; LCD_Display:u1|DATA_BUS_VALUE[0]         ; LCD_Display:u1|CLK_400HZ ; LCD_Display:u1|CLK_400HZ ; 1.000        ; -0.080     ; 3.492      ;
; -2.549 ; LCD_Display:u1|CHAR_COUNT[0]         ; LCD_Display:u1|DATA_BUS_VALUE[0]         ; LCD_Display:u1|CLK_400HZ ; LCD_Display:u1|CLK_400HZ ; 1.000        ; -0.080     ; 3.467      ;
; -2.538 ; LCD_Display:u1|state.DROP_LCD_E      ; LCD_Display:u1|DATA_BUS_VALUE[2]         ; LCD_Display:u1|CLK_400HZ ; LCD_Display:u1|CLK_400HZ ; 1.000        ; -0.076     ; 3.460      ;
; -2.477 ; LCD_Display:u1|CHAR_COUNT[4]         ; LCD_Display:u1|DATA_BUS_VALUE[0]         ; LCD_Display:u1|CLK_400HZ ; LCD_Display:u1|CLK_400HZ ; 1.000        ; -0.080     ; 3.395      ;
; -2.442 ; LCD_Display:u1|CHAR_COUNT[3]         ; LCD_Display:u1|DATA_BUS_VALUE[0]         ; LCD_Display:u1|CLK_400HZ ; LCD_Display:u1|CLK_400HZ ; 1.000        ; -0.080     ; 3.360      ;
; -2.440 ; LCD_Display:u1|CHAR_COUNT[1]         ; LCD_Display:u1|DATA_BUS_VALUE[5]         ; LCD_Display:u1|CLK_400HZ ; LCD_Display:u1|CLK_400HZ ; 1.000        ; -0.080     ; 3.358      ;
; -2.437 ; LCD_Display:u1|CHAR_COUNT[0]         ; LCD_Display:u1|DATA_BUS_VALUE[5]         ; LCD_Display:u1|CLK_400HZ ; LCD_Display:u1|CLK_400HZ ; 1.000        ; -0.080     ; 3.355      ;
; -2.437 ; LCD_Display:u1|CHAR_COUNT[1]         ; LCD_Display:u1|DATA_BUS_VALUE[4]         ; LCD_Display:u1|CLK_400HZ ; LCD_Display:u1|CLK_400HZ ; 1.000        ; -0.080     ; 3.355      ;
; -2.434 ; LCD_Display:u1|CHAR_COUNT[0]         ; LCD_Display:u1|DATA_BUS_VALUE[4]         ; LCD_Display:u1|CLK_400HZ ; LCD_Display:u1|CLK_400HZ ; 1.000        ; -0.080     ; 3.352      ;
; -2.415 ; LCD_Display:u1|CHAR_COUNT[2]         ; LCD_Display:u1|DATA_BUS_VALUE[0]         ; LCD_Display:u1|CLK_400HZ ; LCD_Display:u1|CLK_400HZ ; 1.000        ; -0.080     ; 3.333      ;
; -2.329 ; LCD_Display:u1|state.DISPLAY_OFF     ; LCD_Display:u1|DATA_BUS_VALUE[5]         ; LCD_Display:u1|CLK_400HZ ; LCD_Display:u1|CLK_400HZ ; 1.000        ; -0.076     ; 3.251      ;
; -2.326 ; LCD_Display:u1|state.DISPLAY_OFF     ; LCD_Display:u1|DATA_BUS_VALUE[4]         ; LCD_Display:u1|CLK_400HZ ; LCD_Display:u1|CLK_400HZ ; 1.000        ; -0.076     ; 3.248      ;
; -2.229 ; LCD_Display:u1|state.HOLD            ; LCD_Display:u1|DATA_BUS_VALUE[2]         ; LCD_Display:u1|CLK_400HZ ; LCD_Display:u1|CLK_400HZ ; 1.000        ; -0.076     ; 3.151      ;
; -2.227 ; LCD_Display:u1|state.MODE_SET        ; LCD_Display:u1|DATA_BUS_VALUE[5]         ; LCD_Display:u1|CLK_400HZ ; LCD_Display:u1|CLK_400HZ ; 1.000        ; -0.076     ; 3.149      ;
; -2.224 ; LCD_Display:u1|state.MODE_SET        ; LCD_Display:u1|DATA_BUS_VALUE[4]         ; LCD_Display:u1|CLK_400HZ ; LCD_Display:u1|CLK_400HZ ; 1.000        ; -0.076     ; 3.146      ;
; -2.220 ; LCD_Display:u1|state.RETURN_HOME     ; LCD_Display:u1|DATA_BUS_VALUE[5]         ; LCD_Display:u1|CLK_400HZ ; LCD_Display:u1|CLK_400HZ ; 1.000        ; -0.076     ; 3.142      ;
; -2.219 ; LCD_Display:u1|CHAR_COUNT[3]         ; LCD_Display:u1|next_command.Print_String ; LCD_Display:u1|CLK_400HZ ; LCD_Display:u1|CLK_400HZ ; 1.000        ; -0.084     ; 3.133      ;
; -2.217 ; LCD_Display:u1|state.RETURN_HOME     ; LCD_Display:u1|DATA_BUS_VALUE[4]         ; LCD_Display:u1|CLK_400HZ ; LCD_Display:u1|CLK_400HZ ; 1.000        ; -0.076     ; 3.139      ;
; -2.172 ; LCD_Display:u1|state.DISPLAY_OFF     ; LCD_Display:u1|DATA_BUS_VALUE[3]         ; LCD_Display:u1|CLK_400HZ ; LCD_Display:u1|CLK_400HZ ; 1.000        ; -0.076     ; 3.094      ;
; -2.160 ; LCD_Display:u1|state.DROP_LCD_E      ; LCD_Display:u1|DATA_BUS_VALUE[3]         ; LCD_Display:u1|CLK_400HZ ; LCD_Display:u1|CLK_400HZ ; 1.000        ; -0.076     ; 3.082      ;
; -2.090 ; LCD_Display:u1|CHAR_COUNT[0]         ; LCD_Display:u1|next_command.Print_String ; LCD_Display:u1|CLK_400HZ ; LCD_Display:u1|CLK_400HZ ; 1.000        ; -0.084     ; 3.004      ;
; -2.082 ; LCD_Display:u1|CHAR_COUNT[3]         ; LCD_Display:u1|CHAR_COUNT[3]             ; LCD_Display:u1|CLK_400HZ ; LCD_Display:u1|CLK_400HZ ; 1.000        ; -0.079     ; 3.001      ;
; -2.070 ; LCD_Display:u1|CHAR_COUNT[4]         ; LCD_Display:u1|CHAR_COUNT[4]             ; LCD_Display:u1|CLK_400HZ ; LCD_Display:u1|CLK_400HZ ; 1.000        ; -0.079     ; 2.989      ;
; -1.993 ; LCD_Display:u1|state.DISPLAY_ON      ; LCD_Display:u1|DATA_BUS_VALUE[5]         ; LCD_Display:u1|CLK_400HZ ; LCD_Display:u1|CLK_400HZ ; 1.000        ; -0.076     ; 2.915      ;
; -1.990 ; LCD_Display:u1|state.DISPLAY_ON      ; LCD_Display:u1|DATA_BUS_VALUE[4]         ; LCD_Display:u1|CLK_400HZ ; LCD_Display:u1|CLK_400HZ ; 1.000        ; -0.076     ; 2.912      ;
; -1.990 ; LCD_Display:u1|CHAR_COUNT[2]         ; LCD_Display:u1|next_command.Print_String ; LCD_Display:u1|CLK_400HZ ; LCD_Display:u1|CLK_400HZ ; 1.000        ; -0.084     ; 2.904      ;
; -1.924 ; LCD_Display:u1|state.LINE2           ; LCD_Display:u1|DATA_BUS_VALUE[5]         ; LCD_Display:u1|CLK_400HZ ; LCD_Display:u1|CLK_400HZ ; 1.000        ; -0.076     ; 2.846      ;
; -1.921 ; LCD_Display:u1|state.LINE2           ; LCD_Display:u1|DATA_BUS_VALUE[4]         ; LCD_Display:u1|CLK_400HZ ; LCD_Display:u1|CLK_400HZ ; 1.000        ; -0.076     ; 2.843      ;
; -1.879 ; LCD_Display:u1|state.DROP_LCD_E      ; LCD_Display:u1|DATA_BUS_VALUE[7]         ; LCD_Display:u1|CLK_400HZ ; LCD_Display:u1|CLK_400HZ ; 1.000        ; -0.076     ; 2.801      ;
; -1.873 ; LCD_Display:u1|state.MODE_SET        ; LCD_Display:u1|DATA_BUS_VALUE[1]         ; LCD_Display:u1|CLK_400HZ ; LCD_Display:u1|CLK_400HZ ; 1.000        ; -0.076     ; 2.795      ;
; -1.851 ; LCD_Display:u1|state.HOLD            ; LCD_Display:u1|DATA_BUS_VALUE[3]         ; LCD_Display:u1|CLK_400HZ ; LCD_Display:u1|CLK_400HZ ; 1.000        ; -0.076     ; 2.773      ;
; -1.836 ; LCD_Display:u1|state.DISPLAY_ON      ; LCD_Display:u1|DATA_BUS_VALUE[3]         ; LCD_Display:u1|CLK_400HZ ; LCD_Display:u1|CLK_400HZ ; 1.000        ; -0.076     ; 2.758      ;
; -1.826 ; LCD_Display:u1|state.DISPLAY_CLEAR   ; LCD_Display:u1|DATA_BUS_VALUE[5]         ; LCD_Display:u1|CLK_400HZ ; LCD_Display:u1|CLK_400HZ ; 1.000        ; -0.076     ; 2.748      ;
; -1.823 ; LCD_Display:u1|state.DISPLAY_CLEAR   ; LCD_Display:u1|DATA_BUS_VALUE[4]         ; LCD_Display:u1|CLK_400HZ ; LCD_Display:u1|CLK_400HZ ; 1.000        ; -0.076     ; 2.745      ;
; -1.810 ; LCD_Display:u1|DATA_BUS_VALUE[3]     ; LCD_Display:u1|DATA_BUS_VALUE[3]         ; LCD_Display:u1|CLK_400HZ ; LCD_Display:u1|CLK_400HZ ; 1.000        ; -0.079     ; 2.729      ;
; -1.801 ; LCD_Display:u1|CHAR_COUNT[3]         ; LCD_Display:u1|next_command.RETURN_HOME  ; LCD_Display:u1|CLK_400HZ ; LCD_Display:u1|CLK_400HZ ; 1.000        ; -0.084     ; 2.715      ;
; -1.796 ; LCD_Display:u1|CHAR_COUNT[3]         ; LCD_Display:u1|next_command.LINE2        ; LCD_Display:u1|CLK_400HZ ; LCD_Display:u1|CLK_400HZ ; 1.000        ; -0.084     ; 2.710      ;
; -1.777 ; LCD_Display:u1|state.RESET1          ; LCD_Display:u1|CHAR_COUNT[4]             ; LCD_Display:u1|CLK_400HZ ; LCD_Display:u1|CLK_400HZ ; 1.000        ; -0.075     ; 2.700      ;
; -1.776 ; LCD_Display:u1|CHAR_COUNT[2]         ; LCD_Display:u1|CHAR_COUNT[2]             ; LCD_Display:u1|CLK_400HZ ; LCD_Display:u1|CLK_400HZ ; 1.000        ; -0.079     ; 2.695      ;
; -1.766 ; LCD_Display:u1|CHAR_COUNT[0]         ; LCD_Display:u1|CHAR_COUNT[0]             ; LCD_Display:u1|CLK_400HZ ; LCD_Display:u1|CLK_400HZ ; 1.000        ; -0.079     ; 2.685      ;
; -1.735 ; LCD_Display:u1|CHAR_COUNT[1]         ; LCD_Display:u1|CHAR_COUNT[1]             ; LCD_Display:u1|CLK_400HZ ; LCD_Display:u1|CLK_400HZ ; 1.000        ; -0.079     ; 2.654      ;
; -1.730 ; LCD_Display:u1|CHAR_COUNT[1]         ; LCD_Display:u1|next_command.Print_String ; LCD_Display:u1|CLK_400HZ ; LCD_Display:u1|CLK_400HZ ; 1.000        ; -0.084     ; 2.644      ;
; -1.716 ; LCD_Display:u1|state.RESET2          ; LCD_Display:u1|DATA_BUS_VALUE[3]         ; LCD_Display:u1|CLK_400HZ ; LCD_Display:u1|CLK_400HZ ; 1.000        ; -0.076     ; 2.638      ;
; -1.714 ; LCD_Display:u1|state.HOLD            ; LCD_Display:u1|state.Print_String        ; LCD_Display:u1|CLK_400HZ ; LCD_Display:u1|CLK_400HZ ; 1.000        ; -0.079     ; 2.633      ;
; -1.709 ; LCD_Display:u1|state.FUNC_SET        ; LCD_Display:u1|DATA_BUS_VALUE[3]         ; LCD_Display:u1|CLK_400HZ ; LCD_Display:u1|CLK_400HZ ; 1.000        ; -0.076     ; 2.631      ;
; -1.676 ; LCD_Display:u1|state.Print_String    ; LCD_Display:u1|CHAR_COUNT[1]             ; LCD_Display:u1|CLK_400HZ ; LCD_Display:u1|CLK_400HZ ; 1.000        ; -0.075     ; 2.599      ;
; -1.676 ; LCD_Display:u1|state.Print_String    ; LCD_Display:u1|CHAR_COUNT[3]             ; LCD_Display:u1|CLK_400HZ ; LCD_Display:u1|CLK_400HZ ; 1.000        ; -0.075     ; 2.599      ;
; -1.676 ; LCD_Display:u1|state.Print_String    ; LCD_Display:u1|CHAR_COUNT[4]             ; LCD_Display:u1|CLK_400HZ ; LCD_Display:u1|CLK_400HZ ; 1.000        ; -0.075     ; 2.599      ;
; -1.676 ; LCD_Display:u1|state.Print_String    ; LCD_Display:u1|CHAR_COUNT[2]             ; LCD_Display:u1|CLK_400HZ ; LCD_Display:u1|CLK_400HZ ; 1.000        ; -0.075     ; 2.599      ;
; -1.676 ; LCD_Display:u1|state.Print_String    ; LCD_Display:u1|CHAR_COUNT[0]             ; LCD_Display:u1|CLK_400HZ ; LCD_Display:u1|CLK_400HZ ; 1.000        ; -0.075     ; 2.599      ;
; -1.658 ; LCD_Display:u1|state.DROP_LCD_E      ; LCD_Display:u1|DATA_BUS_VALUE[1]         ; LCD_Display:u1|CLK_400HZ ; LCD_Display:u1|CLK_400HZ ; 1.000        ; -0.076     ; 2.580      ;
; -1.655 ; LCD_Display:u1|state.RESET1          ; LCD_Display:u1|DATA_BUS_VALUE[3]         ; LCD_Display:u1|CLK_400HZ ; LCD_Display:u1|CLK_400HZ ; 1.000        ; -0.076     ; 2.577      ;
; -1.641 ; LCD_Display:u1|CHAR_COUNT[0]         ; LCD_Display:u1|next_command.RETURN_HOME  ; LCD_Display:u1|CLK_400HZ ; LCD_Display:u1|CLK_400HZ ; 1.000        ; -0.084     ; 2.555      ;
; -1.636 ; LCD_Display:u1|CHAR_COUNT[0]         ; LCD_Display:u1|next_command.LINE2        ; LCD_Display:u1|CLK_400HZ ; LCD_Display:u1|CLK_400HZ ; 1.000        ; -0.084     ; 2.550      ;
; -1.632 ; LCD_Display:u1|state.DROP_LCD_E      ; LCD_Display:u1|next_command.Print_String ; LCD_Display:u1|CLK_400HZ ; LCD_Display:u1|CLK_400HZ ; 1.000        ; -0.080     ; 2.550      ;
; -1.587 ; LCD_Display:u1|CHAR_COUNT[2]         ; LCD_Display:u1|next_command.RETURN_HOME  ; LCD_Display:u1|CLK_400HZ ; LCD_Display:u1|CLK_400HZ ; 1.000        ; -0.084     ; 2.501      ;
; -1.582 ; LCD_Display:u1|CHAR_COUNT[2]         ; LCD_Display:u1|next_command.LINE2        ; LCD_Display:u1|CLK_400HZ ; LCD_Display:u1|CLK_400HZ ; 1.000        ; -0.084     ; 2.496      ;
; -1.570 ; LCD_Display:u1|state.HOLD            ; LCD_Display:u1|DATA_BUS_VALUE[7]         ; LCD_Display:u1|CLK_400HZ ; LCD_Display:u1|CLK_400HZ ; 1.000        ; -0.076     ; 2.492      ;
; -1.564 ; LCD_Display:u1|next_command.FUNC_SET ; LCD_Display:u1|state.FUNC_SET            ; LCD_Display:u1|CLK_400HZ ; LCD_Display:u1|CLK_400HZ ; 1.000        ; -0.078     ; 2.484      ;
; -1.560 ; LCD_Display:u1|state.HOLD            ; LCD_Display:u1|state.FUNC_SET            ; LCD_Display:u1|CLK_400HZ ; LCD_Display:u1|CLK_400HZ ; 1.000        ; -0.079     ; 2.479      ;
; -1.556 ; LCD_Display:u1|state.HOLD            ; LCD_Display:u1|DATA_BUS_VALUE[0]         ; LCD_Display:u1|CLK_400HZ ; LCD_Display:u1|CLK_400HZ ; 1.000        ; -0.076     ; 2.478      ;
; -1.550 ; LCD_Display:u1|state.RESET1          ; LCD_Display:u1|CHAR_COUNT[2]             ; LCD_Display:u1|CLK_400HZ ; LCD_Display:u1|CLK_400HZ ; 1.000        ; -0.075     ; 2.473      ;
; -1.518 ; LCD_Display:u1|state.RESET1          ; LCD_Display:u1|CHAR_COUNT[3]             ; LCD_Display:u1|CLK_400HZ ; LCD_Display:u1|CLK_400HZ ; 1.000        ; -0.075     ; 2.441      ;
; -1.496 ; LCD_Display:u1|state.RESET1          ; LCD_Display:u1|CHAR_COUNT[0]             ; LCD_Display:u1|CLK_400HZ ; LCD_Display:u1|CLK_400HZ ; 1.000        ; -0.075     ; 2.419      ;
; -1.463 ; LCD_Display:u1|state.RESET1          ; LCD_Display:u1|CHAR_COUNT[1]             ; LCD_Display:u1|CLK_400HZ ; LCD_Display:u1|CLK_400HZ ; 1.000        ; -0.075     ; 2.386      ;
; -1.442 ; LCD_Display:u1|state.DROP_LCD_E      ; LCD_Display:u1|DATA_BUS_VALUE[4]         ; LCD_Display:u1|CLK_400HZ ; LCD_Display:u1|CLK_400HZ ; 1.000        ; -0.076     ; 2.364      ;
; -1.442 ; LCD_Display:u1|state.DROP_LCD_E      ; LCD_Display:u1|DATA_BUS_VALUE[5]         ; LCD_Display:u1|CLK_400HZ ; LCD_Display:u1|CLK_400HZ ; 1.000        ; -0.076     ; 2.364      ;
; -1.421 ; LCD_Display:u1|state.HOLD            ; LCD_Display:u1|state.MODE_SET            ; LCD_Display:u1|CLK_400HZ ; LCD_Display:u1|CLK_400HZ ; 1.000        ; -0.079     ; 2.340      ;
; -1.410 ; LCD_Display:u1|state.RESET3          ; LCD_Display:u1|DATA_BUS_VALUE[3]         ; LCD_Display:u1|CLK_400HZ ; LCD_Display:u1|CLK_400HZ ; 1.000        ; -0.076     ; 2.332      ;
; -1.400 ; LCD_Display:u1|state.Print_String    ; LCD_Display:u1|DATA_BUS_VALUE[2]         ; LCD_Display:u1|CLK_400HZ ; LCD_Display:u1|CLK_400HZ ; 1.000        ; -0.076     ; 2.322      ;
; -1.392 ; LCD_Display:u1|state.Print_String    ; LCD_Display:u1|next_command.Print_String ; LCD_Display:u1|CLK_400HZ ; LCD_Display:u1|CLK_400HZ ; 1.000        ; -0.080     ; 2.310      ;
; -1.373 ; LCD_Display:u1|state.HOLD            ; LCD_Display:u1|state.LINE2               ; LCD_Display:u1|CLK_400HZ ; LCD_Display:u1|CLK_400HZ ; 1.000        ; -0.079     ; 2.292      ;
; -1.366 ; LCD_Display:u1|state.LINE2           ; LCD_Display:u1|DATA_BUS_VALUE[6]         ; LCD_Display:u1|CLK_400HZ ; LCD_Display:u1|CLK_400HZ ; 1.000        ; -0.076     ; 2.288      ;
; -1.345 ; LCD_Display:u1|state.HOLD            ; LCD_Display:u1|DATA_BUS_VALUE[1]         ; LCD_Display:u1|CLK_400HZ ; LCD_Display:u1|CLK_400HZ ; 1.000        ; -0.076     ; 2.267      ;
+--------+--------------------------------------+------------------------------------------+--------------------------+--------------------------+--------------+------------+------------+


+----------------------------------------------------------------------------------------------------------------------------------------------------------------------------------------------+
; Slow 1200mV 85C Model Hold: 'LCD_Display:u1|CLK_400HZ'                                                                                                                                       ;
+-------+-------------------------------------------+-------------------------------------------+--------------------------+--------------------------+--------------+------------+------------+
; Slack ; From Node                                 ; To Node                                   ; Launch Clock             ; Latch Clock              ; Relationship ; Clock Skew ; Data Delay ;
+-------+-------------------------------------------+-------------------------------------------+--------------------------+--------------------------+--------------+------------+------------+
; 0.266 ; Reset_Delay:r0|oRESET                     ; LCD_Display:u1|DATA_BUS_VALUE[7]          ; CLOCK_50                 ; LCD_Display:u1|CLK_400HZ ; 0.000        ; 1.249      ; 1.731      ;
; 0.266 ; Reset_Delay:r0|oRESET                     ; LCD_Display:u1|DATA_BUS_VALUE[6]          ; CLOCK_50                 ; LCD_Display:u1|CLK_400HZ ; 0.000        ; 1.249      ; 1.731      ;
; 0.266 ; Reset_Delay:r0|oRESET                     ; LCD_Display:u1|DATA_BUS_VALUE[3]          ; CLOCK_50                 ; LCD_Display:u1|CLK_400HZ ; 0.000        ; 1.249      ; 1.731      ;
; 0.266 ; Reset_Delay:r0|oRESET                     ; LCD_Display:u1|DATA_BUS_VALUE[2]          ; CLOCK_50                 ; LCD_Display:u1|CLK_400HZ ; 0.000        ; 1.249      ; 1.731      ;
; 0.266 ; Reset_Delay:r0|oRESET                     ; LCD_Display:u1|next_command.Print_String  ; CLOCK_50                 ; LCD_Display:u1|CLK_400HZ ; 0.000        ; 1.245      ; 1.727      ;
; 0.269 ; Reset_Delay:r0|oRESET                     ; LCD_Display:u1|DATA_BUS_VALUE[1]          ; CLOCK_50                 ; LCD_Display:u1|CLK_400HZ ; 0.000        ; 1.249      ; 1.734      ;
; 0.269 ; Reset_Delay:r0|oRESET                     ; LCD_Display:u1|DATA_BUS_VALUE[0]          ; CLOCK_50                 ; LCD_Display:u1|CLK_400HZ ; 0.000        ; 1.249      ; 1.734      ;
; 0.288 ; Reset_Delay:r0|oRESET                     ; LCD_Display:u1|LCD_E                      ; CLOCK_50                 ; LCD_Display:u1|CLK_400HZ ; 0.000        ; 1.251      ; 1.755      ;
; 0.301 ; Reset_Delay:r0|oRESET                     ; LCD_Display:u1|next_command.RESET2        ; CLOCK_50                 ; LCD_Display:u1|CLK_400HZ ; 0.000        ; 1.246      ; 1.763      ;
; 0.301 ; Reset_Delay:r0|oRESET                     ; LCD_Display:u1|next_command.DISPLAY_ON    ; CLOCK_50                 ; LCD_Display:u1|CLK_400HZ ; 0.000        ; 1.246      ; 1.763      ;
; 0.336 ; Reset_Delay:r0|oRESET                     ; LCD_Display:u1|LCD_RS                     ; CLOCK_50                 ; LCD_Display:u1|CLK_400HZ ; 0.000        ; 1.245      ; 1.797      ;
; 0.336 ; Reset_Delay:r0|oRESET                     ; LCD_Display:u1|next_command.RESET3        ; CLOCK_50                 ; LCD_Display:u1|CLK_400HZ ; 0.000        ; 1.245      ; 1.797      ;
; 0.336 ; Reset_Delay:r0|oRESET                     ; LCD_Display:u1|next_command.FUNC_SET      ; CLOCK_50                 ; LCD_Display:u1|CLK_400HZ ; 0.000        ; 1.245      ; 1.797      ;
; 0.336 ; Reset_Delay:r0|oRESET                     ; LCD_Display:u1|next_command.DISPLAY_OFF   ; CLOCK_50                 ; LCD_Display:u1|CLK_400HZ ; 0.000        ; 1.245      ; 1.797      ;
; 0.336 ; Reset_Delay:r0|oRESET                     ; LCD_Display:u1|next_command.DISPLAY_CLEAR ; CLOCK_50                 ; LCD_Display:u1|CLK_400HZ ; 0.000        ; 1.245      ; 1.797      ;
; 0.336 ; Reset_Delay:r0|oRESET                     ; LCD_Display:u1|next_command.MODE_SET      ; CLOCK_50                 ; LCD_Display:u1|CLK_400HZ ; 0.000        ; 1.245      ; 1.797      ;
; 0.336 ; Reset_Delay:r0|oRESET                     ; LCD_Display:u1|next_command.RETURN_HOME   ; CLOCK_50                 ; LCD_Display:u1|CLK_400HZ ; 0.000        ; 1.245      ; 1.797      ;
; 0.336 ; Reset_Delay:r0|oRESET                     ; LCD_Display:u1|next_command.LINE2         ; CLOCK_50                 ; LCD_Display:u1|CLK_400HZ ; 0.000        ; 1.245      ; 1.797      ;
; 0.404 ; LCD_Display:u1|LCD_RS                     ; LCD_Display:u1|LCD_RS                     ; LCD_Display:u1|CLK_400HZ ; LCD_Display:u1|CLK_400HZ ; 0.000        ; 0.079      ; 0.669      ;
; 0.404 ; LCD_Display:u1|LCD_E                      ; LCD_Display:u1|LCD_E                      ; LCD_Display:u1|CLK_400HZ ; LCD_Display:u1|CLK_400HZ ; 0.000        ; 0.079      ; 0.669      ;
; 0.404 ; LCD_Display:u1|DATA_BUS_VALUE[7]          ; LCD_Display:u1|DATA_BUS_VALUE[7]          ; LCD_Display:u1|CLK_400HZ ; LCD_Display:u1|CLK_400HZ ; 0.000        ; 0.079      ; 0.669      ;
; 0.404 ; LCD_Display:u1|next_command.Print_String  ; LCD_Display:u1|next_command.Print_String  ; LCD_Display:u1|CLK_400HZ ; LCD_Display:u1|CLK_400HZ ; 0.000        ; 0.079      ; 0.669      ;
; 0.404 ; LCD_Display:u1|next_command.MODE_SET      ; LCD_Display:u1|next_command.MODE_SET      ; LCD_Display:u1|CLK_400HZ ; LCD_Display:u1|CLK_400HZ ; 0.000        ; 0.079      ; 0.669      ;
; 0.404 ; LCD_Display:u1|next_command.DISPLAY_ON    ; LCD_Display:u1|next_command.DISPLAY_ON    ; LCD_Display:u1|CLK_400HZ ; LCD_Display:u1|CLK_400HZ ; 0.000        ; 0.079      ; 0.669      ;
; 0.404 ; LCD_Display:u1|next_command.DISPLAY_CLEAR ; LCD_Display:u1|next_command.DISPLAY_CLEAR ; LCD_Display:u1|CLK_400HZ ; LCD_Display:u1|CLK_400HZ ; 0.000        ; 0.079      ; 0.669      ;
; 0.404 ; LCD_Display:u1|next_command.DISPLAY_OFF   ; LCD_Display:u1|next_command.DISPLAY_OFF   ; LCD_Display:u1|CLK_400HZ ; LCD_Display:u1|CLK_400HZ ; 0.000        ; 0.079      ; 0.669      ;
; 0.404 ; LCD_Display:u1|next_command.FUNC_SET      ; LCD_Display:u1|next_command.FUNC_SET      ; LCD_Display:u1|CLK_400HZ ; LCD_Display:u1|CLK_400HZ ; 0.000        ; 0.079      ; 0.669      ;
; 0.404 ; LCD_Display:u1|next_command.RESET3        ; LCD_Display:u1|next_command.RESET3        ; LCD_Display:u1|CLK_400HZ ; LCD_Display:u1|CLK_400HZ ; 0.000        ; 0.079      ; 0.669      ;
; 0.404 ; LCD_Display:u1|next_command.RESET2        ; LCD_Display:u1|next_command.RESET2        ; LCD_Display:u1|CLK_400HZ ; LCD_Display:u1|CLK_400HZ ; 0.000        ; 0.079      ; 0.669      ;
; 0.467 ; Reset_Delay:r0|oRESET                     ; LCD_Display:u1|CHAR_COUNT[4]              ; CLOCK_50                 ; LCD_Display:u1|CLK_400HZ ; 0.000        ; 1.250      ; 1.933      ;
; 0.467 ; Reset_Delay:r0|oRESET                     ; LCD_Display:u1|CHAR_COUNT[2]              ; CLOCK_50                 ; LCD_Display:u1|CLK_400HZ ; 0.000        ; 1.250      ; 1.933      ;
; 0.467 ; Reset_Delay:r0|oRESET                     ; LCD_Display:u1|CHAR_COUNT[3]              ; CLOCK_50                 ; LCD_Display:u1|CLK_400HZ ; 0.000        ; 1.250      ; 1.933      ;
; 0.467 ; Reset_Delay:r0|oRESET                     ; LCD_Display:u1|CHAR_COUNT[0]              ; CLOCK_50                 ; LCD_Display:u1|CLK_400HZ ; 0.000        ; 1.250      ; 1.933      ;
; 0.467 ; Reset_Delay:r0|oRESET                     ; LCD_Display:u1|CHAR_COUNT[1]              ; CLOCK_50                 ; LCD_Display:u1|CLK_400HZ ; 0.000        ; 1.250      ; 1.933      ;
; 0.491 ; LCD_Display:u1|state.HOLD                 ; LCD_Display:u1|state.RESET2               ; LCD_Display:u1|CLK_400HZ ; LCD_Display:u1|CLK_400HZ ; 0.000        ; 0.079      ; 0.756      ;
; 0.492 ; LCD_Display:u1|state.HOLD                 ; LCD_Display:u1|state.DISPLAY_ON           ; LCD_Display:u1|CLK_400HZ ; LCD_Display:u1|CLK_400HZ ; 0.000        ; 0.079      ; 0.757      ;
; 0.492 ; LCD_Display:u1|state.HOLD                 ; LCD_Display:u1|next_command.DISPLAY_ON    ; LCD_Display:u1|CLK_400HZ ; LCD_Display:u1|CLK_400HZ ; 0.000        ; 0.079      ; 0.757      ;
; 0.554 ; LCD_Display:u1|next_command.DISPLAY_ON    ; LCD_Display:u1|state.DISPLAY_ON           ; LCD_Display:u1|CLK_400HZ ; LCD_Display:u1|CLK_400HZ ; 0.000        ; 0.079      ; 0.819      ;
; 0.555 ; LCD_Display:u1|next_command.RESET2        ; LCD_Display:u1|state.RESET2               ; LCD_Display:u1|CLK_400HZ ; LCD_Display:u1|CLK_400HZ ; 0.000        ; 0.079      ; 0.820      ;
; 0.607 ; LCD_Display:u1|state.FUNC_SET             ; LCD_Display:u1|next_command.DISPLAY_OFF   ; LCD_Display:u1|CLK_400HZ ; LCD_Display:u1|CLK_400HZ ; 0.000        ; 0.078      ; 0.871      ;
; 0.634 ; LCD_Display:u1|CHAR_COUNT[4]              ; LCD_Display:u1|CHAR_COUNT[4]              ; LCD_Display:u1|CLK_400HZ ; LCD_Display:u1|CLK_400HZ ; 0.000        ; 0.079      ; 0.899      ;
; 0.637 ; LCD_Display:u1|state.RESET1               ; LCD_Display:u1|next_command.RESET2        ; LCD_Display:u1|CLK_400HZ ; LCD_Display:u1|CLK_400HZ ; 0.000        ; 0.079      ; 0.902      ;
; 0.642 ; LCD_Display:u1|state.DISPLAY_OFF          ; LCD_Display:u1|next_command.DISPLAY_CLEAR ; LCD_Display:u1|CLK_400HZ ; LCD_Display:u1|CLK_400HZ ; 0.000        ; 0.078      ; 0.906      ;
; 0.646 ; LCD_Display:u1|state.DROP_LCD_E           ; LCD_Display:u1|state.HOLD                 ; LCD_Display:u1|CLK_400HZ ; LCD_Display:u1|CLK_400HZ ; 0.000        ; 0.079      ; 0.911      ;
; 0.649 ; Reset_Delay:r0|oRESET                     ; LCD_Display:u1|DATA_BUS_VALUE[4]          ; CLOCK_50                 ; LCD_Display:u1|CLK_400HZ ; 0.000        ; 1.249      ; 2.114      ;
; 0.649 ; Reset_Delay:r0|oRESET                     ; LCD_Display:u1|DATA_BUS_VALUE[5]          ; CLOCK_50                 ; LCD_Display:u1|CLK_400HZ ; 0.000        ; 1.249      ; 2.114      ;
; 0.681 ; LCD_Display:u1|state.DROP_LCD_E           ; LCD_Display:u1|next_command.FUNC_SET      ; LCD_Display:u1|CLK_400HZ ; LCD_Display:u1|CLK_400HZ ; 0.000        ; 0.078      ; 0.945      ;
; 0.688 ; LCD_Display:u1|state.DROP_LCD_E           ; LCD_Display:u1|next_command.MODE_SET      ; LCD_Display:u1|CLK_400HZ ; LCD_Display:u1|CLK_400HZ ; 0.000        ; 0.078      ; 0.952      ;
; 0.704 ; LCD_Display:u1|state.DROP_LCD_E           ; LCD_Display:u1|next_command.RESET2        ; LCD_Display:u1|CLK_400HZ ; LCD_Display:u1|CLK_400HZ ; 0.000        ; 0.079      ; 0.969      ;
; 0.721 ; LCD_Display:u1|state.HOLD                 ; LCD_Display:u1|next_command.RESET2        ; LCD_Display:u1|CLK_400HZ ; LCD_Display:u1|CLK_400HZ ; 0.000        ; 0.079      ; 0.986      ;
; 0.745 ; LCD_Display:u1|state.DROP_LCD_E           ; LCD_Display:u1|next_command.DISPLAY_ON    ; LCD_Display:u1|CLK_400HZ ; LCD_Display:u1|CLK_400HZ ; 0.000        ; 0.079      ; 1.010      ;
; 0.746 ; LCD_Display:u1|CHAR_COUNT[0]              ; LCD_Display:u1|CHAR_COUNT[0]              ; LCD_Display:u1|CLK_400HZ ; LCD_Display:u1|CLK_400HZ ; 0.000        ; 0.079      ; 1.011      ;
; 0.786 ; LCD_Display:u1|next_command.LINE2         ; LCD_Display:u1|next_command.LINE2         ; LCD_Display:u1|CLK_400HZ ; LCD_Display:u1|CLK_400HZ ; 0.000        ; 0.079      ; 1.051      ;
; 0.825 ; LCD_Display:u1|state.RESET3               ; LCD_Display:u1|next_command.FUNC_SET      ; LCD_Display:u1|CLK_400HZ ; LCD_Display:u1|CLK_400HZ ; 0.000        ; 0.078      ; 1.089      ;
; 0.837 ; LCD_Display:u1|state.DISPLAY_CLEAR        ; LCD_Display:u1|next_command.DISPLAY_ON    ; LCD_Display:u1|CLK_400HZ ; LCD_Display:u1|CLK_400HZ ; 0.000        ; 0.079      ; 1.102      ;
; 0.866 ; LCD_Display:u1|CHAR_COUNT[3]              ; LCD_Display:u1|CHAR_COUNT[3]              ; LCD_Display:u1|CLK_400HZ ; LCD_Display:u1|CLK_400HZ ; 0.000        ; 0.079      ; 1.131      ;
; 0.868 ; LCD_Display:u1|state.DISPLAY_ON           ; LCD_Display:u1|next_command.MODE_SET      ; LCD_Display:u1|CLK_400HZ ; LCD_Display:u1|CLK_400HZ ; 0.000        ; 0.078      ; 1.132      ;
; 0.872 ; LCD_Display:u1|CHAR_COUNT[2]              ; LCD_Display:u1|CHAR_COUNT[2]              ; LCD_Display:u1|CLK_400HZ ; LCD_Display:u1|CLK_400HZ ; 0.000        ; 0.079      ; 1.137      ;
; 0.887 ; LCD_Display:u1|state.RESET2               ; LCD_Display:u1|next_command.RESET3        ; LCD_Display:u1|CLK_400HZ ; LCD_Display:u1|CLK_400HZ ; 0.000        ; 0.078      ; 1.151      ;
; 0.890 ; LCD_Display:u1|state.Print_String         ; LCD_Display:u1|LCD_RS                     ; LCD_Display:u1|CLK_400HZ ; LCD_Display:u1|CLK_400HZ ; 0.000        ; 0.078      ; 1.154      ;
; 0.913 ; LCD_Display:u1|state.Print_String         ; LCD_Display:u1|next_command.RETURN_HOME   ; LCD_Display:u1|CLK_400HZ ; LCD_Display:u1|CLK_400HZ ; 0.000        ; 0.078      ; 1.177      ;
; 0.921 ; LCD_Display:u1|DATA_BUS_VALUE[0]          ; LCD_Display:u1|DATA_BUS_VALUE[0]          ; LCD_Display:u1|CLK_400HZ ; LCD_Display:u1|CLK_400HZ ; 0.000        ; 0.079      ; 1.186      ;
; 0.933 ; LCD_Display:u1|state.Print_String         ; LCD_Display:u1|next_command.LINE2         ; LCD_Display:u1|CLK_400HZ ; LCD_Display:u1|CLK_400HZ ; 0.000        ; 0.078      ; 1.197      ;
; 0.955 ; LCD_Display:u1|state.DROP_LCD_E           ; LCD_Display:u1|LCD_RS                     ; LCD_Display:u1|CLK_400HZ ; LCD_Display:u1|CLK_400HZ ; 0.000        ; 0.078      ; 1.219      ;
; 0.955 ; LCD_Display:u1|state.DROP_LCD_E           ; LCD_Display:u1|next_command.RESET3        ; LCD_Display:u1|CLK_400HZ ; LCD_Display:u1|CLK_400HZ ; 0.000        ; 0.078      ; 1.219      ;
; 0.958 ; LCD_Display:u1|state.DROP_LCD_E           ; LCD_Display:u1|next_command.DISPLAY_CLEAR ; LCD_Display:u1|CLK_400HZ ; LCD_Display:u1|CLK_400HZ ; 0.000        ; 0.078      ; 1.222      ;
; 0.959 ; LCD_Display:u1|state.DROP_LCD_E           ; LCD_Display:u1|next_command.DISPLAY_OFF   ; LCD_Display:u1|CLK_400HZ ; LCD_Display:u1|CLK_400HZ ; 0.000        ; 0.078      ; 1.223      ;
; 0.991 ; LCD_Display:u1|next_command.RETURN_HOME   ; LCD_Display:u1|next_command.RETURN_HOME   ; LCD_Display:u1|CLK_400HZ ; LCD_Display:u1|CLK_400HZ ; 0.000        ; 0.079      ; 1.256      ;
; 1.054 ; LCD_Display:u1|CHAR_COUNT[0]              ; LCD_Display:u1|CHAR_COUNT[1]              ; LCD_Display:u1|CLK_400HZ ; LCD_Display:u1|CLK_400HZ ; 0.000        ; 0.079      ; 1.319      ;
; 1.059 ; LCD_Display:u1|CHAR_COUNT[0]              ; LCD_Display:u1|CHAR_COUNT[2]              ; LCD_Display:u1|CLK_400HZ ; LCD_Display:u1|CLK_400HZ ; 0.000        ; 0.079      ; 1.324      ;
; 1.073 ; LCD_Display:u1|CHAR_COUNT[1]              ; LCD_Display:u1|CHAR_COUNT[1]              ; LCD_Display:u1|CLK_400HZ ; LCD_Display:u1|CLK_400HZ ; 0.000        ; 0.079      ; 1.338      ;
; 1.118 ; LCD_Display:u1|state.Print_String         ; LCD_Display:u1|DATA_BUS_VALUE[5]          ; LCD_Display:u1|CLK_400HZ ; LCD_Display:u1|CLK_400HZ ; 0.000        ; 0.082      ; 1.386      ;
; 1.119 ; LCD_Display:u1|next_command.LINE2         ; LCD_Display:u1|state.LINE2                ; LCD_Display:u1|CLK_400HZ ; LCD_Display:u1|CLK_400HZ ; 0.000        ; 0.080      ; 1.385      ;
; 1.140 ; LCD_Display:u1|state.Print_String         ; LCD_Display:u1|DATA_BUS_VALUE[4]          ; LCD_Display:u1|CLK_400HZ ; LCD_Display:u1|CLK_400HZ ; 0.000        ; 0.082      ; 1.408      ;
; 1.140 ; LCD_Display:u1|state.Print_String         ; LCD_Display:u1|DATA_BUS_VALUE[0]          ; LCD_Display:u1|CLK_400HZ ; LCD_Display:u1|CLK_400HZ ; 0.000        ; 0.082      ; 1.408      ;
; 1.152 ; LCD_Display:u1|next_command.MODE_SET      ; LCD_Display:u1|state.MODE_SET             ; LCD_Display:u1|CLK_400HZ ; LCD_Display:u1|CLK_400HZ ; 0.000        ; 0.080      ; 1.418      ;
; 1.164 ; LCD_Display:u1|state.Print_String         ; LCD_Display:u1|DATA_BUS_VALUE[3]          ; LCD_Display:u1|CLK_400HZ ; LCD_Display:u1|CLK_400HZ ; 0.000        ; 0.082      ; 1.432      ;
; 1.180 ; LCD_Display:u1|state.HOLD                 ; LCD_Display:u1|state.DROP_LCD_E           ; LCD_Display:u1|CLK_400HZ ; LCD_Display:u1|CLK_400HZ ; 0.000        ; 0.079      ; 1.445      ;
; 1.180 ; LCD_Display:u1|CHAR_COUNT[0]              ; LCD_Display:u1|CHAR_COUNT[3]              ; LCD_Display:u1|CLK_400HZ ; LCD_Display:u1|CLK_400HZ ; 0.000        ; 0.079      ; 1.445      ;
; 1.184 ; LCD_Display:u1|CHAR_COUNT[3]              ; LCD_Display:u1|CHAR_COUNT[4]              ; LCD_Display:u1|CLK_400HZ ; LCD_Display:u1|CLK_400HZ ; 0.000        ; 0.079      ; 1.449      ;
; 1.185 ; LCD_Display:u1|CHAR_COUNT[0]              ; LCD_Display:u1|CHAR_COUNT[4]              ; LCD_Display:u1|CLK_400HZ ; LCD_Display:u1|CLK_400HZ ; 0.000        ; 0.079      ; 1.450      ;
; 1.199 ; LCD_Display:u1|CHAR_COUNT[2]              ; LCD_Display:u1|CHAR_COUNT[3]              ; LCD_Display:u1|CLK_400HZ ; LCD_Display:u1|CLK_400HZ ; 0.000        ; 0.079      ; 1.464      ;
; 1.204 ; LCD_Display:u1|CHAR_COUNT[2]              ; LCD_Display:u1|CHAR_COUNT[4]              ; LCD_Display:u1|CLK_400HZ ; LCD_Display:u1|CLK_400HZ ; 0.000        ; 0.079      ; 1.469      ;
; 1.237 ; LCD_Display:u1|state.HOLD                 ; LCD_Display:u1|next_command.MODE_SET      ; LCD_Display:u1|CLK_400HZ ; LCD_Display:u1|CLK_400HZ ; 0.000        ; 0.078      ; 1.501      ;
; 1.244 ; LCD_Display:u1|state.HOLD                 ; LCD_Display:u1|LCD_RS                     ; LCD_Display:u1|CLK_400HZ ; LCD_Display:u1|CLK_400HZ ; 0.000        ; 0.078      ; 1.508      ;
; 1.245 ; LCD_Display:u1|state.HOLD                 ; LCD_Display:u1|next_command.RESET3        ; LCD_Display:u1|CLK_400HZ ; LCD_Display:u1|CLK_400HZ ; 0.000        ; 0.078      ; 1.509      ;
; 1.245 ; LCD_Display:u1|state.DROP_LCD_E           ; LCD_Display:u1|next_command.LINE2         ; LCD_Display:u1|CLK_400HZ ; LCD_Display:u1|CLK_400HZ ; 0.000        ; 0.078      ; 1.509      ;
; 1.248 ; LCD_Display:u1|state.HOLD                 ; LCD_Display:u1|next_command.DISPLAY_CLEAR ; LCD_Display:u1|CLK_400HZ ; LCD_Display:u1|CLK_400HZ ; 0.000        ; 0.078      ; 1.512      ;
; 1.251 ; LCD_Display:u1|state.HOLD                 ; LCD_Display:u1|next_command.DISPLAY_OFF   ; LCD_Display:u1|CLK_400HZ ; LCD_Display:u1|CLK_400HZ ; 0.000        ; 0.078      ; 1.515      ;
; 1.260 ; LCD_Display:u1|state.LINE2                ; LCD_Display:u1|DATA_BUS_VALUE[7]          ; LCD_Display:u1|CLK_400HZ ; LCD_Display:u1|CLK_400HZ ; 0.000        ; 0.082      ; 1.528      ;
; 1.269 ; LCD_Display:u1|next_command.DISPLAY_CLEAR ; LCD_Display:u1|state.DISPLAY_CLEAR        ; LCD_Display:u1|CLK_400HZ ; LCD_Display:u1|CLK_400HZ ; 0.000        ; 0.080      ; 1.535      ;
; 1.271 ; LCD_Display:u1|next_command.DISPLAY_OFF   ; LCD_Display:u1|state.DISPLAY_OFF          ; LCD_Display:u1|CLK_400HZ ; LCD_Display:u1|CLK_400HZ ; 0.000        ; 0.080      ; 1.537      ;
; 1.277 ; LCD_Display:u1|next_command.RETURN_HOME   ; LCD_Display:u1|state.RETURN_HOME          ; LCD_Display:u1|CLK_400HZ ; LCD_Display:u1|CLK_400HZ ; 0.000        ; 0.080      ; 1.543      ;
; 1.286 ; LCD_Display:u1|state.HOLD                 ; LCD_Display:u1|next_command.FUNC_SET      ; LCD_Display:u1|CLK_400HZ ; LCD_Display:u1|CLK_400HZ ; 0.000        ; 0.078      ; 1.550      ;
; 1.289 ; LCD_Display:u1|state.DROP_LCD_E           ; LCD_Display:u1|next_command.RETURN_HOME   ; LCD_Display:u1|CLK_400HZ ; LCD_Display:u1|CLK_400HZ ; 0.000        ; 0.078      ; 1.553      ;
; 1.310 ; LCD_Display:u1|state.HOLD                 ; LCD_Display:u1|next_command.RETURN_HOME   ; LCD_Display:u1|CLK_400HZ ; LCD_Display:u1|CLK_400HZ ; 0.000        ; 0.078      ; 1.574      ;
; 1.327 ; LCD_Display:u1|CHAR_COUNT[1]              ; LCD_Display:u1|DATA_BUS_VALUE[5]          ; LCD_Display:u1|CLK_400HZ ; LCD_Display:u1|CLK_400HZ ; 0.000        ; 0.078      ; 1.591      ;
; 1.351 ; LCD_Display:u1|state.DROP_LCD_E           ; LCD_Display:u1|LCD_E                      ; LCD_Display:u1|CLK_400HZ ; LCD_Display:u1|CLK_400HZ ; 0.000        ; 0.084      ; 1.621      ;
; 1.361 ; LCD_Display:u1|state.HOLD                 ; LCD_Display:u1|LCD_E                      ; LCD_Display:u1|CLK_400HZ ; LCD_Display:u1|CLK_400HZ ; 0.000        ; 0.084      ; 1.631      ;
; 1.384 ; LCD_Display:u1|DATA_BUS_VALUE[2]          ; LCD_Display:u1|DATA_BUS_VALUE[2]          ; LCD_Display:u1|CLK_400HZ ; LCD_Display:u1|CLK_400HZ ; 0.000        ; 0.079      ; 1.649      ;
+-------+-------------------------------------------+-------------------------------------------+--------------------------+--------------------------+--------------+------------+------------+


+-------------------------------------------------------------------------------------------------------------------------------------------------------------------+
; Slow 1200mV 85C Model Hold: 'CLOCK_50'                                                                                                                            ;
+-------+------------------------------------+------------------------------------+--------------------------+-------------+--------------+------------+------------+
; Slack ; From Node                          ; To Node                            ; Launch Clock             ; Latch Clock ; Relationship ; Clock Skew ; Data Delay ;
+-------+------------------------------------+------------------------------------+--------------------------+-------------+--------------+------------+------------+
; 0.408 ; Reset_Delay:r0|Cont[0]             ; Reset_Delay:r0|Cont[0]             ; CLOCK_50                 ; CLOCK_50    ; 0.000        ; 0.080      ; 0.674      ;
; 0.427 ; Reset_Delay:r0|Cont[19]            ; Reset_Delay:r0|Cont[19]            ; CLOCK_50                 ; CLOCK_50    ; 0.000        ; 0.081      ; 0.694      ;
; 0.428 ; LCD_Display:u1|CLK_COUNT_400HZ[19] ; LCD_Display:u1|CLK_COUNT_400HZ[19] ; CLOCK_50                 ; CLOCK_50    ; 0.000        ; 0.080      ; 0.694      ;
; 0.497 ; Reset_Delay:r0|Cont[16]            ; Reset_Delay:r0|Cont[17]            ; CLOCK_50                 ; CLOCK_50    ; 0.000        ; 0.544      ; 1.227      ;
; 0.512 ; Reset_Delay:r0|Cont[15]            ; Reset_Delay:r0|Cont[17]            ; CLOCK_50                 ; CLOCK_50    ; 0.000        ; 0.544      ; 1.242      ;
; 0.526 ; LCD_Display:u1|CLK_COUNT_400HZ[13] ; LCD_Display:u1|CLK_COUNT_400HZ[14] ; CLOCK_50                 ; CLOCK_50    ; 0.000        ; 0.513      ; 1.225      ;
; 0.539 ; LCD_Display:u1|CLK_COUNT_400HZ[10] ; LCD_Display:u1|CLK_COUNT_400HZ[11] ; CLOCK_50                 ; CLOCK_50    ; 0.000        ; 0.513      ; 1.238      ;
; 0.539 ; LCD_Display:u1|CLK_COUNT_400HZ[16] ; LCD_Display:u1|CLK_COUNT_400HZ[17] ; CLOCK_50                 ; CLOCK_50    ; 0.000        ; 0.513      ; 1.238      ;
; 0.544 ; LCD_Display:u1|CLK_COUNT_400HZ[16] ; LCD_Display:u1|CLK_COUNT_400HZ[18] ; CLOCK_50                 ; CLOCK_50    ; 0.000        ; 0.513      ; 1.243      ;
; 0.545 ; LCD_Display:u1|CLK_COUNT_400HZ[12] ; LCD_Display:u1|CLK_COUNT_400HZ[14] ; CLOCK_50                 ; CLOCK_50    ; 0.000        ; 0.513      ; 1.244      ;
; 0.618 ; Reset_Delay:r0|Cont[16]            ; Reset_Delay:r0|Cont[18]            ; CLOCK_50                 ; CLOCK_50    ; 0.000        ; 0.544      ; 1.348      ;
; 0.625 ; LCD_Display:u1|CLK_COUNT_400HZ[15] ; LCD_Display:u1|CLK_COUNT_400HZ[15] ; CLOCK_50                 ; CLOCK_50    ; 0.000        ; 0.097      ; 0.908      ;
; 0.627 ; Reset_Delay:r0|Cont[18]            ; Reset_Delay:r0|Cont[18]            ; CLOCK_50                 ; CLOCK_50    ; 0.000        ; 0.099      ; 0.912      ;
; 0.629 ; LCD_Display:u1|CLK_COUNT_400HZ[17] ; LCD_Display:u1|CLK_COUNT_400HZ[17] ; CLOCK_50                 ; CLOCK_50    ; 0.000        ; 0.097      ; 0.912      ;
; 0.630 ; Reset_Delay:r0|Cont[17]            ; Reset_Delay:r0|Cont[17]            ; CLOCK_50                 ; CLOCK_50    ; 0.000        ; 0.099      ; 0.915      ;
; 0.630 ; LCD_Display:u1|CLK_COUNT_400HZ[14] ; LCD_Display:u1|CLK_COUNT_400HZ[14] ; CLOCK_50                 ; CLOCK_50    ; 0.000        ; 0.097      ; 0.913      ;
; 0.632 ; LCD_Display:u1|CLK_COUNT_400HZ[18] ; LCD_Display:u1|CLK_COUNT_400HZ[18] ; CLOCK_50                 ; CLOCK_50    ; 0.000        ; 0.097      ; 0.915      ;
; 0.633 ; LCD_Display:u1|CLK_COUNT_400HZ[11] ; LCD_Display:u1|CLK_COUNT_400HZ[11] ; CLOCK_50                 ; CLOCK_50    ; 0.000        ; 0.097      ; 0.916      ;
; 0.633 ; Reset_Delay:r0|Cont[15]            ; Reset_Delay:r0|Cont[18]            ; CLOCK_50                 ; CLOCK_50    ; 0.000        ; 0.544      ; 1.363      ;
; 0.637 ; LCD_Display:u1|CLK_COUNT_400HZ[1]  ; LCD_Display:u1|CLK_COUNT_400HZ[1]  ; CLOCK_50                 ; CLOCK_50    ; 0.000        ; 0.080      ; 0.903      ;
; 0.637 ; Reset_Delay:r0|Cont[13]            ; Reset_Delay:r0|Cont[17]            ; CLOCK_50                 ; CLOCK_50    ; 0.000        ; 0.544      ; 1.367      ;
; 0.640 ; LCD_Display:u1|CLK_COUNT_400HZ[9]  ; LCD_Display:u1|CLK_COUNT_400HZ[9]  ; CLOCK_50                 ; CLOCK_50    ; 0.000        ; 0.080      ; 0.906      ;
; 0.641 ; LCD_Display:u1|CLK_COUNT_400HZ[5]  ; LCD_Display:u1|CLK_COUNT_400HZ[5]  ; CLOCK_50                 ; CLOCK_50    ; 0.000        ; 0.080      ; 0.907      ;
; 0.641 ; LCD_Display:u1|CLK_COUNT_400HZ[7]  ; LCD_Display:u1|CLK_COUNT_400HZ[7]  ; CLOCK_50                 ; CLOCK_50    ; 0.000        ; 0.080      ; 0.907      ;
; 0.641 ; LCD_Display:u1|CLK_COUNT_400HZ[13] ; LCD_Display:u1|CLK_COUNT_400HZ[13] ; CLOCK_50                 ; CLOCK_50    ; 0.000        ; 0.080      ; 0.907      ;
; 0.642 ; Reset_Delay:r0|Cont[16]            ; Reset_Delay:r0|Cont[16]            ; CLOCK_50                 ; CLOCK_50    ; 0.000        ; 0.081      ; 0.909      ;
; 0.642 ; Reset_Delay:r0|Cont[7]             ; Reset_Delay:r0|Cont[7]             ; CLOCK_50                 ; CLOCK_50    ; 0.000        ; 0.080      ; 0.908      ;
; 0.642 ; Reset_Delay:r0|Cont[8]             ; Reset_Delay:r0|Cont[8]             ; CLOCK_50                 ; CLOCK_50    ; 0.000        ; 0.080      ; 0.908      ;
; 0.642 ; Reset_Delay:r0|Cont[9]             ; Reset_Delay:r0|Cont[9]             ; CLOCK_50                 ; CLOCK_50    ; 0.000        ; 0.080      ; 0.908      ;
; 0.642 ; Reset_Delay:r0|Cont[12]            ; Reset_Delay:r0|Cont[12]            ; CLOCK_50                 ; CLOCK_50    ; 0.000        ; 0.081      ; 0.909      ;
; 0.642 ; Reset_Delay:r0|Cont[13]            ; Reset_Delay:r0|Cont[13]            ; CLOCK_50                 ; CLOCK_50    ; 0.000        ; 0.081      ; 0.909      ;
; 0.643 ; Reset_Delay:r0|Cont[5]             ; Reset_Delay:r0|Cont[5]             ; CLOCK_50                 ; CLOCK_50    ; 0.000        ; 0.080      ; 0.909      ;
; 0.643 ; Reset_Delay:r0|Cont[6]             ; Reset_Delay:r0|Cont[6]             ; CLOCK_50                 ; CLOCK_50    ; 0.000        ; 0.080      ; 0.909      ;
; 0.643 ; Reset_Delay:r0|Cont[15]            ; Reset_Delay:r0|Cont[15]            ; CLOCK_50                 ; CLOCK_50    ; 0.000        ; 0.081      ; 0.910      ;
; 0.643 ; LCD_Display:u1|CLK_COUNT_400HZ[9]  ; LCD_Display:u1|CLK_COUNT_400HZ[11] ; CLOCK_50                 ; CLOCK_50    ; 0.000        ; 0.516      ; 1.345      ;
; 0.644 ; Reset_Delay:r0|Cont[2]             ; Reset_Delay:r0|Cont[2]             ; CLOCK_50                 ; CLOCK_50    ; 0.000        ; 0.080      ; 0.910      ;
; 0.644 ; Reset_Delay:r0|Cont[4]             ; Reset_Delay:r0|Cont[4]             ; CLOCK_50                 ; CLOCK_50    ; 0.000        ; 0.080      ; 0.910      ;
; 0.645 ; LCD_Display:u1|CLK_COUNT_400HZ[16] ; LCD_Display:u1|CLK_COUNT_400HZ[16] ; CLOCK_50                 ; CLOCK_50    ; 0.000        ; 0.080      ; 0.911      ;
; 0.645 ; LCD_Display:u1|CLK_COUNT_400HZ[8]  ; LCD_Display:u1|CLK_COUNT_400HZ[8]  ; CLOCK_50                 ; CLOCK_50    ; 0.000        ; 0.080      ; 0.911      ;
; 0.645 ; LCD_Display:u1|CLK_COUNT_400HZ[10] ; LCD_Display:u1|CLK_COUNT_400HZ[10] ; CLOCK_50                 ; CLOCK_50    ; 0.000        ; 0.080      ; 0.911      ;
; 0.646 ; LCD_Display:u1|CLK_COUNT_400HZ[6]  ; LCD_Display:u1|CLK_COUNT_400HZ[6]  ; CLOCK_50                 ; CLOCK_50    ; 0.000        ; 0.080      ; 0.912      ;
; 0.646 ; LCD_Display:u1|CLK_COUNT_400HZ[12] ; LCD_Display:u1|CLK_COUNT_400HZ[12] ; CLOCK_50                 ; CLOCK_50    ; 0.000        ; 0.080      ; 0.912      ;
; 0.647 ; LCD_Display:u1|CLK_COUNT_400HZ[4]  ; LCD_Display:u1|CLK_COUNT_400HZ[4]  ; CLOCK_50                 ; CLOCK_50    ; 0.000        ; 0.080      ; 0.913      ;
; 0.647 ; LCD_Display:u1|CLK_COUNT_400HZ[2]  ; LCD_Display:u1|CLK_COUNT_400HZ[2]  ; CLOCK_50                 ; CLOCK_50    ; 0.000        ; 0.080      ; 0.913      ;
; 0.647 ; LCD_Display:u1|CLK_COUNT_400HZ[13] ; LCD_Display:u1|CLK_COUNT_400HZ[15] ; CLOCK_50                 ; CLOCK_50    ; 0.000        ; 0.513      ; 1.346      ;
; 0.655 ; LCD_Display:u1|CLK_COUNT_400HZ[0]  ; LCD_Display:u1|CLK_COUNT_400HZ[0]  ; CLOCK_50                 ; CLOCK_50    ; 0.000        ; 0.080      ; 0.921      ;
; 0.658 ; LCD_Display:u1|CLK_COUNT_400HZ[3]  ; LCD_Display:u1|CLK_COUNT_400HZ[3]  ; CLOCK_50                 ; CLOCK_50    ; 0.000        ; 0.080      ; 0.924      ;
; 0.661 ; Reset_Delay:r0|Cont[0]             ; Reset_Delay:r0|Cont[1]             ; CLOCK_50                 ; CLOCK_50    ; 0.000        ; 0.080      ; 0.927      ;
; 0.661 ; Reset_Delay:r0|Cont[3]             ; Reset_Delay:r0|Cont[3]             ; CLOCK_50                 ; CLOCK_50    ; 0.000        ; 0.080      ; 0.927      ;
; 0.662 ; LCD_Display:u1|CLK_COUNT_400HZ[8]  ; LCD_Display:u1|CLK_COUNT_400HZ[11] ; CLOCK_50                 ; CLOCK_50    ; 0.000        ; 0.516      ; 1.364      ;
; 0.662 ; Reset_Delay:r0|Cont[1]             ; Reset_Delay:r0|Cont[1]             ; CLOCK_50                 ; CLOCK_50    ; 0.000        ; 0.080      ; 0.928      ;
; 0.666 ; LCD_Display:u1|CLK_COUNT_400HZ[12] ; LCD_Display:u1|CLK_COUNT_400HZ[15] ; CLOCK_50                 ; CLOCK_50    ; 0.000        ; 0.513      ; 1.365      ;
; 0.670 ; LCD_Display:u1|CLK_COUNT_400HZ[10] ; LCD_Display:u1|CLK_COUNT_400HZ[14] ; CLOCK_50                 ; CLOCK_50    ; 0.000        ; 0.513      ; 1.369      ;
; 0.748 ; Reset_Delay:r0|Cont[12]            ; Reset_Delay:r0|Cont[17]            ; CLOCK_50                 ; CLOCK_50    ; 0.000        ; 0.544      ; 1.478      ;
; 0.758 ; Reset_Delay:r0|Cont[13]            ; Reset_Delay:r0|Cont[18]            ; CLOCK_50                 ; CLOCK_50    ; 0.000        ; 0.544      ; 1.488      ;
; 0.770 ; LCD_Display:u1|CLK_COUNT_400HZ[7]  ; LCD_Display:u1|CLK_COUNT_400HZ[11] ; CLOCK_50                 ; CLOCK_50    ; 0.000        ; 0.516      ; 1.472      ;
; 0.773 ; LCD_Display:u1|CLK_COUNT_400HZ[13] ; LCD_Display:u1|CLK_COUNT_400HZ[17] ; CLOCK_50                 ; CLOCK_50    ; 0.000        ; 0.513      ; 1.472      ;
; 0.774 ; LCD_Display:u1|CLK_COUNT_400HZ[9]  ; LCD_Display:u1|CLK_COUNT_400HZ[14] ; CLOCK_50                 ; CLOCK_50    ; 0.000        ; 0.516      ; 1.476      ;
; 0.778 ; LCD_Display:u1|CLK_COUNT_400HZ[13] ; LCD_Display:u1|CLK_COUNT_400HZ[18] ; CLOCK_50                 ; CLOCK_50    ; 0.000        ; 0.513      ; 1.477      ;
; 0.780 ; LCD_Display:u1|CLK_400HZ           ; LCD_Display:u1|CLK_400HZ           ; LCD_Display:u1|CLK_400HZ ; CLOCK_50    ; 0.000        ; 3.061      ; 4.289      ;
; 0.789 ; LCD_Display:u1|CLK_COUNT_400HZ[6]  ; LCD_Display:u1|CLK_COUNT_400HZ[11] ; CLOCK_50                 ; CLOCK_50    ; 0.000        ; 0.516      ; 1.491      ;
; 0.791 ; LCD_Display:u1|CLK_COUNT_400HZ[10] ; LCD_Display:u1|CLK_COUNT_400HZ[15] ; CLOCK_50                 ; CLOCK_50    ; 0.000        ; 0.513      ; 1.490      ;
; 0.792 ; LCD_Display:u1|CLK_COUNT_400HZ[12] ; LCD_Display:u1|CLK_COUNT_400HZ[17] ; CLOCK_50                 ; CLOCK_50    ; 0.000        ; 0.513      ; 1.491      ;
; 0.793 ; LCD_Display:u1|CLK_COUNT_400HZ[8]  ; LCD_Display:u1|CLK_COUNT_400HZ[14] ; CLOCK_50                 ; CLOCK_50    ; 0.000        ; 0.516      ; 1.495      ;
; 0.797 ; Reset_Delay:r0|Cont[14]            ; Reset_Delay:r0|Cont[17]            ; CLOCK_50                 ; CLOCK_50    ; 0.000        ; 0.544      ; 1.527      ;
; 0.797 ; LCD_Display:u1|CLK_COUNT_400HZ[12] ; LCD_Display:u1|CLK_COUNT_400HZ[18] ; CLOCK_50                 ; CLOCK_50    ; 0.000        ; 0.513      ; 1.496      ;
; 0.816 ; Reset_Delay:r0|Cont[14]            ; Reset_Delay:r0|Cont[14]            ; CLOCK_50                 ; CLOCK_50    ; 0.000        ; 0.081      ; 1.083      ;
; 0.869 ; Reset_Delay:r0|Cont[12]            ; Reset_Delay:r0|Cont[18]            ; CLOCK_50                 ; CLOCK_50    ; 0.000        ; 0.544      ; 1.599      ;
; 0.885 ; Reset_Delay:r0|Cont[9]             ; Reset_Delay:r0|Cont[17]            ; CLOCK_50                 ; CLOCK_50    ; 0.000        ; 0.547      ; 1.618      ;
; 0.895 ; LCD_Display:u1|CLK_COUNT_400HZ[9]  ; LCD_Display:u1|CLK_COUNT_400HZ[15] ; CLOCK_50                 ; CLOCK_50    ; 0.000        ; 0.516      ; 1.597      ;
; 0.896 ; LCD_Display:u1|CLK_COUNT_400HZ[5]  ; LCD_Display:u1|CLK_COUNT_400HZ[11] ; CLOCK_50                 ; CLOCK_50    ; 0.000        ; 0.516      ; 1.598      ;
; 0.901 ; LCD_Display:u1|CLK_COUNT_400HZ[7]  ; LCD_Display:u1|CLK_COUNT_400HZ[14] ; CLOCK_50                 ; CLOCK_50    ; 0.000        ; 0.516      ; 1.603      ;
; 0.911 ; Reset_Delay:r0|Cont[14]            ; Reset_Delay:r0|Cont[18]            ; CLOCK_50                 ; CLOCK_50    ; 0.000        ; 0.544      ; 1.641      ;
; 0.914 ; LCD_Display:u1|CLK_COUNT_400HZ[8]  ; LCD_Display:u1|CLK_COUNT_400HZ[15] ; CLOCK_50                 ; CLOCK_50    ; 0.000        ; 0.516      ; 1.616      ;
; 0.916 ; LCD_Display:u1|CLK_COUNT_400HZ[4]  ; LCD_Display:u1|CLK_COUNT_400HZ[11] ; CLOCK_50                 ; CLOCK_50    ; 0.000        ; 0.516      ; 1.618      ;
; 0.917 ; LCD_Display:u1|CLK_COUNT_400HZ[10] ; LCD_Display:u1|CLK_COUNT_400HZ[17] ; CLOCK_50                 ; CLOCK_50    ; 0.000        ; 0.513      ; 1.616      ;
; 0.920 ; LCD_Display:u1|CLK_COUNT_400HZ[6]  ; LCD_Display:u1|CLK_COUNT_400HZ[14] ; CLOCK_50                 ; CLOCK_50    ; 0.000        ; 0.516      ; 1.622      ;
; 0.922 ; LCD_Display:u1|CLK_COUNT_400HZ[10] ; LCD_Display:u1|CLK_COUNT_400HZ[18] ; CLOCK_50                 ; CLOCK_50    ; 0.000        ; 0.513      ; 1.621      ;
; 0.946 ; LCD_Display:u1|CLK_COUNT_400HZ[17] ; LCD_Display:u1|CLK_COUNT_400HZ[18] ; CLOCK_50                 ; CLOCK_50    ; 0.000        ; 0.097      ; 1.229      ;
; 0.954 ; LCD_Display:u1|CLK_COUNT_400HZ[1]  ; LCD_Display:u1|CLK_COUNT_400HZ[2]  ; CLOCK_50                 ; CLOCK_50    ; 0.000        ; 0.080      ; 1.220      ;
; 0.955 ; LCD_Display:u1|CLK_COUNT_400HZ[9]  ; LCD_Display:u1|CLK_COUNT_400HZ[10] ; CLOCK_50                 ; CLOCK_50    ; 0.000        ; 0.083      ; 1.224      ;
; 0.957 ; Reset_Delay:r0|Cont[17]            ; Reset_Delay:r0|Cont[18]            ; CLOCK_50                 ; CLOCK_50    ; 0.000        ; 0.099      ; 1.242      ;
; 0.957 ; LCD_Display:u1|CLK_COUNT_400HZ[14] ; LCD_Display:u1|CLK_COUNT_400HZ[15] ; CLOCK_50                 ; CLOCK_50    ; 0.000        ; 0.097      ; 1.240      ;
; 0.959 ; Reset_Delay:r0|Cont[8]             ; Reset_Delay:r0|Cont[9]             ; CLOCK_50                 ; CLOCK_50    ; 0.000        ; 0.080      ; 1.225      ;
; 0.959 ; Reset_Delay:r0|Cont[12]            ; Reset_Delay:r0|Cont[13]            ; CLOCK_50                 ; CLOCK_50    ; 0.000        ; 0.081      ; 1.226      ;
; 0.959 ; LCD_Display:u1|CLK_COUNT_400HZ[7]  ; LCD_Display:u1|CLK_COUNT_400HZ[8]  ; CLOCK_50                 ; CLOCK_50    ; 0.000        ; 0.080      ; 1.225      ;
; 0.959 ; LCD_Display:u1|CLK_COUNT_400HZ[5]  ; LCD_Display:u1|CLK_COUNT_400HZ[6]  ; CLOCK_50                 ; CLOCK_50    ; 0.000        ; 0.080      ; 1.225      ;
; 0.960 ; Reset_Delay:r0|Cont[6]             ; Reset_Delay:r0|Cont[7]             ; CLOCK_50                 ; CLOCK_50    ; 0.000        ; 0.080      ; 1.226      ;
; 0.961 ; Reset_Delay:r0|Cont[4]             ; Reset_Delay:r0|Cont[5]             ; CLOCK_50                 ; CLOCK_50    ; 0.000        ; 0.080      ; 1.227      ;
; 0.961 ; Reset_Delay:r0|Cont[2]             ; Reset_Delay:r0|Cont[3]             ; CLOCK_50                 ; CLOCK_50    ; 0.000        ; 0.080      ; 1.227      ;
; 0.963 ; LCD_Display:u1|CLK_COUNT_400HZ[0]  ; LCD_Display:u1|CLK_COUNT_400HZ[1]  ; CLOCK_50                 ; CLOCK_50    ; 0.000        ; 0.080      ; 1.229      ;
; 0.968 ; LCD_Display:u1|CLK_COUNT_400HZ[0]  ; LCD_Display:u1|CLK_COUNT_400HZ[2]  ; CLOCK_50                 ; CLOCK_50    ; 0.000        ; 0.080      ; 1.234      ;
; 0.969 ; Reset_Delay:r0|Cont[7]             ; Reset_Delay:r0|Cont[8]             ; CLOCK_50                 ; CLOCK_50    ; 0.000        ; 0.080      ; 1.235      ;
; 0.969 ; Reset_Delay:r0|Cont[13]            ; Reset_Delay:r0|Cont[14]            ; CLOCK_50                 ; CLOCK_50    ; 0.000        ; 0.081      ; 1.236      ;
; 0.970 ; Reset_Delay:r0|Cont[15]            ; Reset_Delay:r0|Cont[16]            ; CLOCK_50                 ; CLOCK_50    ; 0.000        ; 0.081      ; 1.237      ;
; 0.970 ; Reset_Delay:r0|Cont[5]             ; Reset_Delay:r0|Cont[6]             ; CLOCK_50                 ; CLOCK_50    ; 0.000        ; 0.080      ; 1.236      ;
; 0.971 ; Reset_Delay:r0|Cont[0]             ; Reset_Delay:r0|Cont[2]             ; CLOCK_50                 ; CLOCK_50    ; 0.000        ; 0.080      ; 1.237      ;
; 0.972 ; LCD_Display:u1|CLK_COUNT_400HZ[8]  ; LCD_Display:u1|CLK_COUNT_400HZ[9]  ; CLOCK_50                 ; CLOCK_50    ; 0.000        ; 0.080      ; 1.238      ;
; 0.973 ; LCD_Display:u1|CLK_COUNT_400HZ[6]  ; LCD_Display:u1|CLK_COUNT_400HZ[7]  ; CLOCK_50                 ; CLOCK_50    ; 0.000        ; 0.080      ; 1.239      ;
; 0.973 ; LCD_Display:u1|CLK_COUNT_400HZ[12] ; LCD_Display:u1|CLK_COUNT_400HZ[13] ; CLOCK_50                 ; CLOCK_50    ; 0.000        ; 0.080      ; 1.239      ;
+-------+------------------------------------+------------------------------------+--------------------------+-------------+--------------+------------+------------+


+-------------------------------------------------------------------------------------------------------------------------------------------+
; Slow 1200mV 85C Model Recovery: 'CLOCK_50'                                                                                                ;
+--------+-----------------------+------------------------------------+--------------+-------------+--------------+------------+------------+
; Slack  ; From Node             ; To Node                            ; Launch Clock ; Latch Clock ; Relationship ; Clock Skew ; Data Delay ;
+--------+-----------------------+------------------------------------+--------------+-------------+--------------+------------+------------+
; -0.938 ; Reset_Delay:r0|oRESET ; LCD_Display:u1|CLK_400HZ           ; CLOCK_50     ; CLOCK_50    ; 1.000        ; -0.079     ; 1.857      ;
; -0.938 ; Reset_Delay:r0|oRESET ; LCD_Display:u1|CLK_COUNT_400HZ[16] ; CLOCK_50     ; CLOCK_50    ; 1.000        ; -0.079     ; 1.857      ;
; -0.938 ; Reset_Delay:r0|oRESET ; LCD_Display:u1|CLK_COUNT_400HZ[10] ; CLOCK_50     ; CLOCK_50    ; 1.000        ; -0.079     ; 1.857      ;
; -0.938 ; Reset_Delay:r0|oRESET ; LCD_Display:u1|CLK_COUNT_400HZ[12] ; CLOCK_50     ; CLOCK_50    ; 1.000        ; -0.079     ; 1.857      ;
; -0.938 ; Reset_Delay:r0|oRESET ; LCD_Display:u1|CLK_COUNT_400HZ[13] ; CLOCK_50     ; CLOCK_50    ; 1.000        ; -0.079     ; 1.857      ;
; -0.938 ; Reset_Delay:r0|oRESET ; LCD_Display:u1|CLK_COUNT_400HZ[19] ; CLOCK_50     ; CLOCK_50    ; 1.000        ; -0.079     ; 1.857      ;
; -0.915 ; Reset_Delay:r0|oRESET ; LCD_Display:u1|CLK_COUNT_400HZ[4]  ; CLOCK_50     ; CLOCK_50    ; 1.000        ; -0.082     ; 1.831      ;
; -0.915 ; Reset_Delay:r0|oRESET ; LCD_Display:u1|CLK_COUNT_400HZ[0]  ; CLOCK_50     ; CLOCK_50    ; 1.000        ; -0.082     ; 1.831      ;
; -0.915 ; Reset_Delay:r0|oRESET ; LCD_Display:u1|CLK_COUNT_400HZ[1]  ; CLOCK_50     ; CLOCK_50    ; 1.000        ; -0.082     ; 1.831      ;
; -0.915 ; Reset_Delay:r0|oRESET ; LCD_Display:u1|CLK_COUNT_400HZ[2]  ; CLOCK_50     ; CLOCK_50    ; 1.000        ; -0.082     ; 1.831      ;
; -0.915 ; Reset_Delay:r0|oRESET ; LCD_Display:u1|CLK_COUNT_400HZ[3]  ; CLOCK_50     ; CLOCK_50    ; 1.000        ; -0.082     ; 1.831      ;
; -0.915 ; Reset_Delay:r0|oRESET ; LCD_Display:u1|CLK_COUNT_400HZ[5]  ; CLOCK_50     ; CLOCK_50    ; 1.000        ; -0.082     ; 1.831      ;
; -0.915 ; Reset_Delay:r0|oRESET ; LCD_Display:u1|CLK_COUNT_400HZ[8]  ; CLOCK_50     ; CLOCK_50    ; 1.000        ; -0.082     ; 1.831      ;
; -0.915 ; Reset_Delay:r0|oRESET ; LCD_Display:u1|CLK_COUNT_400HZ[6]  ; CLOCK_50     ; CLOCK_50    ; 1.000        ; -0.082     ; 1.831      ;
; -0.915 ; Reset_Delay:r0|oRESET ; LCD_Display:u1|CLK_COUNT_400HZ[7]  ; CLOCK_50     ; CLOCK_50    ; 1.000        ; -0.082     ; 1.831      ;
; -0.915 ; Reset_Delay:r0|oRESET ; LCD_Display:u1|CLK_COUNT_400HZ[9]  ; CLOCK_50     ; CLOCK_50    ; 1.000        ; -0.082     ; 1.831      ;
; -0.522 ; Reset_Delay:r0|oRESET ; LCD_Display:u1|CLK_COUNT_400HZ[11] ; CLOCK_50     ; CLOCK_50    ; 1.000        ; 0.337      ; 1.857      ;
; -0.522 ; Reset_Delay:r0|oRESET ; LCD_Display:u1|CLK_COUNT_400HZ[18] ; CLOCK_50     ; CLOCK_50    ; 1.000        ; 0.337      ; 1.857      ;
; -0.522 ; Reset_Delay:r0|oRESET ; LCD_Display:u1|CLK_COUNT_400HZ[14] ; CLOCK_50     ; CLOCK_50    ; 1.000        ; 0.337      ; 1.857      ;
; -0.522 ; Reset_Delay:r0|oRESET ; LCD_Display:u1|CLK_COUNT_400HZ[15] ; CLOCK_50     ; CLOCK_50    ; 1.000        ; 0.337      ; 1.857      ;
; -0.522 ; Reset_Delay:r0|oRESET ; LCD_Display:u1|CLK_COUNT_400HZ[17] ; CLOCK_50     ; CLOCK_50    ; 1.000        ; 0.337      ; 1.857      ;
+--------+-----------------------+------------------------------------+--------------+-------------+--------------+------------+------------+


+-------------------------------------------------------------------------------------------------------------------------------------------------------+
; Slow 1200mV 85C Model Recovery: 'LCD_Display:u1|CLK_400HZ'                                                                                            ;
+-------+-----------------------+------------------------------------+--------------+--------------------------+--------------+------------+------------+
; Slack ; From Node             ; To Node                            ; Launch Clock ; Latch Clock              ; Relationship ; Clock Skew ; Data Delay ;
+-------+-----------------------+------------------------------------+--------------+--------------------------+--------------+------------+------------+
; 0.060 ; Reset_Delay:r0|oRESET ; LCD_Display:u1|state.Print_String  ; CLOCK_50     ; LCD_Display:u1|CLK_400HZ ; 1.000        ; 0.947      ; 1.875      ;
; 0.060 ; Reset_Delay:r0|oRESET ; LCD_Display:u1|state.MODE_SET      ; CLOCK_50     ; LCD_Display:u1|CLK_400HZ ; 1.000        ; 0.947      ; 1.875      ;
; 0.060 ; Reset_Delay:r0|oRESET ; LCD_Display:u1|state.DISPLAY_ON    ; CLOCK_50     ; LCD_Display:u1|CLK_400HZ ; 1.000        ; 0.947      ; 1.875      ;
; 0.060 ; Reset_Delay:r0|oRESET ; LCD_Display:u1|state.DISPLAY_CLEAR ; CLOCK_50     ; LCD_Display:u1|CLK_400HZ ; 1.000        ; 0.947      ; 1.875      ;
; 0.060 ; Reset_Delay:r0|oRESET ; LCD_Display:u1|state.DISPLAY_OFF   ; CLOCK_50     ; LCD_Display:u1|CLK_400HZ ; 1.000        ; 0.947      ; 1.875      ;
; 0.060 ; Reset_Delay:r0|oRESET ; LCD_Display:u1|state.FUNC_SET      ; CLOCK_50     ; LCD_Display:u1|CLK_400HZ ; 1.000        ; 0.947      ; 1.875      ;
; 0.060 ; Reset_Delay:r0|oRESET ; LCD_Display:u1|state.RESET3        ; CLOCK_50     ; LCD_Display:u1|CLK_400HZ ; 1.000        ; 0.947      ; 1.875      ;
; 0.060 ; Reset_Delay:r0|oRESET ; LCD_Display:u1|state.RESET2        ; CLOCK_50     ; LCD_Display:u1|CLK_400HZ ; 1.000        ; 0.947      ; 1.875      ;
; 0.060 ; Reset_Delay:r0|oRESET ; LCD_Display:u1|state.RETURN_HOME   ; CLOCK_50     ; LCD_Display:u1|CLK_400HZ ; 1.000        ; 0.947      ; 1.875      ;
; 0.060 ; Reset_Delay:r0|oRESET ; LCD_Display:u1|state.LINE2         ; CLOCK_50     ; LCD_Display:u1|CLK_400HZ ; 1.000        ; 0.947      ; 1.875      ;
; 0.060 ; Reset_Delay:r0|oRESET ; LCD_Display:u1|state.RESET1        ; CLOCK_50     ; LCD_Display:u1|CLK_400HZ ; 1.000        ; 0.947      ; 1.875      ;
; 0.060 ; Reset_Delay:r0|oRESET ; LCD_Display:u1|state.HOLD          ; CLOCK_50     ; LCD_Display:u1|CLK_400HZ ; 1.000        ; 0.947      ; 1.875      ;
; 0.060 ; Reset_Delay:r0|oRESET ; LCD_Display:u1|state.DROP_LCD_E    ; CLOCK_50     ; LCD_Display:u1|CLK_400HZ ; 1.000        ; 0.947      ; 1.875      ;
+-------+-----------------------+------------------------------------+--------------+--------------------------+--------------+------------+------------+


+-------------------------------------------------------------------------------------------------------------------------------------------------------+
; Slow 1200mV 85C Model Removal: 'LCD_Display:u1|CLK_400HZ'                                                                                             ;
+-------+-----------------------+------------------------------------+--------------+--------------------------+--------------+------------+------------+
; Slack ; From Node             ; To Node                            ; Launch Clock ; Latch Clock              ; Relationship ; Clock Skew ; Data Delay ;
+-------+-----------------------+------------------------------------+--------------+--------------------------+--------------+------------+------------+
; 0.269 ; Reset_Delay:r0|oRESET ; LCD_Display:u1|state.Print_String  ; CLOCK_50     ; LCD_Display:u1|CLK_400HZ ; 0.000        ; 1.246      ; 1.731      ;
; 0.269 ; Reset_Delay:r0|oRESET ; LCD_Display:u1|state.MODE_SET      ; CLOCK_50     ; LCD_Display:u1|CLK_400HZ ; 0.000        ; 1.246      ; 1.731      ;
; 0.269 ; Reset_Delay:r0|oRESET ; LCD_Display:u1|state.DISPLAY_ON    ; CLOCK_50     ; LCD_Display:u1|CLK_400HZ ; 0.000        ; 1.246      ; 1.731      ;
; 0.269 ; Reset_Delay:r0|oRESET ; LCD_Display:u1|state.DISPLAY_CLEAR ; CLOCK_50     ; LCD_Display:u1|CLK_400HZ ; 0.000        ; 1.246      ; 1.731      ;
; 0.269 ; Reset_Delay:r0|oRESET ; LCD_Display:u1|state.DISPLAY_OFF   ; CLOCK_50     ; LCD_Display:u1|CLK_400HZ ; 0.000        ; 1.246      ; 1.731      ;
; 0.269 ; Reset_Delay:r0|oRESET ; LCD_Display:u1|state.FUNC_SET      ; CLOCK_50     ; LCD_Display:u1|CLK_400HZ ; 0.000        ; 1.246      ; 1.731      ;
; 0.269 ; Reset_Delay:r0|oRESET ; LCD_Display:u1|state.RESET3        ; CLOCK_50     ; LCD_Display:u1|CLK_400HZ ; 0.000        ; 1.246      ; 1.731      ;
; 0.269 ; Reset_Delay:r0|oRESET ; LCD_Display:u1|state.RESET2        ; CLOCK_50     ; LCD_Display:u1|CLK_400HZ ; 0.000        ; 1.246      ; 1.731      ;
; 0.269 ; Reset_Delay:r0|oRESET ; LCD_Display:u1|state.RETURN_HOME   ; CLOCK_50     ; LCD_Display:u1|CLK_400HZ ; 0.000        ; 1.246      ; 1.731      ;
; 0.269 ; Reset_Delay:r0|oRESET ; LCD_Display:u1|state.LINE2         ; CLOCK_50     ; LCD_Display:u1|CLK_400HZ ; 0.000        ; 1.246      ; 1.731      ;
; 0.269 ; Reset_Delay:r0|oRESET ; LCD_Display:u1|state.RESET1        ; CLOCK_50     ; LCD_Display:u1|CLK_400HZ ; 0.000        ; 1.246      ; 1.731      ;
; 0.269 ; Reset_Delay:r0|oRESET ; LCD_Display:u1|state.HOLD          ; CLOCK_50     ; LCD_Display:u1|CLK_400HZ ; 0.000        ; 1.246      ; 1.731      ;
; 0.269 ; Reset_Delay:r0|oRESET ; LCD_Display:u1|state.DROP_LCD_E    ; CLOCK_50     ; LCD_Display:u1|CLK_400HZ ; 0.000        ; 1.246      ; 1.731      ;
+-------+-----------------------+------------------------------------+--------------+--------------------------+--------------+------------+------------+


+------------------------------------------------------------------------------------------------------------------------------------------+
; Slow 1200mV 85C Model Removal: 'CLOCK_50'                                                                                                ;
+-------+-----------------------+------------------------------------+--------------+-------------+--------------+------------+------------+
; Slack ; From Node             ; To Node                            ; Launch Clock ; Latch Clock ; Relationship ; Clock Skew ; Data Delay ;
+-------+-----------------------+------------------------------------+--------------+-------------+--------------+------------+------------+
; 1.033 ; Reset_Delay:r0|oRESET ; LCD_Display:u1|CLK_COUNT_400HZ[11] ; CLOCK_50     ; CLOCK_50    ; 0.000        ; 0.514      ; 1.733      ;
; 1.033 ; Reset_Delay:r0|oRESET ; LCD_Display:u1|CLK_COUNT_400HZ[18] ; CLOCK_50     ; CLOCK_50    ; 0.000        ; 0.514      ; 1.733      ;
; 1.033 ; Reset_Delay:r0|oRESET ; LCD_Display:u1|CLK_COUNT_400HZ[14] ; CLOCK_50     ; CLOCK_50    ; 0.000        ; 0.514      ; 1.733      ;
; 1.033 ; Reset_Delay:r0|oRESET ; LCD_Display:u1|CLK_COUNT_400HZ[15] ; CLOCK_50     ; CLOCK_50    ; 0.000        ; 0.514      ; 1.733      ;
; 1.033 ; Reset_Delay:r0|oRESET ; LCD_Display:u1|CLK_COUNT_400HZ[17] ; CLOCK_50     ; CLOCK_50    ; 0.000        ; 0.514      ; 1.733      ;
; 1.431 ; Reset_Delay:r0|oRESET ; LCD_Display:u1|CLK_COUNT_400HZ[4]  ; CLOCK_50     ; CLOCK_50    ; 0.000        ; 0.078      ; 1.695      ;
; 1.431 ; Reset_Delay:r0|oRESET ; LCD_Display:u1|CLK_COUNT_400HZ[0]  ; CLOCK_50     ; CLOCK_50    ; 0.000        ; 0.078      ; 1.695      ;
; 1.431 ; Reset_Delay:r0|oRESET ; LCD_Display:u1|CLK_COUNT_400HZ[1]  ; CLOCK_50     ; CLOCK_50    ; 0.000        ; 0.078      ; 1.695      ;
; 1.431 ; Reset_Delay:r0|oRESET ; LCD_Display:u1|CLK_COUNT_400HZ[2]  ; CLOCK_50     ; CLOCK_50    ; 0.000        ; 0.078      ; 1.695      ;
; 1.431 ; Reset_Delay:r0|oRESET ; LCD_Display:u1|CLK_COUNT_400HZ[3]  ; CLOCK_50     ; CLOCK_50    ; 0.000        ; 0.078      ; 1.695      ;
; 1.431 ; Reset_Delay:r0|oRESET ; LCD_Display:u1|CLK_COUNT_400HZ[5]  ; CLOCK_50     ; CLOCK_50    ; 0.000        ; 0.078      ; 1.695      ;
; 1.431 ; Reset_Delay:r0|oRESET ; LCD_Display:u1|CLK_COUNT_400HZ[8]  ; CLOCK_50     ; CLOCK_50    ; 0.000        ; 0.078      ; 1.695      ;
; 1.431 ; Reset_Delay:r0|oRESET ; LCD_Display:u1|CLK_COUNT_400HZ[6]  ; CLOCK_50     ; CLOCK_50    ; 0.000        ; 0.078      ; 1.695      ;
; 1.431 ; Reset_Delay:r0|oRESET ; LCD_Display:u1|CLK_COUNT_400HZ[7]  ; CLOCK_50     ; CLOCK_50    ; 0.000        ; 0.078      ; 1.695      ;
; 1.431 ; Reset_Delay:r0|oRESET ; LCD_Display:u1|CLK_COUNT_400HZ[9]  ; CLOCK_50     ; CLOCK_50    ; 0.000        ; 0.078      ; 1.695      ;
; 1.466 ; Reset_Delay:r0|oRESET ; LCD_Display:u1|CLK_400HZ           ; CLOCK_50     ; CLOCK_50    ; 0.000        ; 0.081      ; 1.733      ;
; 1.466 ; Reset_Delay:r0|oRESET ; LCD_Display:u1|CLK_COUNT_400HZ[16] ; CLOCK_50     ; CLOCK_50    ; 0.000        ; 0.081      ; 1.733      ;
; 1.466 ; Reset_Delay:r0|oRESET ; LCD_Display:u1|CLK_COUNT_400HZ[10] ; CLOCK_50     ; CLOCK_50    ; 0.000        ; 0.081      ; 1.733      ;
; 1.466 ; Reset_Delay:r0|oRESET ; LCD_Display:u1|CLK_COUNT_400HZ[12] ; CLOCK_50     ; CLOCK_50    ; 0.000        ; 0.081      ; 1.733      ;
; 1.466 ; Reset_Delay:r0|oRESET ; LCD_Display:u1|CLK_COUNT_400HZ[13] ; CLOCK_50     ; CLOCK_50    ; 0.000        ; 0.081      ; 1.733      ;
; 1.466 ; Reset_Delay:r0|oRESET ; LCD_Display:u1|CLK_COUNT_400HZ[19] ; CLOCK_50     ; CLOCK_50    ; 0.000        ; 0.081      ; 1.733      ;
+-------+-----------------------+------------------------------------+--------------+-------------+--------------+------------+------------+


+------------------------------------------------------------------------------------------------------------------------+
; Slow 1200mV 85C Model Minimum Pulse Width: 'CLOCK_50'                                                                  ;
+--------+--------------+----------------+------------------+----------+------------+------------------------------------+
; Slack  ; Actual Width ; Required Width ; Type             ; Clock    ; Clock Edge ; Target                             ;
+--------+--------------+----------------+------------------+----------+------------+------------------------------------+
; -3.000 ; 1.000        ; 4.000          ; Port Rate        ; CLOCK_50 ; Rise       ; CLOCK_50                           ;
; -1.285 ; 1.000        ; 2.285          ; Min Period       ; CLOCK_50 ; Rise       ; LCD_Display:u1|CLK_400HZ           ;
; -1.285 ; 1.000        ; 2.285          ; Min Period       ; CLOCK_50 ; Rise       ; LCD_Display:u1|CLK_COUNT_400HZ[0]  ;
; -1.285 ; 1.000        ; 2.285          ; Min Period       ; CLOCK_50 ; Rise       ; LCD_Display:u1|CLK_COUNT_400HZ[10] ;
; -1.285 ; 1.000        ; 2.285          ; Min Period       ; CLOCK_50 ; Rise       ; LCD_Display:u1|CLK_COUNT_400HZ[11] ;
; -1.285 ; 1.000        ; 2.285          ; Min Period       ; CLOCK_50 ; Rise       ; LCD_Display:u1|CLK_COUNT_400HZ[12] ;
; -1.285 ; 1.000        ; 2.285          ; Min Period       ; CLOCK_50 ; Rise       ; LCD_Display:u1|CLK_COUNT_400HZ[13] ;
; -1.285 ; 1.000        ; 2.285          ; Min Period       ; CLOCK_50 ; Rise       ; LCD_Display:u1|CLK_COUNT_400HZ[14] ;
; -1.285 ; 1.000        ; 2.285          ; Min Period       ; CLOCK_50 ; Rise       ; LCD_Display:u1|CLK_COUNT_400HZ[15] ;
; -1.285 ; 1.000        ; 2.285          ; Min Period       ; CLOCK_50 ; Rise       ; LCD_Display:u1|CLK_COUNT_400HZ[16] ;
; -1.285 ; 1.000        ; 2.285          ; Min Period       ; CLOCK_50 ; Rise       ; LCD_Display:u1|CLK_COUNT_400HZ[17] ;
; -1.285 ; 1.000        ; 2.285          ; Min Period       ; CLOCK_50 ; Rise       ; LCD_Display:u1|CLK_COUNT_400HZ[18] ;
; -1.285 ; 1.000        ; 2.285          ; Min Period       ; CLOCK_50 ; Rise       ; LCD_Display:u1|CLK_COUNT_400HZ[19] ;
; -1.285 ; 1.000        ; 2.285          ; Min Period       ; CLOCK_50 ; Rise       ; LCD_Display:u1|CLK_COUNT_400HZ[1]  ;
; -1.285 ; 1.000        ; 2.285          ; Min Period       ; CLOCK_50 ; Rise       ; LCD_Display:u1|CLK_COUNT_400HZ[2]  ;
; -1.285 ; 1.000        ; 2.285          ; Min Period       ; CLOCK_50 ; Rise       ; LCD_Display:u1|CLK_COUNT_400HZ[3]  ;
; -1.285 ; 1.000        ; 2.285          ; Min Period       ; CLOCK_50 ; Rise       ; LCD_Display:u1|CLK_COUNT_400HZ[4]  ;
; -1.285 ; 1.000        ; 2.285          ; Min Period       ; CLOCK_50 ; Rise       ; LCD_Display:u1|CLK_COUNT_400HZ[5]  ;
; -1.285 ; 1.000        ; 2.285          ; Min Period       ; CLOCK_50 ; Rise       ; LCD_Display:u1|CLK_COUNT_400HZ[6]  ;
; -1.285 ; 1.000        ; 2.285          ; Min Period       ; CLOCK_50 ; Rise       ; LCD_Display:u1|CLK_COUNT_400HZ[7]  ;
; -1.285 ; 1.000        ; 2.285          ; Min Period       ; CLOCK_50 ; Rise       ; LCD_Display:u1|CLK_COUNT_400HZ[8]  ;
; -1.285 ; 1.000        ; 2.285          ; Min Period       ; CLOCK_50 ; Rise       ; LCD_Display:u1|CLK_COUNT_400HZ[9]  ;
; -1.285 ; 1.000        ; 2.285          ; Min Period       ; CLOCK_50 ; Rise       ; Reset_Delay:r0|Cont[0]             ;
; -1.285 ; 1.000        ; 2.285          ; Min Period       ; CLOCK_50 ; Rise       ; Reset_Delay:r0|Cont[10]            ;
; -1.285 ; 1.000        ; 2.285          ; Min Period       ; CLOCK_50 ; Rise       ; Reset_Delay:r0|Cont[11]            ;
; -1.285 ; 1.000        ; 2.285          ; Min Period       ; CLOCK_50 ; Rise       ; Reset_Delay:r0|Cont[12]            ;
; -1.285 ; 1.000        ; 2.285          ; Min Period       ; CLOCK_50 ; Rise       ; Reset_Delay:r0|Cont[13]            ;
; -1.285 ; 1.000        ; 2.285          ; Min Period       ; CLOCK_50 ; Rise       ; Reset_Delay:r0|Cont[14]            ;
; -1.285 ; 1.000        ; 2.285          ; Min Period       ; CLOCK_50 ; Rise       ; Reset_Delay:r0|Cont[15]            ;
; -1.285 ; 1.000        ; 2.285          ; Min Period       ; CLOCK_50 ; Rise       ; Reset_Delay:r0|Cont[16]            ;
; -1.285 ; 1.000        ; 2.285          ; Min Period       ; CLOCK_50 ; Rise       ; Reset_Delay:r0|Cont[17]            ;
; -1.285 ; 1.000        ; 2.285          ; Min Period       ; CLOCK_50 ; Rise       ; Reset_Delay:r0|Cont[18]            ;
; -1.285 ; 1.000        ; 2.285          ; Min Period       ; CLOCK_50 ; Rise       ; Reset_Delay:r0|Cont[19]            ;
; -1.285 ; 1.000        ; 2.285          ; Min Period       ; CLOCK_50 ; Rise       ; Reset_Delay:r0|Cont[1]             ;
; -1.285 ; 1.000        ; 2.285          ; Min Period       ; CLOCK_50 ; Rise       ; Reset_Delay:r0|Cont[2]             ;
; -1.285 ; 1.000        ; 2.285          ; Min Period       ; CLOCK_50 ; Rise       ; Reset_Delay:r0|Cont[3]             ;
; -1.285 ; 1.000        ; 2.285          ; Min Period       ; CLOCK_50 ; Rise       ; Reset_Delay:r0|Cont[4]             ;
; -1.285 ; 1.000        ; 2.285          ; Min Period       ; CLOCK_50 ; Rise       ; Reset_Delay:r0|Cont[5]             ;
; -1.285 ; 1.000        ; 2.285          ; Min Period       ; CLOCK_50 ; Rise       ; Reset_Delay:r0|Cont[6]             ;
; -1.285 ; 1.000        ; 2.285          ; Min Period       ; CLOCK_50 ; Rise       ; Reset_Delay:r0|Cont[7]             ;
; -1.285 ; 1.000        ; 2.285          ; Min Period       ; CLOCK_50 ; Rise       ; Reset_Delay:r0|Cont[8]             ;
; -1.285 ; 1.000        ; 2.285          ; Min Period       ; CLOCK_50 ; Rise       ; Reset_Delay:r0|Cont[9]             ;
; -1.285 ; 1.000        ; 2.285          ; Min Period       ; CLOCK_50 ; Rise       ; Reset_Delay:r0|oRESET              ;
; 0.249  ; 0.437        ; 0.188          ; Low Pulse Width  ; CLOCK_50 ; Rise       ; LCD_Display:u1|CLK_COUNT_400HZ[11] ;
; 0.249  ; 0.437        ; 0.188          ; Low Pulse Width  ; CLOCK_50 ; Rise       ; LCD_Display:u1|CLK_COUNT_400HZ[14] ;
; 0.249  ; 0.437        ; 0.188          ; Low Pulse Width  ; CLOCK_50 ; Rise       ; LCD_Display:u1|CLK_COUNT_400HZ[15] ;
; 0.249  ; 0.437        ; 0.188          ; Low Pulse Width  ; CLOCK_50 ; Rise       ; LCD_Display:u1|CLK_COUNT_400HZ[17] ;
; 0.249  ; 0.437        ; 0.188          ; Low Pulse Width  ; CLOCK_50 ; Rise       ; LCD_Display:u1|CLK_COUNT_400HZ[18] ;
; 0.256  ; 0.444        ; 0.188          ; Low Pulse Width  ; CLOCK_50 ; Rise       ; LCD_Display:u1|CLK_400HZ           ;
; 0.256  ; 0.444        ; 0.188          ; Low Pulse Width  ; CLOCK_50 ; Rise       ; LCD_Display:u1|CLK_COUNT_400HZ[10] ;
; 0.256  ; 0.444        ; 0.188          ; Low Pulse Width  ; CLOCK_50 ; Rise       ; LCD_Display:u1|CLK_COUNT_400HZ[12] ;
; 0.256  ; 0.444        ; 0.188          ; Low Pulse Width  ; CLOCK_50 ; Rise       ; LCD_Display:u1|CLK_COUNT_400HZ[13] ;
; 0.256  ; 0.444        ; 0.188          ; Low Pulse Width  ; CLOCK_50 ; Rise       ; LCD_Display:u1|CLK_COUNT_400HZ[16] ;
; 0.256  ; 0.444        ; 0.188          ; Low Pulse Width  ; CLOCK_50 ; Rise       ; LCD_Display:u1|CLK_COUNT_400HZ[19] ;
; 0.256  ; 0.444        ; 0.188          ; Low Pulse Width  ; CLOCK_50 ; Rise       ; Reset_Delay:r0|Cont[0]             ;
; 0.256  ; 0.444        ; 0.188          ; Low Pulse Width  ; CLOCK_50 ; Rise       ; Reset_Delay:r0|Cont[10]            ;
; 0.256  ; 0.444        ; 0.188          ; Low Pulse Width  ; CLOCK_50 ; Rise       ; Reset_Delay:r0|Cont[11]            ;
; 0.256  ; 0.444        ; 0.188          ; Low Pulse Width  ; CLOCK_50 ; Rise       ; Reset_Delay:r0|Cont[12]            ;
; 0.256  ; 0.444        ; 0.188          ; Low Pulse Width  ; CLOCK_50 ; Rise       ; Reset_Delay:r0|Cont[13]            ;
; 0.256  ; 0.444        ; 0.188          ; Low Pulse Width  ; CLOCK_50 ; Rise       ; Reset_Delay:r0|Cont[14]            ;
; 0.256  ; 0.444        ; 0.188          ; Low Pulse Width  ; CLOCK_50 ; Rise       ; Reset_Delay:r0|Cont[15]            ;
; 0.256  ; 0.444        ; 0.188          ; Low Pulse Width  ; CLOCK_50 ; Rise       ; Reset_Delay:r0|Cont[16]            ;
; 0.256  ; 0.444        ; 0.188          ; Low Pulse Width  ; CLOCK_50 ; Rise       ; Reset_Delay:r0|Cont[19]            ;
; 0.256  ; 0.444        ; 0.188          ; Low Pulse Width  ; CLOCK_50 ; Rise       ; Reset_Delay:r0|Cont[1]             ;
; 0.256  ; 0.444        ; 0.188          ; Low Pulse Width  ; CLOCK_50 ; Rise       ; Reset_Delay:r0|Cont[2]             ;
; 0.256  ; 0.444        ; 0.188          ; Low Pulse Width  ; CLOCK_50 ; Rise       ; Reset_Delay:r0|Cont[3]             ;
; 0.256  ; 0.444        ; 0.188          ; Low Pulse Width  ; CLOCK_50 ; Rise       ; Reset_Delay:r0|Cont[4]             ;
; 0.256  ; 0.444        ; 0.188          ; Low Pulse Width  ; CLOCK_50 ; Rise       ; Reset_Delay:r0|Cont[5]             ;
; 0.256  ; 0.444        ; 0.188          ; Low Pulse Width  ; CLOCK_50 ; Rise       ; Reset_Delay:r0|Cont[6]             ;
; 0.256  ; 0.444        ; 0.188          ; Low Pulse Width  ; CLOCK_50 ; Rise       ; Reset_Delay:r0|Cont[7]             ;
; 0.256  ; 0.444        ; 0.188          ; Low Pulse Width  ; CLOCK_50 ; Rise       ; Reset_Delay:r0|Cont[8]             ;
; 0.256  ; 0.444        ; 0.188          ; Low Pulse Width  ; CLOCK_50 ; Rise       ; Reset_Delay:r0|Cont[9]             ;
; 0.256  ; 0.444        ; 0.188          ; Low Pulse Width  ; CLOCK_50 ; Rise       ; Reset_Delay:r0|oRESET              ;
; 0.257  ; 0.445        ; 0.188          ; Low Pulse Width  ; CLOCK_50 ; Rise       ; Reset_Delay:r0|Cont[17]            ;
; 0.257  ; 0.445        ; 0.188          ; Low Pulse Width  ; CLOCK_50 ; Rise       ; Reset_Delay:r0|Cont[18]            ;
; 0.259  ; 0.447        ; 0.188          ; Low Pulse Width  ; CLOCK_50 ; Rise       ; LCD_Display:u1|CLK_COUNT_400HZ[0]  ;
; 0.259  ; 0.447        ; 0.188          ; Low Pulse Width  ; CLOCK_50 ; Rise       ; LCD_Display:u1|CLK_COUNT_400HZ[1]  ;
; 0.259  ; 0.447        ; 0.188          ; Low Pulse Width  ; CLOCK_50 ; Rise       ; LCD_Display:u1|CLK_COUNT_400HZ[2]  ;
; 0.259  ; 0.447        ; 0.188          ; Low Pulse Width  ; CLOCK_50 ; Rise       ; LCD_Display:u1|CLK_COUNT_400HZ[3]  ;
; 0.259  ; 0.447        ; 0.188          ; Low Pulse Width  ; CLOCK_50 ; Rise       ; LCD_Display:u1|CLK_COUNT_400HZ[4]  ;
; 0.259  ; 0.447        ; 0.188          ; Low Pulse Width  ; CLOCK_50 ; Rise       ; LCD_Display:u1|CLK_COUNT_400HZ[5]  ;
; 0.259  ; 0.447        ; 0.188          ; Low Pulse Width  ; CLOCK_50 ; Rise       ; LCD_Display:u1|CLK_COUNT_400HZ[6]  ;
; 0.259  ; 0.447        ; 0.188          ; Low Pulse Width  ; CLOCK_50 ; Rise       ; LCD_Display:u1|CLK_COUNT_400HZ[7]  ;
; 0.259  ; 0.447        ; 0.188          ; Low Pulse Width  ; CLOCK_50 ; Rise       ; LCD_Display:u1|CLK_COUNT_400HZ[8]  ;
; 0.259  ; 0.447        ; 0.188          ; Low Pulse Width  ; CLOCK_50 ; Rise       ; LCD_Display:u1|CLK_COUNT_400HZ[9]  ;
; 0.332  ; 0.552        ; 0.220          ; High Pulse Width ; CLOCK_50 ; Rise       ; LCD_Display:u1|CLK_COUNT_400HZ[0]  ;
; 0.332  ; 0.552        ; 0.220          ; High Pulse Width ; CLOCK_50 ; Rise       ; LCD_Display:u1|CLK_COUNT_400HZ[1]  ;
; 0.332  ; 0.552        ; 0.220          ; High Pulse Width ; CLOCK_50 ; Rise       ; LCD_Display:u1|CLK_COUNT_400HZ[2]  ;
; 0.332  ; 0.552        ; 0.220          ; High Pulse Width ; CLOCK_50 ; Rise       ; LCD_Display:u1|CLK_COUNT_400HZ[3]  ;
; 0.332  ; 0.552        ; 0.220          ; High Pulse Width ; CLOCK_50 ; Rise       ; LCD_Display:u1|CLK_COUNT_400HZ[4]  ;
; 0.332  ; 0.552        ; 0.220          ; High Pulse Width ; CLOCK_50 ; Rise       ; LCD_Display:u1|CLK_COUNT_400HZ[5]  ;
; 0.332  ; 0.552        ; 0.220          ; High Pulse Width ; CLOCK_50 ; Rise       ; LCD_Display:u1|CLK_COUNT_400HZ[6]  ;
; 0.332  ; 0.552        ; 0.220          ; High Pulse Width ; CLOCK_50 ; Rise       ; LCD_Display:u1|CLK_COUNT_400HZ[7]  ;
; 0.332  ; 0.552        ; 0.220          ; High Pulse Width ; CLOCK_50 ; Rise       ; LCD_Display:u1|CLK_COUNT_400HZ[8]  ;
; 0.332  ; 0.552        ; 0.220          ; High Pulse Width ; CLOCK_50 ; Rise       ; LCD_Display:u1|CLK_COUNT_400HZ[9]  ;
; 0.334  ; 0.554        ; 0.220          ; High Pulse Width ; CLOCK_50 ; Rise       ; Reset_Delay:r0|Cont[17]            ;
; 0.334  ; 0.554        ; 0.220          ; High Pulse Width ; CLOCK_50 ; Rise       ; Reset_Delay:r0|Cont[18]            ;
; 0.335  ; 0.555        ; 0.220          ; High Pulse Width ; CLOCK_50 ; Rise       ; LCD_Display:u1|CLK_400HZ           ;
; 0.335  ; 0.555        ; 0.220          ; High Pulse Width ; CLOCK_50 ; Rise       ; LCD_Display:u1|CLK_COUNT_400HZ[10] ;
; 0.335  ; 0.555        ; 0.220          ; High Pulse Width ; CLOCK_50 ; Rise       ; LCD_Display:u1|CLK_COUNT_400HZ[12] ;
+--------+--------------+----------------+------------------+----------+------------+------------------------------------+


+-----------------------------------------------------------------------------------------------------------------------------------------------+
; Slow 1200mV 85C Model Minimum Pulse Width: 'LCD_Display:u1|CLK_400HZ'                                                                         ;
+--------+--------------+----------------+------------------+--------------------------+------------+-------------------------------------------+
; Slack  ; Actual Width ; Required Width ; Type             ; Clock                    ; Clock Edge ; Target                                    ;
+--------+--------------+----------------+------------------+--------------------------+------------+-------------------------------------------+
; -1.285 ; 1.000        ; 2.285          ; Min Period       ; LCD_Display:u1|CLK_400HZ ; Rise       ; LCD_Display:u1|CHAR_COUNT[0]              ;
; -1.285 ; 1.000        ; 2.285          ; Min Period       ; LCD_Display:u1|CLK_400HZ ; Rise       ; LCD_Display:u1|CHAR_COUNT[1]              ;
; -1.285 ; 1.000        ; 2.285          ; Min Period       ; LCD_Display:u1|CLK_400HZ ; Rise       ; LCD_Display:u1|CHAR_COUNT[2]              ;
; -1.285 ; 1.000        ; 2.285          ; Min Period       ; LCD_Display:u1|CLK_400HZ ; Rise       ; LCD_Display:u1|CHAR_COUNT[3]              ;
; -1.285 ; 1.000        ; 2.285          ; Min Period       ; LCD_Display:u1|CLK_400HZ ; Rise       ; LCD_Display:u1|CHAR_COUNT[4]              ;
; -1.285 ; 1.000        ; 2.285          ; Min Period       ; LCD_Display:u1|CLK_400HZ ; Rise       ; LCD_Display:u1|DATA_BUS_VALUE[0]          ;
; -1.285 ; 1.000        ; 2.285          ; Min Period       ; LCD_Display:u1|CLK_400HZ ; Rise       ; LCD_Display:u1|DATA_BUS_VALUE[1]          ;
; -1.285 ; 1.000        ; 2.285          ; Min Period       ; LCD_Display:u1|CLK_400HZ ; Rise       ; LCD_Display:u1|DATA_BUS_VALUE[2]          ;
; -1.285 ; 1.000        ; 2.285          ; Min Period       ; LCD_Display:u1|CLK_400HZ ; Rise       ; LCD_Display:u1|DATA_BUS_VALUE[3]          ;
; -1.285 ; 1.000        ; 2.285          ; Min Period       ; LCD_Display:u1|CLK_400HZ ; Rise       ; LCD_Display:u1|DATA_BUS_VALUE[4]          ;
; -1.285 ; 1.000        ; 2.285          ; Min Period       ; LCD_Display:u1|CLK_400HZ ; Rise       ; LCD_Display:u1|DATA_BUS_VALUE[5]          ;
; -1.285 ; 1.000        ; 2.285          ; Min Period       ; LCD_Display:u1|CLK_400HZ ; Rise       ; LCD_Display:u1|DATA_BUS_VALUE[6]          ;
; -1.285 ; 1.000        ; 2.285          ; Min Period       ; LCD_Display:u1|CLK_400HZ ; Rise       ; LCD_Display:u1|DATA_BUS_VALUE[7]          ;
; -1.285 ; 1.000        ; 2.285          ; Min Period       ; LCD_Display:u1|CLK_400HZ ; Rise       ; LCD_Display:u1|LCD_E                      ;
; -1.285 ; 1.000        ; 2.285          ; Min Period       ; LCD_Display:u1|CLK_400HZ ; Rise       ; LCD_Display:u1|LCD_RS                     ;
; -1.285 ; 1.000        ; 2.285          ; Min Period       ; LCD_Display:u1|CLK_400HZ ; Rise       ; LCD_Display:u1|next_command.DISPLAY_CLEAR ;
; -1.285 ; 1.000        ; 2.285          ; Min Period       ; LCD_Display:u1|CLK_400HZ ; Rise       ; LCD_Display:u1|next_command.DISPLAY_OFF   ;
; -1.285 ; 1.000        ; 2.285          ; Min Period       ; LCD_Display:u1|CLK_400HZ ; Rise       ; LCD_Display:u1|next_command.DISPLAY_ON    ;
; -1.285 ; 1.000        ; 2.285          ; Min Period       ; LCD_Display:u1|CLK_400HZ ; Rise       ; LCD_Display:u1|next_command.FUNC_SET      ;
; -1.285 ; 1.000        ; 2.285          ; Min Period       ; LCD_Display:u1|CLK_400HZ ; Rise       ; LCD_Display:u1|next_command.LINE2         ;
; -1.285 ; 1.000        ; 2.285          ; Min Period       ; LCD_Display:u1|CLK_400HZ ; Rise       ; LCD_Display:u1|next_command.MODE_SET      ;
; -1.285 ; 1.000        ; 2.285          ; Min Period       ; LCD_Display:u1|CLK_400HZ ; Rise       ; LCD_Display:u1|next_command.Print_String  ;
; -1.285 ; 1.000        ; 2.285          ; Min Period       ; LCD_Display:u1|CLK_400HZ ; Rise       ; LCD_Display:u1|next_command.RESET2        ;
; -1.285 ; 1.000        ; 2.285          ; Min Period       ; LCD_Display:u1|CLK_400HZ ; Rise       ; LCD_Display:u1|next_command.RESET3        ;
; -1.285 ; 1.000        ; 2.285          ; Min Period       ; LCD_Display:u1|CLK_400HZ ; Rise       ; LCD_Display:u1|next_command.RETURN_HOME   ;
; -1.285 ; 1.000        ; 2.285          ; Min Period       ; LCD_Display:u1|CLK_400HZ ; Rise       ; LCD_Display:u1|state.DISPLAY_CLEAR        ;
; -1.285 ; 1.000        ; 2.285          ; Min Period       ; LCD_Display:u1|CLK_400HZ ; Rise       ; LCD_Display:u1|state.DISPLAY_OFF          ;
; -1.285 ; 1.000        ; 2.285          ; Min Period       ; LCD_Display:u1|CLK_400HZ ; Rise       ; LCD_Display:u1|state.DISPLAY_ON           ;
; -1.285 ; 1.000        ; 2.285          ; Min Period       ; LCD_Display:u1|CLK_400HZ ; Rise       ; LCD_Display:u1|state.DROP_LCD_E           ;
; -1.285 ; 1.000        ; 2.285          ; Min Period       ; LCD_Display:u1|CLK_400HZ ; Rise       ; LCD_Display:u1|state.FUNC_SET             ;
; -1.285 ; 1.000        ; 2.285          ; Min Period       ; LCD_Display:u1|CLK_400HZ ; Rise       ; LCD_Display:u1|state.HOLD                 ;
; -1.285 ; 1.000        ; 2.285          ; Min Period       ; LCD_Display:u1|CLK_400HZ ; Rise       ; LCD_Display:u1|state.LINE2                ;
; -1.285 ; 1.000        ; 2.285          ; Min Period       ; LCD_Display:u1|CLK_400HZ ; Rise       ; LCD_Display:u1|state.MODE_SET             ;
; -1.285 ; 1.000        ; 2.285          ; Min Period       ; LCD_Display:u1|CLK_400HZ ; Rise       ; LCD_Display:u1|state.Print_String         ;
; -1.285 ; 1.000        ; 2.285          ; Min Period       ; LCD_Display:u1|CLK_400HZ ; Rise       ; LCD_Display:u1|state.RESET1               ;
; -1.285 ; 1.000        ; 2.285          ; Min Period       ; LCD_Display:u1|CLK_400HZ ; Rise       ; LCD_Display:u1|state.RESET2               ;
; -1.285 ; 1.000        ; 2.285          ; Min Period       ; LCD_Display:u1|CLK_400HZ ; Rise       ; LCD_Display:u1|state.RESET3               ;
; -1.285 ; 1.000        ; 2.285          ; Min Period       ; LCD_Display:u1|CLK_400HZ ; Rise       ; LCD_Display:u1|state.RETURN_HOME          ;
; 0.259  ; 0.479        ; 0.220          ; High Pulse Width ; LCD_Display:u1|CLK_400HZ ; Rise       ; LCD_Display:u1|next_command.Print_String  ;
; 0.261  ; 0.481        ; 0.220          ; High Pulse Width ; LCD_Display:u1|CLK_400HZ ; Rise       ; LCD_Display:u1|DATA_BUS_VALUE[2]          ;
; 0.261  ; 0.481        ; 0.220          ; High Pulse Width ; LCD_Display:u1|CLK_400HZ ; Rise       ; LCD_Display:u1|DATA_BUS_VALUE[3]          ;
; 0.261  ; 0.481        ; 0.220          ; High Pulse Width ; LCD_Display:u1|CLK_400HZ ; Rise       ; LCD_Display:u1|DATA_BUS_VALUE[4]          ;
; 0.261  ; 0.481        ; 0.220          ; High Pulse Width ; LCD_Display:u1|CLK_400HZ ; Rise       ; LCD_Display:u1|DATA_BUS_VALUE[5]          ;
; 0.261  ; 0.481        ; 0.220          ; High Pulse Width ; LCD_Display:u1|CLK_400HZ ; Rise       ; LCD_Display:u1|DATA_BUS_VALUE[6]          ;
; 0.261  ; 0.481        ; 0.220          ; High Pulse Width ; LCD_Display:u1|CLK_400HZ ; Rise       ; LCD_Display:u1|DATA_BUS_VALUE[7]          ;
; 0.262  ; 0.482        ; 0.220          ; High Pulse Width ; LCD_Display:u1|CLK_400HZ ; Rise       ; LCD_Display:u1|CHAR_COUNT[0]              ;
; 0.262  ; 0.482        ; 0.220          ; High Pulse Width ; LCD_Display:u1|CLK_400HZ ; Rise       ; LCD_Display:u1|CHAR_COUNT[1]              ;
; 0.262  ; 0.482        ; 0.220          ; High Pulse Width ; LCD_Display:u1|CLK_400HZ ; Rise       ; LCD_Display:u1|CHAR_COUNT[2]              ;
; 0.262  ; 0.482        ; 0.220          ; High Pulse Width ; LCD_Display:u1|CLK_400HZ ; Rise       ; LCD_Display:u1|CHAR_COUNT[3]              ;
; 0.262  ; 0.482        ; 0.220          ; High Pulse Width ; LCD_Display:u1|CLK_400HZ ; Rise       ; LCD_Display:u1|CHAR_COUNT[4]              ;
; 0.262  ; 0.482        ; 0.220          ; High Pulse Width ; LCD_Display:u1|CLK_400HZ ; Rise       ; LCD_Display:u1|DATA_BUS_VALUE[0]          ;
; 0.262  ; 0.482        ; 0.220          ; High Pulse Width ; LCD_Display:u1|CLK_400HZ ; Rise       ; LCD_Display:u1|DATA_BUS_VALUE[1]          ;
; 0.262  ; 0.482        ; 0.220          ; High Pulse Width ; LCD_Display:u1|CLK_400HZ ; Rise       ; LCD_Display:u1|LCD_E                      ;
; 0.262  ; 0.482        ; 0.220          ; High Pulse Width ; LCD_Display:u1|CLK_400HZ ; Rise       ; LCD_Display:u1|LCD_RS                     ;
; 0.262  ; 0.482        ; 0.220          ; High Pulse Width ; LCD_Display:u1|CLK_400HZ ; Rise       ; LCD_Display:u1|next_command.DISPLAY_CLEAR ;
; 0.262  ; 0.482        ; 0.220          ; High Pulse Width ; LCD_Display:u1|CLK_400HZ ; Rise       ; LCD_Display:u1|next_command.DISPLAY_OFF   ;
; 0.262  ; 0.482        ; 0.220          ; High Pulse Width ; LCD_Display:u1|CLK_400HZ ; Rise       ; LCD_Display:u1|next_command.DISPLAY_ON    ;
; 0.262  ; 0.482        ; 0.220          ; High Pulse Width ; LCD_Display:u1|CLK_400HZ ; Rise       ; LCD_Display:u1|next_command.FUNC_SET      ;
; 0.262  ; 0.482        ; 0.220          ; High Pulse Width ; LCD_Display:u1|CLK_400HZ ; Rise       ; LCD_Display:u1|next_command.LINE2         ;
; 0.262  ; 0.482        ; 0.220          ; High Pulse Width ; LCD_Display:u1|CLK_400HZ ; Rise       ; LCD_Display:u1|next_command.MODE_SET      ;
; 0.262  ; 0.482        ; 0.220          ; High Pulse Width ; LCD_Display:u1|CLK_400HZ ; Rise       ; LCD_Display:u1|next_command.RESET2        ;
; 0.262  ; 0.482        ; 0.220          ; High Pulse Width ; LCD_Display:u1|CLK_400HZ ; Rise       ; LCD_Display:u1|next_command.RESET3        ;
; 0.262  ; 0.482        ; 0.220          ; High Pulse Width ; LCD_Display:u1|CLK_400HZ ; Rise       ; LCD_Display:u1|next_command.RETURN_HOME   ;
; 0.262  ; 0.482        ; 0.220          ; High Pulse Width ; LCD_Display:u1|CLK_400HZ ; Rise       ; LCD_Display:u1|state.DISPLAY_CLEAR        ;
; 0.262  ; 0.482        ; 0.220          ; High Pulse Width ; LCD_Display:u1|CLK_400HZ ; Rise       ; LCD_Display:u1|state.DISPLAY_OFF          ;
; 0.262  ; 0.482        ; 0.220          ; High Pulse Width ; LCD_Display:u1|CLK_400HZ ; Rise       ; LCD_Display:u1|state.DISPLAY_ON           ;
; 0.262  ; 0.482        ; 0.220          ; High Pulse Width ; LCD_Display:u1|CLK_400HZ ; Rise       ; LCD_Display:u1|state.DROP_LCD_E           ;
; 0.262  ; 0.482        ; 0.220          ; High Pulse Width ; LCD_Display:u1|CLK_400HZ ; Rise       ; LCD_Display:u1|state.FUNC_SET             ;
; 0.262  ; 0.482        ; 0.220          ; High Pulse Width ; LCD_Display:u1|CLK_400HZ ; Rise       ; LCD_Display:u1|state.HOLD                 ;
; 0.262  ; 0.482        ; 0.220          ; High Pulse Width ; LCD_Display:u1|CLK_400HZ ; Rise       ; LCD_Display:u1|state.LINE2                ;
; 0.262  ; 0.482        ; 0.220          ; High Pulse Width ; LCD_Display:u1|CLK_400HZ ; Rise       ; LCD_Display:u1|state.MODE_SET             ;
; 0.262  ; 0.482        ; 0.220          ; High Pulse Width ; LCD_Display:u1|CLK_400HZ ; Rise       ; LCD_Display:u1|state.Print_String         ;
; 0.262  ; 0.482        ; 0.220          ; High Pulse Width ; LCD_Display:u1|CLK_400HZ ; Rise       ; LCD_Display:u1|state.RESET1               ;
; 0.262  ; 0.482        ; 0.220          ; High Pulse Width ; LCD_Display:u1|CLK_400HZ ; Rise       ; LCD_Display:u1|state.RESET2               ;
; 0.262  ; 0.482        ; 0.220          ; High Pulse Width ; LCD_Display:u1|CLK_400HZ ; Rise       ; LCD_Display:u1|state.RESET3               ;
; 0.262  ; 0.482        ; 0.220          ; High Pulse Width ; LCD_Display:u1|CLK_400HZ ; Rise       ; LCD_Display:u1|state.RETURN_HOME          ;
; 0.328  ; 0.516        ; 0.188          ; Low Pulse Width  ; LCD_Display:u1|CLK_400HZ ; Rise       ; LCD_Display:u1|CHAR_COUNT[0]              ;
; 0.328  ; 0.516        ; 0.188          ; Low Pulse Width  ; LCD_Display:u1|CLK_400HZ ; Rise       ; LCD_Display:u1|CHAR_COUNT[1]              ;
; 0.328  ; 0.516        ; 0.188          ; Low Pulse Width  ; LCD_Display:u1|CLK_400HZ ; Rise       ; LCD_Display:u1|CHAR_COUNT[2]              ;
; 0.328  ; 0.516        ; 0.188          ; Low Pulse Width  ; LCD_Display:u1|CLK_400HZ ; Rise       ; LCD_Display:u1|CHAR_COUNT[3]              ;
; 0.328  ; 0.516        ; 0.188          ; Low Pulse Width  ; LCD_Display:u1|CLK_400HZ ; Rise       ; LCD_Display:u1|CHAR_COUNT[4]              ;
; 0.328  ; 0.516        ; 0.188          ; Low Pulse Width  ; LCD_Display:u1|CLK_400HZ ; Rise       ; LCD_Display:u1|DATA_BUS_VALUE[0]          ;
; 0.328  ; 0.516        ; 0.188          ; Low Pulse Width  ; LCD_Display:u1|CLK_400HZ ; Rise       ; LCD_Display:u1|DATA_BUS_VALUE[1]          ;
; 0.328  ; 0.516        ; 0.188          ; Low Pulse Width  ; LCD_Display:u1|CLK_400HZ ; Rise       ; LCD_Display:u1|LCD_E                      ;
; 0.328  ; 0.516        ; 0.188          ; Low Pulse Width  ; LCD_Display:u1|CLK_400HZ ; Rise       ; LCD_Display:u1|LCD_RS                     ;
; 0.328  ; 0.516        ; 0.188          ; Low Pulse Width  ; LCD_Display:u1|CLK_400HZ ; Rise       ; LCD_Display:u1|next_command.DISPLAY_CLEAR ;
; 0.328  ; 0.516        ; 0.188          ; Low Pulse Width  ; LCD_Display:u1|CLK_400HZ ; Rise       ; LCD_Display:u1|next_command.DISPLAY_OFF   ;
; 0.328  ; 0.516        ; 0.188          ; Low Pulse Width  ; LCD_Display:u1|CLK_400HZ ; Rise       ; LCD_Display:u1|next_command.DISPLAY_ON    ;
; 0.328  ; 0.516        ; 0.188          ; Low Pulse Width  ; LCD_Display:u1|CLK_400HZ ; Rise       ; LCD_Display:u1|next_command.FUNC_SET      ;
; 0.328  ; 0.516        ; 0.188          ; Low Pulse Width  ; LCD_Display:u1|CLK_400HZ ; Rise       ; LCD_Display:u1|next_command.LINE2         ;
; 0.328  ; 0.516        ; 0.188          ; Low Pulse Width  ; LCD_Display:u1|CLK_400HZ ; Rise       ; LCD_Display:u1|next_command.MODE_SET      ;
; 0.328  ; 0.516        ; 0.188          ; Low Pulse Width  ; LCD_Display:u1|CLK_400HZ ; Rise       ; LCD_Display:u1|next_command.RESET2        ;
; 0.328  ; 0.516        ; 0.188          ; Low Pulse Width  ; LCD_Display:u1|CLK_400HZ ; Rise       ; LCD_Display:u1|next_command.RESET3        ;
; 0.328  ; 0.516        ; 0.188          ; Low Pulse Width  ; LCD_Display:u1|CLK_400HZ ; Rise       ; LCD_Display:u1|next_command.RETURN_HOME   ;
; 0.328  ; 0.516        ; 0.188          ; Low Pulse Width  ; LCD_Display:u1|CLK_400HZ ; Rise       ; LCD_Display:u1|state.DISPLAY_CLEAR        ;
; 0.328  ; 0.516        ; 0.188          ; Low Pulse Width  ; LCD_Display:u1|CLK_400HZ ; Rise       ; LCD_Display:u1|state.DISPLAY_OFF          ;
; 0.328  ; 0.516        ; 0.188          ; Low Pulse Width  ; LCD_Display:u1|CLK_400HZ ; Rise       ; LCD_Display:u1|state.DISPLAY_ON           ;
; 0.328  ; 0.516        ; 0.188          ; Low Pulse Width  ; LCD_Display:u1|CLK_400HZ ; Rise       ; LCD_Display:u1|state.DROP_LCD_E           ;
; 0.328  ; 0.516        ; 0.188          ; Low Pulse Width  ; LCD_Display:u1|CLK_400HZ ; Rise       ; LCD_Display:u1|state.FUNC_SET             ;
; 0.328  ; 0.516        ; 0.188          ; Low Pulse Width  ; LCD_Display:u1|CLK_400HZ ; Rise       ; LCD_Display:u1|state.HOLD                 ;
+--------+--------------+----------------+------------------+--------------------------+------------+-------------------------------------------+


+----------------------------------------------------------------------------------------------+
; Setup Times                                                                                  ;
+-----------+--------------------------+-------+-------+------------+--------------------------+
; Data Port ; Clock Port               ; Rise  ; Fall  ; Clock Edge ; Clock Reference          ;
+-----------+--------------------------+-------+-------+------------+--------------------------+
; SW[*]     ; LCD_Display:u1|CLK_400HZ ; 5.986 ; 6.644 ; Rise       ; LCD_Display:u1|CLK_400HZ ;
;  SW[0]    ; LCD_Display:u1|CLK_400HZ ; 5.358 ; 6.043 ; Rise       ; LCD_Display:u1|CLK_400HZ ;
;  SW[1]    ; LCD_Display:u1|CLK_400HZ ; 4.951 ; 5.524 ; Rise       ; LCD_Display:u1|CLK_400HZ ;
;  SW[2]    ; LCD_Display:u1|CLK_400HZ ; 5.613 ; 6.148 ; Rise       ; LCD_Display:u1|CLK_400HZ ;
;  SW[3]    ; LCD_Display:u1|CLK_400HZ ; 5.986 ; 6.644 ; Rise       ; LCD_Display:u1|CLK_400HZ ;
;  SW[4]    ; LCD_Display:u1|CLK_400HZ ; 5.044 ; 5.698 ; Rise       ; LCD_Display:u1|CLK_400HZ ;
;  SW[5]    ; LCD_Display:u1|CLK_400HZ ; 4.876 ; 5.424 ; Rise       ; LCD_Display:u1|CLK_400HZ ;
;  SW[6]    ; LCD_Display:u1|CLK_400HZ ; 5.314 ; 5.873 ; Rise       ; LCD_Display:u1|CLK_400HZ ;
;  SW[7]    ; LCD_Display:u1|CLK_400HZ ; 5.608 ; 6.224 ; Rise       ; LCD_Display:u1|CLK_400HZ ;
+-----------+--------------------------+-------+-------+------------+--------------------------+


+------------------------------------------------------------------------------------------------+
; Hold Times                                                                                     ;
+-----------+--------------------------+--------+--------+------------+--------------------------+
; Data Port ; Clock Port               ; Rise   ; Fall   ; Clock Edge ; Clock Reference          ;
+-----------+--------------------------+--------+--------+------------+--------------------------+
; SW[*]     ; LCD_Display:u1|CLK_400HZ ; -3.227 ; -3.818 ; Rise       ; LCD_Display:u1|CLK_400HZ ;
;  SW[0]    ; LCD_Display:u1|CLK_400HZ ; -3.732 ; -4.409 ; Rise       ; LCD_Display:u1|CLK_400HZ ;
;  SW[1]    ; LCD_Display:u1|CLK_400HZ ; -3.297 ; -3.913 ; Rise       ; LCD_Display:u1|CLK_400HZ ;
;  SW[2]    ; LCD_Display:u1|CLK_400HZ ; -4.166 ; -4.659 ; Rise       ; LCD_Display:u1|CLK_400HZ ;
;  SW[3]    ; LCD_Display:u1|CLK_400HZ ; -4.468 ; -5.073 ; Rise       ; LCD_Display:u1|CLK_400HZ ;
;  SW[4]    ; LCD_Display:u1|CLK_400HZ ; -3.397 ; -4.024 ; Rise       ; LCD_Display:u1|CLK_400HZ ;
;  SW[5]    ; LCD_Display:u1|CLK_400HZ ; -3.227 ; -3.818 ; Rise       ; LCD_Display:u1|CLK_400HZ ;
;  SW[6]    ; LCD_Display:u1|CLK_400HZ ; -3.879 ; -4.400 ; Rise       ; LCD_Display:u1|CLK_400HZ ;
;  SW[7]    ; LCD_Display:u1|CLK_400HZ ; -4.163 ; -4.742 ; Rise       ; LCD_Display:u1|CLK_400HZ ;
+-----------+--------------------------+--------+--------+------------+--------------------------+


+-------------------------------------------------------------------------------------------------+
; Clock to Output Times                                                                           ;
+--------------+--------------------------+-------+-------+------------+--------------------------+
; Data Port    ; Clock Port               ; Rise  ; Fall  ; Clock Edge ; Clock Reference          ;
+--------------+--------------------------+-------+-------+------------+--------------------------+
; LCD_DATA[*]  ; LCD_Display:u1|CLK_400HZ ; 9.801 ; 9.860 ; Rise       ; LCD_Display:u1|CLK_400HZ ;
;  LCD_DATA[0] ; LCD_Display:u1|CLK_400HZ ; 8.842 ; 8.817 ; Rise       ; LCD_Display:u1|CLK_400HZ ;
;  LCD_DATA[1] ; LCD_Display:u1|CLK_400HZ ; 8.561 ; 8.541 ; Rise       ; LCD_Display:u1|CLK_400HZ ;
;  LCD_DATA[2] ; LCD_Display:u1|CLK_400HZ ; 8.716 ; 8.678 ; Rise       ; LCD_Display:u1|CLK_400HZ ;
;  LCD_DATA[3] ; LCD_Display:u1|CLK_400HZ ; 8.730 ; 8.682 ; Rise       ; LCD_Display:u1|CLK_400HZ ;
;  LCD_DATA[4] ; LCD_Display:u1|CLK_400HZ ; 8.873 ; 8.869 ; Rise       ; LCD_Display:u1|CLK_400HZ ;
;  LCD_DATA[5] ; LCD_Display:u1|CLK_400HZ ; 9.215 ; 9.176 ; Rise       ; LCD_Display:u1|CLK_400HZ ;
;  LCD_DATA[6] ; LCD_Display:u1|CLK_400HZ ; 9.454 ; 9.537 ; Rise       ; LCD_Display:u1|CLK_400HZ ;
;  LCD_DATA[7] ; LCD_Display:u1|CLK_400HZ ; 9.801 ; 9.860 ; Rise       ; LCD_Display:u1|CLK_400HZ ;
; LCD_EN       ; LCD_Display:u1|CLK_400HZ ; 8.567 ; 8.556 ; Rise       ; LCD_Display:u1|CLK_400HZ ;
; LCD_RS       ; LCD_Display:u1|CLK_400HZ ; 8.574 ; 8.557 ; Rise       ; LCD_Display:u1|CLK_400HZ ;
+--------------+--------------------------+-------+-------+------------+--------------------------+


+-------------------------------------------------------------------------------------------------+
; Minimum Clock to Output Times                                                                   ;
+--------------+--------------------------+-------+-------+------------+--------------------------+
; Data Port    ; Clock Port               ; Rise  ; Fall  ; Clock Edge ; Clock Reference          ;
+--------------+--------------------------+-------+-------+------------+--------------------------+
; LCD_DATA[*]  ; LCD_Display:u1|CLK_400HZ ; 8.235 ; 8.215 ; Rise       ; LCD_Display:u1|CLK_400HZ ;
;  LCD_DATA[0] ; LCD_Display:u1|CLK_400HZ ; 8.504 ; 8.478 ; Rise       ; LCD_Display:u1|CLK_400HZ ;
;  LCD_DATA[1] ; LCD_Display:u1|CLK_400HZ ; 8.235 ; 8.215 ; Rise       ; LCD_Display:u1|CLK_400HZ ;
;  LCD_DATA[2] ; LCD_Display:u1|CLK_400HZ ; 8.383 ; 8.346 ; Rise       ; LCD_Display:u1|CLK_400HZ ;
;  LCD_DATA[3] ; LCD_Display:u1|CLK_400HZ ; 8.396 ; 8.349 ; Rise       ; LCD_Display:u1|CLK_400HZ ;
;  LCD_DATA[4] ; LCD_Display:u1|CLK_400HZ ; 8.534 ; 8.530 ; Rise       ; LCD_Display:u1|CLK_400HZ ;
;  LCD_DATA[5] ; LCD_Display:u1|CLK_400HZ ; 8.862 ; 8.824 ; Rise       ; LCD_Display:u1|CLK_400HZ ;
;  LCD_DATA[6] ; LCD_Display:u1|CLK_400HZ ; 9.092 ; 9.170 ; Rise       ; LCD_Display:u1|CLK_400HZ ;
;  LCD_DATA[7] ; LCD_Display:u1|CLK_400HZ ; 9.475 ; 9.535 ; Rise       ; LCD_Display:u1|CLK_400HZ ;
; LCD_EN       ; LCD_Display:u1|CLK_400HZ ; 8.240 ; 8.228 ; Rise       ; LCD_Display:u1|CLK_400HZ ;
; LCD_RS       ; LCD_Display:u1|CLK_400HZ ; 8.247 ; 8.229 ; Rise       ; LCD_Display:u1|CLK_400HZ ;
+--------------+--------------------------+-------+-------+------------+--------------------------+


+------------------------------------------------------+
; Propagation Delay                                    ;
+------------+-------------+--------+----+----+--------+
; Input Port ; Output Port ; RR     ; RF ; FR ; FF     ;
+------------+-------------+--------+----+----+--------+
; SW[0]      ; LEDR[0]     ; 8.912  ;    ;    ; 9.390  ;
; SW[1]      ; LEDR[1]     ; 8.877  ;    ;    ; 9.370  ;
; SW[2]      ; LEDR[2]     ; 8.661  ;    ;    ; 9.078  ;
; SW[3]      ; LEDR[3]     ; 8.557  ;    ;    ; 8.947  ;
; SW[4]      ; LEDR[4]     ; 9.760  ;    ;    ; 10.244 ;
; SW[5]      ; LEDR[5]     ; 8.870  ;    ;    ; 9.375  ;
; SW[6]      ; LEDR[6]     ; 9.095  ;    ;    ; 9.571  ;
; SW[7]      ; LEDR[7]     ; 8.924  ;    ;    ; 9.433  ;
; SW[8]      ; LEDR[8]     ; 8.863  ;    ;    ; 9.351  ;
; SW[9]      ; LEDR[9]     ; 9.815  ;    ;    ; 10.371 ;
; SW[10]     ; LEDR[10]    ; 9.260  ;    ;    ; 9.781  ;
; SW[11]     ; LEDR[11]    ; 9.216  ;    ;    ; 9.712  ;
; SW[12]     ; LEDR[12]    ; 9.147  ;    ;    ; 9.598  ;
; SW[13]     ; LEDR[13]    ; 8.873  ;    ;    ; 9.378  ;
; SW[14]     ; LEDR[14]    ; 8.870  ;    ;    ; 9.375  ;
; SW[15]     ; LEDR[15]    ; 10.513 ;    ;    ; 11.089 ;
; SW[16]     ; LEDR[16]    ; 8.892  ;    ;    ; 9.403  ;
; SW[17]     ; LEDR[17]    ; 8.860  ;    ;    ; 9.357  ;
+------------+-------------+--------+----+----+--------+


+------------------------------------------------------+
; Minimum Propagation Delay                            ;
+------------+-------------+--------+----+----+--------+
; Input Port ; Output Port ; RR     ; RF ; FR ; FF     ;
+------------+-------------+--------+----+----+--------+
; SW[0]      ; LEDR[0]     ; 8.607  ;    ;    ; 9.065  ;
; SW[1]      ; LEDR[1]     ; 8.571  ;    ;    ; 9.044  ;
; SW[2]      ; LEDR[2]     ; 8.363  ;    ;    ; 8.763  ;
; SW[3]      ; LEDR[3]     ; 8.264  ;    ;    ; 8.637  ;
; SW[4]      ; LEDR[4]     ; 9.418  ;    ;    ; 9.882  ;
; SW[5]      ; LEDR[5]     ; 8.564  ;    ;    ; 9.048  ;
; SW[6]      ; LEDR[6]     ; 8.781  ;    ;    ; 9.237  ;
; SW[7]      ; LEDR[7]     ; 8.616  ;    ;    ; 9.104  ;
; SW[8]      ; LEDR[8]     ; 8.556  ;    ;    ; 9.023  ;
; SW[9]      ; LEDR[9]     ; 9.525  ;    ;    ; 10.062 ;
; SW[10]     ; LEDR[10]    ; 8.937  ;    ;    ; 9.437  ;
; SW[11]     ; LEDR[11]    ; 8.895  ;    ;    ; 9.371  ;
; SW[12]     ; LEDR[12]    ; 8.830  ;    ;    ; 9.261  ;
; SW[13]     ; LEDR[13]    ; 8.566  ;    ;    ; 9.050  ;
; SW[14]     ; LEDR[14]    ; 8.563  ;    ;    ; 9.046  ;
; SW[15]     ; LEDR[15]    ; 10.193 ;    ;    ; 10.749 ;
; SW[16]     ; LEDR[16]    ; 8.583  ;    ;    ; 9.073  ;
; SW[17]     ; LEDR[17]    ; 8.552  ;    ;    ; 9.028  ;
+------------+-------------+--------+----+----+--------+


-----------------------------------------------
; Slow 1200mV 85C Model Metastability Summary ;
-----------------------------------------------
No synchronizer chains to report.


+-------------------------------------------------------------------------------------------------------------------------+
; Slow 1200mV 0C Model Fmax Summary                                                                                       ;
+------------+-----------------+--------------------------+---------------------------------------------------------------+
; Fmax       ; Restricted Fmax ; Clock Name               ; Note                                                          ;
+------------+-----------------+--------------------------+---------------------------------------------------------------+
; 253.55 MHz ; 250.0 MHz       ; CLOCK_50                 ; limit due to minimum period restriction (max I/O toggle rate) ;
; 270.2 MHz  ; 270.2 MHz       ; LCD_Display:u1|CLK_400HZ ;                                                               ;
+------------+-----------------+--------------------------+---------------------------------------------------------------+
This panel reports FMAX for every clock in the design, regardless of the user-specified clock periods.  FMAX is only computed for paths where the source and destination registers or ports are driven by the same clock.  Paths of different clocks, including generated clocks, are ignored.  For paths between a clock and its inversion, FMAX is computed as if the rising and falling edges are scaled along with FMAX, such that the duty cycle (in terms of a percentage) is maintained. Altera recommends that you always use clock constraints and other slack reports for sign-off analysis.


+---------------------------------------------------+
; Slow 1200mV 0C Model Setup Summary                ;
+--------------------------+--------+---------------+
; Clock                    ; Slack  ; End Point TNS ;
+--------------------------+--------+---------------+
; CLOCK_50                 ; -2.944 ; -89.343       ;
; LCD_Display:u1|CLK_400HZ ; -2.701 ; -46.457       ;
+--------------------------+--------+---------------+


+--------------------------------------------------+
; Slow 1200mV 0C Model Hold Summary                ;
+--------------------------+-------+---------------+
; Clock                    ; Slack ; End Point TNS ;
+--------------------------+-------+---------------+
; LCD_Display:u1|CLK_400HZ ; 0.200 ; 0.000         ;
; CLOCK_50                 ; 0.365 ; 0.000         ;
+--------------------------+-------+---------------+


+---------------------------------------------------+
; Slow 1200mV 0C Model Recovery Summary             ;
+--------------------------+--------+---------------+
; Clock                    ; Slack  ; End Point TNS ;
+--------------------------+--------+---------------+
; CLOCK_50                 ; -0.782 ; -14.217       ;
; LCD_Display:u1|CLK_400HZ ; 0.172  ; 0.000         ;
+--------------------------+--------+---------------+


+--------------------------------------------------+
; Slow 1200mV 0C Model Removal Summary             ;
+--------------------------+-------+---------------+
; Clock                    ; Slack ; End Point TNS ;
+--------------------------+-------+---------------+
; LCD_Display:u1|CLK_400HZ ; 0.221 ; 0.000         ;
; CLOCK_50                 ; 0.918 ; 0.000         ;
+--------------------------+-------+---------------+


+---------------------------------------------------+
; Slow 1200mV 0C Model Minimum Pulse Width Summary  ;
+--------------------------+--------+---------------+
; Clock                    ; Slack  ; End Point TNS ;
+--------------------------+--------+---------------+
; CLOCK_50                 ; -3.000 ; -56.970       ;
; LCD_Display:u1|CLK_400HZ ; -1.285 ; -48.830       ;
+--------------------------+--------+---------------+


+-------------------------------------------------------------------------------------------------------------------------------------------------------+
; Slow 1200mV 0C Model Setup: 'CLOCK_50'                                                                                                                ;
+--------+------------------------------------+-----------------------------------+--------------+-------------+--------------+------------+------------+
; Slack  ; From Node                          ; To Node                           ; Launch Clock ; Latch Clock ; Relationship ; Clock Skew ; Data Delay ;
+--------+------------------------------------+-----------------------------------+--------------+-------------+--------------+------------+------------+
; -2.944 ; LCD_Display:u1|CLK_COUNT_400HZ[3]  ; LCD_Display:u1|CLK_400HZ          ; CLOCK_50     ; CLOCK_50    ; 1.000        ; -0.068     ; 3.875      ;
; -2.924 ; LCD_Display:u1|CLK_COUNT_400HZ[9]  ; LCD_Display:u1|CLK_400HZ          ; CLOCK_50     ; CLOCK_50    ; 1.000        ; -0.068     ; 3.855      ;
; -2.916 ; LCD_Display:u1|CLK_COUNT_400HZ[6]  ; LCD_Display:u1|CLK_400HZ          ; CLOCK_50     ; CLOCK_50    ; 1.000        ; -0.068     ; 3.847      ;
; -2.802 ; LCD_Display:u1|CLK_COUNT_400HZ[2]  ; LCD_Display:u1|CLK_400HZ          ; CLOCK_50     ; CLOCK_50    ; 1.000        ; -0.068     ; 3.733      ;
; -2.764 ; LCD_Display:u1|CLK_COUNT_400HZ[7]  ; LCD_Display:u1|CLK_400HZ          ; CLOCK_50     ; CLOCK_50    ; 1.000        ; -0.068     ; 3.695      ;
; -2.740 ; LCD_Display:u1|CLK_COUNT_400HZ[11] ; LCD_Display:u1|CLK_400HZ          ; CLOCK_50     ; CLOCK_50    ; 1.000        ; -0.471     ; 3.268      ;
; -2.661 ; LCD_Display:u1|CLK_COUNT_400HZ[5]  ; LCD_Display:u1|CLK_400HZ          ; CLOCK_50     ; CLOCK_50    ; 1.000        ; -0.068     ; 3.592      ;
; -2.652 ; LCD_Display:u1|CLK_COUNT_400HZ[8]  ; LCD_Display:u1|CLK_400HZ          ; CLOCK_50     ; CLOCK_50    ; 1.000        ; -0.068     ; 3.583      ;
; -2.610 ; LCD_Display:u1|CLK_COUNT_400HZ[10] ; LCD_Display:u1|CLK_400HZ          ; CLOCK_50     ; CLOCK_50    ; 1.000        ; -0.072     ; 3.537      ;
; -2.608 ; LCD_Display:u1|CLK_COUNT_400HZ[13] ; LCD_Display:u1|CLK_400HZ          ; CLOCK_50     ; CLOCK_50    ; 1.000        ; -0.072     ; 3.535      ;
; -2.549 ; LCD_Display:u1|CLK_COUNT_400HZ[4]  ; LCD_Display:u1|CLK_400HZ          ; CLOCK_50     ; CLOCK_50    ; 1.000        ; -0.068     ; 3.480      ;
; -2.439 ; LCD_Display:u1|CLK_COUNT_400HZ[12] ; LCD_Display:u1|CLK_400HZ          ; CLOCK_50     ; CLOCK_50    ; 1.000        ; -0.072     ; 3.366      ;
; -2.410 ; LCD_Display:u1|CLK_COUNT_400HZ[3]  ; LCD_Display:u1|CLK_COUNT_400HZ[4] ; CLOCK_50     ; CLOCK_50    ; 1.000        ; -0.072     ; 3.337      ;
; -2.410 ; LCD_Display:u1|CLK_COUNT_400HZ[3]  ; LCD_Display:u1|CLK_COUNT_400HZ[0] ; CLOCK_50     ; CLOCK_50    ; 1.000        ; -0.072     ; 3.337      ;
; -2.410 ; LCD_Display:u1|CLK_COUNT_400HZ[3]  ; LCD_Display:u1|CLK_COUNT_400HZ[1] ; CLOCK_50     ; CLOCK_50    ; 1.000        ; -0.072     ; 3.337      ;
; -2.410 ; LCD_Display:u1|CLK_COUNT_400HZ[3]  ; LCD_Display:u1|CLK_COUNT_400HZ[2] ; CLOCK_50     ; CLOCK_50    ; 1.000        ; -0.072     ; 3.337      ;
; -2.410 ; LCD_Display:u1|CLK_COUNT_400HZ[3]  ; LCD_Display:u1|CLK_COUNT_400HZ[3] ; CLOCK_50     ; CLOCK_50    ; 1.000        ; -0.072     ; 3.337      ;
; -2.410 ; LCD_Display:u1|CLK_COUNT_400HZ[3]  ; LCD_Display:u1|CLK_COUNT_400HZ[5] ; CLOCK_50     ; CLOCK_50    ; 1.000        ; -0.072     ; 3.337      ;
; -2.410 ; LCD_Display:u1|CLK_COUNT_400HZ[3]  ; LCD_Display:u1|CLK_COUNT_400HZ[8] ; CLOCK_50     ; CLOCK_50    ; 1.000        ; -0.072     ; 3.337      ;
; -2.410 ; LCD_Display:u1|CLK_COUNT_400HZ[3]  ; LCD_Display:u1|CLK_COUNT_400HZ[6] ; CLOCK_50     ; CLOCK_50    ; 1.000        ; -0.072     ; 3.337      ;
; -2.410 ; LCD_Display:u1|CLK_COUNT_400HZ[3]  ; LCD_Display:u1|CLK_COUNT_400HZ[7] ; CLOCK_50     ; CLOCK_50    ; 1.000        ; -0.072     ; 3.337      ;
; -2.410 ; LCD_Display:u1|CLK_COUNT_400HZ[3]  ; LCD_Display:u1|CLK_COUNT_400HZ[9] ; CLOCK_50     ; CLOCK_50    ; 1.000        ; -0.072     ; 3.337      ;
; -2.390 ; LCD_Display:u1|CLK_COUNT_400HZ[9]  ; LCD_Display:u1|CLK_COUNT_400HZ[4] ; CLOCK_50     ; CLOCK_50    ; 1.000        ; -0.072     ; 3.317      ;
; -2.390 ; LCD_Display:u1|CLK_COUNT_400HZ[9]  ; LCD_Display:u1|CLK_COUNT_400HZ[0] ; CLOCK_50     ; CLOCK_50    ; 1.000        ; -0.072     ; 3.317      ;
; -2.390 ; LCD_Display:u1|CLK_COUNT_400HZ[9]  ; LCD_Display:u1|CLK_COUNT_400HZ[1] ; CLOCK_50     ; CLOCK_50    ; 1.000        ; -0.072     ; 3.317      ;
; -2.390 ; LCD_Display:u1|CLK_COUNT_400HZ[9]  ; LCD_Display:u1|CLK_COUNT_400HZ[2] ; CLOCK_50     ; CLOCK_50    ; 1.000        ; -0.072     ; 3.317      ;
; -2.390 ; LCD_Display:u1|CLK_COUNT_400HZ[9]  ; LCD_Display:u1|CLK_COUNT_400HZ[3] ; CLOCK_50     ; CLOCK_50    ; 1.000        ; -0.072     ; 3.317      ;
; -2.390 ; LCD_Display:u1|CLK_COUNT_400HZ[9]  ; LCD_Display:u1|CLK_COUNT_400HZ[5] ; CLOCK_50     ; CLOCK_50    ; 1.000        ; -0.072     ; 3.317      ;
; -2.390 ; LCD_Display:u1|CLK_COUNT_400HZ[9]  ; LCD_Display:u1|CLK_COUNT_400HZ[8] ; CLOCK_50     ; CLOCK_50    ; 1.000        ; -0.072     ; 3.317      ;
; -2.390 ; LCD_Display:u1|CLK_COUNT_400HZ[9]  ; LCD_Display:u1|CLK_COUNT_400HZ[6] ; CLOCK_50     ; CLOCK_50    ; 1.000        ; -0.072     ; 3.317      ;
; -2.390 ; LCD_Display:u1|CLK_COUNT_400HZ[9]  ; LCD_Display:u1|CLK_COUNT_400HZ[7] ; CLOCK_50     ; CLOCK_50    ; 1.000        ; -0.072     ; 3.317      ;
; -2.390 ; LCD_Display:u1|CLK_COUNT_400HZ[9]  ; LCD_Display:u1|CLK_COUNT_400HZ[9] ; CLOCK_50     ; CLOCK_50    ; 1.000        ; -0.072     ; 3.317      ;
; -2.385 ; Reset_Delay:r0|Cont[17]            ; Reset_Delay:r0|Cont[16]           ; CLOCK_50     ; CLOCK_50    ; 1.000        ; -0.498     ; 2.886      ;
; -2.385 ; Reset_Delay:r0|Cont[17]            ; Reset_Delay:r0|Cont[12]           ; CLOCK_50     ; CLOCK_50    ; 1.000        ; -0.498     ; 2.886      ;
; -2.385 ; Reset_Delay:r0|Cont[17]            ; Reset_Delay:r0|Cont[13]           ; CLOCK_50     ; CLOCK_50    ; 1.000        ; -0.498     ; 2.886      ;
; -2.385 ; Reset_Delay:r0|Cont[17]            ; Reset_Delay:r0|Cont[14]           ; CLOCK_50     ; CLOCK_50    ; 1.000        ; -0.498     ; 2.886      ;
; -2.385 ; Reset_Delay:r0|Cont[17]            ; Reset_Delay:r0|Cont[15]           ; CLOCK_50     ; CLOCK_50    ; 1.000        ; -0.498     ; 2.886      ;
; -2.385 ; Reset_Delay:r0|Cont[17]            ; Reset_Delay:r0|Cont[19]           ; CLOCK_50     ; CLOCK_50    ; 1.000        ; -0.498     ; 2.886      ;
; -2.382 ; LCD_Display:u1|CLK_COUNT_400HZ[6]  ; LCD_Display:u1|CLK_COUNT_400HZ[4] ; CLOCK_50     ; CLOCK_50    ; 1.000        ; -0.072     ; 3.309      ;
; -2.382 ; LCD_Display:u1|CLK_COUNT_400HZ[6]  ; LCD_Display:u1|CLK_COUNT_400HZ[0] ; CLOCK_50     ; CLOCK_50    ; 1.000        ; -0.072     ; 3.309      ;
; -2.382 ; LCD_Display:u1|CLK_COUNT_400HZ[6]  ; LCD_Display:u1|CLK_COUNT_400HZ[1] ; CLOCK_50     ; CLOCK_50    ; 1.000        ; -0.072     ; 3.309      ;
; -2.382 ; LCD_Display:u1|CLK_COUNT_400HZ[6]  ; LCD_Display:u1|CLK_COUNT_400HZ[2] ; CLOCK_50     ; CLOCK_50    ; 1.000        ; -0.072     ; 3.309      ;
; -2.382 ; LCD_Display:u1|CLK_COUNT_400HZ[6]  ; LCD_Display:u1|CLK_COUNT_400HZ[3] ; CLOCK_50     ; CLOCK_50    ; 1.000        ; -0.072     ; 3.309      ;
; -2.382 ; LCD_Display:u1|CLK_COUNT_400HZ[6]  ; LCD_Display:u1|CLK_COUNT_400HZ[5] ; CLOCK_50     ; CLOCK_50    ; 1.000        ; -0.072     ; 3.309      ;
; -2.382 ; LCD_Display:u1|CLK_COUNT_400HZ[6]  ; LCD_Display:u1|CLK_COUNT_400HZ[8] ; CLOCK_50     ; CLOCK_50    ; 1.000        ; -0.072     ; 3.309      ;
; -2.382 ; LCD_Display:u1|CLK_COUNT_400HZ[6]  ; LCD_Display:u1|CLK_COUNT_400HZ[6] ; CLOCK_50     ; CLOCK_50    ; 1.000        ; -0.072     ; 3.309      ;
; -2.382 ; LCD_Display:u1|CLK_COUNT_400HZ[6]  ; LCD_Display:u1|CLK_COUNT_400HZ[7] ; CLOCK_50     ; CLOCK_50    ; 1.000        ; -0.072     ; 3.309      ;
; -2.382 ; LCD_Display:u1|CLK_COUNT_400HZ[6]  ; LCD_Display:u1|CLK_COUNT_400HZ[9] ; CLOCK_50     ; CLOCK_50    ; 1.000        ; -0.072     ; 3.309      ;
; -2.355 ; LCD_Display:u1|CLK_COUNT_400HZ[17] ; LCD_Display:u1|CLK_400HZ          ; CLOCK_50     ; CLOCK_50    ; 1.000        ; -0.471     ; 2.883      ;
; -2.306 ; Reset_Delay:r0|Cont[5]             ; Reset_Delay:r0|Cont[16]           ; CLOCK_50     ; CLOCK_50    ; 1.000        ; -0.068     ; 3.237      ;
; -2.306 ; Reset_Delay:r0|Cont[5]             ; Reset_Delay:r0|Cont[12]           ; CLOCK_50     ; CLOCK_50    ; 1.000        ; -0.068     ; 3.237      ;
; -2.306 ; Reset_Delay:r0|Cont[5]             ; Reset_Delay:r0|Cont[13]           ; CLOCK_50     ; CLOCK_50    ; 1.000        ; -0.068     ; 3.237      ;
; -2.306 ; Reset_Delay:r0|Cont[5]             ; Reset_Delay:r0|Cont[14]           ; CLOCK_50     ; CLOCK_50    ; 1.000        ; -0.068     ; 3.237      ;
; -2.306 ; Reset_Delay:r0|Cont[5]             ; Reset_Delay:r0|Cont[15]           ; CLOCK_50     ; CLOCK_50    ; 1.000        ; -0.068     ; 3.237      ;
; -2.306 ; Reset_Delay:r0|Cont[5]             ; Reset_Delay:r0|Cont[19]           ; CLOCK_50     ; CLOCK_50    ; 1.000        ; -0.068     ; 3.237      ;
; -2.294 ; Reset_Delay:r0|Cont[4]             ; Reset_Delay:r0|Cont[16]           ; CLOCK_50     ; CLOCK_50    ; 1.000        ; -0.068     ; 3.225      ;
; -2.294 ; Reset_Delay:r0|Cont[4]             ; Reset_Delay:r0|Cont[12]           ; CLOCK_50     ; CLOCK_50    ; 1.000        ; -0.068     ; 3.225      ;
; -2.294 ; Reset_Delay:r0|Cont[4]             ; Reset_Delay:r0|Cont[13]           ; CLOCK_50     ; CLOCK_50    ; 1.000        ; -0.068     ; 3.225      ;
; -2.294 ; Reset_Delay:r0|Cont[4]             ; Reset_Delay:r0|Cont[14]           ; CLOCK_50     ; CLOCK_50    ; 1.000        ; -0.068     ; 3.225      ;
; -2.294 ; Reset_Delay:r0|Cont[4]             ; Reset_Delay:r0|Cont[15]           ; CLOCK_50     ; CLOCK_50    ; 1.000        ; -0.068     ; 3.225      ;
; -2.294 ; Reset_Delay:r0|Cont[4]             ; Reset_Delay:r0|Cont[19]           ; CLOCK_50     ; CLOCK_50    ; 1.000        ; -0.068     ; 3.225      ;
; -2.268 ; LCD_Display:u1|CLK_COUNT_400HZ[2]  ; LCD_Display:u1|CLK_COUNT_400HZ[4] ; CLOCK_50     ; CLOCK_50    ; 1.000        ; -0.072     ; 3.195      ;
; -2.268 ; LCD_Display:u1|CLK_COUNT_400HZ[2]  ; LCD_Display:u1|CLK_COUNT_400HZ[0] ; CLOCK_50     ; CLOCK_50    ; 1.000        ; -0.072     ; 3.195      ;
; -2.268 ; LCD_Display:u1|CLK_COUNT_400HZ[2]  ; LCD_Display:u1|CLK_COUNT_400HZ[1] ; CLOCK_50     ; CLOCK_50    ; 1.000        ; -0.072     ; 3.195      ;
; -2.268 ; LCD_Display:u1|CLK_COUNT_400HZ[2]  ; LCD_Display:u1|CLK_COUNT_400HZ[2] ; CLOCK_50     ; CLOCK_50    ; 1.000        ; -0.072     ; 3.195      ;
; -2.268 ; LCD_Display:u1|CLK_COUNT_400HZ[2]  ; LCD_Display:u1|CLK_COUNT_400HZ[3] ; CLOCK_50     ; CLOCK_50    ; 1.000        ; -0.072     ; 3.195      ;
; -2.268 ; LCD_Display:u1|CLK_COUNT_400HZ[2]  ; LCD_Display:u1|CLK_COUNT_400HZ[5] ; CLOCK_50     ; CLOCK_50    ; 1.000        ; -0.072     ; 3.195      ;
; -2.268 ; LCD_Display:u1|CLK_COUNT_400HZ[2]  ; LCD_Display:u1|CLK_COUNT_400HZ[8] ; CLOCK_50     ; CLOCK_50    ; 1.000        ; -0.072     ; 3.195      ;
; -2.268 ; LCD_Display:u1|CLK_COUNT_400HZ[2]  ; LCD_Display:u1|CLK_COUNT_400HZ[6] ; CLOCK_50     ; CLOCK_50    ; 1.000        ; -0.072     ; 3.195      ;
; -2.268 ; LCD_Display:u1|CLK_COUNT_400HZ[2]  ; LCD_Display:u1|CLK_COUNT_400HZ[7] ; CLOCK_50     ; CLOCK_50    ; 1.000        ; -0.072     ; 3.195      ;
; -2.268 ; LCD_Display:u1|CLK_COUNT_400HZ[2]  ; LCD_Display:u1|CLK_COUNT_400HZ[9] ; CLOCK_50     ; CLOCK_50    ; 1.000        ; -0.072     ; 3.195      ;
; -2.268 ; Reset_Delay:r0|Cont[18]            ; Reset_Delay:r0|Cont[16]           ; CLOCK_50     ; CLOCK_50    ; 1.000        ; -0.498     ; 2.769      ;
; -2.268 ; Reset_Delay:r0|Cont[18]            ; Reset_Delay:r0|Cont[12]           ; CLOCK_50     ; CLOCK_50    ; 1.000        ; -0.498     ; 2.769      ;
; -2.268 ; Reset_Delay:r0|Cont[18]            ; Reset_Delay:r0|Cont[13]           ; CLOCK_50     ; CLOCK_50    ; 1.000        ; -0.498     ; 2.769      ;
; -2.268 ; Reset_Delay:r0|Cont[18]            ; Reset_Delay:r0|Cont[14]           ; CLOCK_50     ; CLOCK_50    ; 1.000        ; -0.498     ; 2.769      ;
; -2.268 ; Reset_Delay:r0|Cont[18]            ; Reset_Delay:r0|Cont[15]           ; CLOCK_50     ; CLOCK_50    ; 1.000        ; -0.498     ; 2.769      ;
; -2.268 ; Reset_Delay:r0|Cont[18]            ; Reset_Delay:r0|Cont[19]           ; CLOCK_50     ; CLOCK_50    ; 1.000        ; -0.498     ; 2.769      ;
; -2.244 ; LCD_Display:u1|CLK_COUNT_400HZ[18] ; LCD_Display:u1|CLK_400HZ          ; CLOCK_50     ; CLOCK_50    ; 1.000        ; -0.471     ; 2.772      ;
; -2.234 ; LCD_Display:u1|CLK_COUNT_400HZ[11] ; LCD_Display:u1|CLK_COUNT_400HZ[4] ; CLOCK_50     ; CLOCK_50    ; 1.000        ; -0.475     ; 2.758      ;
; -2.234 ; LCD_Display:u1|CLK_COUNT_400HZ[11] ; LCD_Display:u1|CLK_COUNT_400HZ[0] ; CLOCK_50     ; CLOCK_50    ; 1.000        ; -0.475     ; 2.758      ;
; -2.234 ; LCD_Display:u1|CLK_COUNT_400HZ[11] ; LCD_Display:u1|CLK_COUNT_400HZ[1] ; CLOCK_50     ; CLOCK_50    ; 1.000        ; -0.475     ; 2.758      ;
; -2.234 ; LCD_Display:u1|CLK_COUNT_400HZ[11] ; LCD_Display:u1|CLK_COUNT_400HZ[2] ; CLOCK_50     ; CLOCK_50    ; 1.000        ; -0.475     ; 2.758      ;
; -2.234 ; LCD_Display:u1|CLK_COUNT_400HZ[11] ; LCD_Display:u1|CLK_COUNT_400HZ[3] ; CLOCK_50     ; CLOCK_50    ; 1.000        ; -0.475     ; 2.758      ;
; -2.234 ; LCD_Display:u1|CLK_COUNT_400HZ[11] ; LCD_Display:u1|CLK_COUNT_400HZ[5] ; CLOCK_50     ; CLOCK_50    ; 1.000        ; -0.475     ; 2.758      ;
; -2.234 ; LCD_Display:u1|CLK_COUNT_400HZ[11] ; LCD_Display:u1|CLK_COUNT_400HZ[8] ; CLOCK_50     ; CLOCK_50    ; 1.000        ; -0.475     ; 2.758      ;
; -2.234 ; LCD_Display:u1|CLK_COUNT_400HZ[11] ; LCD_Display:u1|CLK_COUNT_400HZ[6] ; CLOCK_50     ; CLOCK_50    ; 1.000        ; -0.475     ; 2.758      ;
; -2.234 ; LCD_Display:u1|CLK_COUNT_400HZ[11] ; LCD_Display:u1|CLK_COUNT_400HZ[7] ; CLOCK_50     ; CLOCK_50    ; 1.000        ; -0.475     ; 2.758      ;
; -2.234 ; LCD_Display:u1|CLK_COUNT_400HZ[11] ; LCD_Display:u1|CLK_COUNT_400HZ[9] ; CLOCK_50     ; CLOCK_50    ; 1.000        ; -0.475     ; 2.758      ;
; -2.230 ; LCD_Display:u1|CLK_COUNT_400HZ[7]  ; LCD_Display:u1|CLK_COUNT_400HZ[4] ; CLOCK_50     ; CLOCK_50    ; 1.000        ; -0.072     ; 3.157      ;
; -2.230 ; LCD_Display:u1|CLK_COUNT_400HZ[7]  ; LCD_Display:u1|CLK_COUNT_400HZ[0] ; CLOCK_50     ; CLOCK_50    ; 1.000        ; -0.072     ; 3.157      ;
; -2.230 ; LCD_Display:u1|CLK_COUNT_400HZ[7]  ; LCD_Display:u1|CLK_COUNT_400HZ[1] ; CLOCK_50     ; CLOCK_50    ; 1.000        ; -0.072     ; 3.157      ;
; -2.230 ; LCD_Display:u1|CLK_COUNT_400HZ[7]  ; LCD_Display:u1|CLK_COUNT_400HZ[2] ; CLOCK_50     ; CLOCK_50    ; 1.000        ; -0.072     ; 3.157      ;
; -2.230 ; LCD_Display:u1|CLK_COUNT_400HZ[7]  ; LCD_Display:u1|CLK_COUNT_400HZ[3] ; CLOCK_50     ; CLOCK_50    ; 1.000        ; -0.072     ; 3.157      ;
; -2.230 ; LCD_Display:u1|CLK_COUNT_400HZ[7]  ; LCD_Display:u1|CLK_COUNT_400HZ[5] ; CLOCK_50     ; CLOCK_50    ; 1.000        ; -0.072     ; 3.157      ;
; -2.230 ; LCD_Display:u1|CLK_COUNT_400HZ[7]  ; LCD_Display:u1|CLK_COUNT_400HZ[8] ; CLOCK_50     ; CLOCK_50    ; 1.000        ; -0.072     ; 3.157      ;
; -2.230 ; LCD_Display:u1|CLK_COUNT_400HZ[7]  ; LCD_Display:u1|CLK_COUNT_400HZ[6] ; CLOCK_50     ; CLOCK_50    ; 1.000        ; -0.072     ; 3.157      ;
; -2.230 ; LCD_Display:u1|CLK_COUNT_400HZ[7]  ; LCD_Display:u1|CLK_COUNT_400HZ[7] ; CLOCK_50     ; CLOCK_50    ; 1.000        ; -0.072     ; 3.157      ;
; -2.230 ; LCD_Display:u1|CLK_COUNT_400HZ[7]  ; LCD_Display:u1|CLK_COUNT_400HZ[9] ; CLOCK_50     ; CLOCK_50    ; 1.000        ; -0.072     ; 3.157      ;
; -2.208 ; Reset_Delay:r0|Cont[7]             ; Reset_Delay:r0|Cont[16]           ; CLOCK_50     ; CLOCK_50    ; 1.000        ; -0.068     ; 3.139      ;
; -2.208 ; Reset_Delay:r0|Cont[7]             ; Reset_Delay:r0|Cont[12]           ; CLOCK_50     ; CLOCK_50    ; 1.000        ; -0.068     ; 3.139      ;
+--------+------------------------------------+-----------------------------------+--------------+-------------+--------------+------------+------------+


+-----------------------------------------------------------------------------------------------------------------------------------------------------------------------------------------+
; Slow 1200mV 0C Model Setup: 'LCD_Display:u1|CLK_400HZ'                                                                                                                                  ;
+--------+--------------------------------------+------------------------------------------+--------------------------+--------------------------+--------------+------------+------------+
; Slack  ; From Node                            ; To Node                                  ; Launch Clock             ; Latch Clock              ; Relationship ; Clock Skew ; Data Delay ;
+--------+--------------------------------------+------------------------------------------+--------------------------+--------------------------+--------------+------------+------------+
; -2.701 ; LCD_Display:u1|CHAR_COUNT[4]         ; LCD_Display:u1|DATA_BUS_VALUE[1]         ; LCD_Display:u1|CLK_400HZ ; LCD_Display:u1|CLK_400HZ ; 1.000        ; -0.073     ; 3.627      ;
; -2.700 ; LCD_Display:u1|CHAR_COUNT[1]         ; LCD_Display:u1|DATA_BUS_VALUE[1]         ; LCD_Display:u1|CLK_400HZ ; LCD_Display:u1|CLK_400HZ ; 1.000        ; -0.073     ; 3.626      ;
; -2.680 ; LCD_Display:u1|CHAR_COUNT[0]         ; LCD_Display:u1|DATA_BUS_VALUE[1]         ; LCD_Display:u1|CLK_400HZ ; LCD_Display:u1|CLK_400HZ ; 1.000        ; -0.073     ; 3.606      ;
; -2.668 ; LCD_Display:u1|CHAR_COUNT[3]         ; LCD_Display:u1|DATA_BUS_VALUE[1]         ; LCD_Display:u1|CLK_400HZ ; LCD_Display:u1|CLK_400HZ ; 1.000        ; -0.073     ; 3.594      ;
; -2.614 ; LCD_Display:u1|CHAR_COUNT[2]         ; LCD_Display:u1|DATA_BUS_VALUE[1]         ; LCD_Display:u1|CLK_400HZ ; LCD_Display:u1|CLK_400HZ ; 1.000        ; -0.073     ; 3.540      ;
; -2.506 ; LCD_Display:u1|CHAR_COUNT[4]         ; LCD_Display:u1|DATA_BUS_VALUE[2]         ; LCD_Display:u1|CLK_400HZ ; LCD_Display:u1|CLK_400HZ ; 1.000        ; -0.074     ; 3.431      ;
; -2.473 ; LCD_Display:u1|CHAR_COUNT[3]         ; LCD_Display:u1|DATA_BUS_VALUE[2]         ; LCD_Display:u1|CLK_400HZ ; LCD_Display:u1|CLK_400HZ ; 1.000        ; -0.074     ; 3.398      ;
; -2.405 ; LCD_Display:u1|CHAR_COUNT[1]         ; LCD_Display:u1|DATA_BUS_VALUE[2]         ; LCD_Display:u1|CLK_400HZ ; LCD_Display:u1|CLK_400HZ ; 1.000        ; -0.074     ; 3.330      ;
; -2.404 ; LCD_Display:u1|CHAR_COUNT[1]         ; LCD_Display:u1|DATA_BUS_VALUE[6]         ; LCD_Display:u1|CLK_400HZ ; LCD_Display:u1|CLK_400HZ ; 1.000        ; -0.074     ; 3.329      ;
; -2.403 ; LCD_Display:u1|CHAR_COUNT[1]         ; LCD_Display:u1|DATA_BUS_VALUE[3]         ; LCD_Display:u1|CLK_400HZ ; LCD_Display:u1|CLK_400HZ ; 1.000        ; -0.074     ; 3.328      ;
; -2.386 ; LCD_Display:u1|CHAR_COUNT[4]         ; LCD_Display:u1|DATA_BUS_VALUE[6]         ; LCD_Display:u1|CLK_400HZ ; LCD_Display:u1|CLK_400HZ ; 1.000        ; -0.074     ; 3.311      ;
; -2.383 ; LCD_Display:u1|CHAR_COUNT[4]         ; LCD_Display:u1|DATA_BUS_VALUE[5]         ; LCD_Display:u1|CLK_400HZ ; LCD_Display:u1|CLK_400HZ ; 1.000        ; -0.074     ; 3.308      ;
; -2.382 ; LCD_Display:u1|CHAR_COUNT[0]         ; LCD_Display:u1|DATA_BUS_VALUE[2]         ; LCD_Display:u1|CLK_400HZ ; LCD_Display:u1|CLK_400HZ ; 1.000        ; -0.074     ; 3.307      ;
; -2.382 ; LCD_Display:u1|CHAR_COUNT[4]         ; LCD_Display:u1|DATA_BUS_VALUE[3]         ; LCD_Display:u1|CLK_400HZ ; LCD_Display:u1|CLK_400HZ ; 1.000        ; -0.074     ; 3.307      ;
; -2.381 ; LCD_Display:u1|CHAR_COUNT[4]         ; LCD_Display:u1|DATA_BUS_VALUE[4]         ; LCD_Display:u1|CLK_400HZ ; LCD_Display:u1|CLK_400HZ ; 1.000        ; -0.074     ; 3.306      ;
; -2.381 ; LCD_Display:u1|CHAR_COUNT[0]         ; LCD_Display:u1|DATA_BUS_VALUE[6]         ; LCD_Display:u1|CLK_400HZ ; LCD_Display:u1|CLK_400HZ ; 1.000        ; -0.074     ; 3.306      ;
; -2.380 ; LCD_Display:u1|CHAR_COUNT[0]         ; LCD_Display:u1|DATA_BUS_VALUE[3]         ; LCD_Display:u1|CLK_400HZ ; LCD_Display:u1|CLK_400HZ ; 1.000        ; -0.074     ; 3.305      ;
; -2.353 ; LCD_Display:u1|CHAR_COUNT[3]         ; LCD_Display:u1|DATA_BUS_VALUE[6]         ; LCD_Display:u1|CLK_400HZ ; LCD_Display:u1|CLK_400HZ ; 1.000        ; -0.074     ; 3.278      ;
; -2.350 ; LCD_Display:u1|CHAR_COUNT[3]         ; LCD_Display:u1|DATA_BUS_VALUE[5]         ; LCD_Display:u1|CLK_400HZ ; LCD_Display:u1|CLK_400HZ ; 1.000        ; -0.074     ; 3.275      ;
; -2.349 ; LCD_Display:u1|CHAR_COUNT[3]         ; LCD_Display:u1|DATA_BUS_VALUE[3]         ; LCD_Display:u1|CLK_400HZ ; LCD_Display:u1|CLK_400HZ ; 1.000        ; -0.074     ; 3.274      ;
; -2.348 ; LCD_Display:u1|CHAR_COUNT[3]         ; LCD_Display:u1|DATA_BUS_VALUE[4]         ; LCD_Display:u1|CLK_400HZ ; LCD_Display:u1|CLK_400HZ ; 1.000        ; -0.074     ; 3.273      ;
; -2.348 ; LCD_Display:u1|CHAR_COUNT[2]         ; LCD_Display:u1|DATA_BUS_VALUE[2]         ; LCD_Display:u1|CLK_400HZ ; LCD_Display:u1|CLK_400HZ ; 1.000        ; -0.074     ; 3.273      ;
; -2.299 ; LCD_Display:u1|CHAR_COUNT[2]         ; LCD_Display:u1|DATA_BUS_VALUE[6]         ; LCD_Display:u1|CLK_400HZ ; LCD_Display:u1|CLK_400HZ ; 1.000        ; -0.074     ; 3.224      ;
; -2.293 ; LCD_Display:u1|CHAR_COUNT[2]         ; LCD_Display:u1|DATA_BUS_VALUE[3]         ; LCD_Display:u1|CLK_400HZ ; LCD_Display:u1|CLK_400HZ ; 1.000        ; -0.074     ; 3.218      ;
; -2.265 ; LCD_Display:u1|CHAR_COUNT[1]         ; LCD_Display:u1|DATA_BUS_VALUE[0]         ; LCD_Display:u1|CLK_400HZ ; LCD_Display:u1|CLK_400HZ ; 1.000        ; -0.073     ; 3.191      ;
; -2.247 ; LCD_Display:u1|CHAR_COUNT[0]         ; LCD_Display:u1|DATA_BUS_VALUE[0]         ; LCD_Display:u1|CLK_400HZ ; LCD_Display:u1|CLK_400HZ ; 1.000        ; -0.073     ; 3.173      ;
; -2.240 ; LCD_Display:u1|state.DROP_LCD_E      ; LCD_Display:u1|DATA_BUS_VALUE[2]         ; LCD_Display:u1|CLK_400HZ ; LCD_Display:u1|CLK_400HZ ; 1.000        ; -0.070     ; 3.169      ;
; -2.228 ; LCD_Display:u1|CHAR_COUNT[2]         ; LCD_Display:u1|DATA_BUS_VALUE[5]         ; LCD_Display:u1|CLK_400HZ ; LCD_Display:u1|CLK_400HZ ; 1.000        ; -0.074     ; 3.153      ;
; -2.225 ; LCD_Display:u1|CHAR_COUNT[2]         ; LCD_Display:u1|DATA_BUS_VALUE[4]         ; LCD_Display:u1|CLK_400HZ ; LCD_Display:u1|CLK_400HZ ; 1.000        ; -0.074     ; 3.150      ;
; -2.195 ; LCD_Display:u1|CHAR_COUNT[4]         ; LCD_Display:u1|DATA_BUS_VALUE[0]         ; LCD_Display:u1|CLK_400HZ ; LCD_Display:u1|CLK_400HZ ; 1.000        ; -0.073     ; 3.121      ;
; -2.175 ; LCD_Display:u1|CHAR_COUNT[2]         ; LCD_Display:u1|DATA_BUS_VALUE[0]         ; LCD_Display:u1|CLK_400HZ ; LCD_Display:u1|CLK_400HZ ; 1.000        ; -0.073     ; 3.101      ;
; -2.162 ; LCD_Display:u1|CHAR_COUNT[3]         ; LCD_Display:u1|DATA_BUS_VALUE[0]         ; LCD_Display:u1|CLK_400HZ ; LCD_Display:u1|CLK_400HZ ; 1.000        ; -0.073     ; 3.088      ;
; -2.122 ; LCD_Display:u1|CHAR_COUNT[1]         ; LCD_Display:u1|DATA_BUS_VALUE[5]         ; LCD_Display:u1|CLK_400HZ ; LCD_Display:u1|CLK_400HZ ; 1.000        ; -0.074     ; 3.047      ;
; -2.120 ; LCD_Display:u1|CHAR_COUNT[1]         ; LCD_Display:u1|DATA_BUS_VALUE[4]         ; LCD_Display:u1|CLK_400HZ ; LCD_Display:u1|CLK_400HZ ; 1.000        ; -0.074     ; 3.045      ;
; -2.085 ; LCD_Display:u1|CHAR_COUNT[0]         ; LCD_Display:u1|DATA_BUS_VALUE[5]         ; LCD_Display:u1|CLK_400HZ ; LCD_Display:u1|CLK_400HZ ; 1.000        ; -0.074     ; 3.010      ;
; -2.082 ; LCD_Display:u1|CHAR_COUNT[0]         ; LCD_Display:u1|DATA_BUS_VALUE[4]         ; LCD_Display:u1|CLK_400HZ ; LCD_Display:u1|CLK_400HZ ; 1.000        ; -0.074     ; 3.007      ;
; -2.054 ; LCD_Display:u1|state.DISPLAY_OFF     ; LCD_Display:u1|DATA_BUS_VALUE[5]         ; LCD_Display:u1|CLK_400HZ ; LCD_Display:u1|CLK_400HZ ; 1.000        ; -0.070     ; 2.983      ;
; -2.051 ; LCD_Display:u1|state.DISPLAY_OFF     ; LCD_Display:u1|DATA_BUS_VALUE[4]         ; LCD_Display:u1|CLK_400HZ ; LCD_Display:u1|CLK_400HZ ; 1.000        ; -0.070     ; 2.980      ;
; -1.970 ; LCD_Display:u1|state.MODE_SET        ; LCD_Display:u1|DATA_BUS_VALUE[5]         ; LCD_Display:u1|CLK_400HZ ; LCD_Display:u1|CLK_400HZ ; 1.000        ; -0.070     ; 2.899      ;
; -1.967 ; LCD_Display:u1|state.MODE_SET        ; LCD_Display:u1|DATA_BUS_VALUE[4]         ; LCD_Display:u1|CLK_400HZ ; LCD_Display:u1|CLK_400HZ ; 1.000        ; -0.070     ; 2.896      ;
; -1.966 ; LCD_Display:u1|CHAR_COUNT[3]         ; LCD_Display:u1|next_command.Print_String ; LCD_Display:u1|CLK_400HZ ; LCD_Display:u1|CLK_400HZ ; 1.000        ; -0.078     ; 2.887      ;
; -1.965 ; LCD_Display:u1|state.RETURN_HOME     ; LCD_Display:u1|DATA_BUS_VALUE[5]         ; LCD_Display:u1|CLK_400HZ ; LCD_Display:u1|CLK_400HZ ; 1.000        ; -0.070     ; 2.894      ;
; -1.963 ; LCD_Display:u1|state.HOLD            ; LCD_Display:u1|DATA_BUS_VALUE[2]         ; LCD_Display:u1|CLK_400HZ ; LCD_Display:u1|CLK_400HZ ; 1.000        ; -0.070     ; 2.892      ;
; -1.962 ; LCD_Display:u1|state.RETURN_HOME     ; LCD_Display:u1|DATA_BUS_VALUE[4]         ; LCD_Display:u1|CLK_400HZ ; LCD_Display:u1|CLK_400HZ ; 1.000        ; -0.070     ; 2.891      ;
; -1.906 ; LCD_Display:u1|state.DISPLAY_OFF     ; LCD_Display:u1|DATA_BUS_VALUE[3]         ; LCD_Display:u1|CLK_400HZ ; LCD_Display:u1|CLK_400HZ ; 1.000        ; -0.070     ; 2.835      ;
; -1.873 ; LCD_Display:u1|CHAR_COUNT[4]         ; LCD_Display:u1|CHAR_COUNT[4]             ; LCD_Display:u1|CLK_400HZ ; LCD_Display:u1|CLK_400HZ ; 1.000        ; -0.072     ; 2.800      ;
; -1.863 ; LCD_Display:u1|CHAR_COUNT[3]         ; LCD_Display:u1|CHAR_COUNT[3]             ; LCD_Display:u1|CLK_400HZ ; LCD_Display:u1|CLK_400HZ ; 1.000        ; -0.072     ; 2.790      ;
; -1.856 ; LCD_Display:u1|state.DROP_LCD_E      ; LCD_Display:u1|DATA_BUS_VALUE[3]         ; LCD_Display:u1|CLK_400HZ ; LCD_Display:u1|CLK_400HZ ; 1.000        ; -0.070     ; 2.785      ;
; -1.852 ; LCD_Display:u1|CHAR_COUNT[0]         ; LCD_Display:u1|next_command.Print_String ; LCD_Display:u1|CLK_400HZ ; LCD_Display:u1|CLK_400HZ ; 1.000        ; -0.078     ; 2.773      ;
; -1.757 ; LCD_Display:u1|state.DISPLAY_ON      ; LCD_Display:u1|DATA_BUS_VALUE[5]         ; LCD_Display:u1|CLK_400HZ ; LCD_Display:u1|CLK_400HZ ; 1.000        ; -0.070     ; 2.686      ;
; -1.755 ; LCD_Display:u1|CHAR_COUNT[2]         ; LCD_Display:u1|next_command.Print_String ; LCD_Display:u1|CLK_400HZ ; LCD_Display:u1|CLK_400HZ ; 1.000        ; -0.078     ; 2.676      ;
; -1.754 ; LCD_Display:u1|state.DISPLAY_ON      ; LCD_Display:u1|DATA_BUS_VALUE[4]         ; LCD_Display:u1|CLK_400HZ ; LCD_Display:u1|CLK_400HZ ; 1.000        ; -0.070     ; 2.683      ;
; -1.703 ; LCD_Display:u1|state.LINE2           ; LCD_Display:u1|DATA_BUS_VALUE[5]         ; LCD_Display:u1|CLK_400HZ ; LCD_Display:u1|CLK_400HZ ; 1.000        ; -0.070     ; 2.632      ;
; -1.700 ; LCD_Display:u1|state.LINE2           ; LCD_Display:u1|DATA_BUS_VALUE[4]         ; LCD_Display:u1|CLK_400HZ ; LCD_Display:u1|CLK_400HZ ; 1.000        ; -0.070     ; 2.629      ;
; -1.653 ; LCD_Display:u1|state.DROP_LCD_E      ; LCD_Display:u1|DATA_BUS_VALUE[7]         ; LCD_Display:u1|CLK_400HZ ; LCD_Display:u1|CLK_400HZ ; 1.000        ; -0.070     ; 2.582      ;
; -1.600 ; LCD_Display:u1|state.DISPLAY_ON      ; LCD_Display:u1|DATA_BUS_VALUE[3]         ; LCD_Display:u1|CLK_400HZ ; LCD_Display:u1|CLK_400HZ ; 1.000        ; -0.070     ; 2.529      ;
; -1.599 ; LCD_Display:u1|CHAR_COUNT[2]         ; LCD_Display:u1|CHAR_COUNT[2]             ; LCD_Display:u1|CLK_400HZ ; LCD_Display:u1|CLK_400HZ ; 1.000        ; -0.072     ; 2.526      ;
; -1.599 ; LCD_Display:u1|state.MODE_SET        ; LCD_Display:u1|DATA_BUS_VALUE[1]         ; LCD_Display:u1|CLK_400HZ ; LCD_Display:u1|CLK_400HZ ; 1.000        ; -0.069     ; 2.529      ;
; -1.584 ; LCD_Display:u1|CHAR_COUNT[0]         ; LCD_Display:u1|CHAR_COUNT[0]             ; LCD_Display:u1|CLK_400HZ ; LCD_Display:u1|CLK_400HZ ; 1.000        ; -0.072     ; 2.511      ;
; -1.582 ; LCD_Display:u1|state.DISPLAY_CLEAR   ; LCD_Display:u1|DATA_BUS_VALUE[5]         ; LCD_Display:u1|CLK_400HZ ; LCD_Display:u1|CLK_400HZ ; 1.000        ; -0.070     ; 2.511      ;
; -1.579 ; LCD_Display:u1|state.DISPLAY_CLEAR   ; LCD_Display:u1|DATA_BUS_VALUE[4]         ; LCD_Display:u1|CLK_400HZ ; LCD_Display:u1|CLK_400HZ ; 1.000        ; -0.070     ; 2.508      ;
; -1.579 ; LCD_Display:u1|state.HOLD            ; LCD_Display:u1|DATA_BUS_VALUE[3]         ; LCD_Display:u1|CLK_400HZ ; LCD_Display:u1|CLK_400HZ ; 1.000        ; -0.070     ; 2.508      ;
; -1.574 ; LCD_Display:u1|CHAR_COUNT[3]         ; LCD_Display:u1|next_command.RETURN_HOME  ; LCD_Display:u1|CLK_400HZ ; LCD_Display:u1|CLK_400HZ ; 1.000        ; -0.077     ; 2.496      ;
; -1.573 ; LCD_Display:u1|state.RESET1          ; LCD_Display:u1|CHAR_COUNT[4]             ; LCD_Display:u1|CLK_400HZ ; LCD_Display:u1|CLK_400HZ ; 1.000        ; -0.068     ; 2.504      ;
; -1.570 ; LCD_Display:u1|CHAR_COUNT[3]         ; LCD_Display:u1|next_command.LINE2        ; LCD_Display:u1|CLK_400HZ ; LCD_Display:u1|CLK_400HZ ; 1.000        ; -0.077     ; 2.492      ;
; -1.567 ; LCD_Display:u1|DATA_BUS_VALUE[3]     ; LCD_Display:u1|DATA_BUS_VALUE[3]         ; LCD_Display:u1|CLK_400HZ ; LCD_Display:u1|CLK_400HZ ; 1.000        ; -0.072     ; 2.494      ;
; -1.563 ; LCD_Display:u1|CHAR_COUNT[1]         ; LCD_Display:u1|CHAR_COUNT[1]             ; LCD_Display:u1|CLK_400HZ ; LCD_Display:u1|CLK_400HZ ; 1.000        ; -0.072     ; 2.490      ;
; -1.518 ; LCD_Display:u1|CHAR_COUNT[1]         ; LCD_Display:u1|next_command.Print_String ; LCD_Display:u1|CLK_400HZ ; LCD_Display:u1|CLK_400HZ ; 1.000        ; -0.078     ; 2.439      ;
; -1.485 ; LCD_Display:u1|state.Print_String    ; LCD_Display:u1|CHAR_COUNT[1]             ; LCD_Display:u1|CLK_400HZ ; LCD_Display:u1|CLK_400HZ ; 1.000        ; -0.068     ; 2.416      ;
; -1.485 ; LCD_Display:u1|state.Print_String    ; LCD_Display:u1|CHAR_COUNT[3]             ; LCD_Display:u1|CLK_400HZ ; LCD_Display:u1|CLK_400HZ ; 1.000        ; -0.068     ; 2.416      ;
; -1.485 ; LCD_Display:u1|state.Print_String    ; LCD_Display:u1|CHAR_COUNT[4]             ; LCD_Display:u1|CLK_400HZ ; LCD_Display:u1|CLK_400HZ ; 1.000        ; -0.068     ; 2.416      ;
; -1.485 ; LCD_Display:u1|state.Print_String    ; LCD_Display:u1|CHAR_COUNT[2]             ; LCD_Display:u1|CLK_400HZ ; LCD_Display:u1|CLK_400HZ ; 1.000        ; -0.068     ; 2.416      ;
; -1.485 ; LCD_Display:u1|state.Print_String    ; LCD_Display:u1|CHAR_COUNT[0]             ; LCD_Display:u1|CLK_400HZ ; LCD_Display:u1|CLK_400HZ ; 1.000        ; -0.068     ; 2.416      ;
; -1.483 ; LCD_Display:u1|state.HOLD            ; LCD_Display:u1|state.Print_String        ; LCD_Display:u1|CLK_400HZ ; LCD_Display:u1|CLK_400HZ ; 1.000        ; -0.072     ; 2.410      ;
; -1.479 ; LCD_Display:u1|state.RESET2          ; LCD_Display:u1|DATA_BUS_VALUE[3]         ; LCD_Display:u1|CLK_400HZ ; LCD_Display:u1|CLK_400HZ ; 1.000        ; -0.070     ; 2.408      ;
; -1.479 ; LCD_Display:u1|state.FUNC_SET        ; LCD_Display:u1|DATA_BUS_VALUE[3]         ; LCD_Display:u1|CLK_400HZ ; LCD_Display:u1|CLK_400HZ ; 1.000        ; -0.070     ; 2.408      ;
; -1.460 ; LCD_Display:u1|CHAR_COUNT[0]         ; LCD_Display:u1|next_command.RETURN_HOME  ; LCD_Display:u1|CLK_400HZ ; LCD_Display:u1|CLK_400HZ ; 1.000        ; -0.077     ; 2.382      ;
; -1.456 ; LCD_Display:u1|CHAR_COUNT[0]         ; LCD_Display:u1|next_command.LINE2        ; LCD_Display:u1|CLK_400HZ ; LCD_Display:u1|CLK_400HZ ; 1.000        ; -0.077     ; 2.378      ;
; -1.432 ; LCD_Display:u1|state.RESET1          ; LCD_Display:u1|DATA_BUS_VALUE[3]         ; LCD_Display:u1|CLK_400HZ ; LCD_Display:u1|CLK_400HZ ; 1.000        ; -0.070     ; 2.361      ;
; -1.423 ; LCD_Display:u1|state.DROP_LCD_E      ; LCD_Display:u1|next_command.Print_String ; LCD_Display:u1|CLK_400HZ ; LCD_Display:u1|CLK_400HZ ; 1.000        ; -0.074     ; 2.348      ;
; -1.410 ; LCD_Display:u1|state.DROP_LCD_E      ; LCD_Display:u1|DATA_BUS_VALUE[1]         ; LCD_Display:u1|CLK_400HZ ; LCD_Display:u1|CLK_400HZ ; 1.000        ; -0.069     ; 2.340      ;
; -1.376 ; LCD_Display:u1|state.HOLD            ; LCD_Display:u1|DATA_BUS_VALUE[7]         ; LCD_Display:u1|CLK_400HZ ; LCD_Display:u1|CLK_400HZ ; 1.000        ; -0.070     ; 2.305      ;
; -1.363 ; LCD_Display:u1|CHAR_COUNT[2]         ; LCD_Display:u1|next_command.RETURN_HOME  ; LCD_Display:u1|CLK_400HZ ; LCD_Display:u1|CLK_400HZ ; 1.000        ; -0.077     ; 2.285      ;
; -1.359 ; LCD_Display:u1|CHAR_COUNT[2]         ; LCD_Display:u1|next_command.LINE2        ; LCD_Display:u1|CLK_400HZ ; LCD_Display:u1|CLK_400HZ ; 1.000        ; -0.077     ; 2.281      ;
; -1.355 ; LCD_Display:u1|state.HOLD            ; LCD_Display:u1|DATA_BUS_VALUE[0]         ; LCD_Display:u1|CLK_400HZ ; LCD_Display:u1|CLK_400HZ ; 1.000        ; -0.069     ; 2.285      ;
; -1.351 ; LCD_Display:u1|state.RESET1          ; LCD_Display:u1|CHAR_COUNT[2]             ; LCD_Display:u1|CLK_400HZ ; LCD_Display:u1|CLK_400HZ ; 1.000        ; -0.068     ; 2.282      ;
; -1.350 ; LCD_Display:u1|state.RESET1          ; LCD_Display:u1|CHAR_COUNT[3]             ; LCD_Display:u1|CLK_400HZ ; LCD_Display:u1|CLK_400HZ ; 1.000        ; -0.068     ; 2.281      ;
; -1.337 ; LCD_Display:u1|next_command.FUNC_SET ; LCD_Display:u1|state.FUNC_SET            ; LCD_Display:u1|CLK_400HZ ; LCD_Display:u1|CLK_400HZ ; 1.000        ; -0.071     ; 2.265      ;
; -1.302 ; LCD_Display:u1|state.HOLD            ; LCD_Display:u1|state.FUNC_SET            ; LCD_Display:u1|CLK_400HZ ; LCD_Display:u1|CLK_400HZ ; 1.000        ; -0.072     ; 2.229      ;
; -1.292 ; LCD_Display:u1|state.RESET1          ; LCD_Display:u1|CHAR_COUNT[0]             ; LCD_Display:u1|CLK_400HZ ; LCD_Display:u1|CLK_400HZ ; 1.000        ; -0.068     ; 2.223      ;
; -1.270 ; LCD_Display:u1|state.RESET1          ; LCD_Display:u1|CHAR_COUNT[1]             ; LCD_Display:u1|CLK_400HZ ; LCD_Display:u1|CLK_400HZ ; 1.000        ; -0.068     ; 2.201      ;
; -1.232 ; LCD_Display:u1|state.RESET3          ; LCD_Display:u1|DATA_BUS_VALUE[3]         ; LCD_Display:u1|CLK_400HZ ; LCD_Display:u1|CLK_400HZ ; 1.000        ; -0.070     ; 2.161      ;
; -1.213 ; LCD_Display:u1|state.LINE2           ; LCD_Display:u1|DATA_BUS_VALUE[6]         ; LCD_Display:u1|CLK_400HZ ; LCD_Display:u1|CLK_400HZ ; 1.000        ; -0.070     ; 2.142      ;
; -1.210 ; LCD_Display:u1|state.DROP_LCD_E      ; LCD_Display:u1|DATA_BUS_VALUE[4]         ; LCD_Display:u1|CLK_400HZ ; LCD_Display:u1|CLK_400HZ ; 1.000        ; -0.070     ; 2.139      ;
; -1.210 ; LCD_Display:u1|state.DROP_LCD_E      ; LCD_Display:u1|DATA_BUS_VALUE[5]         ; LCD_Display:u1|CLK_400HZ ; LCD_Display:u1|CLK_400HZ ; 1.000        ; -0.070     ; 2.139      ;
; -1.205 ; LCD_Display:u1|state.Print_String    ; LCD_Display:u1|DATA_BUS_VALUE[2]         ; LCD_Display:u1|CLK_400HZ ; LCD_Display:u1|CLK_400HZ ; 1.000        ; -0.070     ; 2.134      ;
; -1.178 ; LCD_Display:u1|state.HOLD            ; LCD_Display:u1|state.MODE_SET            ; LCD_Display:u1|CLK_400HZ ; LCD_Display:u1|CLK_400HZ ; 1.000        ; -0.072     ; 2.105      ;
; -1.147 ; LCD_Display:u1|state.Print_String    ; LCD_Display:u1|next_command.Print_String ; LCD_Display:u1|CLK_400HZ ; LCD_Display:u1|CLK_400HZ ; 1.000        ; -0.074     ; 2.072      ;
; -1.146 ; LCD_Display:u1|state.HOLD            ; LCD_Display:u1|next_command.Print_String ; LCD_Display:u1|CLK_400HZ ; LCD_Display:u1|CLK_400HZ ; 1.000        ; -0.074     ; 2.071      ;
; -1.129 ; LCD_Display:u1|state.HOLD            ; LCD_Display:u1|state.LINE2               ; LCD_Display:u1|CLK_400HZ ; LCD_Display:u1|CLK_400HZ ; 1.000        ; -0.072     ; 2.056      ;
+--------+--------------------------------------+------------------------------------------+--------------------------+--------------------------+--------------+------------+------------+


+----------------------------------------------------------------------------------------------------------------------------------------------------------------------------------------------+
; Slow 1200mV 0C Model Hold: 'LCD_Display:u1|CLK_400HZ'                                                                                                                                        ;
+-------+-------------------------------------------+-------------------------------------------+--------------------------+--------------------------+--------------+------------+------------+
; Slack ; From Node                                 ; To Node                                   ; Launch Clock             ; Latch Clock              ; Relationship ; Clock Skew ; Data Delay ;
+-------+-------------------------------------------+-------------------------------------------+--------------------------+--------------------------+--------------+------------+------------+
; 0.200 ; Reset_Delay:r0|oRESET                     ; LCD_Display:u1|LCD_E                      ; CLOCK_50                 ; LCD_Display:u1|CLK_400HZ ; 0.000        ; 1.159      ; 1.560      ;
; 0.223 ; Reset_Delay:r0|oRESET                     ; LCD_Display:u1|DATA_BUS_VALUE[7]          ; CLOCK_50                 ; LCD_Display:u1|CLK_400HZ ; 0.000        ; 1.156      ; 1.580      ;
; 0.223 ; Reset_Delay:r0|oRESET                     ; LCD_Display:u1|DATA_BUS_VALUE[6]          ; CLOCK_50                 ; LCD_Display:u1|CLK_400HZ ; 0.000        ; 1.156      ; 1.580      ;
; 0.223 ; Reset_Delay:r0|oRESET                     ; LCD_Display:u1|DATA_BUS_VALUE[3]          ; CLOCK_50                 ; LCD_Display:u1|CLK_400HZ ; 0.000        ; 1.156      ; 1.580      ;
; 0.223 ; Reset_Delay:r0|oRESET                     ; LCD_Display:u1|DATA_BUS_VALUE[2]          ; CLOCK_50                 ; LCD_Display:u1|CLK_400HZ ; 0.000        ; 1.156      ; 1.580      ;
; 0.224 ; Reset_Delay:r0|oRESET                     ; LCD_Display:u1|next_command.Print_String  ; CLOCK_50                 ; LCD_Display:u1|CLK_400HZ ; 0.000        ; 1.152      ; 1.577      ;
; 0.229 ; Reset_Delay:r0|oRESET                     ; LCD_Display:u1|DATA_BUS_VALUE[1]          ; CLOCK_50                 ; LCD_Display:u1|CLK_400HZ ; 0.000        ; 1.157      ; 1.587      ;
; 0.229 ; Reset_Delay:r0|oRESET                     ; LCD_Display:u1|DATA_BUS_VALUE[0]          ; CLOCK_50                 ; LCD_Display:u1|CLK_400HZ ; 0.000        ; 1.157      ; 1.587      ;
; 0.259 ; Reset_Delay:r0|oRESET                     ; LCD_Display:u1|next_command.RESET2        ; CLOCK_50                 ; LCD_Display:u1|CLK_400HZ ; 0.000        ; 1.154      ; 1.614      ;
; 0.259 ; Reset_Delay:r0|oRESET                     ; LCD_Display:u1|next_command.DISPLAY_ON    ; CLOCK_50                 ; LCD_Display:u1|CLK_400HZ ; 0.000        ; 1.154      ; 1.614      ;
; 0.277 ; Reset_Delay:r0|oRESET                     ; LCD_Display:u1|LCD_RS                     ; CLOCK_50                 ; LCD_Display:u1|CLK_400HZ ; 0.000        ; 1.153      ; 1.631      ;
; 0.277 ; Reset_Delay:r0|oRESET                     ; LCD_Display:u1|next_command.RESET3        ; CLOCK_50                 ; LCD_Display:u1|CLK_400HZ ; 0.000        ; 1.153      ; 1.631      ;
; 0.277 ; Reset_Delay:r0|oRESET                     ; LCD_Display:u1|next_command.FUNC_SET      ; CLOCK_50                 ; LCD_Display:u1|CLK_400HZ ; 0.000        ; 1.153      ; 1.631      ;
; 0.277 ; Reset_Delay:r0|oRESET                     ; LCD_Display:u1|next_command.DISPLAY_OFF   ; CLOCK_50                 ; LCD_Display:u1|CLK_400HZ ; 0.000        ; 1.153      ; 1.631      ;
; 0.277 ; Reset_Delay:r0|oRESET                     ; LCD_Display:u1|next_command.DISPLAY_CLEAR ; CLOCK_50                 ; LCD_Display:u1|CLK_400HZ ; 0.000        ; 1.153      ; 1.631      ;
; 0.277 ; Reset_Delay:r0|oRESET                     ; LCD_Display:u1|next_command.MODE_SET      ; CLOCK_50                 ; LCD_Display:u1|CLK_400HZ ; 0.000        ; 1.153      ; 1.631      ;
; 0.277 ; Reset_Delay:r0|oRESET                     ; LCD_Display:u1|next_command.RETURN_HOME   ; CLOCK_50                 ; LCD_Display:u1|CLK_400HZ ; 0.000        ; 1.153      ; 1.631      ;
; 0.277 ; Reset_Delay:r0|oRESET                     ; LCD_Display:u1|next_command.LINE2         ; CLOCK_50                 ; LCD_Display:u1|CLK_400HZ ; 0.000        ; 1.153      ; 1.631      ;
; 0.353 ; LCD_Display:u1|LCD_E                      ; LCD_Display:u1|LCD_E                      ; LCD_Display:u1|CLK_400HZ ; LCD_Display:u1|CLK_400HZ ; 0.000        ; 0.073      ; 0.597      ;
; 0.354 ; LCD_Display:u1|LCD_RS                     ; LCD_Display:u1|LCD_RS                     ; LCD_Display:u1|CLK_400HZ ; LCD_Display:u1|CLK_400HZ ; 0.000        ; 0.072      ; 0.597      ;
; 0.354 ; LCD_Display:u1|DATA_BUS_VALUE[7]          ; LCD_Display:u1|DATA_BUS_VALUE[7]          ; LCD_Display:u1|CLK_400HZ ; LCD_Display:u1|CLK_400HZ ; 0.000        ; 0.072      ; 0.597      ;
; 0.354 ; LCD_Display:u1|next_command.Print_String  ; LCD_Display:u1|next_command.Print_String  ; LCD_Display:u1|CLK_400HZ ; LCD_Display:u1|CLK_400HZ ; 0.000        ; 0.072      ; 0.597      ;
; 0.354 ; LCD_Display:u1|next_command.MODE_SET      ; LCD_Display:u1|next_command.MODE_SET      ; LCD_Display:u1|CLK_400HZ ; LCD_Display:u1|CLK_400HZ ; 0.000        ; 0.072      ; 0.597      ;
; 0.354 ; LCD_Display:u1|next_command.DISPLAY_ON    ; LCD_Display:u1|next_command.DISPLAY_ON    ; LCD_Display:u1|CLK_400HZ ; LCD_Display:u1|CLK_400HZ ; 0.000        ; 0.072      ; 0.597      ;
; 0.354 ; LCD_Display:u1|next_command.DISPLAY_CLEAR ; LCD_Display:u1|next_command.DISPLAY_CLEAR ; LCD_Display:u1|CLK_400HZ ; LCD_Display:u1|CLK_400HZ ; 0.000        ; 0.072      ; 0.597      ;
; 0.354 ; LCD_Display:u1|next_command.DISPLAY_OFF   ; LCD_Display:u1|next_command.DISPLAY_OFF   ; LCD_Display:u1|CLK_400HZ ; LCD_Display:u1|CLK_400HZ ; 0.000        ; 0.072      ; 0.597      ;
; 0.354 ; LCD_Display:u1|next_command.FUNC_SET      ; LCD_Display:u1|next_command.FUNC_SET      ; LCD_Display:u1|CLK_400HZ ; LCD_Display:u1|CLK_400HZ ; 0.000        ; 0.072      ; 0.597      ;
; 0.354 ; LCD_Display:u1|next_command.RESET3        ; LCD_Display:u1|next_command.RESET3        ; LCD_Display:u1|CLK_400HZ ; LCD_Display:u1|CLK_400HZ ; 0.000        ; 0.072      ; 0.597      ;
; 0.354 ; LCD_Display:u1|next_command.RESET2        ; LCD_Display:u1|next_command.RESET2        ; LCD_Display:u1|CLK_400HZ ; LCD_Display:u1|CLK_400HZ ; 0.000        ; 0.072      ; 0.597      ;
; 0.392 ; Reset_Delay:r0|oRESET                     ; LCD_Display:u1|CHAR_COUNT[4]              ; CLOCK_50                 ; LCD_Display:u1|CLK_400HZ ; 0.000        ; 1.158      ; 1.751      ;
; 0.392 ; Reset_Delay:r0|oRESET                     ; LCD_Display:u1|CHAR_COUNT[2]              ; CLOCK_50                 ; LCD_Display:u1|CLK_400HZ ; 0.000        ; 1.158      ; 1.751      ;
; 0.392 ; Reset_Delay:r0|oRESET                     ; LCD_Display:u1|CHAR_COUNT[3]              ; CLOCK_50                 ; LCD_Display:u1|CLK_400HZ ; 0.000        ; 1.158      ; 1.751      ;
; 0.392 ; Reset_Delay:r0|oRESET                     ; LCD_Display:u1|CHAR_COUNT[0]              ; CLOCK_50                 ; LCD_Display:u1|CLK_400HZ ; 0.000        ; 1.158      ; 1.751      ;
; 0.392 ; Reset_Delay:r0|oRESET                     ; LCD_Display:u1|CHAR_COUNT[1]              ; CLOCK_50                 ; LCD_Display:u1|CLK_400HZ ; 0.000        ; 1.158      ; 1.751      ;
; 0.450 ; LCD_Display:u1|state.HOLD                 ; LCD_Display:u1|state.RESET2               ; LCD_Display:u1|CLK_400HZ ; LCD_Display:u1|CLK_400HZ ; 0.000        ; 0.072      ; 0.693      ;
; 0.451 ; LCD_Display:u1|state.HOLD                 ; LCD_Display:u1|next_command.DISPLAY_ON    ; LCD_Display:u1|CLK_400HZ ; LCD_Display:u1|CLK_400HZ ; 0.000        ; 0.072      ; 0.694      ;
; 0.452 ; LCD_Display:u1|state.HOLD                 ; LCD_Display:u1|state.DISPLAY_ON           ; LCD_Display:u1|CLK_400HZ ; LCD_Display:u1|CLK_400HZ ; 0.000        ; 0.072      ; 0.695      ;
; 0.506 ; LCD_Display:u1|next_command.DISPLAY_ON    ; LCD_Display:u1|state.DISPLAY_ON           ; LCD_Display:u1|CLK_400HZ ; LCD_Display:u1|CLK_400HZ ; 0.000        ; 0.072      ; 0.749      ;
; 0.507 ; LCD_Display:u1|next_command.RESET2        ; LCD_Display:u1|state.RESET2               ; LCD_Display:u1|CLK_400HZ ; LCD_Display:u1|CLK_400HZ ; 0.000        ; 0.072      ; 0.750      ;
; 0.559 ; LCD_Display:u1|state.FUNC_SET             ; LCD_Display:u1|next_command.DISPLAY_OFF   ; LCD_Display:u1|CLK_400HZ ; LCD_Display:u1|CLK_400HZ ; 0.000        ; 0.071      ; 0.801      ;
; 0.565 ; Reset_Delay:r0|oRESET                     ; LCD_Display:u1|DATA_BUS_VALUE[4]          ; CLOCK_50                 ; LCD_Display:u1|CLK_400HZ ; 0.000        ; 1.156      ; 1.922      ;
; 0.565 ; Reset_Delay:r0|oRESET                     ; LCD_Display:u1|DATA_BUS_VALUE[5]          ; CLOCK_50                 ; LCD_Display:u1|CLK_400HZ ; 0.000        ; 1.156      ; 1.922      ;
; 0.581 ; LCD_Display:u1|CHAR_COUNT[4]              ; LCD_Display:u1|CHAR_COUNT[4]              ; LCD_Display:u1|CLK_400HZ ; LCD_Display:u1|CLK_400HZ ; 0.000        ; 0.072      ; 0.824      ;
; 0.584 ; LCD_Display:u1|state.RESET1               ; LCD_Display:u1|next_command.RESET2        ; LCD_Display:u1|CLK_400HZ ; LCD_Display:u1|CLK_400HZ ; 0.000        ; 0.072      ; 0.827      ;
; 0.588 ; LCD_Display:u1|state.DISPLAY_OFF          ; LCD_Display:u1|next_command.DISPLAY_CLEAR ; LCD_Display:u1|CLK_400HZ ; LCD_Display:u1|CLK_400HZ ; 0.000        ; 0.071      ; 0.830      ;
; 0.591 ; LCD_Display:u1|state.DROP_LCD_E           ; LCD_Display:u1|state.HOLD                 ; LCD_Display:u1|CLK_400HZ ; LCD_Display:u1|CLK_400HZ ; 0.000        ; 0.072      ; 0.834      ;
; 0.624 ; LCD_Display:u1|state.DROP_LCD_E           ; LCD_Display:u1|next_command.FUNC_SET      ; LCD_Display:u1|CLK_400HZ ; LCD_Display:u1|CLK_400HZ ; 0.000        ; 0.071      ; 0.866      ;
; 0.638 ; LCD_Display:u1|state.DROP_LCD_E           ; LCD_Display:u1|next_command.MODE_SET      ; LCD_Display:u1|CLK_400HZ ; LCD_Display:u1|CLK_400HZ ; 0.000        ; 0.071      ; 0.880      ;
; 0.647 ; LCD_Display:u1|state.DROP_LCD_E           ; LCD_Display:u1|next_command.RESET2        ; LCD_Display:u1|CLK_400HZ ; LCD_Display:u1|CLK_400HZ ; 0.000        ; 0.072      ; 0.890      ;
; 0.659 ; LCD_Display:u1|state.HOLD                 ; LCD_Display:u1|next_command.RESET2        ; LCD_Display:u1|CLK_400HZ ; LCD_Display:u1|CLK_400HZ ; 0.000        ; 0.072      ; 0.902      ;
; 0.681 ; LCD_Display:u1|CHAR_COUNT[0]              ; LCD_Display:u1|CHAR_COUNT[0]              ; LCD_Display:u1|CLK_400HZ ; LCD_Display:u1|CLK_400HZ ; 0.000        ; 0.072      ; 0.924      ;
; 0.685 ; LCD_Display:u1|state.DROP_LCD_E           ; LCD_Display:u1|next_command.DISPLAY_ON    ; LCD_Display:u1|CLK_400HZ ; LCD_Display:u1|CLK_400HZ ; 0.000        ; 0.072      ; 0.928      ;
; 0.724 ; LCD_Display:u1|next_command.LINE2         ; LCD_Display:u1|next_command.LINE2         ; LCD_Display:u1|CLK_400HZ ; LCD_Display:u1|CLK_400HZ ; 0.000        ; 0.072      ; 0.967      ;
; 0.764 ; LCD_Display:u1|state.RESET3               ; LCD_Display:u1|next_command.FUNC_SET      ; LCD_Display:u1|CLK_400HZ ; LCD_Display:u1|CLK_400HZ ; 0.000        ; 0.071      ; 1.006      ;
; 0.775 ; LCD_Display:u1|state.DISPLAY_CLEAR        ; LCD_Display:u1|next_command.DISPLAY_ON    ; LCD_Display:u1|CLK_400HZ ; LCD_Display:u1|CLK_400HZ ; 0.000        ; 0.072      ; 1.018      ;
; 0.795 ; LCD_Display:u1|state.RESET2               ; LCD_Display:u1|next_command.RESET3        ; LCD_Display:u1|CLK_400HZ ; LCD_Display:u1|CLK_400HZ ; 0.000        ; 0.071      ; 1.037      ;
; 0.798 ; LCD_Display:u1|CHAR_COUNT[3]              ; LCD_Display:u1|CHAR_COUNT[3]              ; LCD_Display:u1|CLK_400HZ ; LCD_Display:u1|CLK_400HZ ; 0.000        ; 0.072      ; 1.041      ;
; 0.799 ; LCD_Display:u1|state.Print_String         ; LCD_Display:u1|LCD_RS                     ; LCD_Display:u1|CLK_400HZ ; LCD_Display:u1|CLK_400HZ ; 0.000        ; 0.071      ; 1.041      ;
; 0.804 ; LCD_Display:u1|CHAR_COUNT[2]              ; LCD_Display:u1|CHAR_COUNT[2]              ; LCD_Display:u1|CLK_400HZ ; LCD_Display:u1|CLK_400HZ ; 0.000        ; 0.072      ; 1.047      ;
; 0.805 ; LCD_Display:u1|state.DISPLAY_ON           ; LCD_Display:u1|next_command.MODE_SET      ; LCD_Display:u1|CLK_400HZ ; LCD_Display:u1|CLK_400HZ ; 0.000        ; 0.071      ; 1.047      ;
; 0.846 ; LCD_Display:u1|state.Print_String         ; LCD_Display:u1|next_command.RETURN_HOME   ; LCD_Display:u1|CLK_400HZ ; LCD_Display:u1|CLK_400HZ ; 0.000        ; 0.071      ; 1.088      ;
; 0.847 ; LCD_Display:u1|DATA_BUS_VALUE[0]          ; LCD_Display:u1|DATA_BUS_VALUE[0]          ; LCD_Display:u1|CLK_400HZ ; LCD_Display:u1|CLK_400HZ ; 0.000        ; 0.072      ; 1.090      ;
; 0.856 ; LCD_Display:u1|state.Print_String         ; LCD_Display:u1|next_command.LINE2         ; LCD_Display:u1|CLK_400HZ ; LCD_Display:u1|CLK_400HZ ; 0.000        ; 0.071      ; 1.098      ;
; 0.882 ; LCD_Display:u1|state.DROP_LCD_E           ; LCD_Display:u1|LCD_RS                     ; LCD_Display:u1|CLK_400HZ ; LCD_Display:u1|CLK_400HZ ; 0.000        ; 0.071      ; 1.124      ;
; 0.882 ; LCD_Display:u1|state.DROP_LCD_E           ; LCD_Display:u1|next_command.RESET3        ; LCD_Display:u1|CLK_400HZ ; LCD_Display:u1|CLK_400HZ ; 0.000        ; 0.071      ; 1.124      ;
; 0.884 ; LCD_Display:u1|state.DROP_LCD_E           ; LCD_Display:u1|next_command.DISPLAY_CLEAR ; LCD_Display:u1|CLK_400HZ ; LCD_Display:u1|CLK_400HZ ; 0.000        ; 0.071      ; 1.126      ;
; 0.886 ; LCD_Display:u1|state.DROP_LCD_E           ; LCD_Display:u1|next_command.DISPLAY_OFF   ; LCD_Display:u1|CLK_400HZ ; LCD_Display:u1|CLK_400HZ ; 0.000        ; 0.071      ; 1.128      ;
; 0.908 ; LCD_Display:u1|next_command.RETURN_HOME   ; LCD_Display:u1|next_command.RETURN_HOME   ; LCD_Display:u1|CLK_400HZ ; LCD_Display:u1|CLK_400HZ ; 0.000        ; 0.072      ; 1.151      ;
; 0.950 ; LCD_Display:u1|CHAR_COUNT[0]              ; LCD_Display:u1|CHAR_COUNT[1]              ; LCD_Display:u1|CLK_400HZ ; LCD_Display:u1|CLK_400HZ ; 0.000        ; 0.072      ; 1.193      ;
; 0.961 ; LCD_Display:u1|CHAR_COUNT[0]              ; LCD_Display:u1|CHAR_COUNT[2]              ; LCD_Display:u1|CLK_400HZ ; LCD_Display:u1|CLK_400HZ ; 0.000        ; 0.072      ; 1.204      ;
; 0.976 ; LCD_Display:u1|CHAR_COUNT[1]              ; LCD_Display:u1|CHAR_COUNT[1]              ; LCD_Display:u1|CLK_400HZ ; LCD_Display:u1|CLK_400HZ ; 0.000        ; 0.072      ; 1.219      ;
; 1.026 ; LCD_Display:u1|state.Print_String         ; LCD_Display:u1|DATA_BUS_VALUE[5]          ; LCD_Display:u1|CLK_400HZ ; LCD_Display:u1|CLK_400HZ ; 0.000        ; 0.074      ; 1.271      ;
; 1.030 ; LCD_Display:u1|state.Print_String         ; LCD_Display:u1|DATA_BUS_VALUE[4]          ; LCD_Display:u1|CLK_400HZ ; LCD_Display:u1|CLK_400HZ ; 0.000        ; 0.074      ; 1.275      ;
; 1.039 ; LCD_Display:u1|next_command.LINE2         ; LCD_Display:u1|state.LINE2                ; LCD_Display:u1|CLK_400HZ ; LCD_Display:u1|CLK_400HZ ; 0.000        ; 0.073      ; 1.283      ;
; 1.045 ; LCD_Display:u1|state.Print_String         ; LCD_Display:u1|DATA_BUS_VALUE[0]          ; LCD_Display:u1|CLK_400HZ ; LCD_Display:u1|CLK_400HZ ; 0.000        ; 0.075      ; 1.291      ;
; 1.060 ; LCD_Display:u1|CHAR_COUNT[0]              ; LCD_Display:u1|CHAR_COUNT[3]              ; LCD_Display:u1|CLK_400HZ ; LCD_Display:u1|CLK_400HZ ; 0.000        ; 0.072      ; 1.303      ;
; 1.067 ; LCD_Display:u1|state.HOLD                 ; LCD_Display:u1|state.DROP_LCD_E           ; LCD_Display:u1|CLK_400HZ ; LCD_Display:u1|CLK_400HZ ; 0.000        ; 0.072      ; 1.310      ;
; 1.071 ; LCD_Display:u1|next_command.MODE_SET      ; LCD_Display:u1|state.MODE_SET             ; LCD_Display:u1|CLK_400HZ ; LCD_Display:u1|CLK_400HZ ; 0.000        ; 0.073      ; 1.315      ;
; 1.071 ; LCD_Display:u1|CHAR_COUNT[0]              ; LCD_Display:u1|CHAR_COUNT[4]              ; LCD_Display:u1|CLK_400HZ ; LCD_Display:u1|CLK_400HZ ; 0.000        ; 0.072      ; 1.314      ;
; 1.080 ; LCD_Display:u1|CHAR_COUNT[2]              ; LCD_Display:u1|CHAR_COUNT[3]              ; LCD_Display:u1|CLK_400HZ ; LCD_Display:u1|CLK_400HZ ; 0.000        ; 0.072      ; 1.323      ;
; 1.084 ; LCD_Display:u1|CHAR_COUNT[3]              ; LCD_Display:u1|CHAR_COUNT[4]              ; LCD_Display:u1|CLK_400HZ ; LCD_Display:u1|CLK_400HZ ; 0.000        ; 0.072      ; 1.327      ;
; 1.086 ; LCD_Display:u1|state.Print_String         ; LCD_Display:u1|DATA_BUS_VALUE[3]          ; LCD_Display:u1|CLK_400HZ ; LCD_Display:u1|CLK_400HZ ; 0.000        ; 0.074      ; 1.331      ;
; 1.103 ; LCD_Display:u1|CHAR_COUNT[2]              ; LCD_Display:u1|CHAR_COUNT[4]              ; LCD_Display:u1|CLK_400HZ ; LCD_Display:u1|CLK_400HZ ; 0.000        ; 0.072      ; 1.346      ;
; 1.118 ; LCD_Display:u1|state.LINE2                ; LCD_Display:u1|DATA_BUS_VALUE[7]          ; LCD_Display:u1|CLK_400HZ ; LCD_Display:u1|CLK_400HZ ; 0.000        ; 0.074      ; 1.363      ;
; 1.134 ; LCD_Display:u1|state.HOLD                 ; LCD_Display:u1|next_command.MODE_SET      ; LCD_Display:u1|CLK_400HZ ; LCD_Display:u1|CLK_400HZ ; 0.000        ; 0.071      ; 1.376      ;
; 1.143 ; LCD_Display:u1|state.HOLD                 ; LCD_Display:u1|LCD_RS                     ; LCD_Display:u1|CLK_400HZ ; LCD_Display:u1|CLK_400HZ ; 0.000        ; 0.071      ; 1.385      ;
; 1.144 ; LCD_Display:u1|state.HOLD                 ; LCD_Display:u1|next_command.RESET3        ; LCD_Display:u1|CLK_400HZ ; LCD_Display:u1|CLK_400HZ ; 0.000        ; 0.071      ; 1.386      ;
; 1.147 ; LCD_Display:u1|state.HOLD                 ; LCD_Display:u1|next_command.DISPLAY_CLEAR ; LCD_Display:u1|CLK_400HZ ; LCD_Display:u1|CLK_400HZ ; 0.000        ; 0.071      ; 1.389      ;
; 1.147 ; LCD_Display:u1|state.DROP_LCD_E           ; LCD_Display:u1|next_command.LINE2         ; LCD_Display:u1|CLK_400HZ ; LCD_Display:u1|CLK_400HZ ; 0.000        ; 0.071      ; 1.389      ;
; 1.151 ; LCD_Display:u1|state.HOLD                 ; LCD_Display:u1|next_command.DISPLAY_OFF   ; LCD_Display:u1|CLK_400HZ ; LCD_Display:u1|CLK_400HZ ; 0.000        ; 0.071      ; 1.393      ;
; 1.176 ; LCD_Display:u1|next_command.DISPLAY_CLEAR ; LCD_Display:u1|state.DISPLAY_CLEAR        ; LCD_Display:u1|CLK_400HZ ; LCD_Display:u1|CLK_400HZ ; 0.000        ; 0.073      ; 1.420      ;
; 1.178 ; LCD_Display:u1|next_command.DISPLAY_OFF   ; LCD_Display:u1|state.DISPLAY_OFF          ; LCD_Display:u1|CLK_400HZ ; LCD_Display:u1|CLK_400HZ ; 0.000        ; 0.073      ; 1.422      ;
; 1.178 ; LCD_Display:u1|state.HOLD                 ; LCD_Display:u1|next_command.FUNC_SET      ; LCD_Display:u1|CLK_400HZ ; LCD_Display:u1|CLK_400HZ ; 0.000        ; 0.071      ; 1.420      ;
; 1.186 ; LCD_Display:u1|next_command.RETURN_HOME   ; LCD_Display:u1|state.RETURN_HOME          ; LCD_Display:u1|CLK_400HZ ; LCD_Display:u1|CLK_400HZ ; 0.000        ; 0.073      ; 1.430      ;
; 1.186 ; LCD_Display:u1|state.DROP_LCD_E           ; LCD_Display:u1|next_command.RETURN_HOME   ; LCD_Display:u1|CLK_400HZ ; LCD_Display:u1|CLK_400HZ ; 0.000        ; 0.071      ; 1.428      ;
; 1.186 ; LCD_Display:u1|state.HOLD                 ; LCD_Display:u1|next_command.RETURN_HOME   ; LCD_Display:u1|CLK_400HZ ; LCD_Display:u1|CLK_400HZ ; 0.000        ; 0.071      ; 1.428      ;
; 1.204 ; LCD_Display:u1|CHAR_COUNT[1]              ; LCD_Display:u1|DATA_BUS_VALUE[5]          ; LCD_Display:u1|CLK_400HZ ; LCD_Display:u1|CLK_400HZ ; 0.000        ; 0.070      ; 1.445      ;
; 1.208 ; LCD_Display:u1|state.DROP_LCD_E           ; LCD_Display:u1|LCD_E                      ; LCD_Display:u1|CLK_400HZ ; LCD_Display:u1|CLK_400HZ ; 0.000        ; 0.077      ; 1.456      ;
; 1.233 ; LCD_Display:u1|state.HOLD                 ; LCD_Display:u1|LCD_E                      ; LCD_Display:u1|CLK_400HZ ; LCD_Display:u1|CLK_400HZ ; 0.000        ; 0.077      ; 1.481      ;
; 1.279 ; LCD_Display:u1|DATA_BUS_VALUE[2]          ; LCD_Display:u1|DATA_BUS_VALUE[2]          ; LCD_Display:u1|CLK_400HZ ; LCD_Display:u1|CLK_400HZ ; 0.000        ; 0.072      ; 1.522      ;
+-------+-------------------------------------------+-------------------------------------------+--------------------------+--------------------------+--------------+------------+------------+


+-------------------------------------------------------------------------------------------------------------------------------------------------------------------+
; Slow 1200mV 0C Model Hold: 'CLOCK_50'                                                                                                                             ;
+-------+------------------------------------+------------------------------------+--------------------------+-------------+--------------+------------+------------+
; Slack ; From Node                          ; To Node                            ; Launch Clock             ; Latch Clock ; Relationship ; Clock Skew ; Data Delay ;
+-------+------------------------------------+------------------------------------+--------------------------+-------------+--------------+------------+------------+
; 0.365 ; Reset_Delay:r0|Cont[0]             ; Reset_Delay:r0|Cont[0]             ; CLOCK_50                 ; CLOCK_50    ; 0.000        ; 0.072      ; 0.608      ;
; 0.387 ; LCD_Display:u1|CLK_COUNT_400HZ[19] ; LCD_Display:u1|CLK_COUNT_400HZ[19] ; CLOCK_50                 ; CLOCK_50    ; 0.000        ; 0.072      ; 0.630      ;
; 0.388 ; Reset_Delay:r0|Cont[19]            ; Reset_Delay:r0|Cont[19]            ; CLOCK_50                 ; CLOCK_50    ; 0.000        ; 0.071      ; 0.630      ;
; 0.448 ; Reset_Delay:r0|Cont[16]            ; Reset_Delay:r0|Cont[17]            ; CLOCK_50                 ; CLOCK_50    ; 0.000        ; 0.498      ; 1.117      ;
; 0.460 ; Reset_Delay:r0|Cont[15]            ; Reset_Delay:r0|Cont[17]            ; CLOCK_50                 ; CLOCK_50    ; 0.000        ; 0.498      ; 1.129      ;
; 0.473 ; LCD_Display:u1|CLK_COUNT_400HZ[13] ; LCD_Display:u1|CLK_COUNT_400HZ[14] ; CLOCK_50                 ; CLOCK_50    ; 0.000        ; 0.471      ; 1.115      ;
; 0.478 ; LCD_Display:u1|CLK_COUNT_400HZ[10] ; LCD_Display:u1|CLK_COUNT_400HZ[11] ; CLOCK_50                 ; CLOCK_50    ; 0.000        ; 0.471      ; 1.120      ;
; 0.478 ; LCD_Display:u1|CLK_COUNT_400HZ[16] ; LCD_Display:u1|CLK_COUNT_400HZ[17] ; CLOCK_50                 ; CLOCK_50    ; 0.000        ; 0.471      ; 1.120      ;
; 0.489 ; LCD_Display:u1|CLK_COUNT_400HZ[16] ; LCD_Display:u1|CLK_COUNT_400HZ[18] ; CLOCK_50                 ; CLOCK_50    ; 0.000        ; 0.471      ; 1.131      ;
; 0.490 ; LCD_Display:u1|CLK_COUNT_400HZ[12] ; LCD_Display:u1|CLK_COUNT_400HZ[14] ; CLOCK_50                 ; CLOCK_50    ; 0.000        ; 0.471      ; 1.132      ;
; 0.547 ; Reset_Delay:r0|Cont[16]            ; Reset_Delay:r0|Cont[18]            ; CLOCK_50                 ; CLOCK_50    ; 0.000        ; 0.498      ; 1.216      ;
; 0.559 ; Reset_Delay:r0|Cont[15]            ; Reset_Delay:r0|Cont[18]            ; CLOCK_50                 ; CLOCK_50    ; 0.000        ; 0.498      ; 1.228      ;
; 0.567 ; LCD_Display:u1|CLK_COUNT_400HZ[9]  ; LCD_Display:u1|CLK_COUNT_400HZ[11] ; CLOCK_50                 ; CLOCK_50    ; 0.000        ; 0.475      ; 1.213      ;
; 0.570 ; Reset_Delay:r0|Cont[13]            ; Reset_Delay:r0|Cont[17]            ; CLOCK_50                 ; CLOCK_50    ; 0.000        ; 0.498      ; 1.239      ;
; 0.571 ; LCD_Display:u1|CLK_COUNT_400HZ[15] ; LCD_Display:u1|CLK_COUNT_400HZ[15] ; CLOCK_50                 ; CLOCK_50    ; 0.000        ; 0.088      ; 0.830      ;
; 0.572 ; LCD_Display:u1|CLK_COUNT_400HZ[13] ; LCD_Display:u1|CLK_COUNT_400HZ[15] ; CLOCK_50                 ; CLOCK_50    ; 0.000        ; 0.471      ; 1.214      ;
; 0.574 ; Reset_Delay:r0|Cont[18]            ; Reset_Delay:r0|Cont[18]            ; CLOCK_50                 ; CLOCK_50    ; 0.000        ; 0.089      ; 0.834      ;
; 0.575 ; LCD_Display:u1|CLK_COUNT_400HZ[14] ; LCD_Display:u1|CLK_COUNT_400HZ[14] ; CLOCK_50                 ; CLOCK_50    ; 0.000        ; 0.088      ; 0.834      ;
; 0.575 ; LCD_Display:u1|CLK_COUNT_400HZ[17] ; LCD_Display:u1|CLK_COUNT_400HZ[17] ; CLOCK_50                 ; CLOCK_50    ; 0.000        ; 0.088      ; 0.834      ;
; 0.576 ; Reset_Delay:r0|Cont[17]            ; Reset_Delay:r0|Cont[17]            ; CLOCK_50                 ; CLOCK_50    ; 0.000        ; 0.089      ; 0.836      ;
; 0.577 ; LCD_Display:u1|CLK_COUNT_400HZ[18] ; LCD_Display:u1|CLK_COUNT_400HZ[18] ; CLOCK_50                 ; CLOCK_50    ; 0.000        ; 0.088      ; 0.836      ;
; 0.578 ; LCD_Display:u1|CLK_COUNT_400HZ[11] ; LCD_Display:u1|CLK_COUNT_400HZ[11] ; CLOCK_50                 ; CLOCK_50    ; 0.000        ; 0.088      ; 0.837      ;
; 0.583 ; LCD_Display:u1|CLK_COUNT_400HZ[1]  ; LCD_Display:u1|CLK_COUNT_400HZ[1]  ; CLOCK_50                 ; CLOCK_50    ; 0.000        ; 0.072      ; 0.826      ;
; 0.584 ; LCD_Display:u1|CLK_COUNT_400HZ[7]  ; LCD_Display:u1|CLK_COUNT_400HZ[7]  ; CLOCK_50                 ; CLOCK_50    ; 0.000        ; 0.072      ; 0.827      ;
; 0.584 ; LCD_Display:u1|CLK_COUNT_400HZ[8]  ; LCD_Display:u1|CLK_COUNT_400HZ[11] ; CLOCK_50                 ; CLOCK_50    ; 0.000        ; 0.475      ; 1.230      ;
; 0.585 ; LCD_Display:u1|CLK_COUNT_400HZ[5]  ; LCD_Display:u1|CLK_COUNT_400HZ[5]  ; CLOCK_50                 ; CLOCK_50    ; 0.000        ; 0.072      ; 0.828      ;
; 0.585 ; LCD_Display:u1|CLK_COUNT_400HZ[9]  ; LCD_Display:u1|CLK_COUNT_400HZ[9]  ; CLOCK_50                 ; CLOCK_50    ; 0.000        ; 0.072      ; 0.828      ;
; 0.585 ; Reset_Delay:r0|Cont[7]             ; Reset_Delay:r0|Cont[7]             ; CLOCK_50                 ; CLOCK_50    ; 0.000        ; 0.072      ; 0.828      ;
; 0.585 ; Reset_Delay:r0|Cont[9]             ; Reset_Delay:r0|Cont[9]             ; CLOCK_50                 ; CLOCK_50    ; 0.000        ; 0.072      ; 0.828      ;
; 0.586 ; LCD_Display:u1|CLK_COUNT_400HZ[13] ; LCD_Display:u1|CLK_COUNT_400HZ[13] ; CLOCK_50                 ; CLOCK_50    ; 0.000        ; 0.072      ; 0.829      ;
; 0.587 ; Reset_Delay:r0|Cont[5]             ; Reset_Delay:r0|Cont[5]             ; CLOCK_50                 ; CLOCK_50    ; 0.000        ; 0.072      ; 0.830      ;
; 0.587 ; Reset_Delay:r0|Cont[8]             ; Reset_Delay:r0|Cont[8]             ; CLOCK_50                 ; CLOCK_50    ; 0.000        ; 0.072      ; 0.830      ;
; 0.588 ; Reset_Delay:r0|Cont[6]             ; Reset_Delay:r0|Cont[6]             ; CLOCK_50                 ; CLOCK_50    ; 0.000        ; 0.072      ; 0.831      ;
; 0.588 ; Reset_Delay:r0|Cont[13]            ; Reset_Delay:r0|Cont[13]            ; CLOCK_50                 ; CLOCK_50    ; 0.000        ; 0.071      ; 0.830      ;
; 0.588 ; Reset_Delay:r0|Cont[15]            ; Reset_Delay:r0|Cont[15]            ; CLOCK_50                 ; CLOCK_50    ; 0.000        ; 0.071      ; 0.830      ;
; 0.589 ; LCD_Display:u1|CLK_COUNT_400HZ[16] ; LCD_Display:u1|CLK_COUNT_400HZ[16] ; CLOCK_50                 ; CLOCK_50    ; 0.000        ; 0.072      ; 0.832      ;
; 0.589 ; LCD_Display:u1|CLK_COUNT_400HZ[8]  ; LCD_Display:u1|CLK_COUNT_400HZ[8]  ; CLOCK_50                 ; CLOCK_50    ; 0.000        ; 0.072      ; 0.832      ;
; 0.589 ; LCD_Display:u1|CLK_COUNT_400HZ[10] ; LCD_Display:u1|CLK_COUNT_400HZ[10] ; CLOCK_50                 ; CLOCK_50    ; 0.000        ; 0.072      ; 0.832      ;
; 0.589 ; Reset_Delay:r0|Cont[16]            ; Reset_Delay:r0|Cont[16]            ; CLOCK_50                 ; CLOCK_50    ; 0.000        ; 0.071      ; 0.831      ;
; 0.589 ; Reset_Delay:r0|Cont[2]             ; Reset_Delay:r0|Cont[2]             ; CLOCK_50                 ; CLOCK_50    ; 0.000        ; 0.072      ; 0.832      ;
; 0.589 ; Reset_Delay:r0|Cont[4]             ; Reset_Delay:r0|Cont[4]             ; CLOCK_50                 ; CLOCK_50    ; 0.000        ; 0.072      ; 0.832      ;
; 0.589 ; Reset_Delay:r0|Cont[12]            ; Reset_Delay:r0|Cont[12]            ; CLOCK_50                 ; CLOCK_50    ; 0.000        ; 0.071      ; 0.831      ;
; 0.589 ; LCD_Display:u1|CLK_COUNT_400HZ[12] ; LCD_Display:u1|CLK_COUNT_400HZ[15] ; CLOCK_50                 ; CLOCK_50    ; 0.000        ; 0.471      ; 1.231      ;
; 0.590 ; LCD_Display:u1|CLK_COUNT_400HZ[6]  ; LCD_Display:u1|CLK_COUNT_400HZ[6]  ; CLOCK_50                 ; CLOCK_50    ; 0.000        ; 0.072      ; 0.833      ;
; 0.590 ; LCD_Display:u1|CLK_COUNT_400HZ[12] ; LCD_Display:u1|CLK_COUNT_400HZ[12] ; CLOCK_50                 ; CLOCK_50    ; 0.000        ; 0.072      ; 0.833      ;
; 0.591 ; LCD_Display:u1|CLK_COUNT_400HZ[4]  ; LCD_Display:u1|CLK_COUNT_400HZ[4]  ; CLOCK_50                 ; CLOCK_50    ; 0.000        ; 0.072      ; 0.834      ;
; 0.591 ; LCD_Display:u1|CLK_COUNT_400HZ[2]  ; LCD_Display:u1|CLK_COUNT_400HZ[2]  ; CLOCK_50                 ; CLOCK_50    ; 0.000        ; 0.072      ; 0.834      ;
; 0.599 ; LCD_Display:u1|CLK_COUNT_400HZ[0]  ; LCD_Display:u1|CLK_COUNT_400HZ[0]  ; CLOCK_50                 ; CLOCK_50    ; 0.000        ; 0.072      ; 0.842      ;
; 0.599 ; LCD_Display:u1|CLK_COUNT_400HZ[10] ; LCD_Display:u1|CLK_COUNT_400HZ[14] ; CLOCK_50                 ; CLOCK_50    ; 0.000        ; 0.471      ; 1.241      ;
; 0.603 ; LCD_Display:u1|CLK_COUNT_400HZ[3]  ; LCD_Display:u1|CLK_COUNT_400HZ[3]  ; CLOCK_50                 ; CLOCK_50    ; 0.000        ; 0.072      ; 0.846      ;
; 0.604 ; Reset_Delay:r0|Cont[3]             ; Reset_Delay:r0|Cont[3]             ; CLOCK_50                 ; CLOCK_50    ; 0.000        ; 0.072      ; 0.847      ;
; 0.607 ; Reset_Delay:r0|Cont[0]             ; Reset_Delay:r0|Cont[1]             ; CLOCK_50                 ; CLOCK_50    ; 0.000        ; 0.072      ; 0.850      ;
; 0.607 ; Reset_Delay:r0|Cont[1]             ; Reset_Delay:r0|Cont[1]             ; CLOCK_50                 ; CLOCK_50    ; 0.000        ; 0.072      ; 0.850      ;
; 0.669 ; Reset_Delay:r0|Cont[13]            ; Reset_Delay:r0|Cont[18]            ; CLOCK_50                 ; CLOCK_50    ; 0.000        ; 0.498      ; 1.338      ;
; 0.669 ; Reset_Delay:r0|Cont[12]            ; Reset_Delay:r0|Cont[17]            ; CLOCK_50                 ; CLOCK_50    ; 0.000        ; 0.498      ; 1.338      ;
; 0.676 ; LCD_Display:u1|CLK_COUNT_400HZ[7]  ; LCD_Display:u1|CLK_COUNT_400HZ[11] ; CLOCK_50                 ; CLOCK_50    ; 0.000        ; 0.475      ; 1.322      ;
; 0.682 ; LCD_Display:u1|CLK_COUNT_400HZ[13] ; LCD_Display:u1|CLK_COUNT_400HZ[17] ; CLOCK_50                 ; CLOCK_50    ; 0.000        ; 0.471      ; 1.324      ;
; 0.688 ; LCD_Display:u1|CLK_COUNT_400HZ[9]  ; LCD_Display:u1|CLK_COUNT_400HZ[14] ; CLOCK_50                 ; CLOCK_50    ; 0.000        ; 0.475      ; 1.334      ;
; 0.693 ; LCD_Display:u1|CLK_COUNT_400HZ[13] ; LCD_Display:u1|CLK_COUNT_400HZ[18] ; CLOCK_50                 ; CLOCK_50    ; 0.000        ; 0.471      ; 1.335      ;
; 0.695 ; LCD_Display:u1|CLK_COUNT_400HZ[6]  ; LCD_Display:u1|CLK_COUNT_400HZ[11] ; CLOCK_50                 ; CLOCK_50    ; 0.000        ; 0.475      ; 1.341      ;
; 0.698 ; LCD_Display:u1|CLK_COUNT_400HZ[10] ; LCD_Display:u1|CLK_COUNT_400HZ[15] ; CLOCK_50                 ; CLOCK_50    ; 0.000        ; 0.471      ; 1.340      ;
; 0.699 ; LCD_Display:u1|CLK_COUNT_400HZ[12] ; LCD_Display:u1|CLK_COUNT_400HZ[17] ; CLOCK_50                 ; CLOCK_50    ; 0.000        ; 0.471      ; 1.341      ;
; 0.705 ; LCD_Display:u1|CLK_COUNT_400HZ[8]  ; LCD_Display:u1|CLK_COUNT_400HZ[14] ; CLOCK_50                 ; CLOCK_50    ; 0.000        ; 0.475      ; 1.351      ;
; 0.710 ; LCD_Display:u1|CLK_COUNT_400HZ[12] ; LCD_Display:u1|CLK_COUNT_400HZ[18] ; CLOCK_50                 ; CLOCK_50    ; 0.000        ; 0.471      ; 1.352      ;
; 0.726 ; Reset_Delay:r0|Cont[14]            ; Reset_Delay:r0|Cont[17]            ; CLOCK_50                 ; CLOCK_50    ; 0.000        ; 0.498      ; 1.395      ;
; 0.757 ; Reset_Delay:r0|Cont[14]            ; Reset_Delay:r0|Cont[14]            ; CLOCK_50                 ; CLOCK_50    ; 0.000        ; 0.071      ; 0.999      ;
; 0.768 ; Reset_Delay:r0|Cont[12]            ; Reset_Delay:r0|Cont[18]            ; CLOCK_50                 ; CLOCK_50    ; 0.000        ; 0.498      ; 1.437      ;
; 0.778 ; LCD_Display:u1|CLK_400HZ           ; LCD_Display:u1|CLK_400HZ           ; LCD_Display:u1|CLK_400HZ ; CLOCK_50    ; 0.000        ; 2.778      ; 3.970      ;
; 0.784 ; Reset_Delay:r0|Cont[9]             ; Reset_Delay:r0|Cont[17]            ; CLOCK_50                 ; CLOCK_50    ; 0.000        ; 0.502      ; 1.457      ;
; 0.787 ; LCD_Display:u1|CLK_COUNT_400HZ[5]  ; LCD_Display:u1|CLK_COUNT_400HZ[11] ; CLOCK_50                 ; CLOCK_50    ; 0.000        ; 0.475      ; 1.433      ;
; 0.787 ; LCD_Display:u1|CLK_COUNT_400HZ[9]  ; LCD_Display:u1|CLK_COUNT_400HZ[15] ; CLOCK_50                 ; CLOCK_50    ; 0.000        ; 0.475      ; 1.433      ;
; 0.797 ; LCD_Display:u1|CLK_COUNT_400HZ[7]  ; LCD_Display:u1|CLK_COUNT_400HZ[14] ; CLOCK_50                 ; CLOCK_50    ; 0.000        ; 0.475      ; 1.443      ;
; 0.797 ; Reset_Delay:r0|Cont[14]            ; Reset_Delay:r0|Cont[18]            ; CLOCK_50                 ; CLOCK_50    ; 0.000        ; 0.498      ; 1.466      ;
; 0.804 ; LCD_Display:u1|CLK_COUNT_400HZ[8]  ; LCD_Display:u1|CLK_COUNT_400HZ[15] ; CLOCK_50                 ; CLOCK_50    ; 0.000        ; 0.475      ; 1.450      ;
; 0.806 ; LCD_Display:u1|CLK_COUNT_400HZ[4]  ; LCD_Display:u1|CLK_COUNT_400HZ[11] ; CLOCK_50                 ; CLOCK_50    ; 0.000        ; 0.475      ; 1.452      ;
; 0.808 ; LCD_Display:u1|CLK_COUNT_400HZ[10] ; LCD_Display:u1|CLK_COUNT_400HZ[17] ; CLOCK_50                 ; CLOCK_50    ; 0.000        ; 0.471      ; 1.450      ;
; 0.816 ; LCD_Display:u1|CLK_COUNT_400HZ[6]  ; LCD_Display:u1|CLK_COUNT_400HZ[14] ; CLOCK_50                 ; CLOCK_50    ; 0.000        ; 0.475      ; 1.462      ;
; 0.819 ; LCD_Display:u1|CLK_COUNT_400HZ[10] ; LCD_Display:u1|CLK_COUNT_400HZ[18] ; CLOCK_50                 ; CLOCK_50    ; 0.000        ; 0.471      ; 1.461      ;
; 0.862 ; LCD_Display:u1|CLK_COUNT_400HZ[17] ; LCD_Display:u1|CLK_COUNT_400HZ[18] ; CLOCK_50                 ; CLOCK_50    ; 0.000        ; 0.088      ; 1.121      ;
; 0.863 ; LCD_Display:u1|CLK_COUNT_400HZ[14] ; LCD_Display:u1|CLK_COUNT_400HZ[15] ; CLOCK_50                 ; CLOCK_50    ; 0.000        ; 0.088      ; 1.122      ;
; 0.864 ; Reset_Delay:r0|Cont[17]            ; Reset_Delay:r0|Cont[18]            ; CLOCK_50                 ; CLOCK_50    ; 0.000        ; 0.089      ; 1.124      ;
; 0.867 ; LCD_Display:u1|CLK_COUNT_400HZ[9]  ; LCD_Display:u1|CLK_COUNT_400HZ[10] ; CLOCK_50                 ; CLOCK_50    ; 0.000        ; 0.076      ; 1.114      ;
; 0.868 ; LCD_Display:u1|CLK_COUNT_400HZ[0]  ; LCD_Display:u1|CLK_COUNT_400HZ[1]  ; CLOCK_50                 ; CLOCK_50    ; 0.000        ; 0.072      ; 1.111      ;
; 0.870 ; LCD_Display:u1|CLK_COUNT_400HZ[7]  ; LCD_Display:u1|CLK_COUNT_400HZ[8]  ; CLOCK_50                 ; CLOCK_50    ; 0.000        ; 0.072      ; 1.113      ;
; 0.870 ; LCD_Display:u1|CLK_COUNT_400HZ[1]  ; LCD_Display:u1|CLK_COUNT_400HZ[2]  ; CLOCK_50                 ; CLOCK_50    ; 0.000        ; 0.072      ; 1.113      ;
; 0.871 ; LCD_Display:u1|CLK_COUNT_400HZ[5]  ; LCD_Display:u1|CLK_COUNT_400HZ[6]  ; CLOCK_50                 ; CLOCK_50    ; 0.000        ; 0.072      ; 1.114      ;
; 0.873 ; Reset_Delay:r0|Cont[7]             ; Reset_Delay:r0|Cont[8]             ; CLOCK_50                 ; CLOCK_50    ; 0.000        ; 0.072      ; 1.116      ;
; 0.874 ; Reset_Delay:r0|Cont[8]             ; Reset_Delay:r0|Cont[9]             ; CLOCK_50                 ; CLOCK_50    ; 0.000        ; 0.072      ; 1.117      ;
; 0.875 ; Reset_Delay:r0|Cont[6]             ; Reset_Delay:r0|Cont[7]             ; CLOCK_50                 ; CLOCK_50    ; 0.000        ; 0.072      ; 1.118      ;
; 0.875 ; Reset_Delay:r0|Cont[5]             ; Reset_Delay:r0|Cont[6]             ; CLOCK_50                 ; CLOCK_50    ; 0.000        ; 0.072      ; 1.118      ;
; 0.875 ; Reset_Delay:r0|Cont[0]             ; Reset_Delay:r0|Cont[2]             ; CLOCK_50                 ; CLOCK_50    ; 0.000        ; 0.072      ; 1.118      ;
; 0.876 ; Reset_Delay:r0|Cont[4]             ; Reset_Delay:r0|Cont[5]             ; CLOCK_50                 ; CLOCK_50    ; 0.000        ; 0.072      ; 1.119      ;
; 0.876 ; Reset_Delay:r0|Cont[12]            ; Reset_Delay:r0|Cont[13]            ; CLOCK_50                 ; CLOCK_50    ; 0.000        ; 0.071      ; 1.118      ;
; 0.876 ; Reset_Delay:r0|Cont[2]             ; Reset_Delay:r0|Cont[3]             ; CLOCK_50                 ; CLOCK_50    ; 0.000        ; 0.072      ; 1.119      ;
; 0.876 ; Reset_Delay:r0|Cont[15]            ; Reset_Delay:r0|Cont[16]            ; CLOCK_50                 ; CLOCK_50    ; 0.000        ; 0.071      ; 1.118      ;
; 0.876 ; Reset_Delay:r0|Cont[13]            ; Reset_Delay:r0|Cont[14]            ; CLOCK_50                 ; CLOCK_50    ; 0.000        ; 0.071      ; 1.118      ;
; 0.877 ; LCD_Display:u1|CLK_COUNT_400HZ[8]  ; LCD_Display:u1|CLK_COUNT_400HZ[9]  ; CLOCK_50                 ; CLOCK_50    ; 0.000        ; 0.072      ; 1.120      ;
; 0.878 ; LCD_Display:u1|CLK_COUNT_400HZ[6]  ; LCD_Display:u1|CLK_COUNT_400HZ[7]  ; CLOCK_50                 ; CLOCK_50    ; 0.000        ; 0.072      ; 1.121      ;
; 0.878 ; LCD_Display:u1|CLK_COUNT_400HZ[12] ; LCD_Display:u1|CLK_COUNT_400HZ[13] ; CLOCK_50                 ; CLOCK_50    ; 0.000        ; 0.072      ; 1.121      ;
; 0.879 ; LCD_Display:u1|CLK_COUNT_400HZ[4]  ; LCD_Display:u1|CLK_COUNT_400HZ[5]  ; CLOCK_50                 ; CLOCK_50    ; 0.000        ; 0.072      ; 1.122      ;
+-------+------------------------------------+------------------------------------+--------------------------+-------------+--------------+------------+------------+


+-------------------------------------------------------------------------------------------------------------------------------------------+
; Slow 1200mV 0C Model Recovery: 'CLOCK_50'                                                                                                 ;
+--------+-----------------------+------------------------------------+--------------+-------------+--------------+------------+------------+
; Slack  ; From Node             ; To Node                            ; Launch Clock ; Latch Clock ; Relationship ; Clock Skew ; Data Delay ;
+--------+-----------------------+------------------------------------+--------------+-------------+--------------+------------+------------+
; -0.782 ; Reset_Delay:r0|oRESET ; LCD_Display:u1|CLK_400HZ           ; CLOCK_50     ; CLOCK_50    ; 1.000        ; -0.071     ; 1.710      ;
; -0.782 ; Reset_Delay:r0|oRESET ; LCD_Display:u1|CLK_COUNT_400HZ[16] ; CLOCK_50     ; CLOCK_50    ; 1.000        ; -0.071     ; 1.710      ;
; -0.782 ; Reset_Delay:r0|oRESET ; LCD_Display:u1|CLK_COUNT_400HZ[10] ; CLOCK_50     ; CLOCK_50    ; 1.000        ; -0.071     ; 1.710      ;
; -0.782 ; Reset_Delay:r0|oRESET ; LCD_Display:u1|CLK_COUNT_400HZ[12] ; CLOCK_50     ; CLOCK_50    ; 1.000        ; -0.071     ; 1.710      ;
; -0.782 ; Reset_Delay:r0|oRESET ; LCD_Display:u1|CLK_COUNT_400HZ[13] ; CLOCK_50     ; CLOCK_50    ; 1.000        ; -0.071     ; 1.710      ;
; -0.782 ; Reset_Delay:r0|oRESET ; LCD_Display:u1|CLK_COUNT_400HZ[19] ; CLOCK_50     ; CLOCK_50    ; 1.000        ; -0.071     ; 1.710      ;
; -0.753 ; Reset_Delay:r0|oRESET ; LCD_Display:u1|CLK_COUNT_400HZ[4]  ; CLOCK_50     ; CLOCK_50    ; 1.000        ; -0.075     ; 1.677      ;
; -0.753 ; Reset_Delay:r0|oRESET ; LCD_Display:u1|CLK_COUNT_400HZ[0]  ; CLOCK_50     ; CLOCK_50    ; 1.000        ; -0.075     ; 1.677      ;
; -0.753 ; Reset_Delay:r0|oRESET ; LCD_Display:u1|CLK_COUNT_400HZ[1]  ; CLOCK_50     ; CLOCK_50    ; 1.000        ; -0.075     ; 1.677      ;
; -0.753 ; Reset_Delay:r0|oRESET ; LCD_Display:u1|CLK_COUNT_400HZ[2]  ; CLOCK_50     ; CLOCK_50    ; 1.000        ; -0.075     ; 1.677      ;
; -0.753 ; Reset_Delay:r0|oRESET ; LCD_Display:u1|CLK_COUNT_400HZ[3]  ; CLOCK_50     ; CLOCK_50    ; 1.000        ; -0.075     ; 1.677      ;
; -0.753 ; Reset_Delay:r0|oRESET ; LCD_Display:u1|CLK_COUNT_400HZ[5]  ; CLOCK_50     ; CLOCK_50    ; 1.000        ; -0.075     ; 1.677      ;
; -0.753 ; Reset_Delay:r0|oRESET ; LCD_Display:u1|CLK_COUNT_400HZ[8]  ; CLOCK_50     ; CLOCK_50    ; 1.000        ; -0.075     ; 1.677      ;
; -0.753 ; Reset_Delay:r0|oRESET ; LCD_Display:u1|CLK_COUNT_400HZ[6]  ; CLOCK_50     ; CLOCK_50    ; 1.000        ; -0.075     ; 1.677      ;
; -0.753 ; Reset_Delay:r0|oRESET ; LCD_Display:u1|CLK_COUNT_400HZ[7]  ; CLOCK_50     ; CLOCK_50    ; 1.000        ; -0.075     ; 1.677      ;
; -0.753 ; Reset_Delay:r0|oRESET ; LCD_Display:u1|CLK_COUNT_400HZ[9]  ; CLOCK_50     ; CLOCK_50    ; 1.000        ; -0.075     ; 1.677      ;
; -0.399 ; Reset_Delay:r0|oRESET ; LCD_Display:u1|CLK_COUNT_400HZ[11] ; CLOCK_50     ; CLOCK_50    ; 1.000        ; 0.312      ; 1.710      ;
; -0.399 ; Reset_Delay:r0|oRESET ; LCD_Display:u1|CLK_COUNT_400HZ[18] ; CLOCK_50     ; CLOCK_50    ; 1.000        ; 0.312      ; 1.710      ;
; -0.399 ; Reset_Delay:r0|oRESET ; LCD_Display:u1|CLK_COUNT_400HZ[14] ; CLOCK_50     ; CLOCK_50    ; 1.000        ; 0.312      ; 1.710      ;
; -0.399 ; Reset_Delay:r0|oRESET ; LCD_Display:u1|CLK_COUNT_400HZ[15] ; CLOCK_50     ; CLOCK_50    ; 1.000        ; 0.312      ; 1.710      ;
; -0.399 ; Reset_Delay:r0|oRESET ; LCD_Display:u1|CLK_COUNT_400HZ[17] ; CLOCK_50     ; CLOCK_50    ; 1.000        ; 0.312      ; 1.710      ;
+--------+-----------------------+------------------------------------+--------------+-------------+--------------+------------+------------+


+-------------------------------------------------------------------------------------------------------------------------------------------------------+
; Slow 1200mV 0C Model Recovery: 'LCD_Display:u1|CLK_400HZ'                                                                                             ;
+-------+-----------------------+------------------------------------+--------------+--------------------------+--------------+------------+------------+
; Slack ; From Node             ; To Node                            ; Launch Clock ; Latch Clock              ; Relationship ; Clock Skew ; Data Delay ;
+-------+-----------------------+------------------------------------+--------------+--------------------------+--------------+------------+------------+
; 0.172 ; Reset_Delay:r0|oRESET ; LCD_Display:u1|state.Print_String  ; CLOCK_50     ; LCD_Display:u1|CLK_400HZ ; 1.000        ; 0.884      ; 1.701      ;
; 0.172 ; Reset_Delay:r0|oRESET ; LCD_Display:u1|state.MODE_SET      ; CLOCK_50     ; LCD_Display:u1|CLK_400HZ ; 1.000        ; 0.884      ; 1.701      ;
; 0.172 ; Reset_Delay:r0|oRESET ; LCD_Display:u1|state.DISPLAY_ON    ; CLOCK_50     ; LCD_Display:u1|CLK_400HZ ; 1.000        ; 0.884      ; 1.701      ;
; 0.172 ; Reset_Delay:r0|oRESET ; LCD_Display:u1|state.DISPLAY_CLEAR ; CLOCK_50     ; LCD_Display:u1|CLK_400HZ ; 1.000        ; 0.884      ; 1.701      ;
; 0.172 ; Reset_Delay:r0|oRESET ; LCD_Display:u1|state.DISPLAY_OFF   ; CLOCK_50     ; LCD_Display:u1|CLK_400HZ ; 1.000        ; 0.884      ; 1.701      ;
; 0.172 ; Reset_Delay:r0|oRESET ; LCD_Display:u1|state.FUNC_SET      ; CLOCK_50     ; LCD_Display:u1|CLK_400HZ ; 1.000        ; 0.884      ; 1.701      ;
; 0.172 ; Reset_Delay:r0|oRESET ; LCD_Display:u1|state.RESET3        ; CLOCK_50     ; LCD_Display:u1|CLK_400HZ ; 1.000        ; 0.884      ; 1.701      ;
; 0.172 ; Reset_Delay:r0|oRESET ; LCD_Display:u1|state.RESET2        ; CLOCK_50     ; LCD_Display:u1|CLK_400HZ ; 1.000        ; 0.884      ; 1.701      ;
; 0.172 ; Reset_Delay:r0|oRESET ; LCD_Display:u1|state.RETURN_HOME   ; CLOCK_50     ; LCD_Display:u1|CLK_400HZ ; 1.000        ; 0.884      ; 1.701      ;
; 0.172 ; Reset_Delay:r0|oRESET ; LCD_Display:u1|state.LINE2         ; CLOCK_50     ; LCD_Display:u1|CLK_400HZ ; 1.000        ; 0.884      ; 1.701      ;
; 0.172 ; Reset_Delay:r0|oRESET ; LCD_Display:u1|state.RESET1        ; CLOCK_50     ; LCD_Display:u1|CLK_400HZ ; 1.000        ; 0.884      ; 1.701      ;
; 0.172 ; Reset_Delay:r0|oRESET ; LCD_Display:u1|state.HOLD          ; CLOCK_50     ; LCD_Display:u1|CLK_400HZ ; 1.000        ; 0.884      ; 1.701      ;
; 0.172 ; Reset_Delay:r0|oRESET ; LCD_Display:u1|state.DROP_LCD_E    ; CLOCK_50     ; LCD_Display:u1|CLK_400HZ ; 1.000        ; 0.884      ; 1.701      ;
+-------+-----------------------+------------------------------------+--------------+--------------------------+--------------+------------+------------+


+-------------------------------------------------------------------------------------------------------------------------------------------------------+
; Slow 1200mV 0C Model Removal: 'LCD_Display:u1|CLK_400HZ'                                                                                              ;
+-------+-----------------------+------------------------------------+--------------+--------------------------+--------------+------------+------------+
; Slack ; From Node             ; To Node                            ; Launch Clock ; Latch Clock              ; Relationship ; Clock Skew ; Data Delay ;
+-------+-----------------------+------------------------------------+--------------+--------------------------+--------------+------------+------------+
; 0.221 ; Reset_Delay:r0|oRESET ; LCD_Display:u1|state.Print_String  ; CLOCK_50     ; LCD_Display:u1|CLK_400HZ ; 0.000        ; 1.154      ; 1.576      ;
; 0.221 ; Reset_Delay:r0|oRESET ; LCD_Display:u1|state.MODE_SET      ; CLOCK_50     ; LCD_Display:u1|CLK_400HZ ; 0.000        ; 1.154      ; 1.576      ;
; 0.221 ; Reset_Delay:r0|oRESET ; LCD_Display:u1|state.DISPLAY_ON    ; CLOCK_50     ; LCD_Display:u1|CLK_400HZ ; 0.000        ; 1.154      ; 1.576      ;
; 0.221 ; Reset_Delay:r0|oRESET ; LCD_Display:u1|state.DISPLAY_CLEAR ; CLOCK_50     ; LCD_Display:u1|CLK_400HZ ; 0.000        ; 1.154      ; 1.576      ;
; 0.221 ; Reset_Delay:r0|oRESET ; LCD_Display:u1|state.DISPLAY_OFF   ; CLOCK_50     ; LCD_Display:u1|CLK_400HZ ; 0.000        ; 1.154      ; 1.576      ;
; 0.221 ; Reset_Delay:r0|oRESET ; LCD_Display:u1|state.FUNC_SET      ; CLOCK_50     ; LCD_Display:u1|CLK_400HZ ; 0.000        ; 1.154      ; 1.576      ;
; 0.221 ; Reset_Delay:r0|oRESET ; LCD_Display:u1|state.RESET3        ; CLOCK_50     ; LCD_Display:u1|CLK_400HZ ; 0.000        ; 1.154      ; 1.576      ;
; 0.221 ; Reset_Delay:r0|oRESET ; LCD_Display:u1|state.RESET2        ; CLOCK_50     ; LCD_Display:u1|CLK_400HZ ; 0.000        ; 1.154      ; 1.576      ;
; 0.221 ; Reset_Delay:r0|oRESET ; LCD_Display:u1|state.RETURN_HOME   ; CLOCK_50     ; LCD_Display:u1|CLK_400HZ ; 0.000        ; 1.154      ; 1.576      ;
; 0.221 ; Reset_Delay:r0|oRESET ; LCD_Display:u1|state.LINE2         ; CLOCK_50     ; LCD_Display:u1|CLK_400HZ ; 0.000        ; 1.154      ; 1.576      ;
; 0.221 ; Reset_Delay:r0|oRESET ; LCD_Display:u1|state.RESET1        ; CLOCK_50     ; LCD_Display:u1|CLK_400HZ ; 0.000        ; 1.154      ; 1.576      ;
; 0.221 ; Reset_Delay:r0|oRESET ; LCD_Display:u1|state.HOLD          ; CLOCK_50     ; LCD_Display:u1|CLK_400HZ ; 0.000        ; 1.154      ; 1.576      ;
; 0.221 ; Reset_Delay:r0|oRESET ; LCD_Display:u1|state.DROP_LCD_E    ; CLOCK_50     ; LCD_Display:u1|CLK_400HZ ; 0.000        ; 1.154      ; 1.576      ;
+-------+-----------------------+------------------------------------+--------------+--------------------------+--------------+------------+------------+


+------------------------------------------------------------------------------------------------------------------------------------------+
; Slow 1200mV 0C Model Removal: 'CLOCK_50'                                                                                                 ;
+-------+-----------------------+------------------------------------+--------------+-------------+--------------+------------+------------+
; Slack ; From Node             ; To Node                            ; Launch Clock ; Latch Clock ; Relationship ; Clock Skew ; Data Delay ;
+-------+-----------------------+------------------------------------+--------------+-------------+--------------+------------+------------+
; 0.918 ; Reset_Delay:r0|oRESET ; LCD_Display:u1|CLK_COUNT_400HZ[11] ; CLOCK_50     ; CLOCK_50    ; 0.000        ; 0.472      ; 1.561      ;
; 0.918 ; Reset_Delay:r0|oRESET ; LCD_Display:u1|CLK_COUNT_400HZ[18] ; CLOCK_50     ; CLOCK_50    ; 0.000        ; 0.472      ; 1.561      ;
; 0.918 ; Reset_Delay:r0|oRESET ; LCD_Display:u1|CLK_COUNT_400HZ[14] ; CLOCK_50     ; CLOCK_50    ; 0.000        ; 0.472      ; 1.561      ;
; 0.918 ; Reset_Delay:r0|oRESET ; LCD_Display:u1|CLK_COUNT_400HZ[15] ; CLOCK_50     ; CLOCK_50    ; 0.000        ; 0.472      ; 1.561      ;
; 0.918 ; Reset_Delay:r0|oRESET ; LCD_Display:u1|CLK_COUNT_400HZ[17] ; CLOCK_50     ; CLOCK_50    ; 0.000        ; 0.472      ; 1.561      ;
; 1.299 ; Reset_Delay:r0|oRESET ; LCD_Display:u1|CLK_COUNT_400HZ[4]  ; CLOCK_50     ; CLOCK_50    ; 0.000        ; 0.069      ; 1.539      ;
; 1.299 ; Reset_Delay:r0|oRESET ; LCD_Display:u1|CLK_COUNT_400HZ[0]  ; CLOCK_50     ; CLOCK_50    ; 0.000        ; 0.069      ; 1.539      ;
; 1.299 ; Reset_Delay:r0|oRESET ; LCD_Display:u1|CLK_COUNT_400HZ[1]  ; CLOCK_50     ; CLOCK_50    ; 0.000        ; 0.069      ; 1.539      ;
; 1.299 ; Reset_Delay:r0|oRESET ; LCD_Display:u1|CLK_COUNT_400HZ[2]  ; CLOCK_50     ; CLOCK_50    ; 0.000        ; 0.069      ; 1.539      ;
; 1.299 ; Reset_Delay:r0|oRESET ; LCD_Display:u1|CLK_COUNT_400HZ[3]  ; CLOCK_50     ; CLOCK_50    ; 0.000        ; 0.069      ; 1.539      ;
; 1.299 ; Reset_Delay:r0|oRESET ; LCD_Display:u1|CLK_COUNT_400HZ[5]  ; CLOCK_50     ; CLOCK_50    ; 0.000        ; 0.069      ; 1.539      ;
; 1.299 ; Reset_Delay:r0|oRESET ; LCD_Display:u1|CLK_COUNT_400HZ[8]  ; CLOCK_50     ; CLOCK_50    ; 0.000        ; 0.069      ; 1.539      ;
; 1.299 ; Reset_Delay:r0|oRESET ; LCD_Display:u1|CLK_COUNT_400HZ[6]  ; CLOCK_50     ; CLOCK_50    ; 0.000        ; 0.069      ; 1.539      ;
; 1.299 ; Reset_Delay:r0|oRESET ; LCD_Display:u1|CLK_COUNT_400HZ[7]  ; CLOCK_50     ; CLOCK_50    ; 0.000        ; 0.069      ; 1.539      ;
; 1.299 ; Reset_Delay:r0|oRESET ; LCD_Display:u1|CLK_COUNT_400HZ[9]  ; CLOCK_50     ; CLOCK_50    ; 0.000        ; 0.069      ; 1.539      ;
; 1.317 ; Reset_Delay:r0|oRESET ; LCD_Display:u1|CLK_400HZ           ; CLOCK_50     ; CLOCK_50    ; 0.000        ; 0.073      ; 1.561      ;
; 1.317 ; Reset_Delay:r0|oRESET ; LCD_Display:u1|CLK_COUNT_400HZ[16] ; CLOCK_50     ; CLOCK_50    ; 0.000        ; 0.073      ; 1.561      ;
; 1.317 ; Reset_Delay:r0|oRESET ; LCD_Display:u1|CLK_COUNT_400HZ[10] ; CLOCK_50     ; CLOCK_50    ; 0.000        ; 0.073      ; 1.561      ;
; 1.317 ; Reset_Delay:r0|oRESET ; LCD_Display:u1|CLK_COUNT_400HZ[12] ; CLOCK_50     ; CLOCK_50    ; 0.000        ; 0.073      ; 1.561      ;
; 1.317 ; Reset_Delay:r0|oRESET ; LCD_Display:u1|CLK_COUNT_400HZ[13] ; CLOCK_50     ; CLOCK_50    ; 0.000        ; 0.073      ; 1.561      ;
; 1.317 ; Reset_Delay:r0|oRESET ; LCD_Display:u1|CLK_COUNT_400HZ[19] ; CLOCK_50     ; CLOCK_50    ; 0.000        ; 0.073      ; 1.561      ;
+-------+-----------------------+------------------------------------+--------------+-------------+--------------+------------+------------+


+------------------------------------------------------------------------------------------------------------------------+
; Slow 1200mV 0C Model Minimum Pulse Width: 'CLOCK_50'                                                                   ;
+--------+--------------+----------------+------------------+----------+------------+------------------------------------+
; Slack  ; Actual Width ; Required Width ; Type             ; Clock    ; Clock Edge ; Target                             ;
+--------+--------------+----------------+------------------+----------+------------+------------------------------------+
; -3.000 ; 1.000        ; 4.000          ; Port Rate        ; CLOCK_50 ; Rise       ; CLOCK_50                           ;
; -1.285 ; 1.000        ; 2.285          ; Min Period       ; CLOCK_50 ; Rise       ; LCD_Display:u1|CLK_400HZ           ;
; -1.285 ; 1.000        ; 2.285          ; Min Period       ; CLOCK_50 ; Rise       ; LCD_Display:u1|CLK_COUNT_400HZ[0]  ;
; -1.285 ; 1.000        ; 2.285          ; Min Period       ; CLOCK_50 ; Rise       ; LCD_Display:u1|CLK_COUNT_400HZ[10] ;
; -1.285 ; 1.000        ; 2.285          ; Min Period       ; CLOCK_50 ; Rise       ; LCD_Display:u1|CLK_COUNT_400HZ[11] ;
; -1.285 ; 1.000        ; 2.285          ; Min Period       ; CLOCK_50 ; Rise       ; LCD_Display:u1|CLK_COUNT_400HZ[12] ;
; -1.285 ; 1.000        ; 2.285          ; Min Period       ; CLOCK_50 ; Rise       ; LCD_Display:u1|CLK_COUNT_400HZ[13] ;
; -1.285 ; 1.000        ; 2.285          ; Min Period       ; CLOCK_50 ; Rise       ; LCD_Display:u1|CLK_COUNT_400HZ[14] ;
; -1.285 ; 1.000        ; 2.285          ; Min Period       ; CLOCK_50 ; Rise       ; LCD_Display:u1|CLK_COUNT_400HZ[15] ;
; -1.285 ; 1.000        ; 2.285          ; Min Period       ; CLOCK_50 ; Rise       ; LCD_Display:u1|CLK_COUNT_400HZ[16] ;
; -1.285 ; 1.000        ; 2.285          ; Min Period       ; CLOCK_50 ; Rise       ; LCD_Display:u1|CLK_COUNT_400HZ[17] ;
; -1.285 ; 1.000        ; 2.285          ; Min Period       ; CLOCK_50 ; Rise       ; LCD_Display:u1|CLK_COUNT_400HZ[18] ;
; -1.285 ; 1.000        ; 2.285          ; Min Period       ; CLOCK_50 ; Rise       ; LCD_Display:u1|CLK_COUNT_400HZ[19] ;
; -1.285 ; 1.000        ; 2.285          ; Min Period       ; CLOCK_50 ; Rise       ; LCD_Display:u1|CLK_COUNT_400HZ[1]  ;
; -1.285 ; 1.000        ; 2.285          ; Min Period       ; CLOCK_50 ; Rise       ; LCD_Display:u1|CLK_COUNT_400HZ[2]  ;
; -1.285 ; 1.000        ; 2.285          ; Min Period       ; CLOCK_50 ; Rise       ; LCD_Display:u1|CLK_COUNT_400HZ[3]  ;
; -1.285 ; 1.000        ; 2.285          ; Min Period       ; CLOCK_50 ; Rise       ; LCD_Display:u1|CLK_COUNT_400HZ[4]  ;
; -1.285 ; 1.000        ; 2.285          ; Min Period       ; CLOCK_50 ; Rise       ; LCD_Display:u1|CLK_COUNT_400HZ[5]  ;
; -1.285 ; 1.000        ; 2.285          ; Min Period       ; CLOCK_50 ; Rise       ; LCD_Display:u1|CLK_COUNT_400HZ[6]  ;
; -1.285 ; 1.000        ; 2.285          ; Min Period       ; CLOCK_50 ; Rise       ; LCD_Display:u1|CLK_COUNT_400HZ[7]  ;
; -1.285 ; 1.000        ; 2.285          ; Min Period       ; CLOCK_50 ; Rise       ; LCD_Display:u1|CLK_COUNT_400HZ[8]  ;
; -1.285 ; 1.000        ; 2.285          ; Min Period       ; CLOCK_50 ; Rise       ; LCD_Display:u1|CLK_COUNT_400HZ[9]  ;
; -1.285 ; 1.000        ; 2.285          ; Min Period       ; CLOCK_50 ; Rise       ; Reset_Delay:r0|Cont[0]             ;
; -1.285 ; 1.000        ; 2.285          ; Min Period       ; CLOCK_50 ; Rise       ; Reset_Delay:r0|Cont[10]            ;
; -1.285 ; 1.000        ; 2.285          ; Min Period       ; CLOCK_50 ; Rise       ; Reset_Delay:r0|Cont[11]            ;
; -1.285 ; 1.000        ; 2.285          ; Min Period       ; CLOCK_50 ; Rise       ; Reset_Delay:r0|Cont[12]            ;
; -1.285 ; 1.000        ; 2.285          ; Min Period       ; CLOCK_50 ; Rise       ; Reset_Delay:r0|Cont[13]            ;
; -1.285 ; 1.000        ; 2.285          ; Min Period       ; CLOCK_50 ; Rise       ; Reset_Delay:r0|Cont[14]            ;
; -1.285 ; 1.000        ; 2.285          ; Min Period       ; CLOCK_50 ; Rise       ; Reset_Delay:r0|Cont[15]            ;
; -1.285 ; 1.000        ; 2.285          ; Min Period       ; CLOCK_50 ; Rise       ; Reset_Delay:r0|Cont[16]            ;
; -1.285 ; 1.000        ; 2.285          ; Min Period       ; CLOCK_50 ; Rise       ; Reset_Delay:r0|Cont[17]            ;
; -1.285 ; 1.000        ; 2.285          ; Min Period       ; CLOCK_50 ; Rise       ; Reset_Delay:r0|Cont[18]            ;
; -1.285 ; 1.000        ; 2.285          ; Min Period       ; CLOCK_50 ; Rise       ; Reset_Delay:r0|Cont[19]            ;
; -1.285 ; 1.000        ; 2.285          ; Min Period       ; CLOCK_50 ; Rise       ; Reset_Delay:r0|Cont[1]             ;
; -1.285 ; 1.000        ; 2.285          ; Min Period       ; CLOCK_50 ; Rise       ; Reset_Delay:r0|Cont[2]             ;
; -1.285 ; 1.000        ; 2.285          ; Min Period       ; CLOCK_50 ; Rise       ; Reset_Delay:r0|Cont[3]             ;
; -1.285 ; 1.000        ; 2.285          ; Min Period       ; CLOCK_50 ; Rise       ; Reset_Delay:r0|Cont[4]             ;
; -1.285 ; 1.000        ; 2.285          ; Min Period       ; CLOCK_50 ; Rise       ; Reset_Delay:r0|Cont[5]             ;
; -1.285 ; 1.000        ; 2.285          ; Min Period       ; CLOCK_50 ; Rise       ; Reset_Delay:r0|Cont[6]             ;
; -1.285 ; 1.000        ; 2.285          ; Min Period       ; CLOCK_50 ; Rise       ; Reset_Delay:r0|Cont[7]             ;
; -1.285 ; 1.000        ; 2.285          ; Min Period       ; CLOCK_50 ; Rise       ; Reset_Delay:r0|Cont[8]             ;
; -1.285 ; 1.000        ; 2.285          ; Min Period       ; CLOCK_50 ; Rise       ; Reset_Delay:r0|Cont[9]             ;
; -1.285 ; 1.000        ; 2.285          ; Min Period       ; CLOCK_50 ; Rise       ; Reset_Delay:r0|oRESET              ;
; 0.276  ; 0.462        ; 0.186          ; Low Pulse Width  ; CLOCK_50 ; Rise       ; LCD_Display:u1|CLK_COUNT_400HZ[0]  ;
; 0.276  ; 0.462        ; 0.186          ; Low Pulse Width  ; CLOCK_50 ; Rise       ; LCD_Display:u1|CLK_COUNT_400HZ[1]  ;
; 0.276  ; 0.462        ; 0.186          ; Low Pulse Width  ; CLOCK_50 ; Rise       ; LCD_Display:u1|CLK_COUNT_400HZ[2]  ;
; 0.276  ; 0.462        ; 0.186          ; Low Pulse Width  ; CLOCK_50 ; Rise       ; LCD_Display:u1|CLK_COUNT_400HZ[3]  ;
; 0.276  ; 0.462        ; 0.186          ; Low Pulse Width  ; CLOCK_50 ; Rise       ; LCD_Display:u1|CLK_COUNT_400HZ[4]  ;
; 0.276  ; 0.462        ; 0.186          ; Low Pulse Width  ; CLOCK_50 ; Rise       ; LCD_Display:u1|CLK_COUNT_400HZ[5]  ;
; 0.276  ; 0.462        ; 0.186          ; Low Pulse Width  ; CLOCK_50 ; Rise       ; LCD_Display:u1|CLK_COUNT_400HZ[6]  ;
; 0.276  ; 0.462        ; 0.186          ; Low Pulse Width  ; CLOCK_50 ; Rise       ; LCD_Display:u1|CLK_COUNT_400HZ[7]  ;
; 0.276  ; 0.462        ; 0.186          ; Low Pulse Width  ; CLOCK_50 ; Rise       ; LCD_Display:u1|CLK_COUNT_400HZ[8]  ;
; 0.276  ; 0.462        ; 0.186          ; Low Pulse Width  ; CLOCK_50 ; Rise       ; LCD_Display:u1|CLK_COUNT_400HZ[9]  ;
; 0.277  ; 0.463        ; 0.186          ; Low Pulse Width  ; CLOCK_50 ; Rise       ; LCD_Display:u1|CLK_400HZ           ;
; 0.277  ; 0.463        ; 0.186          ; Low Pulse Width  ; CLOCK_50 ; Rise       ; LCD_Display:u1|CLK_COUNT_400HZ[10] ;
; 0.277  ; 0.463        ; 0.186          ; Low Pulse Width  ; CLOCK_50 ; Rise       ; LCD_Display:u1|CLK_COUNT_400HZ[12] ;
; 0.277  ; 0.463        ; 0.186          ; Low Pulse Width  ; CLOCK_50 ; Rise       ; LCD_Display:u1|CLK_COUNT_400HZ[13] ;
; 0.277  ; 0.463        ; 0.186          ; Low Pulse Width  ; CLOCK_50 ; Rise       ; LCD_Display:u1|CLK_COUNT_400HZ[16] ;
; 0.277  ; 0.463        ; 0.186          ; Low Pulse Width  ; CLOCK_50 ; Rise       ; LCD_Display:u1|CLK_COUNT_400HZ[19] ;
; 0.277  ; 0.463        ; 0.186          ; Low Pulse Width  ; CLOCK_50 ; Rise       ; Reset_Delay:r0|Cont[0]             ;
; 0.277  ; 0.463        ; 0.186          ; Low Pulse Width  ; CLOCK_50 ; Rise       ; Reset_Delay:r0|Cont[10]            ;
; 0.277  ; 0.463        ; 0.186          ; Low Pulse Width  ; CLOCK_50 ; Rise       ; Reset_Delay:r0|Cont[11]            ;
; 0.277  ; 0.463        ; 0.186          ; Low Pulse Width  ; CLOCK_50 ; Rise       ; Reset_Delay:r0|Cont[12]            ;
; 0.277  ; 0.463        ; 0.186          ; Low Pulse Width  ; CLOCK_50 ; Rise       ; Reset_Delay:r0|Cont[13]            ;
; 0.277  ; 0.463        ; 0.186          ; Low Pulse Width  ; CLOCK_50 ; Rise       ; Reset_Delay:r0|Cont[14]            ;
; 0.277  ; 0.463        ; 0.186          ; Low Pulse Width  ; CLOCK_50 ; Rise       ; Reset_Delay:r0|Cont[15]            ;
; 0.277  ; 0.463        ; 0.186          ; Low Pulse Width  ; CLOCK_50 ; Rise       ; Reset_Delay:r0|Cont[16]            ;
; 0.277  ; 0.463        ; 0.186          ; Low Pulse Width  ; CLOCK_50 ; Rise       ; Reset_Delay:r0|Cont[19]            ;
; 0.277  ; 0.463        ; 0.186          ; Low Pulse Width  ; CLOCK_50 ; Rise       ; Reset_Delay:r0|Cont[1]             ;
; 0.277  ; 0.463        ; 0.186          ; Low Pulse Width  ; CLOCK_50 ; Rise       ; Reset_Delay:r0|Cont[2]             ;
; 0.277  ; 0.463        ; 0.186          ; Low Pulse Width  ; CLOCK_50 ; Rise       ; Reset_Delay:r0|Cont[3]             ;
; 0.277  ; 0.463        ; 0.186          ; Low Pulse Width  ; CLOCK_50 ; Rise       ; Reset_Delay:r0|Cont[4]             ;
; 0.277  ; 0.463        ; 0.186          ; Low Pulse Width  ; CLOCK_50 ; Rise       ; Reset_Delay:r0|Cont[5]             ;
; 0.277  ; 0.463        ; 0.186          ; Low Pulse Width  ; CLOCK_50 ; Rise       ; Reset_Delay:r0|Cont[6]             ;
; 0.277  ; 0.463        ; 0.186          ; Low Pulse Width  ; CLOCK_50 ; Rise       ; Reset_Delay:r0|Cont[7]             ;
; 0.277  ; 0.463        ; 0.186          ; Low Pulse Width  ; CLOCK_50 ; Rise       ; Reset_Delay:r0|Cont[8]             ;
; 0.277  ; 0.463        ; 0.186          ; Low Pulse Width  ; CLOCK_50 ; Rise       ; Reset_Delay:r0|Cont[9]             ;
; 0.277  ; 0.463        ; 0.186          ; Low Pulse Width  ; CLOCK_50 ; Rise       ; Reset_Delay:r0|oRESET              ;
; 0.290  ; 0.476        ; 0.186          ; Low Pulse Width  ; CLOCK_50 ; Rise       ; LCD_Display:u1|CLK_COUNT_400HZ[11] ;
; 0.290  ; 0.476        ; 0.186          ; Low Pulse Width  ; CLOCK_50 ; Rise       ; LCD_Display:u1|CLK_COUNT_400HZ[14] ;
; 0.290  ; 0.476        ; 0.186          ; Low Pulse Width  ; CLOCK_50 ; Rise       ; LCD_Display:u1|CLK_COUNT_400HZ[15] ;
; 0.290  ; 0.476        ; 0.186          ; Low Pulse Width  ; CLOCK_50 ; Rise       ; LCD_Display:u1|CLK_COUNT_400HZ[17] ;
; 0.290  ; 0.476        ; 0.186          ; Low Pulse Width  ; CLOCK_50 ; Rise       ; LCD_Display:u1|CLK_COUNT_400HZ[18] ;
; 0.296  ; 0.482        ; 0.186          ; Low Pulse Width  ; CLOCK_50 ; Rise       ; Reset_Delay:r0|Cont[17]            ;
; 0.296  ; 0.482        ; 0.186          ; Low Pulse Width  ; CLOCK_50 ; Rise       ; Reset_Delay:r0|Cont[18]            ;
; 0.297  ; 0.515        ; 0.218          ; High Pulse Width ; CLOCK_50 ; Rise       ; Reset_Delay:r0|Cont[17]            ;
; 0.297  ; 0.515        ; 0.218          ; High Pulse Width ; CLOCK_50 ; Rise       ; Reset_Delay:r0|Cont[18]            ;
; 0.303  ; 0.521        ; 0.218          ; High Pulse Width ; CLOCK_50 ; Rise       ; LCD_Display:u1|CLK_COUNT_400HZ[11] ;
; 0.303  ; 0.521        ; 0.218          ; High Pulse Width ; CLOCK_50 ; Rise       ; LCD_Display:u1|CLK_COUNT_400HZ[14] ;
; 0.303  ; 0.521        ; 0.218          ; High Pulse Width ; CLOCK_50 ; Rise       ; LCD_Display:u1|CLK_COUNT_400HZ[15] ;
; 0.303  ; 0.521        ; 0.218          ; High Pulse Width ; CLOCK_50 ; Rise       ; LCD_Display:u1|CLK_COUNT_400HZ[17] ;
; 0.303  ; 0.521        ; 0.218          ; High Pulse Width ; CLOCK_50 ; Rise       ; LCD_Display:u1|CLK_COUNT_400HZ[18] ;
; 0.316  ; 0.534        ; 0.218          ; High Pulse Width ; CLOCK_50 ; Rise       ; LCD_Display:u1|CLK_400HZ           ;
; 0.316  ; 0.534        ; 0.218          ; High Pulse Width ; CLOCK_50 ; Rise       ; LCD_Display:u1|CLK_COUNT_400HZ[10] ;
; 0.316  ; 0.534        ; 0.218          ; High Pulse Width ; CLOCK_50 ; Rise       ; LCD_Display:u1|CLK_COUNT_400HZ[12] ;
; 0.316  ; 0.534        ; 0.218          ; High Pulse Width ; CLOCK_50 ; Rise       ; LCD_Display:u1|CLK_COUNT_400HZ[13] ;
; 0.316  ; 0.534        ; 0.218          ; High Pulse Width ; CLOCK_50 ; Rise       ; LCD_Display:u1|CLK_COUNT_400HZ[16] ;
; 0.316  ; 0.534        ; 0.218          ; High Pulse Width ; CLOCK_50 ; Rise       ; LCD_Display:u1|CLK_COUNT_400HZ[19] ;
; 0.316  ; 0.534        ; 0.218          ; High Pulse Width ; CLOCK_50 ; Rise       ; Reset_Delay:r0|Cont[0]             ;
; 0.316  ; 0.534        ; 0.218          ; High Pulse Width ; CLOCK_50 ; Rise       ; Reset_Delay:r0|Cont[10]            ;
+--------+--------------+----------------+------------------+----------+------------+------------------------------------+


+-----------------------------------------------------------------------------------------------------------------------------------------------+
; Slow 1200mV 0C Model Minimum Pulse Width: 'LCD_Display:u1|CLK_400HZ'                                                                          ;
+--------+--------------+----------------+------------------+--------------------------+------------+-------------------------------------------+
; Slack  ; Actual Width ; Required Width ; Type             ; Clock                    ; Clock Edge ; Target                                    ;
+--------+--------------+----------------+------------------+--------------------------+------------+-------------------------------------------+
; -1.285 ; 1.000        ; 2.285          ; Min Period       ; LCD_Display:u1|CLK_400HZ ; Rise       ; LCD_Display:u1|CHAR_COUNT[0]              ;
; -1.285 ; 1.000        ; 2.285          ; Min Period       ; LCD_Display:u1|CLK_400HZ ; Rise       ; LCD_Display:u1|CHAR_COUNT[1]              ;
; -1.285 ; 1.000        ; 2.285          ; Min Period       ; LCD_Display:u1|CLK_400HZ ; Rise       ; LCD_Display:u1|CHAR_COUNT[2]              ;
; -1.285 ; 1.000        ; 2.285          ; Min Period       ; LCD_Display:u1|CLK_400HZ ; Rise       ; LCD_Display:u1|CHAR_COUNT[3]              ;
; -1.285 ; 1.000        ; 2.285          ; Min Period       ; LCD_Display:u1|CLK_400HZ ; Rise       ; LCD_Display:u1|CHAR_COUNT[4]              ;
; -1.285 ; 1.000        ; 2.285          ; Min Period       ; LCD_Display:u1|CLK_400HZ ; Rise       ; LCD_Display:u1|DATA_BUS_VALUE[0]          ;
; -1.285 ; 1.000        ; 2.285          ; Min Period       ; LCD_Display:u1|CLK_400HZ ; Rise       ; LCD_Display:u1|DATA_BUS_VALUE[1]          ;
; -1.285 ; 1.000        ; 2.285          ; Min Period       ; LCD_Display:u1|CLK_400HZ ; Rise       ; LCD_Display:u1|DATA_BUS_VALUE[2]          ;
; -1.285 ; 1.000        ; 2.285          ; Min Period       ; LCD_Display:u1|CLK_400HZ ; Rise       ; LCD_Display:u1|DATA_BUS_VALUE[3]          ;
; -1.285 ; 1.000        ; 2.285          ; Min Period       ; LCD_Display:u1|CLK_400HZ ; Rise       ; LCD_Display:u1|DATA_BUS_VALUE[4]          ;
; -1.285 ; 1.000        ; 2.285          ; Min Period       ; LCD_Display:u1|CLK_400HZ ; Rise       ; LCD_Display:u1|DATA_BUS_VALUE[5]          ;
; -1.285 ; 1.000        ; 2.285          ; Min Period       ; LCD_Display:u1|CLK_400HZ ; Rise       ; LCD_Display:u1|DATA_BUS_VALUE[6]          ;
; -1.285 ; 1.000        ; 2.285          ; Min Period       ; LCD_Display:u1|CLK_400HZ ; Rise       ; LCD_Display:u1|DATA_BUS_VALUE[7]          ;
; -1.285 ; 1.000        ; 2.285          ; Min Period       ; LCD_Display:u1|CLK_400HZ ; Rise       ; LCD_Display:u1|LCD_E                      ;
; -1.285 ; 1.000        ; 2.285          ; Min Period       ; LCD_Display:u1|CLK_400HZ ; Rise       ; LCD_Display:u1|LCD_RS                     ;
; -1.285 ; 1.000        ; 2.285          ; Min Period       ; LCD_Display:u1|CLK_400HZ ; Rise       ; LCD_Display:u1|next_command.DISPLAY_CLEAR ;
; -1.285 ; 1.000        ; 2.285          ; Min Period       ; LCD_Display:u1|CLK_400HZ ; Rise       ; LCD_Display:u1|next_command.DISPLAY_OFF   ;
; -1.285 ; 1.000        ; 2.285          ; Min Period       ; LCD_Display:u1|CLK_400HZ ; Rise       ; LCD_Display:u1|next_command.DISPLAY_ON    ;
; -1.285 ; 1.000        ; 2.285          ; Min Period       ; LCD_Display:u1|CLK_400HZ ; Rise       ; LCD_Display:u1|next_command.FUNC_SET      ;
; -1.285 ; 1.000        ; 2.285          ; Min Period       ; LCD_Display:u1|CLK_400HZ ; Rise       ; LCD_Display:u1|next_command.LINE2         ;
; -1.285 ; 1.000        ; 2.285          ; Min Period       ; LCD_Display:u1|CLK_400HZ ; Rise       ; LCD_Display:u1|next_command.MODE_SET      ;
; -1.285 ; 1.000        ; 2.285          ; Min Period       ; LCD_Display:u1|CLK_400HZ ; Rise       ; LCD_Display:u1|next_command.Print_String  ;
; -1.285 ; 1.000        ; 2.285          ; Min Period       ; LCD_Display:u1|CLK_400HZ ; Rise       ; LCD_Display:u1|next_command.RESET2        ;
; -1.285 ; 1.000        ; 2.285          ; Min Period       ; LCD_Display:u1|CLK_400HZ ; Rise       ; LCD_Display:u1|next_command.RESET3        ;
; -1.285 ; 1.000        ; 2.285          ; Min Period       ; LCD_Display:u1|CLK_400HZ ; Rise       ; LCD_Display:u1|next_command.RETURN_HOME   ;
; -1.285 ; 1.000        ; 2.285          ; Min Period       ; LCD_Display:u1|CLK_400HZ ; Rise       ; LCD_Display:u1|state.DISPLAY_CLEAR        ;
; -1.285 ; 1.000        ; 2.285          ; Min Period       ; LCD_Display:u1|CLK_400HZ ; Rise       ; LCD_Display:u1|state.DISPLAY_OFF          ;
; -1.285 ; 1.000        ; 2.285          ; Min Period       ; LCD_Display:u1|CLK_400HZ ; Rise       ; LCD_Display:u1|state.DISPLAY_ON           ;
; -1.285 ; 1.000        ; 2.285          ; Min Period       ; LCD_Display:u1|CLK_400HZ ; Rise       ; LCD_Display:u1|state.DROP_LCD_E           ;
; -1.285 ; 1.000        ; 2.285          ; Min Period       ; LCD_Display:u1|CLK_400HZ ; Rise       ; LCD_Display:u1|state.FUNC_SET             ;
; -1.285 ; 1.000        ; 2.285          ; Min Period       ; LCD_Display:u1|CLK_400HZ ; Rise       ; LCD_Display:u1|state.HOLD                 ;
; -1.285 ; 1.000        ; 2.285          ; Min Period       ; LCD_Display:u1|CLK_400HZ ; Rise       ; LCD_Display:u1|state.LINE2                ;
; -1.285 ; 1.000        ; 2.285          ; Min Period       ; LCD_Display:u1|CLK_400HZ ; Rise       ; LCD_Display:u1|state.MODE_SET             ;
; -1.285 ; 1.000        ; 2.285          ; Min Period       ; LCD_Display:u1|CLK_400HZ ; Rise       ; LCD_Display:u1|state.Print_String         ;
; -1.285 ; 1.000        ; 2.285          ; Min Period       ; LCD_Display:u1|CLK_400HZ ; Rise       ; LCD_Display:u1|state.RESET1               ;
; -1.285 ; 1.000        ; 2.285          ; Min Period       ; LCD_Display:u1|CLK_400HZ ; Rise       ; LCD_Display:u1|state.RESET2               ;
; -1.285 ; 1.000        ; 2.285          ; Min Period       ; LCD_Display:u1|CLK_400HZ ; Rise       ; LCD_Display:u1|state.RESET3               ;
; -1.285 ; 1.000        ; 2.285          ; Min Period       ; LCD_Display:u1|CLK_400HZ ; Rise       ; LCD_Display:u1|state.RETURN_HOME          ;
; 0.163  ; 0.381        ; 0.218          ; High Pulse Width ; LCD_Display:u1|CLK_400HZ ; Rise       ; LCD_Display:u1|CHAR_COUNT[0]              ;
; 0.163  ; 0.381        ; 0.218          ; High Pulse Width ; LCD_Display:u1|CLK_400HZ ; Rise       ; LCD_Display:u1|CHAR_COUNT[1]              ;
; 0.163  ; 0.381        ; 0.218          ; High Pulse Width ; LCD_Display:u1|CLK_400HZ ; Rise       ; LCD_Display:u1|CHAR_COUNT[2]              ;
; 0.163  ; 0.381        ; 0.218          ; High Pulse Width ; LCD_Display:u1|CLK_400HZ ; Rise       ; LCD_Display:u1|CHAR_COUNT[3]              ;
; 0.163  ; 0.381        ; 0.218          ; High Pulse Width ; LCD_Display:u1|CLK_400HZ ; Rise       ; LCD_Display:u1|CHAR_COUNT[4]              ;
; 0.163  ; 0.381        ; 0.218          ; High Pulse Width ; LCD_Display:u1|CLK_400HZ ; Rise       ; LCD_Display:u1|DATA_BUS_VALUE[0]          ;
; 0.163  ; 0.381        ; 0.218          ; High Pulse Width ; LCD_Display:u1|CLK_400HZ ; Rise       ; LCD_Display:u1|DATA_BUS_VALUE[1]          ;
; 0.163  ; 0.381        ; 0.218          ; High Pulse Width ; LCD_Display:u1|CLK_400HZ ; Rise       ; LCD_Display:u1|DATA_BUS_VALUE[2]          ;
; 0.163  ; 0.381        ; 0.218          ; High Pulse Width ; LCD_Display:u1|CLK_400HZ ; Rise       ; LCD_Display:u1|DATA_BUS_VALUE[3]          ;
; 0.163  ; 0.381        ; 0.218          ; High Pulse Width ; LCD_Display:u1|CLK_400HZ ; Rise       ; LCD_Display:u1|DATA_BUS_VALUE[4]          ;
; 0.163  ; 0.381        ; 0.218          ; High Pulse Width ; LCD_Display:u1|CLK_400HZ ; Rise       ; LCD_Display:u1|DATA_BUS_VALUE[5]          ;
; 0.163  ; 0.381        ; 0.218          ; High Pulse Width ; LCD_Display:u1|CLK_400HZ ; Rise       ; LCD_Display:u1|DATA_BUS_VALUE[6]          ;
; 0.163  ; 0.381        ; 0.218          ; High Pulse Width ; LCD_Display:u1|CLK_400HZ ; Rise       ; LCD_Display:u1|DATA_BUS_VALUE[7]          ;
; 0.163  ; 0.381        ; 0.218          ; High Pulse Width ; LCD_Display:u1|CLK_400HZ ; Rise       ; LCD_Display:u1|LCD_E                      ;
; 0.163  ; 0.381        ; 0.218          ; High Pulse Width ; LCD_Display:u1|CLK_400HZ ; Rise       ; LCD_Display:u1|LCD_RS                     ;
; 0.163  ; 0.381        ; 0.218          ; High Pulse Width ; LCD_Display:u1|CLK_400HZ ; Rise       ; LCD_Display:u1|next_command.DISPLAY_CLEAR ;
; 0.163  ; 0.381        ; 0.218          ; High Pulse Width ; LCD_Display:u1|CLK_400HZ ; Rise       ; LCD_Display:u1|next_command.DISPLAY_OFF   ;
; 0.163  ; 0.381        ; 0.218          ; High Pulse Width ; LCD_Display:u1|CLK_400HZ ; Rise       ; LCD_Display:u1|next_command.DISPLAY_ON    ;
; 0.163  ; 0.381        ; 0.218          ; High Pulse Width ; LCD_Display:u1|CLK_400HZ ; Rise       ; LCD_Display:u1|next_command.FUNC_SET      ;
; 0.163  ; 0.381        ; 0.218          ; High Pulse Width ; LCD_Display:u1|CLK_400HZ ; Rise       ; LCD_Display:u1|next_command.LINE2         ;
; 0.163  ; 0.381        ; 0.218          ; High Pulse Width ; LCD_Display:u1|CLK_400HZ ; Rise       ; LCD_Display:u1|next_command.MODE_SET      ;
; 0.163  ; 0.381        ; 0.218          ; High Pulse Width ; LCD_Display:u1|CLK_400HZ ; Rise       ; LCD_Display:u1|next_command.Print_String  ;
; 0.163  ; 0.381        ; 0.218          ; High Pulse Width ; LCD_Display:u1|CLK_400HZ ; Rise       ; LCD_Display:u1|next_command.RESET2        ;
; 0.163  ; 0.381        ; 0.218          ; High Pulse Width ; LCD_Display:u1|CLK_400HZ ; Rise       ; LCD_Display:u1|next_command.RESET3        ;
; 0.163  ; 0.381        ; 0.218          ; High Pulse Width ; LCD_Display:u1|CLK_400HZ ; Rise       ; LCD_Display:u1|next_command.RETURN_HOME   ;
; 0.163  ; 0.381        ; 0.218          ; High Pulse Width ; LCD_Display:u1|CLK_400HZ ; Rise       ; LCD_Display:u1|state.DISPLAY_CLEAR        ;
; 0.163  ; 0.381        ; 0.218          ; High Pulse Width ; LCD_Display:u1|CLK_400HZ ; Rise       ; LCD_Display:u1|state.DISPLAY_OFF          ;
; 0.163  ; 0.381        ; 0.218          ; High Pulse Width ; LCD_Display:u1|CLK_400HZ ; Rise       ; LCD_Display:u1|state.DISPLAY_ON           ;
; 0.163  ; 0.381        ; 0.218          ; High Pulse Width ; LCD_Display:u1|CLK_400HZ ; Rise       ; LCD_Display:u1|state.DROP_LCD_E           ;
; 0.163  ; 0.381        ; 0.218          ; High Pulse Width ; LCD_Display:u1|CLK_400HZ ; Rise       ; LCD_Display:u1|state.FUNC_SET             ;
; 0.163  ; 0.381        ; 0.218          ; High Pulse Width ; LCD_Display:u1|CLK_400HZ ; Rise       ; LCD_Display:u1|state.HOLD                 ;
; 0.163  ; 0.381        ; 0.218          ; High Pulse Width ; LCD_Display:u1|CLK_400HZ ; Rise       ; LCD_Display:u1|state.LINE2                ;
; 0.163  ; 0.381        ; 0.218          ; High Pulse Width ; LCD_Display:u1|CLK_400HZ ; Rise       ; LCD_Display:u1|state.MODE_SET             ;
; 0.163  ; 0.381        ; 0.218          ; High Pulse Width ; LCD_Display:u1|CLK_400HZ ; Rise       ; LCD_Display:u1|state.Print_String         ;
; 0.163  ; 0.381        ; 0.218          ; High Pulse Width ; LCD_Display:u1|CLK_400HZ ; Rise       ; LCD_Display:u1|state.RESET1               ;
; 0.163  ; 0.381        ; 0.218          ; High Pulse Width ; LCD_Display:u1|CLK_400HZ ; Rise       ; LCD_Display:u1|state.RESET2               ;
; 0.163  ; 0.381        ; 0.218          ; High Pulse Width ; LCD_Display:u1|CLK_400HZ ; Rise       ; LCD_Display:u1|state.RESET3               ;
; 0.163  ; 0.381        ; 0.218          ; High Pulse Width ; LCD_Display:u1|CLK_400HZ ; Rise       ; LCD_Display:u1|state.RETURN_HOME          ;
; 0.421  ; 0.421        ; 0.000          ; High Pulse Width ; LCD_Display:u1|CLK_400HZ ; Rise       ; u1|CHAR_COUNT[0]|clk                      ;
; 0.421  ; 0.421        ; 0.000          ; High Pulse Width ; LCD_Display:u1|CLK_400HZ ; Rise       ; u1|CHAR_COUNT[1]|clk                      ;
; 0.421  ; 0.421        ; 0.000          ; High Pulse Width ; LCD_Display:u1|CLK_400HZ ; Rise       ; u1|CHAR_COUNT[2]|clk                      ;
; 0.421  ; 0.421        ; 0.000          ; High Pulse Width ; LCD_Display:u1|CLK_400HZ ; Rise       ; u1|CHAR_COUNT[3]|clk                      ;
; 0.421  ; 0.421        ; 0.000          ; High Pulse Width ; LCD_Display:u1|CLK_400HZ ; Rise       ; u1|CHAR_COUNT[4]|clk                      ;
; 0.421  ; 0.421        ; 0.000          ; High Pulse Width ; LCD_Display:u1|CLK_400HZ ; Rise       ; u1|DATA_BUS_VALUE[0]|clk                  ;
; 0.421  ; 0.421        ; 0.000          ; High Pulse Width ; LCD_Display:u1|CLK_400HZ ; Rise       ; u1|DATA_BUS_VALUE[1]|clk                  ;
; 0.421  ; 0.421        ; 0.000          ; High Pulse Width ; LCD_Display:u1|CLK_400HZ ; Rise       ; u1|DATA_BUS_VALUE[2]|clk                  ;
; 0.421  ; 0.421        ; 0.000          ; High Pulse Width ; LCD_Display:u1|CLK_400HZ ; Rise       ; u1|DATA_BUS_VALUE[3]|clk                  ;
; 0.421  ; 0.421        ; 0.000          ; High Pulse Width ; LCD_Display:u1|CLK_400HZ ; Rise       ; u1|DATA_BUS_VALUE[4]|clk                  ;
; 0.421  ; 0.421        ; 0.000          ; High Pulse Width ; LCD_Display:u1|CLK_400HZ ; Rise       ; u1|DATA_BUS_VALUE[5]|clk                  ;
; 0.421  ; 0.421        ; 0.000          ; High Pulse Width ; LCD_Display:u1|CLK_400HZ ; Rise       ; u1|DATA_BUS_VALUE[6]|clk                  ;
; 0.421  ; 0.421        ; 0.000          ; High Pulse Width ; LCD_Display:u1|CLK_400HZ ; Rise       ; u1|DATA_BUS_VALUE[7]|clk                  ;
; 0.421  ; 0.421        ; 0.000          ; High Pulse Width ; LCD_Display:u1|CLK_400HZ ; Rise       ; u1|LCD_E|clk                              ;
; 0.421  ; 0.421        ; 0.000          ; High Pulse Width ; LCD_Display:u1|CLK_400HZ ; Rise       ; u1|LCD_RS|clk                             ;
; 0.421  ; 0.421        ; 0.000          ; High Pulse Width ; LCD_Display:u1|CLK_400HZ ; Rise       ; u1|next_command.DISPLAY_CLEAR|clk         ;
; 0.421  ; 0.421        ; 0.000          ; High Pulse Width ; LCD_Display:u1|CLK_400HZ ; Rise       ; u1|next_command.DISPLAY_OFF|clk           ;
; 0.421  ; 0.421        ; 0.000          ; High Pulse Width ; LCD_Display:u1|CLK_400HZ ; Rise       ; u1|next_command.DISPLAY_ON|clk            ;
; 0.421  ; 0.421        ; 0.000          ; High Pulse Width ; LCD_Display:u1|CLK_400HZ ; Rise       ; u1|next_command.FUNC_SET|clk              ;
; 0.421  ; 0.421        ; 0.000          ; High Pulse Width ; LCD_Display:u1|CLK_400HZ ; Rise       ; u1|next_command.LINE2|clk                 ;
; 0.421  ; 0.421        ; 0.000          ; High Pulse Width ; LCD_Display:u1|CLK_400HZ ; Rise       ; u1|next_command.MODE_SET|clk              ;
; 0.421  ; 0.421        ; 0.000          ; High Pulse Width ; LCD_Display:u1|CLK_400HZ ; Rise       ; u1|next_command.Print_String|clk          ;
; 0.421  ; 0.421        ; 0.000          ; High Pulse Width ; LCD_Display:u1|CLK_400HZ ; Rise       ; u1|next_command.RESET2|clk                ;
; 0.421  ; 0.421        ; 0.000          ; High Pulse Width ; LCD_Display:u1|CLK_400HZ ; Rise       ; u1|next_command.RESET3|clk                ;
+--------+--------------+----------------+------------------+--------------------------+------------+-------------------------------------------+


+----------------------------------------------------------------------------------------------+
; Setup Times                                                                                  ;
+-----------+--------------------------+-------+-------+------------+--------------------------+
; Data Port ; Clock Port               ; Rise  ; Fall  ; Clock Edge ; Clock Reference          ;
+-----------+--------------------------+-------+-------+------------+--------------------------+
; SW[*]     ; LCD_Display:u1|CLK_400HZ ; 5.498 ; 5.786 ; Rise       ; LCD_Display:u1|CLK_400HZ ;
;  SW[0]    ; LCD_Display:u1|CLK_400HZ ; 4.882 ; 5.299 ; Rise       ; LCD_Display:u1|CLK_400HZ ;
;  SW[1]    ; LCD_Display:u1|CLK_400HZ ; 4.536 ; 4.801 ; Rise       ; LCD_Display:u1|CLK_400HZ ;
;  SW[2]    ; LCD_Display:u1|CLK_400HZ ; 5.158 ; 5.339 ; Rise       ; LCD_Display:u1|CLK_400HZ ;
;  SW[3]    ; LCD_Display:u1|CLK_400HZ ; 5.498 ; 5.786 ; Rise       ; LCD_Display:u1|CLK_400HZ ;
;  SW[4]    ; LCD_Display:u1|CLK_400HZ ; 4.588 ; 4.987 ; Rise       ; LCD_Display:u1|CLK_400HZ ;
;  SW[5]    ; LCD_Display:u1|CLK_400HZ ; 4.467 ; 4.719 ; Rise       ; LCD_Display:u1|CLK_400HZ ;
;  SW[6]    ; LCD_Display:u1|CLK_400HZ ; 4.873 ; 5.095 ; Rise       ; LCD_Display:u1|CLK_400HZ ;
;  SW[7]    ; LCD_Display:u1|CLK_400HZ ; 5.145 ; 5.405 ; Rise       ; LCD_Display:u1|CLK_400HZ ;
+-----------+--------------------------+-------+-------+------------+--------------------------+


+------------------------------------------------------------------------------------------------+
; Hold Times                                                                                     ;
+-----------+--------------------------+--------+--------+------------+--------------------------+
; Data Port ; Clock Port               ; Rise   ; Fall   ; Clock Edge ; Clock Reference          ;
+-----------+--------------------------+--------+--------+------------+--------------------------+
; SW[*]     ; LCD_Display:u1|CLK_400HZ ; -2.921 ; -3.267 ; Rise       ; LCD_Display:u1|CLK_400HZ ;
;  SW[0]    ; LCD_Display:u1|CLK_400HZ ; -3.394 ; -3.795 ; Rise       ; LCD_Display:u1|CLK_400HZ ;
;  SW[1]    ; LCD_Display:u1|CLK_400HZ ; -2.986 ; -3.345 ; Rise       ; LCD_Display:u1|CLK_400HZ ;
;  SW[2]    ; LCD_Display:u1|CLK_400HZ ; -3.796 ; -4.005 ; Rise       ; LCD_Display:u1|CLK_400HZ ;
;  SW[3]    ; LCD_Display:u1|CLK_400HZ ; -4.088 ; -4.378 ; Rise       ; LCD_Display:u1|CLK_400HZ ;
;  SW[4]    ; LCD_Display:u1|CLK_400HZ ; -3.080 ; -3.448 ; Rise       ; LCD_Display:u1|CLK_400HZ ;
;  SW[5]    ; LCD_Display:u1|CLK_400HZ ; -2.921 ; -3.267 ; Rise       ; LCD_Display:u1|CLK_400HZ ;
;  SW[6]    ; LCD_Display:u1|CLK_400HZ ; -3.526 ; -3.776 ; Rise       ; LCD_Display:u1|CLK_400HZ ;
;  SW[7]    ; LCD_Display:u1|CLK_400HZ ; -3.808 ; -4.079 ; Rise       ; LCD_Display:u1|CLK_400HZ ;
+-----------+--------------------------+--------+--------+------------+--------------------------+


+-------------------------------------------------------------------------------------------------+
; Clock to Output Times                                                                           ;
+--------------+--------------------------+-------+-------+------------+--------------------------+
; Data Port    ; Clock Port               ; Rise  ; Fall  ; Clock Edge ; Clock Reference          ;
+--------------+--------------------------+-------+-------+------------+--------------------------+
; LCD_DATA[*]  ; LCD_Display:u1|CLK_400HZ ; 8.847 ; 8.817 ; Rise       ; LCD_Display:u1|CLK_400HZ ;
;  LCD_DATA[0] ; LCD_Display:u1|CLK_400HZ ; 8.057 ; 7.950 ; Rise       ; LCD_Display:u1|CLK_400HZ ;
;  LCD_DATA[1] ; LCD_Display:u1|CLK_400HZ ; 7.794 ; 7.702 ; Rise       ; LCD_Display:u1|CLK_400HZ ;
;  LCD_DATA[2] ; LCD_Display:u1|CLK_400HZ ; 7.950 ; 7.819 ; Rise       ; LCD_Display:u1|CLK_400HZ ;
;  LCD_DATA[3] ; LCD_Display:u1|CLK_400HZ ; 7.962 ; 7.824 ; Rise       ; LCD_Display:u1|CLK_400HZ ;
;  LCD_DATA[4] ; LCD_Display:u1|CLK_400HZ ; 8.093 ; 7.989 ; Rise       ; LCD_Display:u1|CLK_400HZ ;
;  LCD_DATA[5] ; LCD_Display:u1|CLK_400HZ ; 8.399 ; 8.275 ; Rise       ; LCD_Display:u1|CLK_400HZ ;
;  LCD_DATA[6] ; LCD_Display:u1|CLK_400HZ ; 8.614 ; 8.589 ; Rise       ; LCD_Display:u1|CLK_400HZ ;
;  LCD_DATA[7] ; LCD_Display:u1|CLK_400HZ ; 8.847 ; 8.817 ; Rise       ; LCD_Display:u1|CLK_400HZ ;
; LCD_EN       ; LCD_Display:u1|CLK_400HZ ; 7.799 ; 7.704 ; Rise       ; LCD_Display:u1|CLK_400HZ ;
; LCD_RS       ; LCD_Display:u1|CLK_400HZ ; 7.803 ; 7.711 ; Rise       ; LCD_Display:u1|CLK_400HZ ;
+--------------+--------------------------+-------+-------+------------+--------------------------+


+-------------------------------------------------------------------------------------------------+
; Minimum Clock to Output Times                                                                   ;
+--------------+--------------------------+-------+-------+------------+--------------------------+
; Data Port    ; Clock Port               ; Rise  ; Fall  ; Clock Edge ; Clock Reference          ;
+--------------+--------------------------+-------+-------+------------+--------------------------+
; LCD_DATA[*]  ; LCD_Display:u1|CLK_400HZ ; 7.483 ; 7.393 ; Rise       ; LCD_Display:u1|CLK_400HZ ;
;  LCD_DATA[0] ; LCD_Display:u1|CLK_400HZ ; 7.734 ; 7.630 ; Rise       ; LCD_Display:u1|CLK_400HZ ;
;  LCD_DATA[1] ; LCD_Display:u1|CLK_400HZ ; 7.483 ; 7.393 ; Rise       ; LCD_Display:u1|CLK_400HZ ;
;  LCD_DATA[2] ; LCD_Display:u1|CLK_400HZ ; 7.632 ; 7.505 ; Rise       ; LCD_Display:u1|CLK_400HZ ;
;  LCD_DATA[3] ; LCD_Display:u1|CLK_400HZ ; 7.642 ; 7.508 ; Rise       ; LCD_Display:u1|CLK_400HZ ;
;  LCD_DATA[4] ; LCD_Display:u1|CLK_400HZ ; 7.770 ; 7.668 ; Rise       ; LCD_Display:u1|CLK_400HZ ;
;  LCD_DATA[5] ; LCD_Display:u1|CLK_400HZ ; 8.064 ; 7.943 ; Rise       ; LCD_Display:u1|CLK_400HZ ;
;  LCD_DATA[6] ; LCD_Display:u1|CLK_400HZ ; 8.269 ; 8.244 ; Rise       ; LCD_Display:u1|CLK_400HZ ;
;  LCD_DATA[7] ; LCD_Display:u1|CLK_400HZ ; 8.535 ; 8.509 ; Rise       ; LCD_Display:u1|CLK_400HZ ;
; LCD_EN       ; LCD_Display:u1|CLK_400HZ ; 7.485 ; 7.393 ; Rise       ; LCD_Display:u1|CLK_400HZ ;
; LCD_RS       ; LCD_Display:u1|CLK_400HZ ; 7.491 ; 7.401 ; Rise       ; LCD_Display:u1|CLK_400HZ ;
+--------------+--------------------------+-------+-------+------------+--------------------------+


+----------------------------------------------------+
; Propagation Delay                                  ;
+------------+-------------+-------+----+----+-------+
; Input Port ; Output Port ; RR    ; RF ; FR ; FF    ;
+------------+-------------+-------+----+----+-------+
; SW[0]      ; LEDR[0]     ; 8.008 ;    ;    ; 8.300 ;
; SW[1]      ; LEDR[1]     ; 7.970 ;    ;    ; 8.279 ;
; SW[2]      ; LEDR[2]     ; 7.769 ;    ;    ; 8.014 ;
; SW[3]      ; LEDR[3]     ; 7.673 ;    ;    ; 7.898 ;
; SW[4]      ; LEDR[4]     ; 8.800 ;    ;    ; 9.064 ;
; SW[5]      ; LEDR[5]     ; 7.960 ;    ;    ; 8.280 ;
; SW[6]      ; LEDR[6]     ; 8.177 ;    ;    ; 8.458 ;
; SW[7]      ; LEDR[7]     ; 8.013 ;    ;    ; 8.333 ;
; SW[8]      ; LEDR[8]     ; 7.954 ;    ;    ; 8.257 ;
; SW[9]      ; LEDR[9]     ; 8.765 ;    ;    ; 9.111 ;
; SW[10]     ; LEDR[10]    ; 8.325 ;    ;    ; 8.643 ;
; SW[11]     ; LEDR[11]    ; 8.283 ;    ;    ; 8.586 ;
; SW[12]     ; LEDR[12]    ; 8.219 ;    ;    ; 8.484 ;
; SW[13]     ; LEDR[13]    ; 7.965 ;    ;    ; 8.285 ;
; SW[14]     ; LEDR[14]    ; 7.961 ;    ;    ; 8.283 ;
; SW[15]     ; LEDR[15]    ; 9.414 ;    ;    ; 9.755 ;
; SW[16]     ; LEDR[16]    ; 7.979 ;    ;    ; 8.303 ;
; SW[17]     ; LEDR[17]    ; 7.951 ;    ;    ; 8.263 ;
+------------+-------------+-------+----+----+-------+


+----------------------------------------------------+
; Minimum Propagation Delay                          ;
+------------+-------------+-------+----+----+-------+
; Input Port ; Output Port ; RR    ; RF ; FR ; FF    ;
+------------+-------------+-------+----+----+-------+
; SW[0]      ; LEDR[0]     ; 7.719 ;    ;    ; 7.997 ;
; SW[1]      ; LEDR[1]     ; 7.680 ;    ;    ; 7.974 ;
; SW[2]      ; LEDR[2]     ; 7.488 ;    ;    ; 7.720 ;
; SW[3]      ; LEDR[3]     ; 7.395 ;    ;    ; 7.609 ;
; SW[4]      ; LEDR[4]     ; 8.476 ;    ;    ; 8.728 ;
; SW[5]      ; LEDR[5]     ; 7.670 ;    ;    ; 7.975 ;
; SW[6]      ; LEDR[6]     ; 7.880 ;    ;    ; 8.147 ;
; SW[7]      ; LEDR[7]     ; 7.722 ;    ;    ; 8.026 ;
; SW[8]      ; LEDR[8]     ; 7.664 ;    ;    ; 7.952 ;
; SW[9]      ; LEDR[9]     ; 8.491 ;    ;    ; 8.822 ;
; SW[10]     ; LEDR[10]    ; 8.020 ;    ;    ; 8.323 ;
; SW[11]     ; LEDR[11]    ; 7.980 ;    ;    ; 8.268 ;
; SW[12]     ; LEDR[12]    ; 7.918 ;    ;    ; 8.170 ;
; SW[13]     ; LEDR[13]    ; 7.674 ;    ;    ; 7.979 ;
; SW[14]     ; LEDR[14]    ; 7.670 ;    ;    ; 7.976 ;
; SW[15]     ; LEDR[15]    ; 9.112 ;    ;    ; 9.439 ;
; SW[16]     ; LEDR[16]    ; 7.687 ;    ;    ; 7.996 ;
; SW[17]     ; LEDR[17]    ; 7.660 ;    ;    ; 7.957 ;
+------------+-------------+-------+----+----+-------+


----------------------------------------------
; Slow 1200mV 0C Model Metastability Summary ;
----------------------------------------------
No synchronizer chains to report.


+---------------------------------------------------+
; Fast 1200mV 0C Model Setup Summary                ;
+--------------------------+--------+---------------+
; Clock                    ; Slack  ; End Point TNS ;
+--------------------------+--------+---------------+
; CLOCK_50                 ; -1.064 ; -27.391       ;
; LCD_Display:u1|CLK_400HZ ; -1.053 ; -11.327       ;
+--------------------------+--------+---------------+


+--------------------------------------------------+
; Fast 1200mV 0C Model Hold Summary                ;
+--------------------------+-------+---------------+
; Clock                    ; Slack ; End Point TNS ;
+--------------------------+-------+---------------+
; LCD_Display:u1|CLK_400HZ ; 0.102 ; 0.000         ;
; CLOCK_50                 ; 0.164 ; 0.000         ;
+--------------------------+-------+---------------+


+--------------------------------------------------+
; Fast 1200mV 0C Model Recovery Summary            ;
+--------------------------+-------+---------------+
; Clock                    ; Slack ; End Point TNS ;
+--------------------------+-------+---------------+
; CLOCK_50                 ; 0.008 ; 0.000         ;
; LCD_Display:u1|CLK_400HZ ; 0.462 ; 0.000         ;
+--------------------------+-------+---------------+


+--------------------------------------------------+
; Fast 1200mV 0C Model Removal Summary             ;
+--------------------------+-------+---------------+
; Clock                    ; Slack ; End Point TNS ;
+--------------------------+-------+---------------+
; LCD_Display:u1|CLK_400HZ ; 0.108 ; 0.000         ;
; CLOCK_50                 ; 0.475 ; 0.000         ;
+--------------------------+-------+---------------+


+---------------------------------------------------+
; Fast 1200mV 0C Model Minimum Pulse Width Summary  ;
+--------------------------+--------+---------------+
; Clock                    ; Slack  ; End Point TNS ;
+--------------------------+--------+---------------+
; CLOCK_50                 ; -3.000 ; -47.801       ;
; LCD_Display:u1|CLK_400HZ ; -1.000 ; -38.000       ;
+--------------------------+--------+---------------+


+-------------------------------------------------------------------------------------------------------------------------------------------------------+
; Fast 1200mV 0C Model Setup: 'CLOCK_50'                                                                                                                ;
+--------+------------------------------------+-----------------------------------+--------------+-------------+--------------+------------+------------+
; Slack  ; From Node                          ; To Node                           ; Launch Clock ; Latch Clock ; Relationship ; Clock Skew ; Data Delay ;
+--------+------------------------------------+-----------------------------------+--------------+-------------+--------------+------------+------------+
; -1.064 ; LCD_Display:u1|CLK_COUNT_400HZ[3]  ; LCD_Display:u1|CLK_400HZ          ; CLOCK_50     ; CLOCK_50    ; 1.000        ; -0.038     ; 2.013      ;
; -1.054 ; LCD_Display:u1|CLK_COUNT_400HZ[9]  ; LCD_Display:u1|CLK_400HZ          ; CLOCK_50     ; CLOCK_50    ; 1.000        ; -0.038     ; 2.003      ;
; -1.053 ; LCD_Display:u1|CLK_COUNT_400HZ[6]  ; LCD_Display:u1|CLK_400HZ          ; CLOCK_50     ; CLOCK_50    ; 1.000        ; -0.038     ; 2.002      ;
; -0.982 ; LCD_Display:u1|CLK_COUNT_400HZ[2]  ; LCD_Display:u1|CLK_400HZ          ; CLOCK_50     ; CLOCK_50    ; 1.000        ; -0.038     ; 1.931      ;
; -0.966 ; LCD_Display:u1|CLK_COUNT_400HZ[7]  ; LCD_Display:u1|CLK_400HZ          ; CLOCK_50     ; CLOCK_50    ; 1.000        ; -0.038     ; 1.915      ;
; -0.957 ; LCD_Display:u1|CLK_COUNT_400HZ[11] ; LCD_Display:u1|CLK_400HZ          ; CLOCK_50     ; CLOCK_50    ; 1.000        ; -0.245     ; 1.699      ;
; -0.910 ; LCD_Display:u1|CLK_COUNT_400HZ[10] ; LCD_Display:u1|CLK_400HZ          ; CLOCK_50     ; CLOCK_50    ; 1.000        ; -0.042     ; 1.855      ;
; -0.909 ; LCD_Display:u1|CLK_COUNT_400HZ[8]  ; LCD_Display:u1|CLK_400HZ          ; CLOCK_50     ; CLOCK_50    ; 1.000        ; -0.038     ; 1.858      ;
; -0.907 ; LCD_Display:u1|CLK_COUNT_400HZ[13] ; LCD_Display:u1|CLK_400HZ          ; CLOCK_50     ; CLOCK_50    ; 1.000        ; -0.042     ; 1.852      ;
; -0.906 ; LCD_Display:u1|CLK_COUNT_400HZ[5]  ; LCD_Display:u1|CLK_400HZ          ; CLOCK_50     ; CLOCK_50    ; 1.000        ; -0.038     ; 1.855      ;
; -0.847 ; LCD_Display:u1|CLK_COUNT_400HZ[4]  ; LCD_Display:u1|CLK_400HZ          ; CLOCK_50     ; CLOCK_50    ; 1.000        ; -0.038     ; 1.796      ;
; -0.833 ; Reset_Delay:r0|Cont[17]            ; Reset_Delay:r0|Cont[16]           ; CLOCK_50     ; CLOCK_50    ; 1.000        ; -0.255     ; 1.565      ;
; -0.833 ; Reset_Delay:r0|Cont[17]            ; Reset_Delay:r0|Cont[12]           ; CLOCK_50     ; CLOCK_50    ; 1.000        ; -0.255     ; 1.565      ;
; -0.833 ; Reset_Delay:r0|Cont[17]            ; Reset_Delay:r0|Cont[13]           ; CLOCK_50     ; CLOCK_50    ; 1.000        ; -0.255     ; 1.565      ;
; -0.833 ; Reset_Delay:r0|Cont[17]            ; Reset_Delay:r0|Cont[14]           ; CLOCK_50     ; CLOCK_50    ; 1.000        ; -0.255     ; 1.565      ;
; -0.833 ; Reset_Delay:r0|Cont[17]            ; Reset_Delay:r0|Cont[15]           ; CLOCK_50     ; CLOCK_50    ; 1.000        ; -0.255     ; 1.565      ;
; -0.833 ; Reset_Delay:r0|Cont[17]            ; Reset_Delay:r0|Cont[19]           ; CLOCK_50     ; CLOCK_50    ; 1.000        ; -0.255     ; 1.565      ;
; -0.809 ; Reset_Delay:r0|Cont[5]             ; Reset_Delay:r0|Cont[16]           ; CLOCK_50     ; CLOCK_50    ; 1.000        ; -0.038     ; 1.758      ;
; -0.809 ; Reset_Delay:r0|Cont[5]             ; Reset_Delay:r0|Cont[12]           ; CLOCK_50     ; CLOCK_50    ; 1.000        ; -0.038     ; 1.758      ;
; -0.809 ; Reset_Delay:r0|Cont[5]             ; Reset_Delay:r0|Cont[13]           ; CLOCK_50     ; CLOCK_50    ; 1.000        ; -0.038     ; 1.758      ;
; -0.809 ; Reset_Delay:r0|Cont[5]             ; Reset_Delay:r0|Cont[14]           ; CLOCK_50     ; CLOCK_50    ; 1.000        ; -0.038     ; 1.758      ;
; -0.809 ; Reset_Delay:r0|Cont[5]             ; Reset_Delay:r0|Cont[15]           ; CLOCK_50     ; CLOCK_50    ; 1.000        ; -0.038     ; 1.758      ;
; -0.809 ; Reset_Delay:r0|Cont[5]             ; Reset_Delay:r0|Cont[19]           ; CLOCK_50     ; CLOCK_50    ; 1.000        ; -0.038     ; 1.758      ;
; -0.806 ; Reset_Delay:r0|Cont[4]             ; Reset_Delay:r0|Cont[16]           ; CLOCK_50     ; CLOCK_50    ; 1.000        ; -0.038     ; 1.755      ;
; -0.806 ; Reset_Delay:r0|Cont[4]             ; Reset_Delay:r0|Cont[12]           ; CLOCK_50     ; CLOCK_50    ; 1.000        ; -0.038     ; 1.755      ;
; -0.806 ; Reset_Delay:r0|Cont[4]             ; Reset_Delay:r0|Cont[13]           ; CLOCK_50     ; CLOCK_50    ; 1.000        ; -0.038     ; 1.755      ;
; -0.806 ; Reset_Delay:r0|Cont[4]             ; Reset_Delay:r0|Cont[14]           ; CLOCK_50     ; CLOCK_50    ; 1.000        ; -0.038     ; 1.755      ;
; -0.806 ; Reset_Delay:r0|Cont[4]             ; Reset_Delay:r0|Cont[15]           ; CLOCK_50     ; CLOCK_50    ; 1.000        ; -0.038     ; 1.755      ;
; -0.806 ; Reset_Delay:r0|Cont[4]             ; Reset_Delay:r0|Cont[19]           ; CLOCK_50     ; CLOCK_50    ; 1.000        ; -0.038     ; 1.755      ;
; -0.805 ; LCD_Display:u1|CLK_COUNT_400HZ[12] ; LCD_Display:u1|CLK_400HZ          ; CLOCK_50     ; CLOCK_50    ; 1.000        ; -0.042     ; 1.750      ;
; -0.780 ; LCD_Display:u1|CLK_COUNT_400HZ[3]  ; LCD_Display:u1|CLK_COUNT_400HZ[4] ; CLOCK_50     ; CLOCK_50    ; 1.000        ; -0.041     ; 1.726      ;
; -0.780 ; LCD_Display:u1|CLK_COUNT_400HZ[3]  ; LCD_Display:u1|CLK_COUNT_400HZ[0] ; CLOCK_50     ; CLOCK_50    ; 1.000        ; -0.041     ; 1.726      ;
; -0.780 ; LCD_Display:u1|CLK_COUNT_400HZ[3]  ; LCD_Display:u1|CLK_COUNT_400HZ[1] ; CLOCK_50     ; CLOCK_50    ; 1.000        ; -0.041     ; 1.726      ;
; -0.780 ; LCD_Display:u1|CLK_COUNT_400HZ[3]  ; LCD_Display:u1|CLK_COUNT_400HZ[2] ; CLOCK_50     ; CLOCK_50    ; 1.000        ; -0.041     ; 1.726      ;
; -0.780 ; LCD_Display:u1|CLK_COUNT_400HZ[3]  ; LCD_Display:u1|CLK_COUNT_400HZ[3] ; CLOCK_50     ; CLOCK_50    ; 1.000        ; -0.041     ; 1.726      ;
; -0.780 ; LCD_Display:u1|CLK_COUNT_400HZ[3]  ; LCD_Display:u1|CLK_COUNT_400HZ[5] ; CLOCK_50     ; CLOCK_50    ; 1.000        ; -0.041     ; 1.726      ;
; -0.780 ; LCD_Display:u1|CLK_COUNT_400HZ[3]  ; LCD_Display:u1|CLK_COUNT_400HZ[8] ; CLOCK_50     ; CLOCK_50    ; 1.000        ; -0.041     ; 1.726      ;
; -0.780 ; LCD_Display:u1|CLK_COUNT_400HZ[3]  ; LCD_Display:u1|CLK_COUNT_400HZ[6] ; CLOCK_50     ; CLOCK_50    ; 1.000        ; -0.041     ; 1.726      ;
; -0.780 ; LCD_Display:u1|CLK_COUNT_400HZ[3]  ; LCD_Display:u1|CLK_COUNT_400HZ[7] ; CLOCK_50     ; CLOCK_50    ; 1.000        ; -0.041     ; 1.726      ;
; -0.780 ; LCD_Display:u1|CLK_COUNT_400HZ[3]  ; LCD_Display:u1|CLK_COUNT_400HZ[9] ; CLOCK_50     ; CLOCK_50    ; 1.000        ; -0.041     ; 1.726      ;
; -0.766 ; LCD_Display:u1|CLK_COUNT_400HZ[9]  ; LCD_Display:u1|CLK_COUNT_400HZ[4] ; CLOCK_50     ; CLOCK_50    ; 1.000        ; -0.041     ; 1.712      ;
; -0.766 ; LCD_Display:u1|CLK_COUNT_400HZ[9]  ; LCD_Display:u1|CLK_COUNT_400HZ[0] ; CLOCK_50     ; CLOCK_50    ; 1.000        ; -0.041     ; 1.712      ;
; -0.766 ; LCD_Display:u1|CLK_COUNT_400HZ[9]  ; LCD_Display:u1|CLK_COUNT_400HZ[1] ; CLOCK_50     ; CLOCK_50    ; 1.000        ; -0.041     ; 1.712      ;
; -0.766 ; LCD_Display:u1|CLK_COUNT_400HZ[9]  ; LCD_Display:u1|CLK_COUNT_400HZ[2] ; CLOCK_50     ; CLOCK_50    ; 1.000        ; -0.041     ; 1.712      ;
; -0.766 ; LCD_Display:u1|CLK_COUNT_400HZ[9]  ; LCD_Display:u1|CLK_COUNT_400HZ[3] ; CLOCK_50     ; CLOCK_50    ; 1.000        ; -0.041     ; 1.712      ;
; -0.766 ; LCD_Display:u1|CLK_COUNT_400HZ[9]  ; LCD_Display:u1|CLK_COUNT_400HZ[5] ; CLOCK_50     ; CLOCK_50    ; 1.000        ; -0.041     ; 1.712      ;
; -0.766 ; LCD_Display:u1|CLK_COUNT_400HZ[9]  ; LCD_Display:u1|CLK_COUNT_400HZ[8] ; CLOCK_50     ; CLOCK_50    ; 1.000        ; -0.041     ; 1.712      ;
; -0.766 ; LCD_Display:u1|CLK_COUNT_400HZ[9]  ; LCD_Display:u1|CLK_COUNT_400HZ[6] ; CLOCK_50     ; CLOCK_50    ; 1.000        ; -0.041     ; 1.712      ;
; -0.766 ; LCD_Display:u1|CLK_COUNT_400HZ[9]  ; LCD_Display:u1|CLK_COUNT_400HZ[7] ; CLOCK_50     ; CLOCK_50    ; 1.000        ; -0.041     ; 1.712      ;
; -0.766 ; LCD_Display:u1|CLK_COUNT_400HZ[9]  ; LCD_Display:u1|CLK_COUNT_400HZ[9] ; CLOCK_50     ; CLOCK_50    ; 1.000        ; -0.041     ; 1.712      ;
; -0.760 ; Reset_Delay:r0|Cont[18]            ; Reset_Delay:r0|Cont[16]           ; CLOCK_50     ; CLOCK_50    ; 1.000        ; -0.255     ; 1.492      ;
; -0.760 ; Reset_Delay:r0|Cont[18]            ; Reset_Delay:r0|Cont[12]           ; CLOCK_50     ; CLOCK_50    ; 1.000        ; -0.255     ; 1.492      ;
; -0.760 ; Reset_Delay:r0|Cont[18]            ; Reset_Delay:r0|Cont[13]           ; CLOCK_50     ; CLOCK_50    ; 1.000        ; -0.255     ; 1.492      ;
; -0.760 ; Reset_Delay:r0|Cont[18]            ; Reset_Delay:r0|Cont[14]           ; CLOCK_50     ; CLOCK_50    ; 1.000        ; -0.255     ; 1.492      ;
; -0.760 ; Reset_Delay:r0|Cont[18]            ; Reset_Delay:r0|Cont[15]           ; CLOCK_50     ; CLOCK_50    ; 1.000        ; -0.255     ; 1.492      ;
; -0.760 ; Reset_Delay:r0|Cont[18]            ; Reset_Delay:r0|Cont[19]           ; CLOCK_50     ; CLOCK_50    ; 1.000        ; -0.255     ; 1.492      ;
; -0.760 ; LCD_Display:u1|CLK_COUNT_400HZ[6]  ; LCD_Display:u1|CLK_COUNT_400HZ[4] ; CLOCK_50     ; CLOCK_50    ; 1.000        ; -0.041     ; 1.706      ;
; -0.760 ; LCD_Display:u1|CLK_COUNT_400HZ[6]  ; LCD_Display:u1|CLK_COUNT_400HZ[0] ; CLOCK_50     ; CLOCK_50    ; 1.000        ; -0.041     ; 1.706      ;
; -0.760 ; LCD_Display:u1|CLK_COUNT_400HZ[6]  ; LCD_Display:u1|CLK_COUNT_400HZ[1] ; CLOCK_50     ; CLOCK_50    ; 1.000        ; -0.041     ; 1.706      ;
; -0.760 ; LCD_Display:u1|CLK_COUNT_400HZ[6]  ; LCD_Display:u1|CLK_COUNT_400HZ[2] ; CLOCK_50     ; CLOCK_50    ; 1.000        ; -0.041     ; 1.706      ;
; -0.760 ; LCD_Display:u1|CLK_COUNT_400HZ[6]  ; LCD_Display:u1|CLK_COUNT_400HZ[3] ; CLOCK_50     ; CLOCK_50    ; 1.000        ; -0.041     ; 1.706      ;
; -0.760 ; LCD_Display:u1|CLK_COUNT_400HZ[6]  ; LCD_Display:u1|CLK_COUNT_400HZ[5] ; CLOCK_50     ; CLOCK_50    ; 1.000        ; -0.041     ; 1.706      ;
; -0.760 ; LCD_Display:u1|CLK_COUNT_400HZ[6]  ; LCD_Display:u1|CLK_COUNT_400HZ[8] ; CLOCK_50     ; CLOCK_50    ; 1.000        ; -0.041     ; 1.706      ;
; -0.760 ; LCD_Display:u1|CLK_COUNT_400HZ[6]  ; LCD_Display:u1|CLK_COUNT_400HZ[6] ; CLOCK_50     ; CLOCK_50    ; 1.000        ; -0.041     ; 1.706      ;
; -0.760 ; LCD_Display:u1|CLK_COUNT_400HZ[6]  ; LCD_Display:u1|CLK_COUNT_400HZ[7] ; CLOCK_50     ; CLOCK_50    ; 1.000        ; -0.041     ; 1.706      ;
; -0.760 ; LCD_Display:u1|CLK_COUNT_400HZ[6]  ; LCD_Display:u1|CLK_COUNT_400HZ[9] ; CLOCK_50     ; CLOCK_50    ; 1.000        ; -0.041     ; 1.706      ;
; -0.758 ; LCD_Display:u1|CLK_COUNT_400HZ[17] ; LCD_Display:u1|CLK_400HZ          ; CLOCK_50     ; CLOCK_50    ; 1.000        ; -0.245     ; 1.500      ;
; -0.750 ; Reset_Delay:r0|Cont[13]            ; Reset_Delay:r0|Cont[16]           ; CLOCK_50     ; CLOCK_50    ; 1.000        ; -0.041     ; 1.696      ;
; -0.750 ; Reset_Delay:r0|Cont[13]            ; Reset_Delay:r0|Cont[12]           ; CLOCK_50     ; CLOCK_50    ; 1.000        ; -0.041     ; 1.696      ;
; -0.750 ; Reset_Delay:r0|Cont[13]            ; Reset_Delay:r0|Cont[13]           ; CLOCK_50     ; CLOCK_50    ; 1.000        ; -0.041     ; 1.696      ;
; -0.750 ; Reset_Delay:r0|Cont[13]            ; Reset_Delay:r0|Cont[14]           ; CLOCK_50     ; CLOCK_50    ; 1.000        ; -0.041     ; 1.696      ;
; -0.750 ; Reset_Delay:r0|Cont[13]            ; Reset_Delay:r0|Cont[15]           ; CLOCK_50     ; CLOCK_50    ; 1.000        ; -0.041     ; 1.696      ;
; -0.750 ; Reset_Delay:r0|Cont[13]            ; Reset_Delay:r0|Cont[19]           ; CLOCK_50     ; CLOCK_50    ; 1.000        ; -0.041     ; 1.696      ;
; -0.747 ; Reset_Delay:r0|Cont[12]            ; Reset_Delay:r0|Cont[16]           ; CLOCK_50     ; CLOCK_50    ; 1.000        ; -0.041     ; 1.693      ;
; -0.747 ; Reset_Delay:r0|Cont[12]            ; Reset_Delay:r0|Cont[12]           ; CLOCK_50     ; CLOCK_50    ; 1.000        ; -0.041     ; 1.693      ;
; -0.747 ; Reset_Delay:r0|Cont[12]            ; Reset_Delay:r0|Cont[13]           ; CLOCK_50     ; CLOCK_50    ; 1.000        ; -0.041     ; 1.693      ;
; -0.747 ; Reset_Delay:r0|Cont[12]            ; Reset_Delay:r0|Cont[14]           ; CLOCK_50     ; CLOCK_50    ; 1.000        ; -0.041     ; 1.693      ;
; -0.747 ; Reset_Delay:r0|Cont[12]            ; Reset_Delay:r0|Cont[15]           ; CLOCK_50     ; CLOCK_50    ; 1.000        ; -0.041     ; 1.693      ;
; -0.747 ; Reset_Delay:r0|Cont[12]            ; Reset_Delay:r0|Cont[19]           ; CLOCK_50     ; CLOCK_50    ; 1.000        ; -0.041     ; 1.693      ;
; -0.746 ; Reset_Delay:r0|Cont[7]             ; Reset_Delay:r0|Cont[16]           ; CLOCK_50     ; CLOCK_50    ; 1.000        ; -0.038     ; 1.695      ;
; -0.746 ; Reset_Delay:r0|Cont[7]             ; Reset_Delay:r0|Cont[12]           ; CLOCK_50     ; CLOCK_50    ; 1.000        ; -0.038     ; 1.695      ;
; -0.746 ; Reset_Delay:r0|Cont[7]             ; Reset_Delay:r0|Cont[13]           ; CLOCK_50     ; CLOCK_50    ; 1.000        ; -0.038     ; 1.695      ;
; -0.746 ; Reset_Delay:r0|Cont[7]             ; Reset_Delay:r0|Cont[14]           ; CLOCK_50     ; CLOCK_50    ; 1.000        ; -0.038     ; 1.695      ;
; -0.746 ; Reset_Delay:r0|Cont[7]             ; Reset_Delay:r0|Cont[15]           ; CLOCK_50     ; CLOCK_50    ; 1.000        ; -0.038     ; 1.695      ;
; -0.746 ; Reset_Delay:r0|Cont[7]             ; Reset_Delay:r0|Cont[19]           ; CLOCK_50     ; CLOCK_50    ; 1.000        ; -0.038     ; 1.695      ;
; -0.733 ; Reset_Delay:r0|Cont[1]             ; Reset_Delay:r0|Cont[16]           ; CLOCK_50     ; CLOCK_50    ; 1.000        ; -0.038     ; 1.682      ;
; -0.733 ; Reset_Delay:r0|Cont[1]             ; Reset_Delay:r0|Cont[12]           ; CLOCK_50     ; CLOCK_50    ; 1.000        ; -0.038     ; 1.682      ;
; -0.733 ; Reset_Delay:r0|Cont[1]             ; Reset_Delay:r0|Cont[13]           ; CLOCK_50     ; CLOCK_50    ; 1.000        ; -0.038     ; 1.682      ;
; -0.733 ; Reset_Delay:r0|Cont[1]             ; Reset_Delay:r0|Cont[14]           ; CLOCK_50     ; CLOCK_50    ; 1.000        ; -0.038     ; 1.682      ;
; -0.733 ; Reset_Delay:r0|Cont[1]             ; Reset_Delay:r0|Cont[15]           ; CLOCK_50     ; CLOCK_50    ; 1.000        ; -0.038     ; 1.682      ;
; -0.733 ; Reset_Delay:r0|Cont[1]             ; Reset_Delay:r0|Cont[19]           ; CLOCK_50     ; CLOCK_50    ; 1.000        ; -0.038     ; 1.682      ;
; -0.706 ; LCD_Display:u1|CLK_COUNT_400HZ[18] ; LCD_Display:u1|CLK_400HZ          ; CLOCK_50     ; CLOCK_50    ; 1.000        ; -0.245     ; 1.448      ;
; -0.692 ; LCD_Display:u1|CLK_COUNT_400HZ[2]  ; LCD_Display:u1|CLK_COUNT_400HZ[4] ; CLOCK_50     ; CLOCK_50    ; 1.000        ; -0.041     ; 1.638      ;
; -0.692 ; LCD_Display:u1|CLK_COUNT_400HZ[2]  ; LCD_Display:u1|CLK_COUNT_400HZ[0] ; CLOCK_50     ; CLOCK_50    ; 1.000        ; -0.041     ; 1.638      ;
; -0.692 ; LCD_Display:u1|CLK_COUNT_400HZ[2]  ; LCD_Display:u1|CLK_COUNT_400HZ[1] ; CLOCK_50     ; CLOCK_50    ; 1.000        ; -0.041     ; 1.638      ;
; -0.692 ; LCD_Display:u1|CLK_COUNT_400HZ[2]  ; LCD_Display:u1|CLK_COUNT_400HZ[2] ; CLOCK_50     ; CLOCK_50    ; 1.000        ; -0.041     ; 1.638      ;
; -0.692 ; LCD_Display:u1|CLK_COUNT_400HZ[2]  ; LCD_Display:u1|CLK_COUNT_400HZ[3] ; CLOCK_50     ; CLOCK_50    ; 1.000        ; -0.041     ; 1.638      ;
; -0.692 ; LCD_Display:u1|CLK_COUNT_400HZ[2]  ; LCD_Display:u1|CLK_COUNT_400HZ[5] ; CLOCK_50     ; CLOCK_50    ; 1.000        ; -0.041     ; 1.638      ;
; -0.692 ; LCD_Display:u1|CLK_COUNT_400HZ[2]  ; LCD_Display:u1|CLK_COUNT_400HZ[8] ; CLOCK_50     ; CLOCK_50    ; 1.000        ; -0.041     ; 1.638      ;
; -0.692 ; LCD_Display:u1|CLK_COUNT_400HZ[2]  ; LCD_Display:u1|CLK_COUNT_400HZ[6] ; CLOCK_50     ; CLOCK_50    ; 1.000        ; -0.041     ; 1.638      ;
+--------+------------------------------------+-----------------------------------+--------------+-------------+--------------+------------+------------+


+-----------------------------------------------------------------------------------------------------------------------------------------------------------------------------------------+
; Fast 1200mV 0C Model Setup: 'LCD_Display:u1|CLK_400HZ'                                                                                                                                  ;
+--------+--------------------------------------+------------------------------------------+--------------------------+--------------------------+--------------+------------+------------+
; Slack  ; From Node                            ; To Node                                  ; Launch Clock             ; Latch Clock              ; Relationship ; Clock Skew ; Data Delay ;
+--------+--------------------------------------+------------------------------------------+--------------------------+--------------------------+--------------+------------+------------+
; -1.053 ; LCD_Display:u1|CHAR_COUNT[1]         ; LCD_Display:u1|DATA_BUS_VALUE[1]         ; LCD_Display:u1|CLK_400HZ ; LCD_Display:u1|CLK_400HZ ; 1.000        ; -0.042     ; 1.998      ;
; -1.040 ; LCD_Display:u1|CHAR_COUNT[0]         ; LCD_Display:u1|DATA_BUS_VALUE[1]         ; LCD_Display:u1|CLK_400HZ ; LCD_Display:u1|CLK_400HZ ; 1.000        ; -0.042     ; 1.985      ;
; -0.978 ; LCD_Display:u1|CHAR_COUNT[4]         ; LCD_Display:u1|DATA_BUS_VALUE[1]         ; LCD_Display:u1|CLK_400HZ ; LCD_Display:u1|CLK_400HZ ; 1.000        ; -0.042     ; 1.923      ;
; -0.968 ; LCD_Display:u1|CHAR_COUNT[2]         ; LCD_Display:u1|DATA_BUS_VALUE[1]         ; LCD_Display:u1|CLK_400HZ ; LCD_Display:u1|CLK_400HZ ; 1.000        ; -0.042     ; 1.913      ;
; -0.954 ; LCD_Display:u1|CHAR_COUNT[3]         ; LCD_Display:u1|DATA_BUS_VALUE[1]         ; LCD_Display:u1|CLK_400HZ ; LCD_Display:u1|CLK_400HZ ; 1.000        ; -0.042     ; 1.899      ;
; -0.886 ; LCD_Display:u1|CHAR_COUNT[1]         ; LCD_Display:u1|DATA_BUS_VALUE[2]         ; LCD_Display:u1|CLK_400HZ ; LCD_Display:u1|CLK_400HZ ; 1.000        ; -0.042     ; 1.831      ;
; -0.885 ; LCD_Display:u1|CHAR_COUNT[1]         ; LCD_Display:u1|DATA_BUS_VALUE[6]         ; LCD_Display:u1|CLK_400HZ ; LCD_Display:u1|CLK_400HZ ; 1.000        ; -0.042     ; 1.830      ;
; -0.873 ; LCD_Display:u1|CHAR_COUNT[0]         ; LCD_Display:u1|DATA_BUS_VALUE[2]         ; LCD_Display:u1|CLK_400HZ ; LCD_Display:u1|CLK_400HZ ; 1.000        ; -0.042     ; 1.818      ;
; -0.872 ; LCD_Display:u1|CHAR_COUNT[0]         ; LCD_Display:u1|DATA_BUS_VALUE[6]         ; LCD_Display:u1|CLK_400HZ ; LCD_Display:u1|CLK_400HZ ; 1.000        ; -0.042     ; 1.817      ;
; -0.855 ; LCD_Display:u1|CHAR_COUNT[1]         ; LCD_Display:u1|DATA_BUS_VALUE[3]         ; LCD_Display:u1|CLK_400HZ ; LCD_Display:u1|CLK_400HZ ; 1.000        ; -0.042     ; 1.800      ;
; -0.842 ; LCD_Display:u1|CHAR_COUNT[0]         ; LCD_Display:u1|DATA_BUS_VALUE[3]         ; LCD_Display:u1|CLK_400HZ ; LCD_Display:u1|CLK_400HZ ; 1.000        ; -0.042     ; 1.787      ;
; -0.814 ; LCD_Display:u1|CHAR_COUNT[2]         ; LCD_Display:u1|DATA_BUS_VALUE[2]         ; LCD_Display:u1|CLK_400HZ ; LCD_Display:u1|CLK_400HZ ; 1.000        ; -0.042     ; 1.759      ;
; -0.811 ; LCD_Display:u1|CHAR_COUNT[4]         ; LCD_Display:u1|DATA_BUS_VALUE[2]         ; LCD_Display:u1|CLK_400HZ ; LCD_Display:u1|CLK_400HZ ; 1.000        ; -0.042     ; 1.756      ;
; -0.810 ; LCD_Display:u1|CHAR_COUNT[4]         ; LCD_Display:u1|DATA_BUS_VALUE[6]         ; LCD_Display:u1|CLK_400HZ ; LCD_Display:u1|CLK_400HZ ; 1.000        ; -0.042     ; 1.755      ;
; -0.800 ; LCD_Display:u1|CHAR_COUNT[2]         ; LCD_Display:u1|DATA_BUS_VALUE[6]         ; LCD_Display:u1|CLK_400HZ ; LCD_Display:u1|CLK_400HZ ; 1.000        ; -0.042     ; 1.745      ;
; -0.800 ; LCD_Display:u1|CHAR_COUNT[3]         ; LCD_Display:u1|DATA_BUS_VALUE[2]         ; LCD_Display:u1|CLK_400HZ ; LCD_Display:u1|CLK_400HZ ; 1.000        ; -0.042     ; 1.745      ;
; -0.786 ; LCD_Display:u1|CHAR_COUNT[1]         ; LCD_Display:u1|DATA_BUS_VALUE[0]         ; LCD_Display:u1|CLK_400HZ ; LCD_Display:u1|CLK_400HZ ; 1.000        ; -0.042     ; 1.731      ;
; -0.786 ; LCD_Display:u1|CHAR_COUNT[3]         ; LCD_Display:u1|DATA_BUS_VALUE[6]         ; LCD_Display:u1|CLK_400HZ ; LCD_Display:u1|CLK_400HZ ; 1.000        ; -0.042     ; 1.731      ;
; -0.785 ; LCD_Display:u1|CHAR_COUNT[2]         ; LCD_Display:u1|DATA_BUS_VALUE[3]         ; LCD_Display:u1|CLK_400HZ ; LCD_Display:u1|CLK_400HZ ; 1.000        ; -0.042     ; 1.730      ;
; -0.783 ; LCD_Display:u1|CHAR_COUNT[4]         ; LCD_Display:u1|DATA_BUS_VALUE[3]         ; LCD_Display:u1|CLK_400HZ ; LCD_Display:u1|CLK_400HZ ; 1.000        ; -0.042     ; 1.728      ;
; -0.777 ; LCD_Display:u1|CHAR_COUNT[2]         ; LCD_Display:u1|DATA_BUS_VALUE[5]         ; LCD_Display:u1|CLK_400HZ ; LCD_Display:u1|CLK_400HZ ; 1.000        ; -0.042     ; 1.722      ;
; -0.774 ; LCD_Display:u1|CHAR_COUNT[2]         ; LCD_Display:u1|DATA_BUS_VALUE[4]         ; LCD_Display:u1|CLK_400HZ ; LCD_Display:u1|CLK_400HZ ; 1.000        ; -0.042     ; 1.719      ;
; -0.773 ; LCD_Display:u1|CHAR_COUNT[0]         ; LCD_Display:u1|DATA_BUS_VALUE[0]         ; LCD_Display:u1|CLK_400HZ ; LCD_Display:u1|CLK_400HZ ; 1.000        ; -0.042     ; 1.718      ;
; -0.772 ; LCD_Display:u1|CHAR_COUNT[4]         ; LCD_Display:u1|DATA_BUS_VALUE[5]         ; LCD_Display:u1|CLK_400HZ ; LCD_Display:u1|CLK_400HZ ; 1.000        ; -0.042     ; 1.717      ;
; -0.771 ; LCD_Display:u1|CHAR_COUNT[3]         ; LCD_Display:u1|DATA_BUS_VALUE[3]         ; LCD_Display:u1|CLK_400HZ ; LCD_Display:u1|CLK_400HZ ; 1.000        ; -0.042     ; 1.716      ;
; -0.769 ; LCD_Display:u1|CHAR_COUNT[4]         ; LCD_Display:u1|DATA_BUS_VALUE[4]         ; LCD_Display:u1|CLK_400HZ ; LCD_Display:u1|CLK_400HZ ; 1.000        ; -0.042     ; 1.714      ;
; -0.763 ; LCD_Display:u1|CHAR_COUNT[3]         ; LCD_Display:u1|DATA_BUS_VALUE[5]         ; LCD_Display:u1|CLK_400HZ ; LCD_Display:u1|CLK_400HZ ; 1.000        ; -0.042     ; 1.708      ;
; -0.760 ; LCD_Display:u1|CHAR_COUNT[3]         ; LCD_Display:u1|DATA_BUS_VALUE[4]         ; LCD_Display:u1|CLK_400HZ ; LCD_Display:u1|CLK_400HZ ; 1.000        ; -0.042     ; 1.705      ;
; -0.711 ; LCD_Display:u1|CHAR_COUNT[4]         ; LCD_Display:u1|DATA_BUS_VALUE[0]         ; LCD_Display:u1|CLK_400HZ ; LCD_Display:u1|CLK_400HZ ; 1.000        ; -0.042     ; 1.656      ;
; -0.701 ; LCD_Display:u1|CHAR_COUNT[2]         ; LCD_Display:u1|DATA_BUS_VALUE[0]         ; LCD_Display:u1|CLK_400HZ ; LCD_Display:u1|CLK_400HZ ; 1.000        ; -0.042     ; 1.646      ;
; -0.701 ; LCD_Display:u1|CHAR_COUNT[0]         ; LCD_Display:u1|DATA_BUS_VALUE[5]         ; LCD_Display:u1|CLK_400HZ ; LCD_Display:u1|CLK_400HZ ; 1.000        ; -0.042     ; 1.646      ;
; -0.700 ; LCD_Display:u1|CHAR_COUNT[1]         ; LCD_Display:u1|DATA_BUS_VALUE[5]         ; LCD_Display:u1|CLK_400HZ ; LCD_Display:u1|CLK_400HZ ; 1.000        ; -0.042     ; 1.645      ;
; -0.698 ; LCD_Display:u1|CHAR_COUNT[0]         ; LCD_Display:u1|DATA_BUS_VALUE[4]         ; LCD_Display:u1|CLK_400HZ ; LCD_Display:u1|CLK_400HZ ; 1.000        ; -0.042     ; 1.643      ;
; -0.697 ; LCD_Display:u1|CHAR_COUNT[1]         ; LCD_Display:u1|DATA_BUS_VALUE[4]         ; LCD_Display:u1|CLK_400HZ ; LCD_Display:u1|CLK_400HZ ; 1.000        ; -0.042     ; 1.642      ;
; -0.672 ; LCD_Display:u1|state.DROP_LCD_E      ; LCD_Display:u1|DATA_BUS_VALUE[2]         ; LCD_Display:u1|CLK_400HZ ; LCD_Display:u1|CLK_400HZ ; 1.000        ; -0.040     ; 1.619      ;
; -0.664 ; LCD_Display:u1|CHAR_COUNT[3]         ; LCD_Display:u1|DATA_BUS_VALUE[0]         ; LCD_Display:u1|CLK_400HZ ; LCD_Display:u1|CLK_400HZ ; 1.000        ; -0.042     ; 1.609      ;
; -0.589 ; LCD_Display:u1|CHAR_COUNT[3]         ; LCD_Display:u1|next_command.Print_String ; LCD_Display:u1|CLK_400HZ ; LCD_Display:u1|CLK_400HZ ; 1.000        ; -0.047     ; 1.529      ;
; -0.579 ; LCD_Display:u1|state.DISPLAY_OFF     ; LCD_Display:u1|DATA_BUS_VALUE[5]         ; LCD_Display:u1|CLK_400HZ ; LCD_Display:u1|CLK_400HZ ; 1.000        ; -0.040     ; 1.526      ;
; -0.577 ; LCD_Display:u1|state.DISPLAY_OFF     ; LCD_Display:u1|DATA_BUS_VALUE[4]         ; LCD_Display:u1|CLK_400HZ ; LCD_Display:u1|CLK_400HZ ; 1.000        ; -0.040     ; 1.524      ;
; -0.565 ; LCD_Display:u1|CHAR_COUNT[3]         ; LCD_Display:u1|CHAR_COUNT[3]             ; LCD_Display:u1|CLK_400HZ ; LCD_Display:u1|CLK_400HZ ; 1.000        ; -0.042     ; 1.510      ;
; -0.561 ; LCD_Display:u1|state.DISPLAY_OFF     ; LCD_Display:u1|DATA_BUS_VALUE[3]         ; LCD_Display:u1|CLK_400HZ ; LCD_Display:u1|CLK_400HZ ; 1.000        ; -0.040     ; 1.508      ;
; -0.540 ; LCD_Display:u1|state.DROP_LCD_E      ; LCD_Display:u1|DATA_BUS_VALUE[3]         ; LCD_Display:u1|CLK_400HZ ; LCD_Display:u1|CLK_400HZ ; 1.000        ; -0.040     ; 1.487      ;
; -0.519 ; LCD_Display:u1|state.RETURN_HOME     ; LCD_Display:u1|DATA_BUS_VALUE[5]         ; LCD_Display:u1|CLK_400HZ ; LCD_Display:u1|CLK_400HZ ; 1.000        ; -0.040     ; 1.466      ;
; -0.518 ; LCD_Display:u1|state.MODE_SET        ; LCD_Display:u1|DATA_BUS_VALUE[5]         ; LCD_Display:u1|CLK_400HZ ; LCD_Display:u1|CLK_400HZ ; 1.000        ; -0.040     ; 1.465      ;
; -0.517 ; LCD_Display:u1|state.RETURN_HOME     ; LCD_Display:u1|DATA_BUS_VALUE[4]         ; LCD_Display:u1|CLK_400HZ ; LCD_Display:u1|CLK_400HZ ; 1.000        ; -0.040     ; 1.464      ;
; -0.516 ; LCD_Display:u1|state.MODE_SET        ; LCD_Display:u1|DATA_BUS_VALUE[4]         ; LCD_Display:u1|CLK_400HZ ; LCD_Display:u1|CLK_400HZ ; 1.000        ; -0.040     ; 1.463      ;
; -0.510 ; LCD_Display:u1|state.HOLD            ; LCD_Display:u1|DATA_BUS_VALUE[2]         ; LCD_Display:u1|CLK_400HZ ; LCD_Display:u1|CLK_400HZ ; 1.000        ; -0.040     ; 1.457      ;
; -0.508 ; LCD_Display:u1|CHAR_COUNT[4]         ; LCD_Display:u1|CHAR_COUNT[4]             ; LCD_Display:u1|CLK_400HZ ; LCD_Display:u1|CLK_400HZ ; 1.000        ; -0.042     ; 1.453      ;
; -0.490 ; LCD_Display:u1|CHAR_COUNT[0]         ; LCD_Display:u1|next_command.Print_String ; LCD_Display:u1|CLK_400HZ ; LCD_Display:u1|CLK_400HZ ; 1.000        ; -0.047     ; 1.430      ;
; -0.471 ; LCD_Display:u1|CHAR_COUNT[2]         ; LCD_Display:u1|next_command.Print_String ; LCD_Display:u1|CLK_400HZ ; LCD_Display:u1|CLK_400HZ ; 1.000        ; -0.047     ; 1.411      ;
; -0.438 ; LCD_Display:u1|state.MODE_SET        ; LCD_Display:u1|DATA_BUS_VALUE[1]         ; LCD_Display:u1|CLK_400HZ ; LCD_Display:u1|CLK_400HZ ; 1.000        ; -0.040     ; 1.385      ;
; -0.430 ; LCD_Display:u1|CHAR_COUNT[3]         ; LCD_Display:u1|next_command.RETURN_HOME  ; LCD_Display:u1|CLK_400HZ ; LCD_Display:u1|CLK_400HZ ; 1.000        ; -0.045     ; 1.372      ;
; -0.425 ; LCD_Display:u1|CHAR_COUNT[3]         ; LCD_Display:u1|next_command.LINE2        ; LCD_Display:u1|CLK_400HZ ; LCD_Display:u1|CLK_400HZ ; 1.000        ; -0.045     ; 1.367      ;
; -0.421 ; LCD_Display:u1|state.DISPLAY_ON      ; LCD_Display:u1|DATA_BUS_VALUE[5]         ; LCD_Display:u1|CLK_400HZ ; LCD_Display:u1|CLK_400HZ ; 1.000        ; -0.040     ; 1.368      ;
; -0.419 ; LCD_Display:u1|state.DISPLAY_ON      ; LCD_Display:u1|DATA_BUS_VALUE[4]         ; LCD_Display:u1|CLK_400HZ ; LCD_Display:u1|CLK_400HZ ; 1.000        ; -0.040     ; 1.366      ;
; -0.402 ; LCD_Display:u1|DATA_BUS_VALUE[3]     ; LCD_Display:u1|DATA_BUS_VALUE[3]         ; LCD_Display:u1|CLK_400HZ ; LCD_Display:u1|CLK_400HZ ; 1.000        ; -0.041     ; 1.348      ;
; -0.387 ; LCD_Display:u1|state.DISPLAY_ON      ; LCD_Display:u1|DATA_BUS_VALUE[3]         ; LCD_Display:u1|CLK_400HZ ; LCD_Display:u1|CLK_400HZ ; 1.000        ; -0.040     ; 1.334      ;
; -0.386 ; LCD_Display:u1|state.RESET1          ; LCD_Display:u1|CHAR_COUNT[4]             ; LCD_Display:u1|CLK_400HZ ; LCD_Display:u1|CLK_400HZ ; 1.000        ; -0.040     ; 1.333      ;
; -0.378 ; LCD_Display:u1|state.HOLD            ; LCD_Display:u1|DATA_BUS_VALUE[3]         ; LCD_Display:u1|CLK_400HZ ; LCD_Display:u1|CLK_400HZ ; 1.000        ; -0.040     ; 1.325      ;
; -0.377 ; LCD_Display:u1|state.LINE2           ; LCD_Display:u1|DATA_BUS_VALUE[5]         ; LCD_Display:u1|CLK_400HZ ; LCD_Display:u1|CLK_400HZ ; 1.000        ; -0.040     ; 1.324      ;
; -0.375 ; LCD_Display:u1|state.LINE2           ; LCD_Display:u1|DATA_BUS_VALUE[4]         ; LCD_Display:u1|CLK_400HZ ; LCD_Display:u1|CLK_400HZ ; 1.000        ; -0.040     ; 1.322      ;
; -0.374 ; LCD_Display:u1|CHAR_COUNT[2]         ; LCD_Display:u1|CHAR_COUNT[2]             ; LCD_Display:u1|CLK_400HZ ; LCD_Display:u1|CLK_400HZ ; 1.000        ; -0.042     ; 1.319      ;
; -0.368 ; LCD_Display:u1|state.Print_String    ; LCD_Display:u1|CHAR_COUNT[1]             ; LCD_Display:u1|CLK_400HZ ; LCD_Display:u1|CLK_400HZ ; 1.000        ; -0.040     ; 1.315      ;
; -0.368 ; LCD_Display:u1|state.Print_String    ; LCD_Display:u1|CHAR_COUNT[3]             ; LCD_Display:u1|CLK_400HZ ; LCD_Display:u1|CLK_400HZ ; 1.000        ; -0.040     ; 1.315      ;
; -0.368 ; LCD_Display:u1|state.Print_String    ; LCD_Display:u1|CHAR_COUNT[4]             ; LCD_Display:u1|CLK_400HZ ; LCD_Display:u1|CLK_400HZ ; 1.000        ; -0.040     ; 1.315      ;
; -0.368 ; LCD_Display:u1|state.Print_String    ; LCD_Display:u1|CHAR_COUNT[2]             ; LCD_Display:u1|CLK_400HZ ; LCD_Display:u1|CLK_400HZ ; 1.000        ; -0.040     ; 1.315      ;
; -0.368 ; LCD_Display:u1|state.Print_String    ; LCD_Display:u1|CHAR_COUNT[0]             ; LCD_Display:u1|CLK_400HZ ; LCD_Display:u1|CLK_400HZ ; 1.000        ; -0.040     ; 1.315      ;
; -0.368 ; LCD_Display:u1|state.HOLD            ; LCD_Display:u1|state.Print_String        ; LCD_Display:u1|CLK_400HZ ; LCD_Display:u1|CLK_400HZ ; 1.000        ; -0.042     ; 1.313      ;
; -0.367 ; LCD_Display:u1|CHAR_COUNT[0]         ; LCD_Display:u1|CHAR_COUNT[0]             ; LCD_Display:u1|CLK_400HZ ; LCD_Display:u1|CLK_400HZ ; 1.000        ; -0.042     ; 1.312      ;
; -0.365 ; LCD_Display:u1|state.DROP_LCD_E      ; LCD_Display:u1|DATA_BUS_VALUE[7]         ; LCD_Display:u1|CLK_400HZ ; LCD_Display:u1|CLK_400HZ ; 1.000        ; -0.040     ; 1.312      ;
; -0.350 ; LCD_Display:u1|state.DISPLAY_CLEAR   ; LCD_Display:u1|DATA_BUS_VALUE[5]         ; LCD_Display:u1|CLK_400HZ ; LCD_Display:u1|CLK_400HZ ; 1.000        ; -0.040     ; 1.297      ;
; -0.347 ; LCD_Display:u1|CHAR_COUNT[1]         ; LCD_Display:u1|CHAR_COUNT[1]             ; LCD_Display:u1|CLK_400HZ ; LCD_Display:u1|CLK_400HZ ; 1.000        ; -0.042     ; 1.292      ;
; -0.347 ; LCD_Display:u1|state.DISPLAY_CLEAR   ; LCD_Display:u1|DATA_BUS_VALUE[4]         ; LCD_Display:u1|CLK_400HZ ; LCD_Display:u1|CLK_400HZ ; 1.000        ; -0.040     ; 1.294      ;
; -0.339 ; LCD_Display:u1|state.RESET2          ; LCD_Display:u1|DATA_BUS_VALUE[3]         ; LCD_Display:u1|CLK_400HZ ; LCD_Display:u1|CLK_400HZ ; 1.000        ; -0.040     ; 1.286      ;
; -0.335 ; LCD_Display:u1|state.FUNC_SET        ; LCD_Display:u1|DATA_BUS_VALUE[3]         ; LCD_Display:u1|CLK_400HZ ; LCD_Display:u1|CLK_400HZ ; 1.000        ; -0.040     ; 1.282      ;
; -0.331 ; LCD_Display:u1|CHAR_COUNT[0]         ; LCD_Display:u1|next_command.RETURN_HOME  ; LCD_Display:u1|CLK_400HZ ; LCD_Display:u1|CLK_400HZ ; 1.000        ; -0.045     ; 1.273      ;
; -0.329 ; LCD_Display:u1|state.DROP_LCD_E      ; LCD_Display:u1|DATA_BUS_VALUE[1]         ; LCD_Display:u1|CLK_400HZ ; LCD_Display:u1|CLK_400HZ ; 1.000        ; -0.040     ; 1.276      ;
; -0.326 ; LCD_Display:u1|CHAR_COUNT[0]         ; LCD_Display:u1|next_command.LINE2        ; LCD_Display:u1|CLK_400HZ ; LCD_Display:u1|CLK_400HZ ; 1.000        ; -0.045     ; 1.268      ;
; -0.323 ; LCD_Display:u1|CHAR_COUNT[1]         ; LCD_Display:u1|next_command.Print_String ; LCD_Display:u1|CLK_400HZ ; LCD_Display:u1|CLK_400HZ ; 1.000        ; -0.047     ; 1.263      ;
; -0.312 ; LCD_Display:u1|CHAR_COUNT[2]         ; LCD_Display:u1|next_command.RETURN_HOME  ; LCD_Display:u1|CLK_400HZ ; LCD_Display:u1|CLK_400HZ ; 1.000        ; -0.045     ; 1.254      ;
; -0.307 ; LCD_Display:u1|CHAR_COUNT[2]         ; LCD_Display:u1|next_command.LINE2        ; LCD_Display:u1|CLK_400HZ ; LCD_Display:u1|CLK_400HZ ; 1.000        ; -0.045     ; 1.249      ;
; -0.282 ; LCD_Display:u1|state.HOLD            ; LCD_Display:u1|DATA_BUS_VALUE[0]         ; LCD_Display:u1|CLK_400HZ ; LCD_Display:u1|CLK_400HZ ; 1.000        ; -0.040     ; 1.229      ;
; -0.276 ; LCD_Display:u1|state.RESET1          ; LCD_Display:u1|CHAR_COUNT[2]             ; LCD_Display:u1|CLK_400HZ ; LCD_Display:u1|CLK_400HZ ; 1.000        ; -0.040     ; 1.223      ;
; -0.269 ; LCD_Display:u1|state.HOLD            ; LCD_Display:u1|state.FUNC_SET            ; LCD_Display:u1|CLK_400HZ ; LCD_Display:u1|CLK_400HZ ; 1.000        ; -0.042     ; 1.214      ;
; -0.263 ; LCD_Display:u1|state.RESET1          ; LCD_Display:u1|CHAR_COUNT[3]             ; LCD_Display:u1|CLK_400HZ ; LCD_Display:u1|CLK_400HZ ; 1.000        ; -0.040     ; 1.210      ;
; -0.259 ; LCD_Display:u1|state.RESET1          ; LCD_Display:u1|DATA_BUS_VALUE[3]         ; LCD_Display:u1|CLK_400HZ ; LCD_Display:u1|CLK_400HZ ; 1.000        ; -0.040     ; 1.206      ;
; -0.254 ; LCD_Display:u1|state.DROP_LCD_E      ; LCD_Display:u1|next_command.Print_String ; LCD_Display:u1|CLK_400HZ ; LCD_Display:u1|CLK_400HZ ; 1.000        ; -0.045     ; 1.196      ;
; -0.247 ; LCD_Display:u1|state.RESET1          ; LCD_Display:u1|CHAR_COUNT[0]             ; LCD_Display:u1|CLK_400HZ ; LCD_Display:u1|CLK_400HZ ; 1.000        ; -0.040     ; 1.194      ;
; -0.223 ; LCD_Display:u1|state.RESET1          ; LCD_Display:u1|CHAR_COUNT[1]             ; LCD_Display:u1|CLK_400HZ ; LCD_Display:u1|CLK_400HZ ; 1.000        ; -0.040     ; 1.170      ;
; -0.215 ; LCD_Display:u1|state.HOLD            ; LCD_Display:u1|DATA_BUS_VALUE[7]         ; LCD_Display:u1|CLK_400HZ ; LCD_Display:u1|CLK_400HZ ; 1.000        ; -0.040     ; 1.162      ;
; -0.214 ; LCD_Display:u1|state.Print_String    ; LCD_Display:u1|next_command.Print_String ; LCD_Display:u1|CLK_400HZ ; LCD_Display:u1|CLK_400HZ ; 1.000        ; -0.045     ; 1.156      ;
; -0.209 ; LCD_Display:u1|state.Print_String    ; LCD_Display:u1|DATA_BUS_VALUE[2]         ; LCD_Display:u1|CLK_400HZ ; LCD_Display:u1|CLK_400HZ ; 1.000        ; -0.040     ; 1.156      ;
; -0.207 ; LCD_Display:u1|next_command.FUNC_SET ; LCD_Display:u1|state.FUNC_SET            ; LCD_Display:u1|CLK_400HZ ; LCD_Display:u1|CLK_400HZ ; 1.000        ; -0.041     ; 1.153      ;
; -0.206 ; LCD_Display:u1|state.HOLD            ; LCD_Display:u1|state.MODE_SET            ; LCD_Display:u1|CLK_400HZ ; LCD_Display:u1|CLK_400HZ ; 1.000        ; -0.042     ; 1.151      ;
; -0.205 ; LCD_Display:u1|state.DROP_LCD_E      ; LCD_Display:u1|DATA_BUS_VALUE[4]         ; LCD_Display:u1|CLK_400HZ ; LCD_Display:u1|CLK_400HZ ; 1.000        ; -0.040     ; 1.152      ;
; -0.205 ; LCD_Display:u1|state.DROP_LCD_E      ; LCD_Display:u1|DATA_BUS_VALUE[5]         ; LCD_Display:u1|CLK_400HZ ; LCD_Display:u1|CLK_400HZ ; 1.000        ; -0.040     ; 1.152      ;
; -0.186 ; LCD_Display:u1|state.LINE2           ; LCD_Display:u1|DATA_BUS_VALUE[6]         ; LCD_Display:u1|CLK_400HZ ; LCD_Display:u1|CLK_400HZ ; 1.000        ; -0.040     ; 1.133      ;
; -0.181 ; LCD_Display:u1|state.RESET3          ; LCD_Display:u1|DATA_BUS_VALUE[3]         ; LCD_Display:u1|CLK_400HZ ; LCD_Display:u1|CLK_400HZ ; 1.000        ; -0.040     ; 1.128      ;
; -0.180 ; LCD_Display:u1|state.Print_String    ; LCD_Display:u1|DATA_BUS_VALUE[1]         ; LCD_Display:u1|CLK_400HZ ; LCD_Display:u1|CLK_400HZ ; 1.000        ; -0.040     ; 1.127      ;
; -0.176 ; LCD_Display:u1|state.HOLD            ; LCD_Display:u1|DATA_BUS_VALUE[1]         ; LCD_Display:u1|CLK_400HZ ; LCD_Display:u1|CLK_400HZ ; 1.000        ; -0.040     ; 1.123      ;
+--------+--------------------------------------+------------------------------------------+--------------------------+--------------------------+--------------+------------+------------+


+----------------------------------------------------------------------------------------------------------------------------------------------------------------------------------------------+
; Fast 1200mV 0C Model Hold: 'LCD_Display:u1|CLK_400HZ'                                                                                                                                        ;
+-------+-------------------------------------------+-------------------------------------------+--------------------------+--------------------------+--------------+------------+------------+
; Slack ; From Node                                 ; To Node                                   ; Launch Clock             ; Latch Clock              ; Relationship ; Clock Skew ; Data Delay ;
+-------+-------------------------------------------+-------------------------------------------+--------------------------+--------------------------+--------------+------------+------------+
; 0.102 ; Reset_Delay:r0|oRESET                     ; LCD_Display:u1|next_command.Print_String  ; CLOCK_50                 ; LCD_Display:u1|CLK_400HZ ; 0.000        ; 0.577      ; 0.793      ;
; 0.105 ; Reset_Delay:r0|oRESET                     ; LCD_Display:u1|DATA_BUS_VALUE[7]          ; CLOCK_50                 ; LCD_Display:u1|CLK_400HZ ; 0.000        ; 0.582      ; 0.801      ;
; 0.105 ; Reset_Delay:r0|oRESET                     ; LCD_Display:u1|DATA_BUS_VALUE[6]          ; CLOCK_50                 ; LCD_Display:u1|CLK_400HZ ; 0.000        ; 0.582      ; 0.801      ;
; 0.105 ; Reset_Delay:r0|oRESET                     ; LCD_Display:u1|DATA_BUS_VALUE[3]          ; CLOCK_50                 ; LCD_Display:u1|CLK_400HZ ; 0.000        ; 0.582      ; 0.801      ;
; 0.105 ; Reset_Delay:r0|oRESET                     ; LCD_Display:u1|DATA_BUS_VALUE[2]          ; CLOCK_50                 ; LCD_Display:u1|CLK_400HZ ; 0.000        ; 0.582      ; 0.801      ;
; 0.107 ; Reset_Delay:r0|oRESET                     ; LCD_Display:u1|DATA_BUS_VALUE[1]          ; CLOCK_50                 ; LCD_Display:u1|CLK_400HZ ; 0.000        ; 0.582      ; 0.803      ;
; 0.107 ; Reset_Delay:r0|oRESET                     ; LCD_Display:u1|DATA_BUS_VALUE[0]          ; CLOCK_50                 ; LCD_Display:u1|CLK_400HZ ; 0.000        ; 0.582      ; 0.803      ;
; 0.113 ; Reset_Delay:r0|oRESET                     ; LCD_Display:u1|next_command.RESET2        ; CLOCK_50                 ; LCD_Display:u1|CLK_400HZ ; 0.000        ; 0.581      ; 0.808      ;
; 0.113 ; Reset_Delay:r0|oRESET                     ; LCD_Display:u1|next_command.DISPLAY_ON    ; CLOCK_50                 ; LCD_Display:u1|CLK_400HZ ; 0.000        ; 0.581      ; 0.808      ;
; 0.115 ; Reset_Delay:r0|oRESET                     ; LCD_Display:u1|LCD_E                      ; CLOCK_50                 ; LCD_Display:u1|CLK_400HZ ; 0.000        ; 0.583      ; 0.812      ;
; 0.132 ; Reset_Delay:r0|oRESET                     ; LCD_Display:u1|LCD_RS                     ; CLOCK_50                 ; LCD_Display:u1|CLK_400HZ ; 0.000        ; 0.580      ; 0.826      ;
; 0.132 ; Reset_Delay:r0|oRESET                     ; LCD_Display:u1|next_command.RESET3        ; CLOCK_50                 ; LCD_Display:u1|CLK_400HZ ; 0.000        ; 0.580      ; 0.826      ;
; 0.132 ; Reset_Delay:r0|oRESET                     ; LCD_Display:u1|next_command.FUNC_SET      ; CLOCK_50                 ; LCD_Display:u1|CLK_400HZ ; 0.000        ; 0.580      ; 0.826      ;
; 0.132 ; Reset_Delay:r0|oRESET                     ; LCD_Display:u1|next_command.DISPLAY_OFF   ; CLOCK_50                 ; LCD_Display:u1|CLK_400HZ ; 0.000        ; 0.580      ; 0.826      ;
; 0.132 ; Reset_Delay:r0|oRESET                     ; LCD_Display:u1|next_command.DISPLAY_CLEAR ; CLOCK_50                 ; LCD_Display:u1|CLK_400HZ ; 0.000        ; 0.580      ; 0.826      ;
; 0.132 ; Reset_Delay:r0|oRESET                     ; LCD_Display:u1|next_command.MODE_SET      ; CLOCK_50                 ; LCD_Display:u1|CLK_400HZ ; 0.000        ; 0.580      ; 0.826      ;
; 0.132 ; Reset_Delay:r0|oRESET                     ; LCD_Display:u1|next_command.RETURN_HOME   ; CLOCK_50                 ; LCD_Display:u1|CLK_400HZ ; 0.000        ; 0.580      ; 0.826      ;
; 0.132 ; Reset_Delay:r0|oRESET                     ; LCD_Display:u1|next_command.LINE2         ; CLOCK_50                 ; LCD_Display:u1|CLK_400HZ ; 0.000        ; 0.580      ; 0.826      ;
; 0.181 ; LCD_Display:u1|LCD_RS                     ; LCD_Display:u1|LCD_RS                     ; LCD_Display:u1|CLK_400HZ ; LCD_Display:u1|CLK_400HZ ; 0.000        ; 0.042      ; 0.307      ;
; 0.181 ; LCD_Display:u1|next_command.MODE_SET      ; LCD_Display:u1|next_command.MODE_SET      ; LCD_Display:u1|CLK_400HZ ; LCD_Display:u1|CLK_400HZ ; 0.000        ; 0.042      ; 0.307      ;
; 0.181 ; LCD_Display:u1|next_command.DISPLAY_ON    ; LCD_Display:u1|next_command.DISPLAY_ON    ; LCD_Display:u1|CLK_400HZ ; LCD_Display:u1|CLK_400HZ ; 0.000        ; 0.042      ; 0.307      ;
; 0.181 ; LCD_Display:u1|next_command.DISPLAY_CLEAR ; LCD_Display:u1|next_command.DISPLAY_CLEAR ; LCD_Display:u1|CLK_400HZ ; LCD_Display:u1|CLK_400HZ ; 0.000        ; 0.042      ; 0.307      ;
; 0.181 ; LCD_Display:u1|next_command.DISPLAY_OFF   ; LCD_Display:u1|next_command.DISPLAY_OFF   ; LCD_Display:u1|CLK_400HZ ; LCD_Display:u1|CLK_400HZ ; 0.000        ; 0.042      ; 0.307      ;
; 0.181 ; LCD_Display:u1|next_command.FUNC_SET      ; LCD_Display:u1|next_command.FUNC_SET      ; LCD_Display:u1|CLK_400HZ ; LCD_Display:u1|CLK_400HZ ; 0.000        ; 0.042      ; 0.307      ;
; 0.181 ; LCD_Display:u1|next_command.RESET3        ; LCD_Display:u1|next_command.RESET3        ; LCD_Display:u1|CLK_400HZ ; LCD_Display:u1|CLK_400HZ ; 0.000        ; 0.042      ; 0.307      ;
; 0.181 ; LCD_Display:u1|next_command.RESET2        ; LCD_Display:u1|next_command.RESET2        ; LCD_Display:u1|CLK_400HZ ; LCD_Display:u1|CLK_400HZ ; 0.000        ; 0.042      ; 0.307      ;
; 0.182 ; LCD_Display:u1|LCD_E                      ; LCD_Display:u1|LCD_E                      ; LCD_Display:u1|CLK_400HZ ; LCD_Display:u1|CLK_400HZ ; 0.000        ; 0.041      ; 0.307      ;
; 0.182 ; LCD_Display:u1|DATA_BUS_VALUE[7]          ; LCD_Display:u1|DATA_BUS_VALUE[7]          ; LCD_Display:u1|CLK_400HZ ; LCD_Display:u1|CLK_400HZ ; 0.000        ; 0.041      ; 0.307      ;
; 0.182 ; LCD_Display:u1|next_command.Print_String  ; LCD_Display:u1|next_command.Print_String  ; LCD_Display:u1|CLK_400HZ ; LCD_Display:u1|CLK_400HZ ; 0.000        ; 0.041      ; 0.307      ;
; 0.199 ; Reset_Delay:r0|oRESET                     ; LCD_Display:u1|CHAR_COUNT[4]              ; CLOCK_50                 ; LCD_Display:u1|CLK_400HZ ; 0.000        ; 0.583      ; 0.896      ;
; 0.199 ; Reset_Delay:r0|oRESET                     ; LCD_Display:u1|CHAR_COUNT[2]              ; CLOCK_50                 ; LCD_Display:u1|CLK_400HZ ; 0.000        ; 0.583      ; 0.896      ;
; 0.199 ; Reset_Delay:r0|oRESET                     ; LCD_Display:u1|CHAR_COUNT[3]              ; CLOCK_50                 ; LCD_Display:u1|CLK_400HZ ; 0.000        ; 0.583      ; 0.896      ;
; 0.199 ; Reset_Delay:r0|oRESET                     ; LCD_Display:u1|CHAR_COUNT[0]              ; CLOCK_50                 ; LCD_Display:u1|CLK_400HZ ; 0.000        ; 0.583      ; 0.896      ;
; 0.199 ; Reset_Delay:r0|oRESET                     ; LCD_Display:u1|CHAR_COUNT[1]              ; CLOCK_50                 ; LCD_Display:u1|CLK_400HZ ; 0.000        ; 0.583      ; 0.896      ;
; 0.220 ; LCD_Display:u1|state.HOLD                 ; LCD_Display:u1|state.RESET2               ; LCD_Display:u1|CLK_400HZ ; LCD_Display:u1|CLK_400HZ ; 0.000        ; 0.042      ; 0.346      ;
; 0.221 ; LCD_Display:u1|state.HOLD                 ; LCD_Display:u1|next_command.DISPLAY_ON    ; LCD_Display:u1|CLK_400HZ ; LCD_Display:u1|CLK_400HZ ; 0.000        ; 0.042      ; 0.347      ;
; 0.222 ; LCD_Display:u1|state.HOLD                 ; LCD_Display:u1|state.DISPLAY_ON           ; LCD_Display:u1|CLK_400HZ ; LCD_Display:u1|CLK_400HZ ; 0.000        ; 0.042      ; 0.348      ;
; 0.246 ; LCD_Display:u1|next_command.DISPLAY_ON    ; LCD_Display:u1|state.DISPLAY_ON           ; LCD_Display:u1|CLK_400HZ ; LCD_Display:u1|CLK_400HZ ; 0.000        ; 0.042      ; 0.372      ;
; 0.247 ; LCD_Display:u1|next_command.RESET2        ; LCD_Display:u1|state.RESET2               ; LCD_Display:u1|CLK_400HZ ; LCD_Display:u1|CLK_400HZ ; 0.000        ; 0.042      ; 0.373      ;
; 0.264 ; LCD_Display:u1|state.FUNC_SET             ; LCD_Display:u1|next_command.DISPLAY_OFF   ; LCD_Display:u1|CLK_400HZ ; LCD_Display:u1|CLK_400HZ ; 0.000        ; 0.041      ; 0.389      ;
; 0.273 ; Reset_Delay:r0|oRESET                     ; LCD_Display:u1|DATA_BUS_VALUE[4]          ; CLOCK_50                 ; LCD_Display:u1|CLK_400HZ ; 0.000        ; 0.582      ; 0.969      ;
; 0.273 ; Reset_Delay:r0|oRESET                     ; LCD_Display:u1|DATA_BUS_VALUE[5]          ; CLOCK_50                 ; LCD_Display:u1|CLK_400HZ ; 0.000        ; 0.582      ; 0.969      ;
; 0.278 ; LCD_Display:u1|state.DISPLAY_OFF          ; LCD_Display:u1|next_command.DISPLAY_CLEAR ; LCD_Display:u1|CLK_400HZ ; LCD_Display:u1|CLK_400HZ ; 0.000        ; 0.041      ; 0.403      ;
; 0.280 ; LCD_Display:u1|CHAR_COUNT[4]              ; LCD_Display:u1|CHAR_COUNT[4]              ; LCD_Display:u1|CLK_400HZ ; LCD_Display:u1|CLK_400HZ ; 0.000        ; 0.042      ; 0.406      ;
; 0.287 ; LCD_Display:u1|state.DROP_LCD_E           ; LCD_Display:u1|state.HOLD                 ; LCD_Display:u1|CLK_400HZ ; LCD_Display:u1|CLK_400HZ ; 0.000        ; 0.042      ; 0.413      ;
; 0.290 ; LCD_Display:u1|state.RESET1               ; LCD_Display:u1|next_command.RESET2        ; LCD_Display:u1|CLK_400HZ ; LCD_Display:u1|CLK_400HZ ; 0.000        ; 0.042      ; 0.416      ;
; 0.308 ; LCD_Display:u1|state.DROP_LCD_E           ; LCD_Display:u1|next_command.MODE_SET      ; LCD_Display:u1|CLK_400HZ ; LCD_Display:u1|CLK_400HZ ; 0.000        ; 0.041      ; 0.433      ;
; 0.314 ; LCD_Display:u1|state.DROP_LCD_E           ; LCD_Display:u1|next_command.FUNC_SET      ; LCD_Display:u1|CLK_400HZ ; LCD_Display:u1|CLK_400HZ ; 0.000        ; 0.041      ; 0.439      ;
; 0.324 ; LCD_Display:u1|state.DROP_LCD_E           ; LCD_Display:u1|next_command.RESET2        ; LCD_Display:u1|CLK_400HZ ; LCD_Display:u1|CLK_400HZ ; 0.000        ; 0.042      ; 0.450      ;
; 0.329 ; LCD_Display:u1|state.HOLD                 ; LCD_Display:u1|next_command.RESET2        ; LCD_Display:u1|CLK_400HZ ; LCD_Display:u1|CLK_400HZ ; 0.000        ; 0.042      ; 0.455      ;
; 0.346 ; LCD_Display:u1|next_command.LINE2         ; LCD_Display:u1|next_command.LINE2         ; LCD_Display:u1|CLK_400HZ ; LCD_Display:u1|CLK_400HZ ; 0.000        ; 0.042      ; 0.472      ;
; 0.346 ; LCD_Display:u1|state.DROP_LCD_E           ; LCD_Display:u1|next_command.DISPLAY_ON    ; LCD_Display:u1|CLK_400HZ ; LCD_Display:u1|CLK_400HZ ; 0.000        ; 0.042      ; 0.472      ;
; 0.350 ; LCD_Display:u1|CHAR_COUNT[0]              ; LCD_Display:u1|CHAR_COUNT[0]              ; LCD_Display:u1|CLK_400HZ ; LCD_Display:u1|CLK_400HZ ; 0.000        ; 0.042      ; 0.476      ;
; 0.369 ; LCD_Display:u1|state.RESET3               ; LCD_Display:u1|next_command.FUNC_SET      ; LCD_Display:u1|CLK_400HZ ; LCD_Display:u1|CLK_400HZ ; 0.000        ; 0.041      ; 0.494      ;
; 0.373 ; LCD_Display:u1|state.DISPLAY_CLEAR        ; LCD_Display:u1|next_command.DISPLAY_ON    ; LCD_Display:u1|CLK_400HZ ; LCD_Display:u1|CLK_400HZ ; 0.000        ; 0.042      ; 0.499      ;
; 0.385 ; LCD_Display:u1|state.DISPLAY_ON           ; LCD_Display:u1|next_command.MODE_SET      ; LCD_Display:u1|CLK_400HZ ; LCD_Display:u1|CLK_400HZ ; 0.000        ; 0.041      ; 0.510      ;
; 0.387 ; LCD_Display:u1|state.Print_String         ; LCD_Display:u1|LCD_RS                     ; LCD_Display:u1|CLK_400HZ ; LCD_Display:u1|CLK_400HZ ; 0.000        ; 0.041      ; 0.512      ;
; 0.390 ; LCD_Display:u1|CHAR_COUNT[3]              ; LCD_Display:u1|CHAR_COUNT[3]              ; LCD_Display:u1|CLK_400HZ ; LCD_Display:u1|CLK_400HZ ; 0.000        ; 0.042      ; 0.516      ;
; 0.391 ; LCD_Display:u1|CHAR_COUNT[2]              ; LCD_Display:u1|CHAR_COUNT[2]              ; LCD_Display:u1|CLK_400HZ ; LCD_Display:u1|CLK_400HZ ; 0.000        ; 0.042      ; 0.517      ;
; 0.393 ; LCD_Display:u1|state.RESET2               ; LCD_Display:u1|next_command.RESET3        ; LCD_Display:u1|CLK_400HZ ; LCD_Display:u1|CLK_400HZ ; 0.000        ; 0.041      ; 0.518      ;
; 0.408 ; LCD_Display:u1|state.Print_String         ; LCD_Display:u1|next_command.RETURN_HOME   ; LCD_Display:u1|CLK_400HZ ; LCD_Display:u1|CLK_400HZ ; 0.000        ; 0.041      ; 0.533      ;
; 0.411 ; LCD_Display:u1|DATA_BUS_VALUE[0]          ; LCD_Display:u1|DATA_BUS_VALUE[0]          ; LCD_Display:u1|CLK_400HZ ; LCD_Display:u1|CLK_400HZ ; 0.000        ; 0.041      ; 0.536      ;
; 0.418 ; LCD_Display:u1|state.Print_String         ; LCD_Display:u1|next_command.LINE2         ; LCD_Display:u1|CLK_400HZ ; LCD_Display:u1|CLK_400HZ ; 0.000        ; 0.041      ; 0.543      ;
; 0.435 ; LCD_Display:u1|state.DROP_LCD_E           ; LCD_Display:u1|LCD_RS                     ; LCD_Display:u1|CLK_400HZ ; LCD_Display:u1|CLK_400HZ ; 0.000        ; 0.041      ; 0.560      ;
; 0.436 ; LCD_Display:u1|state.DROP_LCD_E           ; LCD_Display:u1|next_command.RESET3        ; LCD_Display:u1|CLK_400HZ ; LCD_Display:u1|CLK_400HZ ; 0.000        ; 0.041      ; 0.561      ;
; 0.438 ; LCD_Display:u1|state.DROP_LCD_E           ; LCD_Display:u1|next_command.DISPLAY_CLEAR ; LCD_Display:u1|CLK_400HZ ; LCD_Display:u1|CLK_400HZ ; 0.000        ; 0.041      ; 0.563      ;
; 0.440 ; LCD_Display:u1|state.DROP_LCD_E           ; LCD_Display:u1|next_command.DISPLAY_OFF   ; LCD_Display:u1|CLK_400HZ ; LCD_Display:u1|CLK_400HZ ; 0.000        ; 0.041      ; 0.565      ;
; 0.445 ; LCD_Display:u1|next_command.RETURN_HOME   ; LCD_Display:u1|next_command.RETURN_HOME   ; LCD_Display:u1|CLK_400HZ ; LCD_Display:u1|CLK_400HZ ; 0.000        ; 0.042      ; 0.571      ;
; 0.477 ; LCD_Display:u1|CHAR_COUNT[1]              ; LCD_Display:u1|CHAR_COUNT[1]              ; LCD_Display:u1|CLK_400HZ ; LCD_Display:u1|CLK_400HZ ; 0.000        ; 0.042      ; 0.603      ;
; 0.488 ; LCD_Display:u1|next_command.LINE2         ; LCD_Display:u1|state.LINE2                ; LCD_Display:u1|CLK_400HZ ; LCD_Display:u1|CLK_400HZ ; 0.000        ; 0.043      ; 0.615      ;
; 0.499 ; LCD_Display:u1|CHAR_COUNT[0]              ; LCD_Display:u1|CHAR_COUNT[1]              ; LCD_Display:u1|CLK_400HZ ; LCD_Display:u1|CLK_400HZ ; 0.000        ; 0.042      ; 0.625      ;
; 0.500 ; LCD_Display:u1|next_command.MODE_SET      ; LCD_Display:u1|state.MODE_SET             ; LCD_Display:u1|CLK_400HZ ; LCD_Display:u1|CLK_400HZ ; 0.000        ; 0.043      ; 0.627      ;
; 0.502 ; LCD_Display:u1|CHAR_COUNT[0]              ; LCD_Display:u1|CHAR_COUNT[2]              ; LCD_Display:u1|CLK_400HZ ; LCD_Display:u1|CLK_400HZ ; 0.000        ; 0.042      ; 0.628      ;
; 0.507 ; LCD_Display:u1|state.Print_String         ; LCD_Display:u1|DATA_BUS_VALUE[0]          ; LCD_Display:u1|CLK_400HZ ; LCD_Display:u1|CLK_400HZ ; 0.000        ; 0.043      ; 0.634      ;
; 0.509 ; LCD_Display:u1|state.Print_String         ; LCD_Display:u1|DATA_BUS_VALUE[5]          ; LCD_Display:u1|CLK_400HZ ; LCD_Display:u1|CLK_400HZ ; 0.000        ; 0.043      ; 0.636      ;
; 0.520 ; LCD_Display:u1|state.Print_String         ; LCD_Display:u1|DATA_BUS_VALUE[4]          ; LCD_Display:u1|CLK_400HZ ; LCD_Display:u1|CLK_400HZ ; 0.000        ; 0.043      ; 0.647      ;
; 0.531 ; LCD_Display:u1|state.Print_String         ; LCD_Display:u1|DATA_BUS_VALUE[3]          ; LCD_Display:u1|CLK_400HZ ; LCD_Display:u1|CLK_400HZ ; 0.000        ; 0.043      ; 0.658      ;
; 0.539 ; LCD_Display:u1|CHAR_COUNT[3]              ; LCD_Display:u1|CHAR_COUNT[4]              ; LCD_Display:u1|CLK_400HZ ; LCD_Display:u1|CLK_400HZ ; 0.000        ; 0.042      ; 0.665      ;
; 0.549 ; LCD_Display:u1|CHAR_COUNT[2]              ; LCD_Display:u1|CHAR_COUNT[3]              ; LCD_Display:u1|CLK_400HZ ; LCD_Display:u1|CLK_400HZ ; 0.000        ; 0.042      ; 0.675      ;
; 0.551 ; LCD_Display:u1|state.HOLD                 ; LCD_Display:u1|state.DROP_LCD_E           ; LCD_Display:u1|CLK_400HZ ; LCD_Display:u1|CLK_400HZ ; 0.000        ; 0.042      ; 0.677      ;
; 0.552 ; LCD_Display:u1|CHAR_COUNT[2]              ; LCD_Display:u1|CHAR_COUNT[4]              ; LCD_Display:u1|CLK_400HZ ; LCD_Display:u1|CLK_400HZ ; 0.000        ; 0.042      ; 0.678      ;
; 0.553 ; LCD_Display:u1|next_command.DISPLAY_CLEAR ; LCD_Display:u1|state.DISPLAY_CLEAR        ; LCD_Display:u1|CLK_400HZ ; LCD_Display:u1|CLK_400HZ ; 0.000        ; 0.043      ; 0.680      ;
; 0.556 ; LCD_Display:u1|next_command.DISPLAY_OFF   ; LCD_Display:u1|state.DISPLAY_OFF          ; LCD_Display:u1|CLK_400HZ ; LCD_Display:u1|CLK_400HZ ; 0.000        ; 0.043      ; 0.683      ;
; 0.561 ; LCD_Display:u1|next_command.RETURN_HOME   ; LCD_Display:u1|state.RETURN_HOME          ; LCD_Display:u1|CLK_400HZ ; LCD_Display:u1|CLK_400HZ ; 0.000        ; 0.043      ; 0.688      ;
; 0.563 ; LCD_Display:u1|state.DROP_LCD_E           ; LCD_Display:u1|next_command.LINE2         ; LCD_Display:u1|CLK_400HZ ; LCD_Display:u1|CLK_400HZ ; 0.000        ; 0.041      ; 0.688      ;
; 0.565 ; LCD_Display:u1|CHAR_COUNT[0]              ; LCD_Display:u1|CHAR_COUNT[3]              ; LCD_Display:u1|CLK_400HZ ; LCD_Display:u1|CLK_400HZ ; 0.000        ; 0.042      ; 0.691      ;
; 0.568 ; LCD_Display:u1|state.HOLD                 ; LCD_Display:u1|LCD_RS                     ; LCD_Display:u1|CLK_400HZ ; LCD_Display:u1|CLK_400HZ ; 0.000        ; 0.041      ; 0.693      ;
; 0.568 ; LCD_Display:u1|state.HOLD                 ; LCD_Display:u1|next_command.MODE_SET      ; LCD_Display:u1|CLK_400HZ ; LCD_Display:u1|CLK_400HZ ; 0.000        ; 0.041      ; 0.693      ;
; 0.568 ; LCD_Display:u1|CHAR_COUNT[0]              ; LCD_Display:u1|CHAR_COUNT[4]              ; LCD_Display:u1|CLK_400HZ ; LCD_Display:u1|CLK_400HZ ; 0.000        ; 0.042      ; 0.694      ;
; 0.569 ; LCD_Display:u1|state.HOLD                 ; LCD_Display:u1|next_command.RESET3        ; LCD_Display:u1|CLK_400HZ ; LCD_Display:u1|CLK_400HZ ; 0.000        ; 0.041      ; 0.694      ;
; 0.569 ; LCD_Display:u1|state.LINE2                ; LCD_Display:u1|DATA_BUS_VALUE[7]          ; LCD_Display:u1|CLK_400HZ ; LCD_Display:u1|CLK_400HZ ; 0.000        ; 0.043      ; 0.696      ;
; 0.572 ; LCD_Display:u1|state.HOLD                 ; LCD_Display:u1|next_command.DISPLAY_CLEAR ; LCD_Display:u1|CLK_400HZ ; LCD_Display:u1|CLK_400HZ ; 0.000        ; 0.041      ; 0.697      ;
; 0.575 ; LCD_Display:u1|state.HOLD                 ; LCD_Display:u1|next_command.DISPLAY_OFF   ; LCD_Display:u1|CLK_400HZ ; LCD_Display:u1|CLK_400HZ ; 0.000        ; 0.041      ; 0.700      ;
; 0.583 ; LCD_Display:u1|state.DROP_LCD_E           ; LCD_Display:u1|next_command.RETURN_HOME   ; LCD_Display:u1|CLK_400HZ ; LCD_Display:u1|CLK_400HZ ; 0.000        ; 0.041      ; 0.708      ;
; 0.586 ; LCD_Display:u1|state.HOLD                 ; LCD_Display:u1|next_command.RETURN_HOME   ; LCD_Display:u1|CLK_400HZ ; LCD_Display:u1|CLK_400HZ ; 0.000        ; 0.041      ; 0.711      ;
; 0.587 ; LCD_Display:u1|CHAR_COUNT[1]              ; LCD_Display:u1|DATA_BUS_VALUE[5]          ; LCD_Display:u1|CLK_400HZ ; LCD_Display:u1|CLK_400HZ ; 0.000        ; 0.041      ; 0.712      ;
; 0.589 ; LCD_Display:u1|state.HOLD                 ; LCD_Display:u1|next_command.FUNC_SET      ; LCD_Display:u1|CLK_400HZ ; LCD_Display:u1|CLK_400HZ ; 0.000        ; 0.041      ; 0.714      ;
; 0.606 ; LCD_Display:u1|state.DROP_LCD_E           ; LCD_Display:u1|LCD_E                      ; LCD_Display:u1|CLK_400HZ ; LCD_Display:u1|CLK_400HZ ; 0.000        ; 0.044      ; 0.734      ;
; 0.613 ; LCD_Display:u1|state.HOLD                 ; LCD_Display:u1|LCD_E                      ; LCD_Display:u1|CLK_400HZ ; LCD_Display:u1|CLK_400HZ ; 0.000        ; 0.044      ; 0.741      ;
; 0.616 ; LCD_Display:u1|DATA_BUS_VALUE[2]          ; LCD_Display:u1|DATA_BUS_VALUE[2]          ; LCD_Display:u1|CLK_400HZ ; LCD_Display:u1|CLK_400HZ ; 0.000        ; 0.041      ; 0.741      ;
+-------+-------------------------------------------+-------------------------------------------+--------------------------+--------------------------+--------------+------------+------------+


+-------------------------------------------------------------------------------------------------------------------------------------------------------------------+
; Fast 1200mV 0C Model Hold: 'CLOCK_50'                                                                                                                             ;
+-------+------------------------------------+------------------------------------+--------------------------+-------------+--------------+------------+------------+
; Slack ; From Node                          ; To Node                            ; Launch Clock             ; Latch Clock ; Relationship ; Clock Skew ; Data Delay ;
+-------+------------------------------------+------------------------------------+--------------------------+-------------+--------------+------------+------------+
; 0.164 ; LCD_Display:u1|CLK_400HZ           ; LCD_Display:u1|CLK_400HZ           ; LCD_Display:u1|CLK_400HZ ; CLOCK_50    ; 0.000        ; 1.633      ; 2.016      ;
; 0.189 ; Reset_Delay:r0|Cont[0]             ; Reset_Delay:r0|Cont[0]             ; CLOCK_50                 ; CLOCK_50    ; 0.000        ; 0.041      ; 0.314      ;
; 0.192 ; LCD_Display:u1|CLK_COUNT_400HZ[19] ; LCD_Display:u1|CLK_COUNT_400HZ[19] ; CLOCK_50                 ; CLOCK_50    ; 0.000        ; 0.042      ; 0.318      ;
; 0.193 ; Reset_Delay:r0|Cont[19]            ; Reset_Delay:r0|Cont[19]            ; CLOCK_50                 ; CLOCK_50    ; 0.000        ; 0.041      ; 0.318      ;
; 0.229 ; Reset_Delay:r0|Cont[16]            ; Reset_Delay:r0|Cont[17]            ; CLOCK_50                 ; CLOCK_50    ; 0.000        ; 0.255      ; 0.568      ;
; 0.238 ; LCD_Display:u1|CLK_COUNT_400HZ[13] ; LCD_Display:u1|CLK_COUNT_400HZ[14] ; CLOCK_50                 ; CLOCK_50    ; 0.000        ; 0.245      ; 0.567      ;
; 0.241 ; Reset_Delay:r0|Cont[15]            ; Reset_Delay:r0|Cont[17]            ; CLOCK_50                 ; CLOCK_50    ; 0.000        ; 0.255      ; 0.580      ;
; 0.248 ; LCD_Display:u1|CLK_COUNT_400HZ[10] ; LCD_Display:u1|CLK_COUNT_400HZ[11] ; CLOCK_50                 ; CLOCK_50    ; 0.000        ; 0.245      ; 0.577      ;
; 0.249 ; LCD_Display:u1|CLK_COUNT_400HZ[16] ; LCD_Display:u1|CLK_COUNT_400HZ[17] ; CLOCK_50                 ; CLOCK_50    ; 0.000        ; 0.245      ; 0.578      ;
; 0.252 ; LCD_Display:u1|CLK_COUNT_400HZ[16] ; LCD_Display:u1|CLK_COUNT_400HZ[18] ; CLOCK_50                 ; CLOCK_50    ; 0.000        ; 0.245      ; 0.581      ;
; 0.252 ; LCD_Display:u1|CLK_COUNT_400HZ[12] ; LCD_Display:u1|CLK_COUNT_400HZ[14] ; CLOCK_50                 ; CLOCK_50    ; 0.000        ; 0.245      ; 0.581      ;
; 0.286 ; LCD_Display:u1|CLK_COUNT_400HZ[15] ; LCD_Display:u1|CLK_COUNT_400HZ[15] ; CLOCK_50                 ; CLOCK_50    ; 0.000        ; 0.049      ; 0.419      ;
; 0.286 ; Reset_Delay:r0|Cont[18]            ; Reset_Delay:r0|Cont[18]            ; CLOCK_50                 ; CLOCK_50    ; 0.000        ; 0.049      ; 0.419      ;
; 0.286 ; LCD_Display:u1|CLK_COUNT_400HZ[17] ; LCD_Display:u1|CLK_COUNT_400HZ[17] ; CLOCK_50                 ; CLOCK_50    ; 0.000        ; 0.049      ; 0.419      ;
; 0.287 ; LCD_Display:u1|CLK_COUNT_400HZ[14] ; LCD_Display:u1|CLK_COUNT_400HZ[14] ; CLOCK_50                 ; CLOCK_50    ; 0.000        ; 0.049      ; 0.420      ;
; 0.287 ; LCD_Display:u1|CLK_COUNT_400HZ[18] ; LCD_Display:u1|CLK_COUNT_400HZ[18] ; CLOCK_50                 ; CLOCK_50    ; 0.000        ; 0.049      ; 0.420      ;
; 0.288 ; Reset_Delay:r0|Cont[17]            ; Reset_Delay:r0|Cont[17]            ; CLOCK_50                 ; CLOCK_50    ; 0.000        ; 0.049      ; 0.421      ;
; 0.289 ; LCD_Display:u1|CLK_COUNT_400HZ[1]  ; LCD_Display:u1|CLK_COUNT_400HZ[1]  ; CLOCK_50                 ; CLOCK_50    ; 0.000        ; 0.041      ; 0.414      ;
; 0.289 ; LCD_Display:u1|CLK_COUNT_400HZ[11] ; LCD_Display:u1|CLK_COUNT_400HZ[11] ; CLOCK_50                 ; CLOCK_50    ; 0.000        ; 0.049      ; 0.422      ;
; 0.291 ; LCD_Display:u1|CLK_COUNT_400HZ[9]  ; LCD_Display:u1|CLK_COUNT_400HZ[9]  ; CLOCK_50                 ; CLOCK_50    ; 0.000        ; 0.041      ; 0.416      ;
; 0.292 ; LCD_Display:u1|CLK_COUNT_400HZ[7]  ; LCD_Display:u1|CLK_COUNT_400HZ[7]  ; CLOCK_50                 ; CLOCK_50    ; 0.000        ; 0.041      ; 0.417      ;
; 0.292 ; LCD_Display:u1|CLK_COUNT_400HZ[13] ; LCD_Display:u1|CLK_COUNT_400HZ[13] ; CLOCK_50                 ; CLOCK_50    ; 0.000        ; 0.042      ; 0.418      ;
; 0.292 ; Reset_Delay:r0|Cont[8]             ; Reset_Delay:r0|Cont[8]             ; CLOCK_50                 ; CLOCK_50    ; 0.000        ; 0.041      ; 0.417      ;
; 0.292 ; Reset_Delay:r0|Cont[9]             ; Reset_Delay:r0|Cont[9]             ; CLOCK_50                 ; CLOCK_50    ; 0.000        ; 0.041      ; 0.417      ;
; 0.292 ; Reset_Delay:r0|Cont[16]            ; Reset_Delay:r0|Cont[18]            ; CLOCK_50                 ; CLOCK_50    ; 0.000        ; 0.255      ; 0.631      ;
; 0.293 ; LCD_Display:u1|CLK_COUNT_400HZ[5]  ; LCD_Display:u1|CLK_COUNT_400HZ[5]  ; CLOCK_50                 ; CLOCK_50    ; 0.000        ; 0.041      ; 0.418      ;
; 0.293 ; LCD_Display:u1|CLK_COUNT_400HZ[8]  ; LCD_Display:u1|CLK_COUNT_400HZ[8]  ; CLOCK_50                 ; CLOCK_50    ; 0.000        ; 0.041      ; 0.418      ;
; 0.293 ; LCD_Display:u1|CLK_COUNT_400HZ[10] ; LCD_Display:u1|CLK_COUNT_400HZ[10] ; CLOCK_50                 ; CLOCK_50    ; 0.000        ; 0.042      ; 0.419      ;
; 0.293 ; Reset_Delay:r0|Cont[6]             ; Reset_Delay:r0|Cont[6]             ; CLOCK_50                 ; CLOCK_50    ; 0.000        ; 0.041      ; 0.418      ;
; 0.293 ; Reset_Delay:r0|Cont[7]             ; Reset_Delay:r0|Cont[7]             ; CLOCK_50                 ; CLOCK_50    ; 0.000        ; 0.041      ; 0.418      ;
; 0.294 ; LCD_Display:u1|CLK_COUNT_400HZ[16] ; LCD_Display:u1|CLK_COUNT_400HZ[16] ; CLOCK_50                 ; CLOCK_50    ; 0.000        ; 0.042      ; 0.420      ;
; 0.294 ; LCD_Display:u1|CLK_COUNT_400HZ[12] ; LCD_Display:u1|CLK_COUNT_400HZ[12] ; CLOCK_50                 ; CLOCK_50    ; 0.000        ; 0.042      ; 0.420      ;
; 0.294 ; Reset_Delay:r0|Cont[16]            ; Reset_Delay:r0|Cont[16]            ; CLOCK_50                 ; CLOCK_50    ; 0.000        ; 0.041      ; 0.419      ;
; 0.294 ; Reset_Delay:r0|Cont[2]             ; Reset_Delay:r0|Cont[2]             ; CLOCK_50                 ; CLOCK_50    ; 0.000        ; 0.041      ; 0.419      ;
; 0.294 ; Reset_Delay:r0|Cont[4]             ; Reset_Delay:r0|Cont[4]             ; CLOCK_50                 ; CLOCK_50    ; 0.000        ; 0.041      ; 0.419      ;
; 0.294 ; Reset_Delay:r0|Cont[5]             ; Reset_Delay:r0|Cont[5]             ; CLOCK_50                 ; CLOCK_50    ; 0.000        ; 0.041      ; 0.419      ;
; 0.294 ; Reset_Delay:r0|Cont[12]            ; Reset_Delay:r0|Cont[12]            ; CLOCK_50                 ; CLOCK_50    ; 0.000        ; 0.041      ; 0.419      ;
; 0.294 ; Reset_Delay:r0|Cont[13]            ; Reset_Delay:r0|Cont[13]            ; CLOCK_50                 ; CLOCK_50    ; 0.000        ; 0.041      ; 0.419      ;
; 0.294 ; Reset_Delay:r0|Cont[15]            ; Reset_Delay:r0|Cont[15]            ; CLOCK_50                 ; CLOCK_50    ; 0.000        ; 0.041      ; 0.419      ;
; 0.295 ; LCD_Display:u1|CLK_COUNT_400HZ[4]  ; LCD_Display:u1|CLK_COUNT_400HZ[4]  ; CLOCK_50                 ; CLOCK_50    ; 0.000        ; 0.041      ; 0.420      ;
; 0.295 ; LCD_Display:u1|CLK_COUNT_400HZ[2]  ; LCD_Display:u1|CLK_COUNT_400HZ[2]  ; CLOCK_50                 ; CLOCK_50    ; 0.000        ; 0.041      ; 0.420      ;
; 0.295 ; LCD_Display:u1|CLK_COUNT_400HZ[6]  ; LCD_Display:u1|CLK_COUNT_400HZ[6]  ; CLOCK_50                 ; CLOCK_50    ; 0.000        ; 0.041      ; 0.420      ;
; 0.296 ; LCD_Display:u1|CLK_COUNT_400HZ[9]  ; LCD_Display:u1|CLK_COUNT_400HZ[11] ; CLOCK_50                 ; CLOCK_50    ; 0.000        ; 0.248      ; 0.628      ;
; 0.298 ; LCD_Display:u1|CLK_COUNT_400HZ[0]  ; LCD_Display:u1|CLK_COUNT_400HZ[0]  ; CLOCK_50                 ; CLOCK_50    ; 0.000        ; 0.041      ; 0.423      ;
; 0.299 ; Reset_Delay:r0|Cont[0]             ; Reset_Delay:r0|Cont[1]             ; CLOCK_50                 ; CLOCK_50    ; 0.000        ; 0.041      ; 0.424      ;
; 0.300 ; Reset_Delay:r0|Cont[1]             ; Reset_Delay:r0|Cont[1]             ; CLOCK_50                 ; CLOCK_50    ; 0.000        ; 0.041      ; 0.425      ;
; 0.301 ; LCD_Display:u1|CLK_COUNT_400HZ[3]  ; LCD_Display:u1|CLK_COUNT_400HZ[3]  ; CLOCK_50                 ; CLOCK_50    ; 0.000        ; 0.041      ; 0.426      ;
; 0.301 ; LCD_Display:u1|CLK_COUNT_400HZ[13] ; LCD_Display:u1|CLK_COUNT_400HZ[15] ; CLOCK_50                 ; CLOCK_50    ; 0.000        ; 0.245      ; 0.630      ;
; 0.302 ; Reset_Delay:r0|Cont[3]             ; Reset_Delay:r0|Cont[3]             ; CLOCK_50                 ; CLOCK_50    ; 0.000        ; 0.041      ; 0.427      ;
; 0.304 ; Reset_Delay:r0|Cont[15]            ; Reset_Delay:r0|Cont[18]            ; CLOCK_50                 ; CLOCK_50    ; 0.000        ; 0.255      ; 0.643      ;
; 0.307 ; Reset_Delay:r0|Cont[13]            ; Reset_Delay:r0|Cont[17]            ; CLOCK_50                 ; CLOCK_50    ; 0.000        ; 0.255      ; 0.646      ;
; 0.310 ; LCD_Display:u1|CLK_COUNT_400HZ[8]  ; LCD_Display:u1|CLK_COUNT_400HZ[11] ; CLOCK_50                 ; CLOCK_50    ; 0.000        ; 0.248      ; 0.642      ;
; 0.315 ; LCD_Display:u1|CLK_COUNT_400HZ[12] ; LCD_Display:u1|CLK_COUNT_400HZ[15] ; CLOCK_50                 ; CLOCK_50    ; 0.000        ; 0.245      ; 0.644      ;
; 0.317 ; LCD_Display:u1|CLK_COUNT_400HZ[10] ; LCD_Display:u1|CLK_COUNT_400HZ[14] ; CLOCK_50                 ; CLOCK_50    ; 0.000        ; 0.245      ; 0.646      ;
; 0.361 ; Reset_Delay:r0|Cont[12]            ; Reset_Delay:r0|Cont[17]            ; CLOCK_50                 ; CLOCK_50    ; 0.000        ; 0.255      ; 0.700      ;
; 0.363 ; LCD_Display:u1|CLK_COUNT_400HZ[7]  ; LCD_Display:u1|CLK_COUNT_400HZ[11] ; CLOCK_50                 ; CLOCK_50    ; 0.000        ; 0.248      ; 0.695      ;
; 0.365 ; LCD_Display:u1|CLK_COUNT_400HZ[9]  ; LCD_Display:u1|CLK_COUNT_400HZ[14] ; CLOCK_50                 ; CLOCK_50    ; 0.000        ; 0.248      ; 0.697      ;
; 0.367 ; Reset_Delay:r0|Cont[14]            ; Reset_Delay:r0|Cont[14]            ; CLOCK_50                 ; CLOCK_50    ; 0.000        ; 0.041      ; 0.492      ;
; 0.367 ; LCD_Display:u1|CLK_COUNT_400HZ[13] ; LCD_Display:u1|CLK_COUNT_400HZ[17] ; CLOCK_50                 ; CLOCK_50    ; 0.000        ; 0.245      ; 0.696      ;
; 0.368 ; Reset_Delay:r0|Cont[14]            ; Reset_Delay:r0|Cont[17]            ; CLOCK_50                 ; CLOCK_50    ; 0.000        ; 0.255      ; 0.707      ;
; 0.370 ; LCD_Display:u1|CLK_COUNT_400HZ[13] ; LCD_Display:u1|CLK_COUNT_400HZ[18] ; CLOCK_50                 ; CLOCK_50    ; 0.000        ; 0.245      ; 0.699      ;
; 0.370 ; Reset_Delay:r0|Cont[13]            ; Reset_Delay:r0|Cont[18]            ; CLOCK_50                 ; CLOCK_50    ; 0.000        ; 0.255      ; 0.709      ;
; 0.378 ; LCD_Display:u1|CLK_COUNT_400HZ[6]  ; LCD_Display:u1|CLK_COUNT_400HZ[11] ; CLOCK_50                 ; CLOCK_50    ; 0.000        ; 0.248      ; 0.710      ;
; 0.379 ; LCD_Display:u1|CLK_COUNT_400HZ[8]  ; LCD_Display:u1|CLK_COUNT_400HZ[14] ; CLOCK_50                 ; CLOCK_50    ; 0.000        ; 0.248      ; 0.711      ;
; 0.380 ; LCD_Display:u1|CLK_COUNT_400HZ[10] ; LCD_Display:u1|CLK_COUNT_400HZ[15] ; CLOCK_50                 ; CLOCK_50    ; 0.000        ; 0.245      ; 0.709      ;
; 0.381 ; LCD_Display:u1|CLK_COUNT_400HZ[12] ; LCD_Display:u1|CLK_COUNT_400HZ[17] ; CLOCK_50                 ; CLOCK_50    ; 0.000        ; 0.245      ; 0.710      ;
; 0.384 ; LCD_Display:u1|CLK_COUNT_400HZ[12] ; LCD_Display:u1|CLK_COUNT_400HZ[18] ; CLOCK_50                 ; CLOCK_50    ; 0.000        ; 0.245      ; 0.713      ;
; 0.424 ; Reset_Delay:r0|Cont[12]            ; Reset_Delay:r0|Cont[18]            ; CLOCK_50                 ; CLOCK_50    ; 0.000        ; 0.255      ; 0.763      ;
; 0.428 ; LCD_Display:u1|CLK_COUNT_400HZ[9]  ; LCD_Display:u1|CLK_COUNT_400HZ[15] ; CLOCK_50                 ; CLOCK_50    ; 0.000        ; 0.248      ; 0.760      ;
; 0.430 ; LCD_Display:u1|CLK_COUNT_400HZ[5]  ; LCD_Display:u1|CLK_COUNT_400HZ[11] ; CLOCK_50                 ; CLOCK_50    ; 0.000        ; 0.248      ; 0.762      ;
; 0.431 ; Reset_Delay:r0|Cont[14]            ; Reset_Delay:r0|Cont[18]            ; CLOCK_50                 ; CLOCK_50    ; 0.000        ; 0.255      ; 0.770      ;
; 0.432 ; LCD_Display:u1|CLK_COUNT_400HZ[7]  ; LCD_Display:u1|CLK_COUNT_400HZ[14] ; CLOCK_50                 ; CLOCK_50    ; 0.000        ; 0.248      ; 0.764      ;
; 0.434 ; Reset_Delay:r0|Cont[9]             ; Reset_Delay:r0|Cont[17]            ; CLOCK_50                 ; CLOCK_50    ; 0.000        ; 0.258      ; 0.776      ;
; 0.435 ; LCD_Display:u1|CLK_COUNT_400HZ[17] ; LCD_Display:u1|CLK_COUNT_400HZ[18] ; CLOCK_50                 ; CLOCK_50    ; 0.000        ; 0.049      ; 0.568      ;
; 0.436 ; LCD_Display:u1|CLK_COUNT_400HZ[9]  ; LCD_Display:u1|CLK_COUNT_400HZ[10] ; CLOCK_50                 ; CLOCK_50    ; 0.000        ; 0.045      ; 0.565      ;
; 0.438 ; LCD_Display:u1|CLK_COUNT_400HZ[1]  ; LCD_Display:u1|CLK_COUNT_400HZ[2]  ; CLOCK_50                 ; CLOCK_50    ; 0.000        ; 0.041      ; 0.563      ;
; 0.441 ; Reset_Delay:r0|Cont[8]             ; Reset_Delay:r0|Cont[9]             ; CLOCK_50                 ; CLOCK_50    ; 0.000        ; 0.041      ; 0.566      ;
; 0.441 ; LCD_Display:u1|CLK_COUNT_400HZ[7]  ; LCD_Display:u1|CLK_COUNT_400HZ[8]  ; CLOCK_50                 ; CLOCK_50    ; 0.000        ; 0.041      ; 0.566      ;
; 0.442 ; Reset_Delay:r0|Cont[6]             ; Reset_Delay:r0|Cont[7]             ; CLOCK_50                 ; CLOCK_50    ; 0.000        ; 0.041      ; 0.567      ;
; 0.442 ; LCD_Display:u1|CLK_COUNT_400HZ[5]  ; LCD_Display:u1|CLK_COUNT_400HZ[6]  ; CLOCK_50                 ; CLOCK_50    ; 0.000        ; 0.041      ; 0.567      ;
; 0.442 ; LCD_Display:u1|CLK_COUNT_400HZ[8]  ; LCD_Display:u1|CLK_COUNT_400HZ[15] ; CLOCK_50                 ; CLOCK_50    ; 0.000        ; 0.248      ; 0.774      ;
; 0.443 ; Reset_Delay:r0|Cont[4]             ; Reset_Delay:r0|Cont[5]             ; CLOCK_50                 ; CLOCK_50    ; 0.000        ; 0.041      ; 0.568      ;
; 0.443 ; Reset_Delay:r0|Cont[12]            ; Reset_Delay:r0|Cont[13]            ; CLOCK_50                 ; CLOCK_50    ; 0.000        ; 0.041      ; 0.568      ;
; 0.443 ; Reset_Delay:r0|Cont[2]             ; Reset_Delay:r0|Cont[3]             ; CLOCK_50                 ; CLOCK_50    ; 0.000        ; 0.041      ; 0.568      ;
; 0.444 ; LCD_Display:u1|CLK_COUNT_400HZ[4]  ; LCD_Display:u1|CLK_COUNT_400HZ[11] ; CLOCK_50                 ; CLOCK_50    ; 0.000        ; 0.248      ; 0.776      ;
; 0.445 ; LCD_Display:u1|CLK_COUNT_400HZ[14] ; LCD_Display:u1|CLK_COUNT_400HZ[15] ; CLOCK_50                 ; CLOCK_50    ; 0.000        ; 0.049      ; 0.578      ;
; 0.446 ; Reset_Delay:r0|Cont[17]            ; Reset_Delay:r0|Cont[18]            ; CLOCK_50                 ; CLOCK_50    ; 0.000        ; 0.049      ; 0.579      ;
; 0.446 ; LCD_Display:u1|CLK_COUNT_400HZ[10] ; LCD_Display:u1|CLK_COUNT_400HZ[17] ; CLOCK_50                 ; CLOCK_50    ; 0.000        ; 0.245      ; 0.775      ;
; 0.447 ; LCD_Display:u1|CLK_COUNT_400HZ[0]  ; LCD_Display:u1|CLK_COUNT_400HZ[1]  ; CLOCK_50                 ; CLOCK_50    ; 0.000        ; 0.041      ; 0.572      ;
; 0.447 ; LCD_Display:u1|CLK_COUNT_400HZ[6]  ; LCD_Display:u1|CLK_COUNT_400HZ[14] ; CLOCK_50                 ; CLOCK_50    ; 0.000        ; 0.248      ; 0.779      ;
; 0.449 ; LCD_Display:u1|CLK_COUNT_400HZ[10] ; LCD_Display:u1|CLK_COUNT_400HZ[18] ; CLOCK_50                 ; CLOCK_50    ; 0.000        ; 0.245      ; 0.778      ;
; 0.450 ; LCD_Display:u1|CLK_COUNT_400HZ[3]  ; LCD_Display:u1|CLK_COUNT_400HZ[4]  ; CLOCK_50                 ; CLOCK_50    ; 0.000        ; 0.041      ; 0.575      ;
; 0.450 ; LCD_Display:u1|CLK_COUNT_400HZ[8]  ; LCD_Display:u1|CLK_COUNT_400HZ[10] ; CLOCK_50                 ; CLOCK_50    ; 0.000        ; 0.045      ; 0.579      ;
; 0.450 ; LCD_Display:u1|CLK_COUNT_400HZ[0]  ; LCD_Display:u1|CLK_COUNT_400HZ[2]  ; CLOCK_50                 ; CLOCK_50    ; 0.000        ; 0.041      ; 0.575      ;
; 0.451 ; LCD_Display:u1|CLK_COUNT_400HZ[8]  ; LCD_Display:u1|CLK_COUNT_400HZ[9]  ; CLOCK_50                 ; CLOCK_50    ; 0.000        ; 0.041      ; 0.576      ;
; 0.451 ; Reset_Delay:r0|Cont[7]             ; Reset_Delay:r0|Cont[8]             ; CLOCK_50                 ; CLOCK_50    ; 0.000        ; 0.041      ; 0.576      ;
; 0.451 ; Reset_Delay:r0|Cont[0]             ; Reset_Delay:r0|Cont[2]             ; CLOCK_50                 ; CLOCK_50    ; 0.000        ; 0.041      ; 0.576      ;
; 0.452 ; LCD_Display:u1|CLK_COUNT_400HZ[12] ; LCD_Display:u1|CLK_COUNT_400HZ[13] ; CLOCK_50                 ; CLOCK_50    ; 0.000        ; 0.042      ; 0.578      ;
; 0.452 ; Reset_Delay:r0|Cont[5]             ; Reset_Delay:r0|Cont[6]             ; CLOCK_50                 ; CLOCK_50    ; 0.000        ; 0.041      ; 0.577      ;
; 0.452 ; Reset_Delay:r0|Cont[15]            ; Reset_Delay:r0|Cont[16]            ; CLOCK_50                 ; CLOCK_50    ; 0.000        ; 0.041      ; 0.577      ;
+-------+------------------------------------+------------------------------------+--------------------------+-------------+--------------+------------+------------+


+------------------------------------------------------------------------------------------------------------------------------------------+
; Fast 1200mV 0C Model Recovery: 'CLOCK_50'                                                                                                ;
+-------+-----------------------+------------------------------------+--------------+-------------+--------------+------------+------------+
; Slack ; From Node             ; To Node                            ; Launch Clock ; Latch Clock ; Relationship ; Clock Skew ; Data Delay ;
+-------+-----------------------+------------------------------------+--------------+-------------+--------------+------------+------------+
; 0.008 ; Reset_Delay:r0|oRESET ; LCD_Display:u1|CLK_400HZ           ; CLOCK_50     ; CLOCK_50    ; 1.000        ; -0.041     ; 0.938      ;
; 0.008 ; Reset_Delay:r0|oRESET ; LCD_Display:u1|CLK_COUNT_400HZ[16] ; CLOCK_50     ; CLOCK_50    ; 1.000        ; -0.041     ; 0.938      ;
; 0.008 ; Reset_Delay:r0|oRESET ; LCD_Display:u1|CLK_COUNT_400HZ[10] ; CLOCK_50     ; CLOCK_50    ; 1.000        ; -0.041     ; 0.938      ;
; 0.008 ; Reset_Delay:r0|oRESET ; LCD_Display:u1|CLK_COUNT_400HZ[12] ; CLOCK_50     ; CLOCK_50    ; 1.000        ; -0.041     ; 0.938      ;
; 0.008 ; Reset_Delay:r0|oRESET ; LCD_Display:u1|CLK_COUNT_400HZ[13] ; CLOCK_50     ; CLOCK_50    ; 1.000        ; -0.041     ; 0.938      ;
; 0.008 ; Reset_Delay:r0|oRESET ; LCD_Display:u1|CLK_COUNT_400HZ[19] ; CLOCK_50     ; CLOCK_50    ; 1.000        ; -0.041     ; 0.938      ;
; 0.024 ; Reset_Delay:r0|oRESET ; LCD_Display:u1|CLK_COUNT_400HZ[4]  ; CLOCK_50     ; CLOCK_50    ; 1.000        ; -0.044     ; 0.919      ;
; 0.024 ; Reset_Delay:r0|oRESET ; LCD_Display:u1|CLK_COUNT_400HZ[0]  ; CLOCK_50     ; CLOCK_50    ; 1.000        ; -0.044     ; 0.919      ;
; 0.024 ; Reset_Delay:r0|oRESET ; LCD_Display:u1|CLK_COUNT_400HZ[1]  ; CLOCK_50     ; CLOCK_50    ; 1.000        ; -0.044     ; 0.919      ;
; 0.024 ; Reset_Delay:r0|oRESET ; LCD_Display:u1|CLK_COUNT_400HZ[2]  ; CLOCK_50     ; CLOCK_50    ; 1.000        ; -0.044     ; 0.919      ;
; 0.024 ; Reset_Delay:r0|oRESET ; LCD_Display:u1|CLK_COUNT_400HZ[3]  ; CLOCK_50     ; CLOCK_50    ; 1.000        ; -0.044     ; 0.919      ;
; 0.024 ; Reset_Delay:r0|oRESET ; LCD_Display:u1|CLK_COUNT_400HZ[5]  ; CLOCK_50     ; CLOCK_50    ; 1.000        ; -0.044     ; 0.919      ;
; 0.024 ; Reset_Delay:r0|oRESET ; LCD_Display:u1|CLK_COUNT_400HZ[8]  ; CLOCK_50     ; CLOCK_50    ; 1.000        ; -0.044     ; 0.919      ;
; 0.024 ; Reset_Delay:r0|oRESET ; LCD_Display:u1|CLK_COUNT_400HZ[6]  ; CLOCK_50     ; CLOCK_50    ; 1.000        ; -0.044     ; 0.919      ;
; 0.024 ; Reset_Delay:r0|oRESET ; LCD_Display:u1|CLK_COUNT_400HZ[7]  ; CLOCK_50     ; CLOCK_50    ; 1.000        ; -0.044     ; 0.919      ;
; 0.024 ; Reset_Delay:r0|oRESET ; LCD_Display:u1|CLK_COUNT_400HZ[9]  ; CLOCK_50     ; CLOCK_50    ; 1.000        ; -0.044     ; 0.919      ;
; 0.204 ; Reset_Delay:r0|oRESET ; LCD_Display:u1|CLK_COUNT_400HZ[11] ; CLOCK_50     ; CLOCK_50    ; 1.000        ; 0.155      ; 0.938      ;
; 0.204 ; Reset_Delay:r0|oRESET ; LCD_Display:u1|CLK_COUNT_400HZ[18] ; CLOCK_50     ; CLOCK_50    ; 1.000        ; 0.155      ; 0.938      ;
; 0.204 ; Reset_Delay:r0|oRESET ; LCD_Display:u1|CLK_COUNT_400HZ[14] ; CLOCK_50     ; CLOCK_50    ; 1.000        ; 0.155      ; 0.938      ;
; 0.204 ; Reset_Delay:r0|oRESET ; LCD_Display:u1|CLK_COUNT_400HZ[15] ; CLOCK_50     ; CLOCK_50    ; 1.000        ; 0.155      ; 0.938      ;
; 0.204 ; Reset_Delay:r0|oRESET ; LCD_Display:u1|CLK_COUNT_400HZ[17] ; CLOCK_50     ; CLOCK_50    ; 1.000        ; 0.155      ; 0.938      ;
+-------+-----------------------+------------------------------------+--------------+-------------+--------------+------------+------------+


+-------------------------------------------------------------------------------------------------------------------------------------------------------+
; Fast 1200mV 0C Model Recovery: 'LCD_Display:u1|CLK_400HZ'                                                                                             ;
+-------+-----------------------+------------------------------------+--------------+--------------------------+--------------+------------+------------+
; Slack ; From Node             ; To Node                            ; Launch Clock ; Latch Clock              ; Relationship ; Clock Skew ; Data Delay ;
+-------+-----------------------+------------------------------------+--------------+--------------------------+--------------+------------+------------+
; 0.462 ; Reset_Delay:r0|oRESET ; LCD_Display:u1|state.Print_String  ; CLOCK_50     ; LCD_Display:u1|CLK_400HZ ; 1.000        ; 0.423      ; 0.938      ;
; 0.462 ; Reset_Delay:r0|oRESET ; LCD_Display:u1|state.MODE_SET      ; CLOCK_50     ; LCD_Display:u1|CLK_400HZ ; 1.000        ; 0.423      ; 0.938      ;
; 0.462 ; Reset_Delay:r0|oRESET ; LCD_Display:u1|state.DISPLAY_ON    ; CLOCK_50     ; LCD_Display:u1|CLK_400HZ ; 1.000        ; 0.423      ; 0.938      ;
; 0.462 ; Reset_Delay:r0|oRESET ; LCD_Display:u1|state.DISPLAY_CLEAR ; CLOCK_50     ; LCD_Display:u1|CLK_400HZ ; 1.000        ; 0.423      ; 0.938      ;
; 0.462 ; Reset_Delay:r0|oRESET ; LCD_Display:u1|state.DISPLAY_OFF   ; CLOCK_50     ; LCD_Display:u1|CLK_400HZ ; 1.000        ; 0.423      ; 0.938      ;
; 0.462 ; Reset_Delay:r0|oRESET ; LCD_Display:u1|state.FUNC_SET      ; CLOCK_50     ; LCD_Display:u1|CLK_400HZ ; 1.000        ; 0.423      ; 0.938      ;
; 0.462 ; Reset_Delay:r0|oRESET ; LCD_Display:u1|state.RESET3        ; CLOCK_50     ; LCD_Display:u1|CLK_400HZ ; 1.000        ; 0.423      ; 0.938      ;
; 0.462 ; Reset_Delay:r0|oRESET ; LCD_Display:u1|state.RESET2        ; CLOCK_50     ; LCD_Display:u1|CLK_400HZ ; 1.000        ; 0.423      ; 0.938      ;
; 0.462 ; Reset_Delay:r0|oRESET ; LCD_Display:u1|state.RETURN_HOME   ; CLOCK_50     ; LCD_Display:u1|CLK_400HZ ; 1.000        ; 0.423      ; 0.938      ;
; 0.462 ; Reset_Delay:r0|oRESET ; LCD_Display:u1|state.LINE2         ; CLOCK_50     ; LCD_Display:u1|CLK_400HZ ; 1.000        ; 0.423      ; 0.938      ;
; 0.462 ; Reset_Delay:r0|oRESET ; LCD_Display:u1|state.RESET1        ; CLOCK_50     ; LCD_Display:u1|CLK_400HZ ; 1.000        ; 0.423      ; 0.938      ;
; 0.462 ; Reset_Delay:r0|oRESET ; LCD_Display:u1|state.HOLD          ; CLOCK_50     ; LCD_Display:u1|CLK_400HZ ; 1.000        ; 0.423      ; 0.938      ;
; 0.462 ; Reset_Delay:r0|oRESET ; LCD_Display:u1|state.DROP_LCD_E    ; CLOCK_50     ; LCD_Display:u1|CLK_400HZ ; 1.000        ; 0.423      ; 0.938      ;
+-------+-----------------------+------------------------------------+--------------+--------------------------+--------------+------------+------------+


+-------------------------------------------------------------------------------------------------------------------------------------------------------+
; Fast 1200mV 0C Model Removal: 'LCD_Display:u1|CLK_400HZ'                                                                                              ;
+-------+-----------------------+------------------------------------+--------------+--------------------------+--------------+------------+------------+
; Slack ; From Node             ; To Node                            ; Launch Clock ; Latch Clock              ; Relationship ; Clock Skew ; Data Delay ;
+-------+-----------------------+------------------------------------+--------------+--------------------------+--------------+------------+------------+
; 0.108 ; Reset_Delay:r0|oRESET ; LCD_Display:u1|state.Print_String  ; CLOCK_50     ; LCD_Display:u1|CLK_400HZ ; 0.000        ; 0.581      ; 0.803      ;
; 0.108 ; Reset_Delay:r0|oRESET ; LCD_Display:u1|state.MODE_SET      ; CLOCK_50     ; LCD_Display:u1|CLK_400HZ ; 0.000        ; 0.581      ; 0.803      ;
; 0.108 ; Reset_Delay:r0|oRESET ; LCD_Display:u1|state.DISPLAY_ON    ; CLOCK_50     ; LCD_Display:u1|CLK_400HZ ; 0.000        ; 0.581      ; 0.803      ;
; 0.108 ; Reset_Delay:r0|oRESET ; LCD_Display:u1|state.DISPLAY_CLEAR ; CLOCK_50     ; LCD_Display:u1|CLK_400HZ ; 0.000        ; 0.581      ; 0.803      ;
; 0.108 ; Reset_Delay:r0|oRESET ; LCD_Display:u1|state.DISPLAY_OFF   ; CLOCK_50     ; LCD_Display:u1|CLK_400HZ ; 0.000        ; 0.581      ; 0.803      ;
; 0.108 ; Reset_Delay:r0|oRESET ; LCD_Display:u1|state.FUNC_SET      ; CLOCK_50     ; LCD_Display:u1|CLK_400HZ ; 0.000        ; 0.581      ; 0.803      ;
; 0.108 ; Reset_Delay:r0|oRESET ; LCD_Display:u1|state.RESET3        ; CLOCK_50     ; LCD_Display:u1|CLK_400HZ ; 0.000        ; 0.581      ; 0.803      ;
; 0.108 ; Reset_Delay:r0|oRESET ; LCD_Display:u1|state.RESET2        ; CLOCK_50     ; LCD_Display:u1|CLK_400HZ ; 0.000        ; 0.581      ; 0.803      ;
; 0.108 ; Reset_Delay:r0|oRESET ; LCD_Display:u1|state.RETURN_HOME   ; CLOCK_50     ; LCD_Display:u1|CLK_400HZ ; 0.000        ; 0.581      ; 0.803      ;
; 0.108 ; Reset_Delay:r0|oRESET ; LCD_Display:u1|state.LINE2         ; CLOCK_50     ; LCD_Display:u1|CLK_400HZ ; 0.000        ; 0.581      ; 0.803      ;
; 0.108 ; Reset_Delay:r0|oRESET ; LCD_Display:u1|state.RESET1        ; CLOCK_50     ; LCD_Display:u1|CLK_400HZ ; 0.000        ; 0.581      ; 0.803      ;
; 0.108 ; Reset_Delay:r0|oRESET ; LCD_Display:u1|state.HOLD          ; CLOCK_50     ; LCD_Display:u1|CLK_400HZ ; 0.000        ; 0.581      ; 0.803      ;
; 0.108 ; Reset_Delay:r0|oRESET ; LCD_Display:u1|state.DROP_LCD_E    ; CLOCK_50     ; LCD_Display:u1|CLK_400HZ ; 0.000        ; 0.581      ; 0.803      ;
+-------+-----------------------+------------------------------------+--------------+--------------------------+--------------+------------+------------+


+------------------------------------------------------------------------------------------------------------------------------------------+
; Fast 1200mV 0C Model Removal: 'CLOCK_50'                                                                                                 ;
+-------+-----------------------+------------------------------------+--------------+-------------+--------------+------------+------------+
; Slack ; From Node             ; To Node                            ; Launch Clock ; Latch Clock ; Relationship ; Clock Skew ; Data Delay ;
+-------+-----------------------+------------------------------------+--------------+-------------+--------------+------------+------------+
; 0.475 ; Reset_Delay:r0|oRESET ; LCD_Display:u1|CLK_COUNT_400HZ[11] ; CLOCK_50     ; CLOCK_50    ; 0.000        ; 0.245      ; 0.804      ;
; 0.475 ; Reset_Delay:r0|oRESET ; LCD_Display:u1|CLK_COUNT_400HZ[18] ; CLOCK_50     ; CLOCK_50    ; 0.000        ; 0.245      ; 0.804      ;
; 0.475 ; Reset_Delay:r0|oRESET ; LCD_Display:u1|CLK_COUNT_400HZ[14] ; CLOCK_50     ; CLOCK_50    ; 0.000        ; 0.245      ; 0.804      ;
; 0.475 ; Reset_Delay:r0|oRESET ; LCD_Display:u1|CLK_COUNT_400HZ[15] ; CLOCK_50     ; CLOCK_50    ; 0.000        ; 0.245      ; 0.804      ;
; 0.475 ; Reset_Delay:r0|oRESET ; LCD_Display:u1|CLK_COUNT_400HZ[17] ; CLOCK_50     ; CLOCK_50    ; 0.000        ; 0.245      ; 0.804      ;
; 0.666 ; Reset_Delay:r0|oRESET ; LCD_Display:u1|CLK_COUNT_400HZ[4]  ; CLOCK_50     ; CLOCK_50    ; 0.000        ; 0.038      ; 0.788      ;
; 0.666 ; Reset_Delay:r0|oRESET ; LCD_Display:u1|CLK_COUNT_400HZ[0]  ; CLOCK_50     ; CLOCK_50    ; 0.000        ; 0.038      ; 0.788      ;
; 0.666 ; Reset_Delay:r0|oRESET ; LCD_Display:u1|CLK_COUNT_400HZ[1]  ; CLOCK_50     ; CLOCK_50    ; 0.000        ; 0.038      ; 0.788      ;
; 0.666 ; Reset_Delay:r0|oRESET ; LCD_Display:u1|CLK_COUNT_400HZ[2]  ; CLOCK_50     ; CLOCK_50    ; 0.000        ; 0.038      ; 0.788      ;
; 0.666 ; Reset_Delay:r0|oRESET ; LCD_Display:u1|CLK_COUNT_400HZ[3]  ; CLOCK_50     ; CLOCK_50    ; 0.000        ; 0.038      ; 0.788      ;
; 0.666 ; Reset_Delay:r0|oRESET ; LCD_Display:u1|CLK_COUNT_400HZ[5]  ; CLOCK_50     ; CLOCK_50    ; 0.000        ; 0.038      ; 0.788      ;
; 0.666 ; Reset_Delay:r0|oRESET ; LCD_Display:u1|CLK_COUNT_400HZ[8]  ; CLOCK_50     ; CLOCK_50    ; 0.000        ; 0.038      ; 0.788      ;
; 0.666 ; Reset_Delay:r0|oRESET ; LCD_Display:u1|CLK_COUNT_400HZ[6]  ; CLOCK_50     ; CLOCK_50    ; 0.000        ; 0.038      ; 0.788      ;
; 0.666 ; Reset_Delay:r0|oRESET ; LCD_Display:u1|CLK_COUNT_400HZ[7]  ; CLOCK_50     ; CLOCK_50    ; 0.000        ; 0.038      ; 0.788      ;
; 0.666 ; Reset_Delay:r0|oRESET ; LCD_Display:u1|CLK_COUNT_400HZ[9]  ; CLOCK_50     ; CLOCK_50    ; 0.000        ; 0.038      ; 0.788      ;
; 0.678 ; Reset_Delay:r0|oRESET ; LCD_Display:u1|CLK_400HZ           ; CLOCK_50     ; CLOCK_50    ; 0.000        ; 0.042      ; 0.804      ;
; 0.678 ; Reset_Delay:r0|oRESET ; LCD_Display:u1|CLK_COUNT_400HZ[16] ; CLOCK_50     ; CLOCK_50    ; 0.000        ; 0.042      ; 0.804      ;
; 0.678 ; Reset_Delay:r0|oRESET ; LCD_Display:u1|CLK_COUNT_400HZ[10] ; CLOCK_50     ; CLOCK_50    ; 0.000        ; 0.042      ; 0.804      ;
; 0.678 ; Reset_Delay:r0|oRESET ; LCD_Display:u1|CLK_COUNT_400HZ[12] ; CLOCK_50     ; CLOCK_50    ; 0.000        ; 0.042      ; 0.804      ;
; 0.678 ; Reset_Delay:r0|oRESET ; LCD_Display:u1|CLK_COUNT_400HZ[13] ; CLOCK_50     ; CLOCK_50    ; 0.000        ; 0.042      ; 0.804      ;
; 0.678 ; Reset_Delay:r0|oRESET ; LCD_Display:u1|CLK_COUNT_400HZ[19] ; CLOCK_50     ; CLOCK_50    ; 0.000        ; 0.042      ; 0.804      ;
+-------+-----------------------+------------------------------------+--------------+-------------+--------------+------------+------------+


+-----------------------------------------------------------------------------------------------------------------------+
; Fast 1200mV 0C Model Minimum Pulse Width: 'CLOCK_50'                                                                  ;
+--------+--------------+----------------+-----------------+----------+------------+------------------------------------+
; Slack  ; Actual Width ; Required Width ; Type            ; Clock    ; Clock Edge ; Target                             ;
+--------+--------------+----------------+-----------------+----------+------------+------------------------------------+
; -3.000 ; 1.000        ; 4.000          ; Port Rate       ; CLOCK_50 ; Rise       ; CLOCK_50                           ;
; -1.000 ; 1.000        ; 2.000          ; Min Period      ; CLOCK_50 ; Rise       ; LCD_Display:u1|CLK_400HZ           ;
; -1.000 ; 1.000        ; 2.000          ; Min Period      ; CLOCK_50 ; Rise       ; LCD_Display:u1|CLK_COUNT_400HZ[0]  ;
; -1.000 ; 1.000        ; 2.000          ; Min Period      ; CLOCK_50 ; Rise       ; LCD_Display:u1|CLK_COUNT_400HZ[10] ;
; -1.000 ; 1.000        ; 2.000          ; Min Period      ; CLOCK_50 ; Rise       ; LCD_Display:u1|CLK_COUNT_400HZ[11] ;
; -1.000 ; 1.000        ; 2.000          ; Min Period      ; CLOCK_50 ; Rise       ; LCD_Display:u1|CLK_COUNT_400HZ[12] ;
; -1.000 ; 1.000        ; 2.000          ; Min Period      ; CLOCK_50 ; Rise       ; LCD_Display:u1|CLK_COUNT_400HZ[13] ;
; -1.000 ; 1.000        ; 2.000          ; Min Period      ; CLOCK_50 ; Rise       ; LCD_Display:u1|CLK_COUNT_400HZ[14] ;
; -1.000 ; 1.000        ; 2.000          ; Min Period      ; CLOCK_50 ; Rise       ; LCD_Display:u1|CLK_COUNT_400HZ[15] ;
; -1.000 ; 1.000        ; 2.000          ; Min Period      ; CLOCK_50 ; Rise       ; LCD_Display:u1|CLK_COUNT_400HZ[16] ;
; -1.000 ; 1.000        ; 2.000          ; Min Period      ; CLOCK_50 ; Rise       ; LCD_Display:u1|CLK_COUNT_400HZ[17] ;
; -1.000 ; 1.000        ; 2.000          ; Min Period      ; CLOCK_50 ; Rise       ; LCD_Display:u1|CLK_COUNT_400HZ[18] ;
; -1.000 ; 1.000        ; 2.000          ; Min Period      ; CLOCK_50 ; Rise       ; LCD_Display:u1|CLK_COUNT_400HZ[19] ;
; -1.000 ; 1.000        ; 2.000          ; Min Period      ; CLOCK_50 ; Rise       ; LCD_Display:u1|CLK_COUNT_400HZ[1]  ;
; -1.000 ; 1.000        ; 2.000          ; Min Period      ; CLOCK_50 ; Rise       ; LCD_Display:u1|CLK_COUNT_400HZ[2]  ;
; -1.000 ; 1.000        ; 2.000          ; Min Period      ; CLOCK_50 ; Rise       ; LCD_Display:u1|CLK_COUNT_400HZ[3]  ;
; -1.000 ; 1.000        ; 2.000          ; Min Period      ; CLOCK_50 ; Rise       ; LCD_Display:u1|CLK_COUNT_400HZ[4]  ;
; -1.000 ; 1.000        ; 2.000          ; Min Period      ; CLOCK_50 ; Rise       ; LCD_Display:u1|CLK_COUNT_400HZ[5]  ;
; -1.000 ; 1.000        ; 2.000          ; Min Period      ; CLOCK_50 ; Rise       ; LCD_Display:u1|CLK_COUNT_400HZ[6]  ;
; -1.000 ; 1.000        ; 2.000          ; Min Period      ; CLOCK_50 ; Rise       ; LCD_Display:u1|CLK_COUNT_400HZ[7]  ;
; -1.000 ; 1.000        ; 2.000          ; Min Period      ; CLOCK_50 ; Rise       ; LCD_Display:u1|CLK_COUNT_400HZ[8]  ;
; -1.000 ; 1.000        ; 2.000          ; Min Period      ; CLOCK_50 ; Rise       ; LCD_Display:u1|CLK_COUNT_400HZ[9]  ;
; -1.000 ; 1.000        ; 2.000          ; Min Period      ; CLOCK_50 ; Rise       ; Reset_Delay:r0|Cont[0]             ;
; -1.000 ; 1.000        ; 2.000          ; Min Period      ; CLOCK_50 ; Rise       ; Reset_Delay:r0|Cont[10]            ;
; -1.000 ; 1.000        ; 2.000          ; Min Period      ; CLOCK_50 ; Rise       ; Reset_Delay:r0|Cont[11]            ;
; -1.000 ; 1.000        ; 2.000          ; Min Period      ; CLOCK_50 ; Rise       ; Reset_Delay:r0|Cont[12]            ;
; -1.000 ; 1.000        ; 2.000          ; Min Period      ; CLOCK_50 ; Rise       ; Reset_Delay:r0|Cont[13]            ;
; -1.000 ; 1.000        ; 2.000          ; Min Period      ; CLOCK_50 ; Rise       ; Reset_Delay:r0|Cont[14]            ;
; -1.000 ; 1.000        ; 2.000          ; Min Period      ; CLOCK_50 ; Rise       ; Reset_Delay:r0|Cont[15]            ;
; -1.000 ; 1.000        ; 2.000          ; Min Period      ; CLOCK_50 ; Rise       ; Reset_Delay:r0|Cont[16]            ;
; -1.000 ; 1.000        ; 2.000          ; Min Period      ; CLOCK_50 ; Rise       ; Reset_Delay:r0|Cont[17]            ;
; -1.000 ; 1.000        ; 2.000          ; Min Period      ; CLOCK_50 ; Rise       ; Reset_Delay:r0|Cont[18]            ;
; -1.000 ; 1.000        ; 2.000          ; Min Period      ; CLOCK_50 ; Rise       ; Reset_Delay:r0|Cont[19]            ;
; -1.000 ; 1.000        ; 2.000          ; Min Period      ; CLOCK_50 ; Rise       ; Reset_Delay:r0|Cont[1]             ;
; -1.000 ; 1.000        ; 2.000          ; Min Period      ; CLOCK_50 ; Rise       ; Reset_Delay:r0|Cont[2]             ;
; -1.000 ; 1.000        ; 2.000          ; Min Period      ; CLOCK_50 ; Rise       ; Reset_Delay:r0|Cont[3]             ;
; -1.000 ; 1.000        ; 2.000          ; Min Period      ; CLOCK_50 ; Rise       ; Reset_Delay:r0|Cont[4]             ;
; -1.000 ; 1.000        ; 2.000          ; Min Period      ; CLOCK_50 ; Rise       ; Reset_Delay:r0|Cont[5]             ;
; -1.000 ; 1.000        ; 2.000          ; Min Period      ; CLOCK_50 ; Rise       ; Reset_Delay:r0|Cont[6]             ;
; -1.000 ; 1.000        ; 2.000          ; Min Period      ; CLOCK_50 ; Rise       ; Reset_Delay:r0|Cont[7]             ;
; -1.000 ; 1.000        ; 2.000          ; Min Period      ; CLOCK_50 ; Rise       ; Reset_Delay:r0|Cont[8]             ;
; -1.000 ; 1.000        ; 2.000          ; Min Period      ; CLOCK_50 ; Rise       ; Reset_Delay:r0|Cont[9]             ;
; -1.000 ; 1.000        ; 2.000          ; Min Period      ; CLOCK_50 ; Rise       ; Reset_Delay:r0|oRESET              ;
; -0.090 ; 0.094        ; 0.184          ; Low Pulse Width ; CLOCK_50 ; Rise       ; Reset_Delay:r0|Cont[17]            ;
; -0.090 ; 0.094        ; 0.184          ; Low Pulse Width ; CLOCK_50 ; Rise       ; Reset_Delay:r0|Cont[18]            ;
; -0.089 ; 0.095        ; 0.184          ; Low Pulse Width ; CLOCK_50 ; Rise       ; LCD_Display:u1|CLK_COUNT_400HZ[11] ;
; -0.089 ; 0.095        ; 0.184          ; Low Pulse Width ; CLOCK_50 ; Rise       ; LCD_Display:u1|CLK_COUNT_400HZ[14] ;
; -0.089 ; 0.095        ; 0.184          ; Low Pulse Width ; CLOCK_50 ; Rise       ; LCD_Display:u1|CLK_COUNT_400HZ[15] ;
; -0.089 ; 0.095        ; 0.184          ; Low Pulse Width ; CLOCK_50 ; Rise       ; LCD_Display:u1|CLK_COUNT_400HZ[17] ;
; -0.089 ; 0.095        ; 0.184          ; Low Pulse Width ; CLOCK_50 ; Rise       ; LCD_Display:u1|CLK_COUNT_400HZ[18] ;
; -0.063 ; 0.121        ; 0.184          ; Low Pulse Width ; CLOCK_50 ; Rise       ; Reset_Delay:r0|Cont[12]            ;
; -0.063 ; 0.121        ; 0.184          ; Low Pulse Width ; CLOCK_50 ; Rise       ; Reset_Delay:r0|Cont[13]            ;
; -0.063 ; 0.121        ; 0.184          ; Low Pulse Width ; CLOCK_50 ; Rise       ; Reset_Delay:r0|Cont[14]            ;
; -0.063 ; 0.121        ; 0.184          ; Low Pulse Width ; CLOCK_50 ; Rise       ; Reset_Delay:r0|Cont[15]            ;
; -0.063 ; 0.121        ; 0.184          ; Low Pulse Width ; CLOCK_50 ; Rise       ; Reset_Delay:r0|Cont[16]            ;
; -0.063 ; 0.121        ; 0.184          ; Low Pulse Width ; CLOCK_50 ; Rise       ; Reset_Delay:r0|Cont[19]            ;
; -0.062 ; 0.122        ; 0.184          ; Low Pulse Width ; CLOCK_50 ; Rise       ; LCD_Display:u1|CLK_400HZ           ;
; -0.062 ; 0.122        ; 0.184          ; Low Pulse Width ; CLOCK_50 ; Rise       ; LCD_Display:u1|CLK_COUNT_400HZ[0]  ;
; -0.062 ; 0.122        ; 0.184          ; Low Pulse Width ; CLOCK_50 ; Rise       ; LCD_Display:u1|CLK_COUNT_400HZ[10] ;
; -0.062 ; 0.122        ; 0.184          ; Low Pulse Width ; CLOCK_50 ; Rise       ; LCD_Display:u1|CLK_COUNT_400HZ[12] ;
; -0.062 ; 0.122        ; 0.184          ; Low Pulse Width ; CLOCK_50 ; Rise       ; LCD_Display:u1|CLK_COUNT_400HZ[13] ;
; -0.062 ; 0.122        ; 0.184          ; Low Pulse Width ; CLOCK_50 ; Rise       ; LCD_Display:u1|CLK_COUNT_400HZ[16] ;
; -0.062 ; 0.122        ; 0.184          ; Low Pulse Width ; CLOCK_50 ; Rise       ; LCD_Display:u1|CLK_COUNT_400HZ[19] ;
; -0.062 ; 0.122        ; 0.184          ; Low Pulse Width ; CLOCK_50 ; Rise       ; LCD_Display:u1|CLK_COUNT_400HZ[1]  ;
; -0.062 ; 0.122        ; 0.184          ; Low Pulse Width ; CLOCK_50 ; Rise       ; LCD_Display:u1|CLK_COUNT_400HZ[2]  ;
; -0.062 ; 0.122        ; 0.184          ; Low Pulse Width ; CLOCK_50 ; Rise       ; LCD_Display:u1|CLK_COUNT_400HZ[3]  ;
; -0.062 ; 0.122        ; 0.184          ; Low Pulse Width ; CLOCK_50 ; Rise       ; LCD_Display:u1|CLK_COUNT_400HZ[4]  ;
; -0.062 ; 0.122        ; 0.184          ; Low Pulse Width ; CLOCK_50 ; Rise       ; LCD_Display:u1|CLK_COUNT_400HZ[5]  ;
; -0.062 ; 0.122        ; 0.184          ; Low Pulse Width ; CLOCK_50 ; Rise       ; LCD_Display:u1|CLK_COUNT_400HZ[6]  ;
; -0.062 ; 0.122        ; 0.184          ; Low Pulse Width ; CLOCK_50 ; Rise       ; LCD_Display:u1|CLK_COUNT_400HZ[7]  ;
; -0.062 ; 0.122        ; 0.184          ; Low Pulse Width ; CLOCK_50 ; Rise       ; LCD_Display:u1|CLK_COUNT_400HZ[8]  ;
; -0.062 ; 0.122        ; 0.184          ; Low Pulse Width ; CLOCK_50 ; Rise       ; LCD_Display:u1|CLK_COUNT_400HZ[9]  ;
; -0.062 ; 0.122        ; 0.184          ; Low Pulse Width ; CLOCK_50 ; Rise       ; Reset_Delay:r0|Cont[0]             ;
; -0.062 ; 0.122        ; 0.184          ; Low Pulse Width ; CLOCK_50 ; Rise       ; Reset_Delay:r0|Cont[10]            ;
; -0.062 ; 0.122        ; 0.184          ; Low Pulse Width ; CLOCK_50 ; Rise       ; Reset_Delay:r0|Cont[11]            ;
; -0.062 ; 0.122        ; 0.184          ; Low Pulse Width ; CLOCK_50 ; Rise       ; Reset_Delay:r0|Cont[1]             ;
; -0.062 ; 0.122        ; 0.184          ; Low Pulse Width ; CLOCK_50 ; Rise       ; Reset_Delay:r0|Cont[2]             ;
; -0.062 ; 0.122        ; 0.184          ; Low Pulse Width ; CLOCK_50 ; Rise       ; Reset_Delay:r0|Cont[3]             ;
; -0.062 ; 0.122        ; 0.184          ; Low Pulse Width ; CLOCK_50 ; Rise       ; Reset_Delay:r0|Cont[4]             ;
; -0.062 ; 0.122        ; 0.184          ; Low Pulse Width ; CLOCK_50 ; Rise       ; Reset_Delay:r0|Cont[5]             ;
; -0.062 ; 0.122        ; 0.184          ; Low Pulse Width ; CLOCK_50 ; Rise       ; Reset_Delay:r0|Cont[6]             ;
; -0.062 ; 0.122        ; 0.184          ; Low Pulse Width ; CLOCK_50 ; Rise       ; Reset_Delay:r0|Cont[7]             ;
; -0.062 ; 0.122        ; 0.184          ; Low Pulse Width ; CLOCK_50 ; Rise       ; Reset_Delay:r0|Cont[8]             ;
; -0.062 ; 0.122        ; 0.184          ; Low Pulse Width ; CLOCK_50 ; Rise       ; Reset_Delay:r0|Cont[9]             ;
; -0.062 ; 0.122        ; 0.184          ; Low Pulse Width ; CLOCK_50 ; Rise       ; Reset_Delay:r0|oRESET              ;
; 0.090  ; 0.090        ; 0.000          ; Low Pulse Width ; CLOCK_50 ; Rise       ; r0|Cont[17]|clk                    ;
; 0.090  ; 0.090        ; 0.000          ; Low Pulse Width ; CLOCK_50 ; Rise       ; r0|Cont[18]|clk                    ;
; 0.091  ; 0.091        ; 0.000          ; Low Pulse Width ; CLOCK_50 ; Rise       ; u1|CLK_COUNT_400HZ[11]|clk         ;
; 0.091  ; 0.091        ; 0.000          ; Low Pulse Width ; CLOCK_50 ; Rise       ; u1|CLK_COUNT_400HZ[14]|clk         ;
; 0.091  ; 0.091        ; 0.000          ; Low Pulse Width ; CLOCK_50 ; Rise       ; u1|CLK_COUNT_400HZ[15]|clk         ;
; 0.091  ; 0.091        ; 0.000          ; Low Pulse Width ; CLOCK_50 ; Rise       ; u1|CLK_COUNT_400HZ[17]|clk         ;
; 0.091  ; 0.091        ; 0.000          ; Low Pulse Width ; CLOCK_50 ; Rise       ; u1|CLK_COUNT_400HZ[18]|clk         ;
; 0.117  ; 0.117        ; 0.000          ; Low Pulse Width ; CLOCK_50 ; Rise       ; r0|Cont[0]|clk                     ;
; 0.117  ; 0.117        ; 0.000          ; Low Pulse Width ; CLOCK_50 ; Rise       ; r0|Cont[10]|clk                    ;
; 0.117  ; 0.117        ; 0.000          ; Low Pulse Width ; CLOCK_50 ; Rise       ; r0|Cont[11]|clk                    ;
; 0.117  ; 0.117        ; 0.000          ; Low Pulse Width ; CLOCK_50 ; Rise       ; r0|Cont[12]|clk                    ;
; 0.117  ; 0.117        ; 0.000          ; Low Pulse Width ; CLOCK_50 ; Rise       ; r0|Cont[13]|clk                    ;
; 0.117  ; 0.117        ; 0.000          ; Low Pulse Width ; CLOCK_50 ; Rise       ; r0|Cont[14]|clk                    ;
; 0.117  ; 0.117        ; 0.000          ; Low Pulse Width ; CLOCK_50 ; Rise       ; r0|Cont[15]|clk                    ;
; 0.117  ; 0.117        ; 0.000          ; Low Pulse Width ; CLOCK_50 ; Rise       ; r0|Cont[16]|clk                    ;
+--------+--------------+----------------+-----------------+----------+------------+------------------------------------+


+----------------------------------------------------------------------------------------------------------------------------------------------+
; Fast 1200mV 0C Model Minimum Pulse Width: 'LCD_Display:u1|CLK_400HZ'                                                                         ;
+--------+--------------+----------------+-----------------+--------------------------+------------+-------------------------------------------+
; Slack  ; Actual Width ; Required Width ; Type            ; Clock                    ; Clock Edge ; Target                                    ;
+--------+--------------+----------------+-----------------+--------------------------+------------+-------------------------------------------+
; -1.000 ; 1.000        ; 2.000          ; Min Period      ; LCD_Display:u1|CLK_400HZ ; Rise       ; LCD_Display:u1|CHAR_COUNT[0]              ;
; -1.000 ; 1.000        ; 2.000          ; Min Period      ; LCD_Display:u1|CLK_400HZ ; Rise       ; LCD_Display:u1|CHAR_COUNT[1]              ;
; -1.000 ; 1.000        ; 2.000          ; Min Period      ; LCD_Display:u1|CLK_400HZ ; Rise       ; LCD_Display:u1|CHAR_COUNT[2]              ;
; -1.000 ; 1.000        ; 2.000          ; Min Period      ; LCD_Display:u1|CLK_400HZ ; Rise       ; LCD_Display:u1|CHAR_COUNT[3]              ;
; -1.000 ; 1.000        ; 2.000          ; Min Period      ; LCD_Display:u1|CLK_400HZ ; Rise       ; LCD_Display:u1|CHAR_COUNT[4]              ;
; -1.000 ; 1.000        ; 2.000          ; Min Period      ; LCD_Display:u1|CLK_400HZ ; Rise       ; LCD_Display:u1|DATA_BUS_VALUE[0]          ;
; -1.000 ; 1.000        ; 2.000          ; Min Period      ; LCD_Display:u1|CLK_400HZ ; Rise       ; LCD_Display:u1|DATA_BUS_VALUE[1]          ;
; -1.000 ; 1.000        ; 2.000          ; Min Period      ; LCD_Display:u1|CLK_400HZ ; Rise       ; LCD_Display:u1|DATA_BUS_VALUE[2]          ;
; -1.000 ; 1.000        ; 2.000          ; Min Period      ; LCD_Display:u1|CLK_400HZ ; Rise       ; LCD_Display:u1|DATA_BUS_VALUE[3]          ;
; -1.000 ; 1.000        ; 2.000          ; Min Period      ; LCD_Display:u1|CLK_400HZ ; Rise       ; LCD_Display:u1|DATA_BUS_VALUE[4]          ;
; -1.000 ; 1.000        ; 2.000          ; Min Period      ; LCD_Display:u1|CLK_400HZ ; Rise       ; LCD_Display:u1|DATA_BUS_VALUE[5]          ;
; -1.000 ; 1.000        ; 2.000          ; Min Period      ; LCD_Display:u1|CLK_400HZ ; Rise       ; LCD_Display:u1|DATA_BUS_VALUE[6]          ;
; -1.000 ; 1.000        ; 2.000          ; Min Period      ; LCD_Display:u1|CLK_400HZ ; Rise       ; LCD_Display:u1|DATA_BUS_VALUE[7]          ;
; -1.000 ; 1.000        ; 2.000          ; Min Period      ; LCD_Display:u1|CLK_400HZ ; Rise       ; LCD_Display:u1|LCD_E                      ;
; -1.000 ; 1.000        ; 2.000          ; Min Period      ; LCD_Display:u1|CLK_400HZ ; Rise       ; LCD_Display:u1|LCD_RS                     ;
; -1.000 ; 1.000        ; 2.000          ; Min Period      ; LCD_Display:u1|CLK_400HZ ; Rise       ; LCD_Display:u1|next_command.DISPLAY_CLEAR ;
; -1.000 ; 1.000        ; 2.000          ; Min Period      ; LCD_Display:u1|CLK_400HZ ; Rise       ; LCD_Display:u1|next_command.DISPLAY_OFF   ;
; -1.000 ; 1.000        ; 2.000          ; Min Period      ; LCD_Display:u1|CLK_400HZ ; Rise       ; LCD_Display:u1|next_command.DISPLAY_ON    ;
; -1.000 ; 1.000        ; 2.000          ; Min Period      ; LCD_Display:u1|CLK_400HZ ; Rise       ; LCD_Display:u1|next_command.FUNC_SET      ;
; -1.000 ; 1.000        ; 2.000          ; Min Period      ; LCD_Display:u1|CLK_400HZ ; Rise       ; LCD_Display:u1|next_command.LINE2         ;
; -1.000 ; 1.000        ; 2.000          ; Min Period      ; LCD_Display:u1|CLK_400HZ ; Rise       ; LCD_Display:u1|next_command.MODE_SET      ;
; -1.000 ; 1.000        ; 2.000          ; Min Period      ; LCD_Display:u1|CLK_400HZ ; Rise       ; LCD_Display:u1|next_command.Print_String  ;
; -1.000 ; 1.000        ; 2.000          ; Min Period      ; LCD_Display:u1|CLK_400HZ ; Rise       ; LCD_Display:u1|next_command.RESET2        ;
; -1.000 ; 1.000        ; 2.000          ; Min Period      ; LCD_Display:u1|CLK_400HZ ; Rise       ; LCD_Display:u1|next_command.RESET3        ;
; -1.000 ; 1.000        ; 2.000          ; Min Period      ; LCD_Display:u1|CLK_400HZ ; Rise       ; LCD_Display:u1|next_command.RETURN_HOME   ;
; -1.000 ; 1.000        ; 2.000          ; Min Period      ; LCD_Display:u1|CLK_400HZ ; Rise       ; LCD_Display:u1|state.DISPLAY_CLEAR        ;
; -1.000 ; 1.000        ; 2.000          ; Min Period      ; LCD_Display:u1|CLK_400HZ ; Rise       ; LCD_Display:u1|state.DISPLAY_OFF          ;
; -1.000 ; 1.000        ; 2.000          ; Min Period      ; LCD_Display:u1|CLK_400HZ ; Rise       ; LCD_Display:u1|state.DISPLAY_ON           ;
; -1.000 ; 1.000        ; 2.000          ; Min Period      ; LCD_Display:u1|CLK_400HZ ; Rise       ; LCD_Display:u1|state.DROP_LCD_E           ;
; -1.000 ; 1.000        ; 2.000          ; Min Period      ; LCD_Display:u1|CLK_400HZ ; Rise       ; LCD_Display:u1|state.FUNC_SET             ;
; -1.000 ; 1.000        ; 2.000          ; Min Period      ; LCD_Display:u1|CLK_400HZ ; Rise       ; LCD_Display:u1|state.HOLD                 ;
; -1.000 ; 1.000        ; 2.000          ; Min Period      ; LCD_Display:u1|CLK_400HZ ; Rise       ; LCD_Display:u1|state.LINE2                ;
; -1.000 ; 1.000        ; 2.000          ; Min Period      ; LCD_Display:u1|CLK_400HZ ; Rise       ; LCD_Display:u1|state.MODE_SET             ;
; -1.000 ; 1.000        ; 2.000          ; Min Period      ; LCD_Display:u1|CLK_400HZ ; Rise       ; LCD_Display:u1|state.Print_String         ;
; -1.000 ; 1.000        ; 2.000          ; Min Period      ; LCD_Display:u1|CLK_400HZ ; Rise       ; LCD_Display:u1|state.RESET1               ;
; -1.000 ; 1.000        ; 2.000          ; Min Period      ; LCD_Display:u1|CLK_400HZ ; Rise       ; LCD_Display:u1|state.RESET2               ;
; -1.000 ; 1.000        ; 2.000          ; Min Period      ; LCD_Display:u1|CLK_400HZ ; Rise       ; LCD_Display:u1|state.RESET3               ;
; -1.000 ; 1.000        ; 2.000          ; Min Period      ; LCD_Display:u1|CLK_400HZ ; Rise       ; LCD_Display:u1|state.RETURN_HOME          ;
; 0.189  ; 0.373        ; 0.184          ; Low Pulse Width ; LCD_Display:u1|CLK_400HZ ; Rise       ; LCD_Display:u1|CHAR_COUNT[0]              ;
; 0.189  ; 0.373        ; 0.184          ; Low Pulse Width ; LCD_Display:u1|CLK_400HZ ; Rise       ; LCD_Display:u1|CHAR_COUNT[1]              ;
; 0.189  ; 0.373        ; 0.184          ; Low Pulse Width ; LCD_Display:u1|CLK_400HZ ; Rise       ; LCD_Display:u1|CHAR_COUNT[2]              ;
; 0.189  ; 0.373        ; 0.184          ; Low Pulse Width ; LCD_Display:u1|CLK_400HZ ; Rise       ; LCD_Display:u1|CHAR_COUNT[3]              ;
; 0.189  ; 0.373        ; 0.184          ; Low Pulse Width ; LCD_Display:u1|CLK_400HZ ; Rise       ; LCD_Display:u1|CHAR_COUNT[4]              ;
; 0.189  ; 0.373        ; 0.184          ; Low Pulse Width ; LCD_Display:u1|CLK_400HZ ; Rise       ; LCD_Display:u1|DATA_BUS_VALUE[0]          ;
; 0.189  ; 0.373        ; 0.184          ; Low Pulse Width ; LCD_Display:u1|CLK_400HZ ; Rise       ; LCD_Display:u1|DATA_BUS_VALUE[1]          ;
; 0.189  ; 0.373        ; 0.184          ; Low Pulse Width ; LCD_Display:u1|CLK_400HZ ; Rise       ; LCD_Display:u1|DATA_BUS_VALUE[2]          ;
; 0.189  ; 0.373        ; 0.184          ; Low Pulse Width ; LCD_Display:u1|CLK_400HZ ; Rise       ; LCD_Display:u1|DATA_BUS_VALUE[3]          ;
; 0.189  ; 0.373        ; 0.184          ; Low Pulse Width ; LCD_Display:u1|CLK_400HZ ; Rise       ; LCD_Display:u1|DATA_BUS_VALUE[4]          ;
; 0.189  ; 0.373        ; 0.184          ; Low Pulse Width ; LCD_Display:u1|CLK_400HZ ; Rise       ; LCD_Display:u1|DATA_BUS_VALUE[5]          ;
; 0.189  ; 0.373        ; 0.184          ; Low Pulse Width ; LCD_Display:u1|CLK_400HZ ; Rise       ; LCD_Display:u1|DATA_BUS_VALUE[6]          ;
; 0.189  ; 0.373        ; 0.184          ; Low Pulse Width ; LCD_Display:u1|CLK_400HZ ; Rise       ; LCD_Display:u1|DATA_BUS_VALUE[7]          ;
; 0.189  ; 0.373        ; 0.184          ; Low Pulse Width ; LCD_Display:u1|CLK_400HZ ; Rise       ; LCD_Display:u1|LCD_E                      ;
; 0.189  ; 0.373        ; 0.184          ; Low Pulse Width ; LCD_Display:u1|CLK_400HZ ; Rise       ; LCD_Display:u1|LCD_RS                     ;
; 0.189  ; 0.373        ; 0.184          ; Low Pulse Width ; LCD_Display:u1|CLK_400HZ ; Rise       ; LCD_Display:u1|next_command.DISPLAY_CLEAR ;
; 0.189  ; 0.373        ; 0.184          ; Low Pulse Width ; LCD_Display:u1|CLK_400HZ ; Rise       ; LCD_Display:u1|next_command.DISPLAY_OFF   ;
; 0.189  ; 0.373        ; 0.184          ; Low Pulse Width ; LCD_Display:u1|CLK_400HZ ; Rise       ; LCD_Display:u1|next_command.DISPLAY_ON    ;
; 0.189  ; 0.373        ; 0.184          ; Low Pulse Width ; LCD_Display:u1|CLK_400HZ ; Rise       ; LCD_Display:u1|next_command.FUNC_SET      ;
; 0.189  ; 0.373        ; 0.184          ; Low Pulse Width ; LCD_Display:u1|CLK_400HZ ; Rise       ; LCD_Display:u1|next_command.LINE2         ;
; 0.189  ; 0.373        ; 0.184          ; Low Pulse Width ; LCD_Display:u1|CLK_400HZ ; Rise       ; LCD_Display:u1|next_command.MODE_SET      ;
; 0.189  ; 0.373        ; 0.184          ; Low Pulse Width ; LCD_Display:u1|CLK_400HZ ; Rise       ; LCD_Display:u1|next_command.Print_String  ;
; 0.189  ; 0.373        ; 0.184          ; Low Pulse Width ; LCD_Display:u1|CLK_400HZ ; Rise       ; LCD_Display:u1|next_command.RESET2        ;
; 0.189  ; 0.373        ; 0.184          ; Low Pulse Width ; LCD_Display:u1|CLK_400HZ ; Rise       ; LCD_Display:u1|next_command.RESET3        ;
; 0.189  ; 0.373        ; 0.184          ; Low Pulse Width ; LCD_Display:u1|CLK_400HZ ; Rise       ; LCD_Display:u1|next_command.RETURN_HOME   ;
; 0.189  ; 0.373        ; 0.184          ; Low Pulse Width ; LCD_Display:u1|CLK_400HZ ; Rise       ; LCD_Display:u1|state.DISPLAY_CLEAR        ;
; 0.189  ; 0.373        ; 0.184          ; Low Pulse Width ; LCD_Display:u1|CLK_400HZ ; Rise       ; LCD_Display:u1|state.DISPLAY_OFF          ;
; 0.189  ; 0.373        ; 0.184          ; Low Pulse Width ; LCD_Display:u1|CLK_400HZ ; Rise       ; LCD_Display:u1|state.DISPLAY_ON           ;
; 0.189  ; 0.373        ; 0.184          ; Low Pulse Width ; LCD_Display:u1|CLK_400HZ ; Rise       ; LCD_Display:u1|state.DROP_LCD_E           ;
; 0.189  ; 0.373        ; 0.184          ; Low Pulse Width ; LCD_Display:u1|CLK_400HZ ; Rise       ; LCD_Display:u1|state.FUNC_SET             ;
; 0.189  ; 0.373        ; 0.184          ; Low Pulse Width ; LCD_Display:u1|CLK_400HZ ; Rise       ; LCD_Display:u1|state.HOLD                 ;
; 0.189  ; 0.373        ; 0.184          ; Low Pulse Width ; LCD_Display:u1|CLK_400HZ ; Rise       ; LCD_Display:u1|state.LINE2                ;
; 0.189  ; 0.373        ; 0.184          ; Low Pulse Width ; LCD_Display:u1|CLK_400HZ ; Rise       ; LCD_Display:u1|state.MODE_SET             ;
; 0.189  ; 0.373        ; 0.184          ; Low Pulse Width ; LCD_Display:u1|CLK_400HZ ; Rise       ; LCD_Display:u1|state.Print_String         ;
; 0.189  ; 0.373        ; 0.184          ; Low Pulse Width ; LCD_Display:u1|CLK_400HZ ; Rise       ; LCD_Display:u1|state.RESET1               ;
; 0.189  ; 0.373        ; 0.184          ; Low Pulse Width ; LCD_Display:u1|CLK_400HZ ; Rise       ; LCD_Display:u1|state.RESET2               ;
; 0.189  ; 0.373        ; 0.184          ; Low Pulse Width ; LCD_Display:u1|CLK_400HZ ; Rise       ; LCD_Display:u1|state.RESET3               ;
; 0.189  ; 0.373        ; 0.184          ; Low Pulse Width ; LCD_Display:u1|CLK_400HZ ; Rise       ; LCD_Display:u1|state.RETURN_HOME          ;
; 0.369  ; 0.369        ; 0.000          ; Low Pulse Width ; LCD_Display:u1|CLK_400HZ ; Rise       ; u1|CHAR_COUNT[0]|clk                      ;
; 0.369  ; 0.369        ; 0.000          ; Low Pulse Width ; LCD_Display:u1|CLK_400HZ ; Rise       ; u1|CHAR_COUNT[1]|clk                      ;
; 0.369  ; 0.369        ; 0.000          ; Low Pulse Width ; LCD_Display:u1|CLK_400HZ ; Rise       ; u1|CHAR_COUNT[2]|clk                      ;
; 0.369  ; 0.369        ; 0.000          ; Low Pulse Width ; LCD_Display:u1|CLK_400HZ ; Rise       ; u1|CHAR_COUNT[3]|clk                      ;
; 0.369  ; 0.369        ; 0.000          ; Low Pulse Width ; LCD_Display:u1|CLK_400HZ ; Rise       ; u1|CHAR_COUNT[4]|clk                      ;
; 0.369  ; 0.369        ; 0.000          ; Low Pulse Width ; LCD_Display:u1|CLK_400HZ ; Rise       ; u1|DATA_BUS_VALUE[0]|clk                  ;
; 0.369  ; 0.369        ; 0.000          ; Low Pulse Width ; LCD_Display:u1|CLK_400HZ ; Rise       ; u1|DATA_BUS_VALUE[1]|clk                  ;
; 0.369  ; 0.369        ; 0.000          ; Low Pulse Width ; LCD_Display:u1|CLK_400HZ ; Rise       ; u1|DATA_BUS_VALUE[2]|clk                  ;
; 0.369  ; 0.369        ; 0.000          ; Low Pulse Width ; LCD_Display:u1|CLK_400HZ ; Rise       ; u1|DATA_BUS_VALUE[3]|clk                  ;
; 0.369  ; 0.369        ; 0.000          ; Low Pulse Width ; LCD_Display:u1|CLK_400HZ ; Rise       ; u1|DATA_BUS_VALUE[4]|clk                  ;
; 0.369  ; 0.369        ; 0.000          ; Low Pulse Width ; LCD_Display:u1|CLK_400HZ ; Rise       ; u1|DATA_BUS_VALUE[5]|clk                  ;
; 0.369  ; 0.369        ; 0.000          ; Low Pulse Width ; LCD_Display:u1|CLK_400HZ ; Rise       ; u1|DATA_BUS_VALUE[6]|clk                  ;
; 0.369  ; 0.369        ; 0.000          ; Low Pulse Width ; LCD_Display:u1|CLK_400HZ ; Rise       ; u1|DATA_BUS_VALUE[7]|clk                  ;
; 0.369  ; 0.369        ; 0.000          ; Low Pulse Width ; LCD_Display:u1|CLK_400HZ ; Rise       ; u1|LCD_E|clk                              ;
; 0.369  ; 0.369        ; 0.000          ; Low Pulse Width ; LCD_Display:u1|CLK_400HZ ; Rise       ; u1|LCD_RS|clk                             ;
; 0.369  ; 0.369        ; 0.000          ; Low Pulse Width ; LCD_Display:u1|CLK_400HZ ; Rise       ; u1|next_command.DISPLAY_CLEAR|clk         ;
; 0.369  ; 0.369        ; 0.000          ; Low Pulse Width ; LCD_Display:u1|CLK_400HZ ; Rise       ; u1|next_command.DISPLAY_OFF|clk           ;
; 0.369  ; 0.369        ; 0.000          ; Low Pulse Width ; LCD_Display:u1|CLK_400HZ ; Rise       ; u1|next_command.DISPLAY_ON|clk            ;
; 0.369  ; 0.369        ; 0.000          ; Low Pulse Width ; LCD_Display:u1|CLK_400HZ ; Rise       ; u1|next_command.FUNC_SET|clk              ;
; 0.369  ; 0.369        ; 0.000          ; Low Pulse Width ; LCD_Display:u1|CLK_400HZ ; Rise       ; u1|next_command.LINE2|clk                 ;
; 0.369  ; 0.369        ; 0.000          ; Low Pulse Width ; LCD_Display:u1|CLK_400HZ ; Rise       ; u1|next_command.MODE_SET|clk              ;
; 0.369  ; 0.369        ; 0.000          ; Low Pulse Width ; LCD_Display:u1|CLK_400HZ ; Rise       ; u1|next_command.Print_String|clk          ;
; 0.369  ; 0.369        ; 0.000          ; Low Pulse Width ; LCD_Display:u1|CLK_400HZ ; Rise       ; u1|next_command.RESET2|clk                ;
; 0.369  ; 0.369        ; 0.000          ; Low Pulse Width ; LCD_Display:u1|CLK_400HZ ; Rise       ; u1|next_command.RESET3|clk                ;
+--------+--------------+----------------+-----------------+--------------------------+------------+-------------------------------------------+


+----------------------------------------------------------------------------------------------+
; Setup Times                                                                                  ;
+-----------+--------------------------+-------+-------+------------+--------------------------+
; Data Port ; Clock Port               ; Rise  ; Fall  ; Clock Edge ; Clock Reference          ;
+-----------+--------------------------+-------+-------+------------+--------------------------+
; SW[*]     ; LCD_Display:u1|CLK_400HZ ; 2.918 ; 3.942 ; Rise       ; LCD_Display:u1|CLK_400HZ ;
;  SW[0]    ; LCD_Display:u1|CLK_400HZ ; 2.691 ; 3.608 ; Rise       ; LCD_Display:u1|CLK_400HZ ;
;  SW[1]    ; LCD_Display:u1|CLK_400HZ ; 2.417 ; 3.336 ; Rise       ; LCD_Display:u1|CLK_400HZ ;
;  SW[2]    ; LCD_Display:u1|CLK_400HZ ; 2.702 ; 3.667 ; Rise       ; LCD_Display:u1|CLK_400HZ ;
;  SW[3]    ; LCD_Display:u1|CLK_400HZ ; 2.918 ; 3.942 ; Rise       ; LCD_Display:u1|CLK_400HZ ;
;  SW[4]    ; LCD_Display:u1|CLK_400HZ ; 2.513 ; 3.398 ; Rise       ; LCD_Display:u1|CLK_400HZ ;
;  SW[5]    ; LCD_Display:u1|CLK_400HZ ; 2.391 ; 3.285 ; Rise       ; LCD_Display:u1|CLK_400HZ ;
;  SW[6]    ; LCD_Display:u1|CLK_400HZ ; 2.578 ; 3.521 ; Rise       ; LCD_Display:u1|CLK_400HZ ;
;  SW[7]    ; LCD_Display:u1|CLK_400HZ ; 2.725 ; 3.715 ; Rise       ; LCD_Display:u1|CLK_400HZ ;
+-----------+--------------------------+-------+-------+------------+--------------------------+


+------------------------------------------------------------------------------------------------+
; Hold Times                                                                                     ;
+-----------+--------------------------+--------+--------+------------+--------------------------+
; Data Port ; Clock Port               ; Rise   ; Fall   ; Clock Edge ; Clock Reference          ;
+-----------+--------------------------+--------+--------+------------+--------------------------+
; SW[*]     ; LCD_Display:u1|CLK_400HZ ; -1.623 ; -2.481 ; Rise       ; LCD_Display:u1|CLK_400HZ ;
;  SW[0]    ; LCD_Display:u1|CLK_400HZ ; -1.872 ; -2.793 ; Rise       ; LCD_Display:u1|CLK_400HZ ;
;  SW[1]    ; LCD_Display:u1|CLK_400HZ ; -1.648 ; -2.529 ; Rise       ; LCD_Display:u1|CLK_400HZ ;
;  SW[2]    ; LCD_Display:u1|CLK_400HZ ; -2.027 ; -2.908 ; Rise       ; LCD_Display:u1|CLK_400HZ ;
;  SW[3]    ; LCD_Display:u1|CLK_400HZ ; -2.202 ; -3.152 ; Rise       ; LCD_Display:u1|CLK_400HZ ;
;  SW[4]    ; LCD_Display:u1|CLK_400HZ ; -1.688 ; -2.567 ; Rise       ; LCD_Display:u1|CLK_400HZ ;
;  SW[5]    ; LCD_Display:u1|CLK_400HZ ; -1.623 ; -2.481 ; Rise       ; LCD_Display:u1|CLK_400HZ ;
;  SW[6]    ; LCD_Display:u1|CLK_400HZ ; -1.909 ; -2.765 ; Rise       ; LCD_Display:u1|CLK_400HZ ;
;  SW[7]    ; LCD_Display:u1|CLK_400HZ ; -2.044 ; -2.968 ; Rise       ; LCD_Display:u1|CLK_400HZ ;
+-----------+--------------------------+--------+--------+------------+--------------------------+


+-------------------------------------------------------------------------------------------------+
; Clock to Output Times                                                                           ;
+--------------+--------------------------+-------+-------+------------+--------------------------+
; Data Port    ; Clock Port               ; Rise  ; Fall  ; Clock Edge ; Clock Reference          ;
+--------------+--------------------------+-------+-------+------------+--------------------------+
; LCD_DATA[*]  ; LCD_Display:u1|CLK_400HZ ; 5.285 ; 5.425 ; Rise       ; LCD_Display:u1|CLK_400HZ ;
;  LCD_DATA[0] ; LCD_Display:u1|CLK_400HZ ; 4.591 ; 4.718 ; Rise       ; LCD_Display:u1|CLK_400HZ ;
;  LCD_DATA[1] ; LCD_Display:u1|CLK_400HZ ; 4.455 ; 4.565 ; Rise       ; LCD_Display:u1|CLK_400HZ ;
;  LCD_DATA[2] ; LCD_Display:u1|CLK_400HZ ; 4.520 ; 4.637 ; Rise       ; LCD_Display:u1|CLK_400HZ ;
;  LCD_DATA[3] ; LCD_Display:u1|CLK_400HZ ; 4.511 ; 4.621 ; Rise       ; LCD_Display:u1|CLK_400HZ ;
;  LCD_DATA[4] ; LCD_Display:u1|CLK_400HZ ; 4.599 ; 4.742 ; Rise       ; LCD_Display:u1|CLK_400HZ ;
;  LCD_DATA[5] ; LCD_Display:u1|CLK_400HZ ; 4.777 ; 4.930 ; Rise       ; LCD_Display:u1|CLK_400HZ ;
;  LCD_DATA[6] ; LCD_Display:u1|CLK_400HZ ; 4.915 ; 5.118 ; Rise       ; LCD_Display:u1|CLK_400HZ ;
;  LCD_DATA[7] ; LCD_Display:u1|CLK_400HZ ; 5.285 ; 5.425 ; Rise       ; LCD_Display:u1|CLK_400HZ ;
; LCD_EN       ; LCD_Display:u1|CLK_400HZ ; 4.438 ; 4.546 ; Rise       ; LCD_Display:u1|CLK_400HZ ;
; LCD_RS       ; LCD_Display:u1|CLK_400HZ ; 4.462 ; 4.570 ; Rise       ; LCD_Display:u1|CLK_400HZ ;
+--------------+--------------------------+-------+-------+------------+--------------------------+


+-------------------------------------------------------------------------------------------------+
; Minimum Clock to Output Times                                                                   ;
+--------------+--------------------------+-------+-------+------------+--------------------------+
; Data Port    ; Clock Port               ; Rise  ; Fall  ; Clock Edge ; Clock Reference          ;
+--------------+--------------------------+-------+-------+------------+--------------------------+
; LCD_DATA[*]  ; LCD_Display:u1|CLK_400HZ ; 4.294 ; 4.401 ; Rise       ; LCD_Display:u1|CLK_400HZ ;
;  LCD_DATA[0] ; LCD_Display:u1|CLK_400HZ ; 4.424 ; 4.547 ; Rise       ; LCD_Display:u1|CLK_400HZ ;
;  LCD_DATA[1] ; LCD_Display:u1|CLK_400HZ ; 4.294 ; 4.401 ; Rise       ; LCD_Display:u1|CLK_400HZ ;
;  LCD_DATA[2] ; LCD_Display:u1|CLK_400HZ ; 4.357 ; 4.470 ; Rise       ; LCD_Display:u1|CLK_400HZ ;
;  LCD_DATA[3] ; LCD_Display:u1|CLK_400HZ ; 4.346 ; 4.453 ; Rise       ; LCD_Display:u1|CLK_400HZ ;
;  LCD_DATA[4] ; LCD_Display:u1|CLK_400HZ ; 4.433 ; 4.570 ; Rise       ; LCD_Display:u1|CLK_400HZ ;
;  LCD_DATA[5] ; LCD_Display:u1|CLK_400HZ ; 4.604 ; 4.752 ; Rise       ; LCD_Display:u1|CLK_400HZ ;
;  LCD_DATA[6] ; LCD_Display:u1|CLK_400HZ ; 4.735 ; 4.931 ; Rise       ; LCD_Display:u1|CLK_400HZ ;
;  LCD_DATA[7] ; LCD_Display:u1|CLK_400HZ ; 5.125 ; 5.261 ; Rise       ; LCD_Display:u1|CLK_400HZ ;
; LCD_EN       ; LCD_Display:u1|CLK_400HZ ; 4.277 ; 4.381 ; Rise       ; LCD_Display:u1|CLK_400HZ ;
; LCD_RS       ; LCD_Display:u1|CLK_400HZ ; 4.299 ; 4.405 ; Rise       ; LCD_Display:u1|CLK_400HZ ;
+--------------+--------------------------+-------+-------+------------+--------------------------+


+----------------------------------------------------+
; Propagation Delay                                  ;
+------------+-------------+-------+----+----+-------+
; Input Port ; Output Port ; RR    ; RF ; FR ; FF    ;
+------------+-------------+-------+----+----+-------+
; SW[0]      ; LEDR[0]     ; 4.732 ;    ;    ; 5.488 ;
; SW[1]      ; LEDR[1]     ; 4.689 ;    ;    ; 5.451 ;
; SW[2]      ; LEDR[2]     ; 4.550 ;    ;    ; 5.280 ;
; SW[3]      ; LEDR[3]     ; 4.492 ;    ;    ; 5.207 ;
; SW[4]      ; LEDR[4]     ; 5.128 ;    ;    ; 5.950 ;
; SW[5]      ; LEDR[5]     ; 4.676 ;    ;    ; 5.445 ;
; SW[6]      ; LEDR[6]     ; 4.804 ;    ;    ; 5.571 ;
; SW[7]      ; LEDR[7]     ; 4.719 ;    ;    ; 5.492 ;
; SW[8]      ; LEDR[8]     ; 4.670 ;    ;    ; 5.427 ;
; SW[9]      ; LEDR[9]     ; 5.391 ;    ;    ; 6.172 ;
; SW[10]     ; LEDR[10]    ; 4.877 ;    ;    ; 5.672 ;
; SW[11]     ; LEDR[11]    ; 4.853 ;    ;    ; 5.643 ;
; SW[12]     ; LEDR[12]    ; 4.801 ;    ;    ; 5.574 ;
; SW[13]     ; LEDR[13]    ; 4.678 ;    ;    ; 5.448 ;
; SW[14]     ; LEDR[14]    ; 4.675 ;    ;    ; 5.445 ;
; SW[15]     ; LEDR[15]    ; 5.730 ;    ;    ; 6.569 ;
; SW[16]     ; LEDR[16]    ; 4.679 ;    ;    ; 5.453 ;
; SW[17]     ; LEDR[17]    ; 4.661 ;    ;    ; 5.429 ;
+------------+-------------+-------+----+----+-------+


+----------------------------------------------------+
; Minimum Propagation Delay                          ;
+------------+-------------+-------+----+----+-------+
; Input Port ; Output Port ; RR    ; RF ; FR ; FF    ;
+------------+-------------+-------+----+----+-------+
; SW[0]      ; LEDR[0]     ; 4.571 ;    ;    ; 5.314 ;
; SW[1]      ; LEDR[1]     ; 4.528 ;    ;    ; 5.276 ;
; SW[2]      ; LEDR[2]     ; 4.394 ;    ;    ; 5.112 ;
; SW[3]      ; LEDR[3]     ; 4.338 ;    ;    ; 5.042 ;
; SW[4]      ; LEDR[4]     ; 4.949 ;    ;    ; 5.755 ;
; SW[5]      ; LEDR[5]     ; 4.515 ;    ;    ; 5.270 ;
; SW[6]      ; LEDR[6]     ; 4.639 ;    ;    ; 5.392 ;
; SW[7]      ; LEDR[7]     ; 4.556 ;    ;    ; 5.316 ;
; SW[8]      ; LEDR[8]     ; 4.508 ;    ;    ; 5.251 ;
; SW[9]      ; LEDR[9]     ; 5.238 ;    ;    ; 6.007 ;
; SW[10]     ; LEDR[10]    ; 4.707 ;    ;    ; 5.487 ;
; SW[11]     ; LEDR[11]    ; 4.684 ;    ;    ; 5.459 ;
; SW[12]     ; LEDR[12]    ; 4.634 ;    ;    ; 5.393 ;
; SW[13]     ; LEDR[13]    ; 4.516 ;    ;    ; 5.272 ;
; SW[14]     ; LEDR[14]    ; 4.513 ;    ;    ; 5.269 ;
; SW[15]     ; LEDR[15]    ; 5.562 ;    ;    ; 6.387 ;
; SW[16]     ; LEDR[16]    ; 4.516 ;    ;    ; 5.276 ;
; SW[17]     ; LEDR[17]    ; 4.499 ;    ;    ; 5.252 ;
+------------+-------------+-------+----+----+-------+


----------------------------------------------
; Fast 1200mV 0C Model Metastability Summary ;
----------------------------------------------
No synchronizer chains to report.


+-----------------------------------------------------------------------------------------+
; Multicorner Timing Analysis Summary                                                     ;
+---------------------------+----------+-------+----------+---------+---------------------+
; Clock                     ; Setup    ; Hold  ; Recovery ; Removal ; Minimum Pulse Width ;
+---------------------------+----------+-------+----------+---------+---------------------+
; Worst-case Slack          ; -3.287   ; 0.102 ; -0.938   ; 0.108   ; -3.000              ;
;  CLOCK_50                 ; -3.287   ; 0.164 ; -0.938   ; 0.475   ; -3.000              ;
;  LCD_Display:u1|CLK_400HZ ; -3.133   ; 0.102 ; 0.060    ; 0.108   ; -1.285              ;
; Design-wide TNS           ; -155.681 ; 0.0   ; -17.388  ; 0.0     ; -105.8              ;
;  CLOCK_50                 ; -101.489 ; 0.000 ; -17.388  ; 0.000   ; -56.970             ;
;  LCD_Display:u1|CLK_400HZ ; -54.192  ; 0.000 ; 0.000    ; 0.000   ; -48.830             ;
+---------------------------+----------+-------+----------+---------+---------------------+


+----------------------------------------------------------------------------------------------+
; Setup Times                                                                                  ;
+-----------+--------------------------+-------+-------+------------+--------------------------+
; Data Port ; Clock Port               ; Rise  ; Fall  ; Clock Edge ; Clock Reference          ;
+-----------+--------------------------+-------+-------+------------+--------------------------+
; SW[*]     ; LCD_Display:u1|CLK_400HZ ; 5.986 ; 6.644 ; Rise       ; LCD_Display:u1|CLK_400HZ ;
;  SW[0]    ; LCD_Display:u1|CLK_400HZ ; 5.358 ; 6.043 ; Rise       ; LCD_Display:u1|CLK_400HZ ;
;  SW[1]    ; LCD_Display:u1|CLK_400HZ ; 4.951 ; 5.524 ; Rise       ; LCD_Display:u1|CLK_400HZ ;
;  SW[2]    ; LCD_Display:u1|CLK_400HZ ; 5.613 ; 6.148 ; Rise       ; LCD_Display:u1|CLK_400HZ ;
;  SW[3]    ; LCD_Display:u1|CLK_400HZ ; 5.986 ; 6.644 ; Rise       ; LCD_Display:u1|CLK_400HZ ;
;  SW[4]    ; LCD_Display:u1|CLK_400HZ ; 5.044 ; 5.698 ; Rise       ; LCD_Display:u1|CLK_400HZ ;
;  SW[5]    ; LCD_Display:u1|CLK_400HZ ; 4.876 ; 5.424 ; Rise       ; LCD_Display:u1|CLK_400HZ ;
;  SW[6]    ; LCD_Display:u1|CLK_400HZ ; 5.314 ; 5.873 ; Rise       ; LCD_Display:u1|CLK_400HZ ;
;  SW[7]    ; LCD_Display:u1|CLK_400HZ ; 5.608 ; 6.224 ; Rise       ; LCD_Display:u1|CLK_400HZ ;
+-----------+--------------------------+-------+-------+------------+--------------------------+


+------------------------------------------------------------------------------------------------+
; Hold Times                                                                                     ;
+-----------+--------------------------+--------+--------+------------+--------------------------+
; Data Port ; Clock Port               ; Rise   ; Fall   ; Clock Edge ; Clock Reference          ;
+-----------+--------------------------+--------+--------+------------+--------------------------+
; SW[*]     ; LCD_Display:u1|CLK_400HZ ; -1.623 ; -2.481 ; Rise       ; LCD_Display:u1|CLK_400HZ ;
;  SW[0]    ; LCD_Display:u1|CLK_400HZ ; -1.872 ; -2.793 ; Rise       ; LCD_Display:u1|CLK_400HZ ;
;  SW[1]    ; LCD_Display:u1|CLK_400HZ ; -1.648 ; -2.529 ; Rise       ; LCD_Display:u1|CLK_400HZ ;
;  SW[2]    ; LCD_Display:u1|CLK_400HZ ; -2.027 ; -2.908 ; Rise       ; LCD_Display:u1|CLK_400HZ ;
;  SW[3]    ; LCD_Display:u1|CLK_400HZ ; -2.202 ; -3.152 ; Rise       ; LCD_Display:u1|CLK_400HZ ;
;  SW[4]    ; LCD_Display:u1|CLK_400HZ ; -1.688 ; -2.567 ; Rise       ; LCD_Display:u1|CLK_400HZ ;
;  SW[5]    ; LCD_Display:u1|CLK_400HZ ; -1.623 ; -2.481 ; Rise       ; LCD_Display:u1|CLK_400HZ ;
;  SW[6]    ; LCD_Display:u1|CLK_400HZ ; -1.909 ; -2.765 ; Rise       ; LCD_Display:u1|CLK_400HZ ;
;  SW[7]    ; LCD_Display:u1|CLK_400HZ ; -2.044 ; -2.968 ; Rise       ; LCD_Display:u1|CLK_400HZ ;
+-----------+--------------------------+--------+--------+------------+--------------------------+


+-------------------------------------------------------------------------------------------------+
; Clock to Output Times                                                                           ;
+--------------+--------------------------+-------+-------+------------+--------------------------+
; Data Port    ; Clock Port               ; Rise  ; Fall  ; Clock Edge ; Clock Reference          ;
+--------------+--------------------------+-------+-------+------------+--------------------------+
; LCD_DATA[*]  ; LCD_Display:u1|CLK_400HZ ; 9.801 ; 9.860 ; Rise       ; LCD_Display:u1|CLK_400HZ ;
;  LCD_DATA[0] ; LCD_Display:u1|CLK_400HZ ; 8.842 ; 8.817 ; Rise       ; LCD_Display:u1|CLK_400HZ ;
;  LCD_DATA[1] ; LCD_Display:u1|CLK_400HZ ; 8.561 ; 8.541 ; Rise       ; LCD_Display:u1|CLK_400HZ ;
;  LCD_DATA[2] ; LCD_Display:u1|CLK_400HZ ; 8.716 ; 8.678 ; Rise       ; LCD_Display:u1|CLK_400HZ ;
;  LCD_DATA[3] ; LCD_Display:u1|CLK_400HZ ; 8.730 ; 8.682 ; Rise       ; LCD_Display:u1|CLK_400HZ ;
;  LCD_DATA[4] ; LCD_Display:u1|CLK_400HZ ; 8.873 ; 8.869 ; Rise       ; LCD_Display:u1|CLK_400HZ ;
;  LCD_DATA[5] ; LCD_Display:u1|CLK_400HZ ; 9.215 ; 9.176 ; Rise       ; LCD_Display:u1|CLK_400HZ ;
;  LCD_DATA[6] ; LCD_Display:u1|CLK_400HZ ; 9.454 ; 9.537 ; Rise       ; LCD_Display:u1|CLK_400HZ ;
;  LCD_DATA[7] ; LCD_Display:u1|CLK_400HZ ; 9.801 ; 9.860 ; Rise       ; LCD_Display:u1|CLK_400HZ ;
; LCD_EN       ; LCD_Display:u1|CLK_400HZ ; 8.567 ; 8.556 ; Rise       ; LCD_Display:u1|CLK_400HZ ;
; LCD_RS       ; LCD_Display:u1|CLK_400HZ ; 8.574 ; 8.557 ; Rise       ; LCD_Display:u1|CLK_400HZ ;
+--------------+--------------------------+-------+-------+------------+--------------------------+


+-------------------------------------------------------------------------------------------------+
; Minimum Clock to Output Times                                                                   ;
+--------------+--------------------------+-------+-------+------------+--------------------------+
; Data Port    ; Clock Port               ; Rise  ; Fall  ; Clock Edge ; Clock Reference          ;
+--------------+--------------------------+-------+-------+------------+--------------------------+
; LCD_DATA[*]  ; LCD_Display:u1|CLK_400HZ ; 4.294 ; 4.401 ; Rise       ; LCD_Display:u1|CLK_400HZ ;
;  LCD_DATA[0] ; LCD_Display:u1|CLK_400HZ ; 4.424 ; 4.547 ; Rise       ; LCD_Display:u1|CLK_400HZ ;
;  LCD_DATA[1] ; LCD_Display:u1|CLK_400HZ ; 4.294 ; 4.401 ; Rise       ; LCD_Display:u1|CLK_400HZ ;
;  LCD_DATA[2] ; LCD_Display:u1|CLK_400HZ ; 4.357 ; 4.470 ; Rise       ; LCD_Display:u1|CLK_400HZ ;
;  LCD_DATA[3] ; LCD_Display:u1|CLK_400HZ ; 4.346 ; 4.453 ; Rise       ; LCD_Display:u1|CLK_400HZ ;
;  LCD_DATA[4] ; LCD_Display:u1|CLK_400HZ ; 4.433 ; 4.570 ; Rise       ; LCD_Display:u1|CLK_400HZ ;
;  LCD_DATA[5] ; LCD_Display:u1|CLK_400HZ ; 4.604 ; 4.752 ; Rise       ; LCD_Display:u1|CLK_400HZ ;
;  LCD_DATA[6] ; LCD_Display:u1|CLK_400HZ ; 4.735 ; 4.931 ; Rise       ; LCD_Display:u1|CLK_400HZ ;
;  LCD_DATA[7] ; LCD_Display:u1|CLK_400HZ ; 5.125 ; 5.261 ; Rise       ; LCD_Display:u1|CLK_400HZ ;
; LCD_EN       ; LCD_Display:u1|CLK_400HZ ; 4.277 ; 4.381 ; Rise       ; LCD_Display:u1|CLK_400HZ ;
; LCD_RS       ; LCD_Display:u1|CLK_400HZ ; 4.299 ; 4.405 ; Rise       ; LCD_Display:u1|CLK_400HZ ;
+--------------+--------------------------+-------+-------+------------+--------------------------+


+------------------------------------------------------+
; Propagation Delay                                    ;
+------------+-------------+--------+----+----+--------+
; Input Port ; Output Port ; RR     ; RF ; FR ; FF     ;
+------------+-------------+--------+----+----+--------+
; SW[0]      ; LEDR[0]     ; 8.912  ;    ;    ; 9.390  ;
; SW[1]      ; LEDR[1]     ; 8.877  ;    ;    ; 9.370  ;
; SW[2]      ; LEDR[2]     ; 8.661  ;    ;    ; 9.078  ;
; SW[3]      ; LEDR[3]     ; 8.557  ;    ;    ; 8.947  ;
; SW[4]      ; LEDR[4]     ; 9.760  ;    ;    ; 10.244 ;
; SW[5]      ; LEDR[5]     ; 8.870  ;    ;    ; 9.375  ;
; SW[6]      ; LEDR[6]     ; 9.095  ;    ;    ; 9.571  ;
; SW[7]      ; LEDR[7]     ; 8.924  ;    ;    ; 9.433  ;
; SW[8]      ; LEDR[8]     ; 8.863  ;    ;    ; 9.351  ;
; SW[9]      ; LEDR[9]     ; 9.815  ;    ;    ; 10.371 ;
; SW[10]     ; LEDR[10]    ; 9.260  ;    ;    ; 9.781  ;
; SW[11]     ; LEDR[11]    ; 9.216  ;    ;    ; 9.712  ;
; SW[12]     ; LEDR[12]    ; 9.147  ;    ;    ; 9.598  ;
; SW[13]     ; LEDR[13]    ; 8.873  ;    ;    ; 9.378  ;
; SW[14]     ; LEDR[14]    ; 8.870  ;    ;    ; 9.375  ;
; SW[15]     ; LEDR[15]    ; 10.513 ;    ;    ; 11.089 ;
; SW[16]     ; LEDR[16]    ; 8.892  ;    ;    ; 9.403  ;
; SW[17]     ; LEDR[17]    ; 8.860  ;    ;    ; 9.357  ;
+------------+-------------+--------+----+----+--------+


+----------------------------------------------------+
; Minimum Propagation Delay                          ;
+------------+-------------+-------+----+----+-------+
; Input Port ; Output Port ; RR    ; RF ; FR ; FF    ;
+------------+-------------+-------+----+----+-------+
; SW[0]      ; LEDR[0]     ; 4.571 ;    ;    ; 5.314 ;
; SW[1]      ; LEDR[1]     ; 4.528 ;    ;    ; 5.276 ;
; SW[2]      ; LEDR[2]     ; 4.394 ;    ;    ; 5.112 ;
; SW[3]      ; LEDR[3]     ; 4.338 ;    ;    ; 5.042 ;
; SW[4]      ; LEDR[4]     ; 4.949 ;    ;    ; 5.755 ;
; SW[5]      ; LEDR[5]     ; 4.515 ;    ;    ; 5.270 ;
; SW[6]      ; LEDR[6]     ; 4.639 ;    ;    ; 5.392 ;
; SW[7]      ; LEDR[7]     ; 4.556 ;    ;    ; 5.316 ;
; SW[8]      ; LEDR[8]     ; 4.508 ;    ;    ; 5.251 ;
; SW[9]      ; LEDR[9]     ; 5.238 ;    ;    ; 6.007 ;
; SW[10]     ; LEDR[10]    ; 4.707 ;    ;    ; 5.487 ;
; SW[11]     ; LEDR[11]    ; 4.684 ;    ;    ; 5.459 ;
; SW[12]     ; LEDR[12]    ; 4.634 ;    ;    ; 5.393 ;
; SW[13]     ; LEDR[13]    ; 4.516 ;    ;    ; 5.272 ;
; SW[14]     ; LEDR[14]    ; 4.513 ;    ;    ; 5.269 ;
; SW[15]     ; LEDR[15]    ; 5.562 ;    ;    ; 6.387 ;
; SW[16]     ; LEDR[16]    ; 4.516 ;    ;    ; 5.276 ;
; SW[17]     ; LEDR[17]    ; 4.499 ;    ;    ; 5.252 ;
+------------+-------------+-------+----+----+-------+


+------------------------------------------------------------------------------------------------------------------------------------------------------------------------------------------------------------------------------------------------------------------------------------------------------------------------------------------------------------------------------------------------------------------+
; Board Trace Model Assignments                                                                                                                                                                                                                                                                                                                                                                                    ;
+---------------+--------------+-------------------+-------------------------+-------------------------+---------------+---------------------+----------------+------------------+--------+------------------+------------------------+------------------------+--------------+---------------+-----------------+-------+---------------------+--------------------+---------------+-----------------+-------------+
; Pin           ; I/O Standard ; Near Tline Length ; Near Tline L per Length ; Near Tline C per Length ; Near Series R ; Near Differential R ; Near Pull-up R ; Near Pull-down R ; Near C ; Far Tline Length ; Far Tline L per Length ; Far Tline C per Length ; Far Series R ; Far Pull-up R ; Far Pull-down R ; Far C ; Termination Voltage ; Far Differential R ; EBD File Name ; EBD Signal Name ; EBD Far-end ;
+---------------+--------------+-------------------+-------------------------+-------------------------+---------------+---------------------+----------------+------------------+--------+------------------+------------------------+------------------------+--------------+---------------+-----------------+-------+---------------------+--------------------+---------------+-----------------+-------------+
; HEX0[0]       ; 2.5 V        ; 0 in              ; 0 H/in                  ; 0 F/in                  ; short         ; -                   ; open           ; open             ; open   ; 0 in             ; 0 H/in                 ; 0 F/in                 ; short        ; open          ; open            ; open  ; 0 V                 ; -                  ; n/a           ; n/a             ; n/a         ;
; HEX0[1]       ; 2.5 V        ; 0 in              ; 0 H/in                  ; 0 F/in                  ; short         ; -                   ; open           ; open             ; open   ; 0 in             ; 0 H/in                 ; 0 F/in                 ; short        ; open          ; open            ; open  ; 0 V                 ; -                  ; n/a           ; n/a             ; n/a         ;
; HEX0[2]       ; 2.5 V        ; 0 in              ; 0 H/in                  ; 0 F/in                  ; short         ; -                   ; open           ; open             ; open   ; 0 in             ; 0 H/in                 ; 0 F/in                 ; short        ; open          ; open            ; open  ; 0 V                 ; -                  ; n/a           ; n/a             ; n/a         ;
; HEX0[3]       ; 2.5 V        ; 0 in              ; 0 H/in                  ; 0 F/in                  ; short         ; -                   ; open           ; open             ; open   ; 0 in             ; 0 H/in                 ; 0 F/in                 ; short        ; open          ; open            ; open  ; 0 V                 ; -                  ; n/a           ; n/a             ; n/a         ;
; HEX0[4]       ; 2.5 V        ; 0 in              ; 0 H/in                  ; 0 F/in                  ; short         ; -                   ; open           ; open             ; open   ; 0 in             ; 0 H/in                 ; 0 F/in                 ; short        ; open          ; open            ; open  ; 0 V                 ; -                  ; n/a           ; n/a             ; n/a         ;
; HEX0[5]       ; 2.5 V        ; 0 in              ; 0 H/in                  ; 0 F/in                  ; short         ; -                   ; open           ; open             ; open   ; 0 in             ; 0 H/in                 ; 0 F/in                 ; short        ; open          ; open            ; open  ; 0 V                 ; -                  ; n/a           ; n/a             ; n/a         ;
; HEX0[6]       ; 2.5 V        ; 0 in              ; 0 H/in                  ; 0 F/in                  ; short         ; -                   ; open           ; open             ; open   ; 0 in             ; 0 H/in                 ; 0 F/in                 ; short        ; open          ; open            ; open  ; 0 V                 ; -                  ; n/a           ; n/a             ; n/a         ;
; HEX1[0]       ; 2.5 V        ; 0 in              ; 0 H/in                  ; 0 F/in                  ; short         ; -                   ; open           ; open             ; open   ; 0 in             ; 0 H/in                 ; 0 F/in                 ; short        ; open          ; open            ; open  ; 0 V                 ; -                  ; n/a           ; n/a             ; n/a         ;
; HEX1[1]       ; 2.5 V        ; 0 in              ; 0 H/in                  ; 0 F/in                  ; short         ; -                   ; open           ; open             ; open   ; 0 in             ; 0 H/in                 ; 0 F/in                 ; short        ; open          ; open            ; open  ; 0 V                 ; -                  ; n/a           ; n/a             ; n/a         ;
; HEX1[2]       ; 2.5 V        ; 0 in              ; 0 H/in                  ; 0 F/in                  ; short         ; -                   ; open           ; open             ; open   ; 0 in             ; 0 H/in                 ; 0 F/in                 ; short        ; open          ; open            ; open  ; 0 V                 ; -                  ; n/a           ; n/a             ; n/a         ;
; HEX1[3]       ; 2.5 V        ; 0 in              ; 0 H/in                  ; 0 F/in                  ; short         ; -                   ; open           ; open             ; open   ; 0 in             ; 0 H/in                 ; 0 F/in                 ; short        ; open          ; open            ; open  ; 0 V                 ; -                  ; n/a           ; n/a             ; n/a         ;
; HEX1[4]       ; 2.5 V        ; 0 in              ; 0 H/in                  ; 0 F/in                  ; short         ; -                   ; open           ; open             ; open   ; 0 in             ; 0 H/in                 ; 0 F/in                 ; short        ; open          ; open            ; open  ; 0 V                 ; -                  ; n/a           ; n/a             ; n/a         ;
; HEX1[5]       ; 2.5 V        ; 0 in              ; 0 H/in                  ; 0 F/in                  ; short         ; -                   ; open           ; open             ; open   ; 0 in             ; 0 H/in                 ; 0 F/in                 ; short        ; open          ; open            ; open  ; 0 V                 ; -                  ; n/a           ; n/a             ; n/a         ;
; HEX1[6]       ; 2.5 V        ; 0 in              ; 0 H/in                  ; 0 F/in                  ; short         ; -                   ; open           ; open             ; open   ; 0 in             ; 0 H/in                 ; 0 F/in                 ; short        ; open          ; open            ; open  ; 0 V                 ; -                  ; n/a           ; n/a             ; n/a         ;
; HEX2[0]       ; 2.5 V        ; 0 in              ; 0 H/in                  ; 0 F/in                  ; short         ; -                   ; open           ; open             ; open   ; 0 in             ; 0 H/in                 ; 0 F/in                 ; short        ; open          ; open            ; open  ; 0 V                 ; -                  ; n/a           ; n/a             ; n/a         ;
; HEX2[1]       ; 2.5 V        ; 0 in              ; 0 H/in                  ; 0 F/in                  ; short         ; -                   ; open           ; open             ; open   ; 0 in             ; 0 H/in                 ; 0 F/in                 ; short        ; open          ; open            ; open  ; 0 V                 ; -                  ; n/a           ; n/a             ; n/a         ;
; HEX2[2]       ; 2.5 V        ; 0 in              ; 0 H/in                  ; 0 F/in                  ; short         ; -                   ; open           ; open             ; open   ; 0 in             ; 0 H/in                 ; 0 F/in                 ; short        ; open          ; open            ; open  ; 0 V                 ; -                  ; n/a           ; n/a             ; n/a         ;
; HEX2[3]       ; 2.5 V        ; 0 in              ; 0 H/in                  ; 0 F/in                  ; short         ; -                   ; open           ; open             ; open   ; 0 in             ; 0 H/in                 ; 0 F/in                 ; short        ; open          ; open            ; open  ; 0 V                 ; -                  ; n/a           ; n/a             ; n/a         ;
; HEX2[4]       ; 2.5 V        ; 0 in              ; 0 H/in                  ; 0 F/in                  ; short         ; -                   ; open           ; open             ; open   ; 0 in             ; 0 H/in                 ; 0 F/in                 ; short        ; open          ; open            ; open  ; 0 V                 ; -                  ; n/a           ; n/a             ; n/a         ;
; HEX2[5]       ; 2.5 V        ; 0 in              ; 0 H/in                  ; 0 F/in                  ; short         ; -                   ; open           ; open             ; open   ; 0 in             ; 0 H/in                 ; 0 F/in                 ; short        ; open          ; open            ; open  ; 0 V                 ; -                  ; n/a           ; n/a             ; n/a         ;
; HEX2[6]       ; 2.5 V        ; 0 in              ; 0 H/in                  ; 0 F/in                  ; short         ; -                   ; open           ; open             ; open   ; 0 in             ; 0 H/in                 ; 0 F/in                 ; short        ; open          ; open            ; open  ; 0 V                 ; -                  ; n/a           ; n/a             ; n/a         ;
; HEX3[0]       ; 2.5 V        ; 0 in              ; 0 H/in                  ; 0 F/in                  ; short         ; -                   ; open           ; open             ; open   ; 0 in             ; 0 H/in                 ; 0 F/in                 ; short        ; open          ; open            ; open  ; 0 V                 ; -                  ; n/a           ; n/a             ; n/a         ;
; HEX3[1]       ; 2.5 V        ; 0 in              ; 0 H/in                  ; 0 F/in                  ; short         ; -                   ; open           ; open             ; open   ; 0 in             ; 0 H/in                 ; 0 F/in                 ; short        ; open          ; open            ; open  ; 0 V                 ; -                  ; n/a           ; n/a             ; n/a         ;
; HEX3[2]       ; 2.5 V        ; 0 in              ; 0 H/in                  ; 0 F/in                  ; short         ; -                   ; open           ; open             ; open   ; 0 in             ; 0 H/in                 ; 0 F/in                 ; short        ; open          ; open            ; open  ; 0 V                 ; -                  ; n/a           ; n/a             ; n/a         ;
; HEX3[3]       ; 2.5 V        ; 0 in              ; 0 H/in                  ; 0 F/in                  ; short         ; -                   ; open           ; open             ; open   ; 0 in             ; 0 H/in                 ; 0 F/in                 ; short        ; open          ; open            ; open  ; 0 V                 ; -                  ; n/a           ; n/a             ; n/a         ;
; HEX3[4]       ; 2.5 V        ; 0 in              ; 0 H/in                  ; 0 F/in                  ; short         ; -                   ; open           ; open             ; open   ; 0 in             ; 0 H/in                 ; 0 F/in                 ; short        ; open          ; open            ; open  ; 0 V                 ; -                  ; n/a           ; n/a             ; n/a         ;
; HEX3[5]       ; 2.5 V        ; 0 in              ; 0 H/in                  ; 0 F/in                  ; short         ; -                   ; open           ; open             ; open   ; 0 in             ; 0 H/in                 ; 0 F/in                 ; short        ; open          ; open            ; open  ; 0 V                 ; -                  ; n/a           ; n/a             ; n/a         ;
; HEX3[6]       ; 2.5 V        ; 0 in              ; 0 H/in                  ; 0 F/in                  ; short         ; -                   ; open           ; open             ; open   ; 0 in             ; 0 H/in                 ; 0 F/in                 ; short        ; open          ; open            ; open  ; 0 V                 ; -                  ; n/a           ; n/a             ; n/a         ;
; HEX4[0]       ; 2.5 V        ; 0 in              ; 0 H/in                  ; 0 F/in                  ; short         ; -                   ; open           ; open             ; open   ; 0 in             ; 0 H/in                 ; 0 F/in                 ; short        ; open          ; open            ; open  ; 0 V                 ; -                  ; n/a           ; n/a             ; n/a         ;
; HEX4[1]       ; 2.5 V        ; 0 in              ; 0 H/in                  ; 0 F/in                  ; short         ; -                   ; open           ; open             ; open   ; 0 in             ; 0 H/in                 ; 0 F/in                 ; short        ; open          ; open            ; open  ; 0 V                 ; -                  ; n/a           ; n/a             ; n/a         ;
; HEX4[2]       ; 2.5 V        ; 0 in              ; 0 H/in                  ; 0 F/in                  ; short         ; -                   ; open           ; open             ; open   ; 0 in             ; 0 H/in                 ; 0 F/in                 ; short        ; open          ; open            ; open  ; 0 V                 ; -                  ; n/a           ; n/a             ; n/a         ;
; HEX4[3]       ; 2.5 V        ; 0 in              ; 0 H/in                  ; 0 F/in                  ; short         ; -                   ; open           ; open             ; open   ; 0 in             ; 0 H/in                 ; 0 F/in                 ; short        ; open          ; open            ; open  ; 0 V                 ; -                  ; n/a           ; n/a             ; n/a         ;
; HEX4[4]       ; 2.5 V        ; 0 in              ; 0 H/in                  ; 0 F/in                  ; short         ; -                   ; open           ; open             ; open   ; 0 in             ; 0 H/in                 ; 0 F/in                 ; short        ; open          ; open            ; open  ; 0 V                 ; -                  ; n/a           ; n/a             ; n/a         ;
; HEX4[5]       ; 2.5 V        ; 0 in              ; 0 H/in                  ; 0 F/in                  ; short         ; -                   ; open           ; open             ; open   ; 0 in             ; 0 H/in                 ; 0 F/in                 ; short        ; open          ; open            ; open  ; 0 V                 ; -                  ; n/a           ; n/a             ; n/a         ;
; HEX4[6]       ; 2.5 V        ; 0 in              ; 0 H/in                  ; 0 F/in                  ; short         ; -                   ; open           ; open             ; open   ; 0 in             ; 0 H/in                 ; 0 F/in                 ; short        ; open          ; open            ; open  ; 0 V                 ; -                  ; n/a           ; n/a             ; n/a         ;
; HEX5[0]       ; 2.5 V        ; 0 in              ; 0 H/in                  ; 0 F/in                  ; short         ; -                   ; open           ; open             ; open   ; 0 in             ; 0 H/in                 ; 0 F/in                 ; short        ; open          ; open            ; open  ; 0 V                 ; -                  ; n/a           ; n/a             ; n/a         ;
; HEX5[1]       ; 2.5 V        ; 0 in              ; 0 H/in                  ; 0 F/in                  ; short         ; -                   ; open           ; open             ; open   ; 0 in             ; 0 H/in                 ; 0 F/in                 ; short        ; open          ; open            ; open  ; 0 V                 ; -                  ; n/a           ; n/a             ; n/a         ;
; HEX5[2]       ; 2.5 V        ; 0 in              ; 0 H/in                  ; 0 F/in                  ; short         ; -                   ; open           ; open             ; open   ; 0 in             ; 0 H/in                 ; 0 F/in                 ; short        ; open          ; open            ; open  ; 0 V                 ; -                  ; n/a           ; n/a             ; n/a         ;
; HEX5[3]       ; 2.5 V        ; 0 in              ; 0 H/in                  ; 0 F/in                  ; short         ; -                   ; open           ; open             ; open   ; 0 in             ; 0 H/in                 ; 0 F/in                 ; short        ; open          ; open            ; open  ; 0 V                 ; -                  ; n/a           ; n/a             ; n/a         ;
; HEX5[4]       ; 2.5 V        ; 0 in              ; 0 H/in                  ; 0 F/in                  ; short         ; -                   ; open           ; open             ; open   ; 0 in             ; 0 H/in                 ; 0 F/in                 ; short        ; open          ; open            ; open  ; 0 V                 ; -                  ; n/a           ; n/a             ; n/a         ;
; HEX5[5]       ; 2.5 V        ; 0 in              ; 0 H/in                  ; 0 F/in                  ; short         ; -                   ; open           ; open             ; open   ; 0 in             ; 0 H/in                 ; 0 F/in                 ; short        ; open          ; open            ; open  ; 0 V                 ; -                  ; n/a           ; n/a             ; n/a         ;
; HEX5[6]       ; 2.5 V        ; 0 in              ; 0 H/in                  ; 0 F/in                  ; short         ; -                   ; open           ; open             ; open   ; 0 in             ; 0 H/in                 ; 0 F/in                 ; short        ; open          ; open            ; open  ; 0 V                 ; -                  ; n/a           ; n/a             ; n/a         ;
; HEX6[0]       ; 2.5 V        ; 0 in              ; 0 H/in                  ; 0 F/in                  ; short         ; -                   ; open           ; open             ; open   ; 0 in             ; 0 H/in                 ; 0 F/in                 ; short        ; open          ; open            ; open  ; 0 V                 ; -                  ; n/a           ; n/a             ; n/a         ;
; HEX6[1]       ; 2.5 V        ; 0 in              ; 0 H/in                  ; 0 F/in                  ; short         ; -                   ; open           ; open             ; open   ; 0 in             ; 0 H/in                 ; 0 F/in                 ; short        ; open          ; open            ; open  ; 0 V                 ; -                  ; n/a           ; n/a             ; n/a         ;
; HEX6[2]       ; 2.5 V        ; 0 in              ; 0 H/in                  ; 0 F/in                  ; short         ; -                   ; open           ; open             ; open   ; 0 in             ; 0 H/in                 ; 0 F/in                 ; short        ; open          ; open            ; open  ; 0 V                 ; -                  ; n/a           ; n/a             ; n/a         ;
; HEX6[3]       ; 2.5 V        ; 0 in              ; 0 H/in                  ; 0 F/in                  ; short         ; -                   ; open           ; open             ; open   ; 0 in             ; 0 H/in                 ; 0 F/in                 ; short        ; open          ; open            ; open  ; 0 V                 ; -                  ; n/a           ; n/a             ; n/a         ;
; HEX6[4]       ; 2.5 V        ; 0 in              ; 0 H/in                  ; 0 F/in                  ; short         ; -                   ; open           ; open             ; open   ; 0 in             ; 0 H/in                 ; 0 F/in                 ; short        ; open          ; open            ; open  ; 0 V                 ; -                  ; n/a           ; n/a             ; n/a         ;
; HEX6[5]       ; 2.5 V        ; 0 in              ; 0 H/in                  ; 0 F/in                  ; short         ; -                   ; open           ; open             ; open   ; 0 in             ; 0 H/in                 ; 0 F/in                 ; short        ; open          ; open            ; open  ; 0 V                 ; -                  ; n/a           ; n/a             ; n/a         ;
; HEX6[6]       ; 2.5 V        ; 0 in              ; 0 H/in                  ; 0 F/in                  ; short         ; -                   ; open           ; open             ; open   ; 0 in             ; 0 H/in                 ; 0 F/in                 ; short        ; open          ; open            ; open  ; 0 V                 ; -                  ; n/a           ; n/a             ; n/a         ;
; HEX7[0]       ; 2.5 V        ; 0 in              ; 0 H/in                  ; 0 F/in                  ; short         ; -                   ; open           ; open             ; open   ; 0 in             ; 0 H/in                 ; 0 F/in                 ; short        ; open          ; open            ; open  ; 0 V                 ; -                  ; n/a           ; n/a             ; n/a         ;
; HEX7[1]       ; 2.5 V        ; 0 in              ; 0 H/in                  ; 0 F/in                  ; short         ; -                   ; open           ; open             ; open   ; 0 in             ; 0 H/in                 ; 0 F/in                 ; short        ; open          ; open            ; open  ; 0 V                 ; -                  ; n/a           ; n/a             ; n/a         ;
; HEX7[2]       ; 2.5 V        ; 0 in              ; 0 H/in                  ; 0 F/in                  ; short         ; -                   ; open           ; open             ; open   ; 0 in             ; 0 H/in                 ; 0 F/in                 ; short        ; open          ; open            ; open  ; 0 V                 ; -                  ; n/a           ; n/a             ; n/a         ;
; HEX7[3]       ; 2.5 V        ; 0 in              ; 0 H/in                  ; 0 F/in                  ; short         ; -                   ; open           ; open             ; open   ; 0 in             ; 0 H/in                 ; 0 F/in                 ; short        ; open          ; open            ; open  ; 0 V                 ; -                  ; n/a           ; n/a             ; n/a         ;
; HEX7[4]       ; 2.5 V        ; 0 in              ; 0 H/in                  ; 0 F/in                  ; short         ; -                   ; open           ; open             ; open   ; 0 in             ; 0 H/in                 ; 0 F/in                 ; short        ; open          ; open            ; open  ; 0 V                 ; -                  ; n/a           ; n/a             ; n/a         ;
; HEX7[5]       ; 2.5 V        ; 0 in              ; 0 H/in                  ; 0 F/in                  ; short         ; -                   ; open           ; open             ; open   ; 0 in             ; 0 H/in                 ; 0 F/in                 ; short        ; open          ; open            ; open  ; 0 V                 ; -                  ; n/a           ; n/a             ; n/a         ;
; HEX7[6]       ; 2.5 V        ; 0 in              ; 0 H/in                  ; 0 F/in                  ; short         ; -                   ; open           ; open             ; open   ; 0 in             ; 0 H/in                 ; 0 F/in                 ; short        ; open          ; open            ; open  ; 0 V                 ; -                  ; n/a           ; n/a             ; n/a         ;
; LEDG[0]       ; 2.5 V        ; 0 in              ; 0 H/in                  ; 0 F/in                  ; short         ; -                   ; open           ; open             ; open   ; 0 in             ; 0 H/in                 ; 0 F/in                 ; short        ; open          ; open            ; open  ; 0 V                 ; -                  ; n/a           ; n/a             ; n/a         ;
; LEDG[1]       ; 2.5 V        ; 0 in              ; 0 H/in                  ; 0 F/in                  ; short         ; -                   ; open           ; open             ; open   ; 0 in             ; 0 H/in                 ; 0 F/in                 ; short        ; open          ; open            ; open  ; 0 V                 ; -                  ; n/a           ; n/a             ; n/a         ;
; LEDG[2]       ; 2.5 V        ; 0 in              ; 0 H/in                  ; 0 F/in                  ; short         ; -                   ; open           ; open             ; open   ; 0 in             ; 0 H/in                 ; 0 F/in                 ; short        ; open          ; open            ; open  ; 0 V                 ; -                  ; n/a           ; n/a             ; n/a         ;
; LEDG[3]       ; 2.5 V        ; 0 in              ; 0 H/in                  ; 0 F/in                  ; short         ; -                   ; open           ; open             ; open   ; 0 in             ; 0 H/in                 ; 0 F/in                 ; short        ; open          ; open            ; open  ; 0 V                 ; -                  ; n/a           ; n/a             ; n/a         ;
; LEDG[4]       ; 2.5 V        ; 0 in              ; 0 H/in                  ; 0 F/in                  ; short         ; -                   ; open           ; open             ; open   ; 0 in             ; 0 H/in                 ; 0 F/in                 ; short        ; open          ; open            ; open  ; 0 V                 ; -                  ; n/a           ; n/a             ; n/a         ;
; LEDG[5]       ; 2.5 V        ; 0 in              ; 0 H/in                  ; 0 F/in                  ; short         ; -                   ; open           ; open             ; open   ; 0 in             ; 0 H/in                 ; 0 F/in                 ; short        ; open          ; open            ; open  ; 0 V                 ; -                  ; n/a           ; n/a             ; n/a         ;
; LEDG[6]       ; 2.5 V        ; 0 in              ; 0 H/in                  ; 0 F/in                  ; short         ; -                   ; open           ; open             ; open   ; 0 in             ; 0 H/in                 ; 0 F/in                 ; short        ; open          ; open            ; open  ; 0 V                 ; -                  ; n/a           ; n/a             ; n/a         ;
; LEDG[7]       ; 2.5 V        ; 0 in              ; 0 H/in                  ; 0 F/in                  ; short         ; -                   ; open           ; open             ; open   ; 0 in             ; 0 H/in                 ; 0 F/in                 ; short        ; open          ; open            ; open  ; 0 V                 ; -                  ; n/a           ; n/a             ; n/a         ;
; LEDG[8]       ; 2.5 V        ; 0 in              ; 0 H/in                  ; 0 F/in                  ; short         ; -                   ; open           ; open             ; open   ; 0 in             ; 0 H/in                 ; 0 F/in                 ; short        ; open          ; open            ; open  ; 0 V                 ; -                  ; n/a           ; n/a             ; n/a         ;
; LEDR[0]       ; 2.5 V        ; 0 in              ; 0 H/in                  ; 0 F/in                  ; short         ; -                   ; open           ; open             ; open   ; 0 in             ; 0 H/in                 ; 0 F/in                 ; short        ; open          ; open            ; open  ; 0 V                 ; -                  ; n/a           ; n/a             ; n/a         ;
; LEDR[1]       ; 2.5 V        ; 0 in              ; 0 H/in                  ; 0 F/in                  ; short         ; -                   ; open           ; open             ; open   ; 0 in             ; 0 H/in                 ; 0 F/in                 ; short        ; open          ; open            ; open  ; 0 V                 ; -                  ; n/a           ; n/a             ; n/a         ;
; LEDR[2]       ; 2.5 V        ; 0 in              ; 0 H/in                  ; 0 F/in                  ; short         ; -                   ; open           ; open             ; open   ; 0 in             ; 0 H/in                 ; 0 F/in                 ; short        ; open          ; open            ; open  ; 0 V                 ; -                  ; n/a           ; n/a             ; n/a         ;
; LEDR[3]       ; 2.5 V        ; 0 in              ; 0 H/in                  ; 0 F/in                  ; short         ; -                   ; open           ; open             ; open   ; 0 in             ; 0 H/in                 ; 0 F/in                 ; short        ; open          ; open            ; open  ; 0 V                 ; -                  ; n/a           ; n/a             ; n/a         ;
; LEDR[4]       ; 2.5 V        ; 0 in              ; 0 H/in                  ; 0 F/in                  ; short         ; -                   ; open           ; open             ; open   ; 0 in             ; 0 H/in                 ; 0 F/in                 ; short        ; open          ; open            ; open  ; 0 V                 ; -                  ; n/a           ; n/a             ; n/a         ;
; LEDR[5]       ; 2.5 V        ; 0 in              ; 0 H/in                  ; 0 F/in                  ; short         ; -                   ; open           ; open             ; open   ; 0 in             ; 0 H/in                 ; 0 F/in                 ; short        ; open          ; open            ; open  ; 0 V                 ; -                  ; n/a           ; n/a             ; n/a         ;
; LEDR[6]       ; 2.5 V        ; 0 in              ; 0 H/in                  ; 0 F/in                  ; short         ; -                   ; open           ; open             ; open   ; 0 in             ; 0 H/in                 ; 0 F/in                 ; short        ; open          ; open            ; open  ; 0 V                 ; -                  ; n/a           ; n/a             ; n/a         ;
; LEDR[7]       ; 2.5 V        ; 0 in              ; 0 H/in                  ; 0 F/in                  ; short         ; -                   ; open           ; open             ; open   ; 0 in             ; 0 H/in                 ; 0 F/in                 ; short        ; open          ; open            ; open  ; 0 V                 ; -                  ; n/a           ; n/a             ; n/a         ;
; LEDR[8]       ; 2.5 V        ; 0 in              ; 0 H/in                  ; 0 F/in                  ; short         ; -                   ; open           ; open             ; open   ; 0 in             ; 0 H/in                 ; 0 F/in                 ; short        ; open          ; open            ; open  ; 0 V                 ; -                  ; n/a           ; n/a             ; n/a         ;
; LEDR[9]       ; 2.5 V        ; 0 in              ; 0 H/in                  ; 0 F/in                  ; short         ; -                   ; open           ; open             ; open   ; 0 in             ; 0 H/in                 ; 0 F/in                 ; short        ; open          ; open            ; open  ; 0 V                 ; -                  ; n/a           ; n/a             ; n/a         ;
; LEDR[10]      ; 2.5 V        ; 0 in              ; 0 H/in                  ; 0 F/in                  ; short         ; -                   ; open           ; open             ; open   ; 0 in             ; 0 H/in                 ; 0 F/in                 ; short        ; open          ; open            ; open  ; 0 V                 ; -                  ; n/a           ; n/a             ; n/a         ;
; LEDR[11]      ; 2.5 V        ; 0 in              ; 0 H/in                  ; 0 F/in                  ; short         ; -                   ; open           ; open             ; open   ; 0 in             ; 0 H/in                 ; 0 F/in                 ; short        ; open          ; open            ; open  ; 0 V                 ; -                  ; n/a           ; n/a             ; n/a         ;
; LEDR[12]      ; 2.5 V        ; 0 in              ; 0 H/in                  ; 0 F/in                  ; short         ; -                   ; open           ; open             ; open   ; 0 in             ; 0 H/in                 ; 0 F/in                 ; short        ; open          ; open            ; open  ; 0 V                 ; -                  ; n/a           ; n/a             ; n/a         ;
; LEDR[13]      ; 2.5 V        ; 0 in              ; 0 H/in                  ; 0 F/in                  ; short         ; -                   ; open           ; open             ; open   ; 0 in             ; 0 H/in                 ; 0 F/in                 ; short        ; open          ; open            ; open  ; 0 V                 ; -                  ; n/a           ; n/a             ; n/a         ;
; LEDR[14]      ; 2.5 V        ; 0 in              ; 0 H/in                  ; 0 F/in                  ; short         ; -                   ; open           ; open             ; open   ; 0 in             ; 0 H/in                 ; 0 F/in                 ; short        ; open          ; open            ; open  ; 0 V                 ; -                  ; n/a           ; n/a             ; n/a         ;
; LEDR[15]      ; 2.5 V        ; 0 in              ; 0 H/in                  ; 0 F/in                  ; short         ; -                   ; open           ; open             ; open   ; 0 in             ; 0 H/in                 ; 0 F/in                 ; short        ; open          ; open            ; open  ; 0 V                 ; -                  ; n/a           ; n/a             ; n/a         ;
; LEDR[16]      ; 2.5 V        ; 0 in              ; 0 H/in                  ; 0 F/in                  ; short         ; -                   ; open           ; open             ; open   ; 0 in             ; 0 H/in                 ; 0 F/in                 ; short        ; open          ; open            ; open  ; 0 V                 ; -                  ; n/a           ; n/a             ; n/a         ;
; LEDR[17]      ; 2.5 V        ; 0 in              ; 0 H/in                  ; 0 F/in                  ; short         ; -                   ; open           ; open             ; open   ; 0 in             ; 0 H/in                 ; 0 F/in                 ; short        ; open          ; open            ; open  ; 0 V                 ; -                  ; n/a           ; n/a             ; n/a         ;
; LCD_ON        ; 2.5 V        ; 0 in              ; 0 H/in                  ; 0 F/in                  ; short         ; -                   ; open           ; open             ; open   ; 0 in             ; 0 H/in                 ; 0 F/in                 ; short        ; open          ; open            ; open  ; 0 V                 ; -                  ; n/a           ; n/a             ; n/a         ;
; LCD_BLON      ; 2.5 V        ; 0 in              ; 0 H/in                  ; 0 F/in                  ; short         ; -                   ; open           ; open             ; open   ; 0 in             ; 0 H/in                 ; 0 F/in                 ; short        ; open          ; open            ; open  ; 0 V                 ; -                  ; n/a           ; n/a             ; n/a         ;
; LCD_RW        ; 2.5 V        ; 0 in              ; 0 H/in                  ; 0 F/in                  ; short         ; -                   ; open           ; open             ; open   ; 0 in             ; 0 H/in                 ; 0 F/in                 ; short        ; open          ; open            ; open  ; 0 V                 ; -                  ; n/a           ; n/a             ; n/a         ;
; LCD_EN        ; 2.5 V        ; 0 in              ; 0 H/in                  ; 0 F/in                  ; short         ; -                   ; open           ; open             ; open   ; 0 in             ; 0 H/in                 ; 0 F/in                 ; short        ; open          ; open            ; open  ; 0 V                 ; -                  ; n/a           ; n/a             ; n/a         ;
; LCD_RS        ; 2.5 V        ; 0 in              ; 0 H/in                  ; 0 F/in                  ; short         ; -                   ; open           ; open             ; open   ; 0 in             ; 0 H/in                 ; 0 F/in                 ; short        ; open          ; open            ; open  ; 0 V                 ; -                  ; n/a           ; n/a             ; n/a         ;
; GPIO_0[0]     ; 2.5 V        ; 0 in              ; 0 H/in                  ; 0 F/in                  ; short         ; -                   ; open           ; open             ; open   ; 0 in             ; 0 H/in                 ; 0 F/in                 ; short        ; open          ; open            ; open  ; 0 V                 ; -                  ; n/a           ; n/a             ; n/a         ;
; GPIO_0[1]     ; 2.5 V        ; 0 in              ; 0 H/in                  ; 0 F/in                  ; short         ; -                   ; open           ; open             ; open   ; 0 in             ; 0 H/in                 ; 0 F/in                 ; short        ; open          ; open            ; open  ; 0 V                 ; -                  ; n/a           ; n/a             ; n/a         ;
; GPIO_0[2]     ; 2.5 V        ; 0 in              ; 0 H/in                  ; 0 F/in                  ; short         ; -                   ; open           ; open             ; open   ; 0 in             ; 0 H/in                 ; 0 F/in                 ; short        ; open          ; open            ; open  ; 0 V                 ; -                  ; n/a           ; n/a             ; n/a         ;
; GPIO_0[3]     ; 2.5 V        ; 0 in              ; 0 H/in                  ; 0 F/in                  ; short         ; -                   ; open           ; open             ; open   ; 0 in             ; 0 H/in                 ; 0 F/in                 ; short        ; open          ; open            ; open  ; 0 V                 ; -                  ; n/a           ; n/a             ; n/a         ;
; GPIO_0[4]     ; 2.5 V        ; 0 in              ; 0 H/in                  ; 0 F/in                  ; short         ; -                   ; open           ; open             ; open   ; 0 in             ; 0 H/in                 ; 0 F/in                 ; short        ; open          ; open            ; open  ; 0 V                 ; -                  ; n/a           ; n/a             ; n/a         ;
; GPIO_0[5]     ; 2.5 V        ; 0 in              ; 0 H/in                  ; 0 F/in                  ; short         ; -                   ; open           ; open             ; open   ; 0 in             ; 0 H/in                 ; 0 F/in                 ; short        ; open          ; open            ; open  ; 0 V                 ; -                  ; n/a           ; n/a             ; n/a         ;
; GPIO_0[6]     ; 2.5 V        ; 0 in              ; 0 H/in                  ; 0 F/in                  ; short         ; -                   ; open           ; open             ; open   ; 0 in             ; 0 H/in                 ; 0 F/in                 ; short        ; open          ; open            ; open  ; 0 V                 ; -                  ; n/a           ; n/a             ; n/a         ;
; GPIO_0[7]     ; 2.5 V        ; 0 in              ; 0 H/in                  ; 0 F/in                  ; short         ; -                   ; open           ; open             ; open   ; 0 in             ; 0 H/in                 ; 0 F/in                 ; short        ; open          ; open            ; open  ; 0 V                 ; -                  ; n/a           ; n/a             ; n/a         ;
; GPIO_0[8]     ; 2.5 V        ; 0 in              ; 0 H/in                  ; 0 F/in                  ; short         ; -                   ; open           ; open             ; open   ; 0 in             ; 0 H/in                 ; 0 F/in                 ; short        ; open          ; open            ; open  ; 0 V                 ; -                  ; n/a           ; n/a             ; n/a         ;
; GPIO_0[9]     ; 2.5 V        ; 0 in              ; 0 H/in                  ; 0 F/in                  ; short         ; -                   ; open           ; open             ; open   ; 0 in             ; 0 H/in                 ; 0 F/in                 ; short        ; open          ; open            ; open  ; 0 V                 ; -                  ; n/a           ; n/a             ; n/a         ;
; GPIO_0[10]    ; 2.5 V        ; 0 in              ; 0 H/in                  ; 0 F/in                  ; short         ; -                   ; open           ; open             ; open   ; 0 in             ; 0 H/in                 ; 0 F/in                 ; short        ; open          ; open            ; open  ; 0 V                 ; -                  ; n/a           ; n/a             ; n/a         ;
; GPIO_0[11]    ; 2.5 V        ; 0 in              ; 0 H/in                  ; 0 F/in                  ; short         ; -                   ; open           ; open             ; open   ; 0 in             ; 0 H/in                 ; 0 F/in                 ; short        ; open          ; open            ; open  ; 0 V                 ; -                  ; n/a           ; n/a             ; n/a         ;
; GPIO_0[12]    ; 2.5 V        ; 0 in              ; 0 H/in                  ; 0 F/in                  ; short         ; -                   ; open           ; open             ; open   ; 0 in             ; 0 H/in                 ; 0 F/in                 ; short        ; open          ; open            ; open  ; 0 V                 ; -                  ; n/a           ; n/a             ; n/a         ;
; GPIO_0[13]    ; 2.5 V        ; 0 in              ; 0 H/in                  ; 0 F/in                  ; short         ; -                   ; open           ; open             ; open   ; 0 in             ; 0 H/in                 ; 0 F/in                 ; short        ; open          ; open            ; open  ; 0 V                 ; -                  ; n/a           ; n/a             ; n/a         ;
; GPIO_0[14]    ; 2.5 V        ; 0 in              ; 0 H/in                  ; 0 F/in                  ; short         ; -                   ; open           ; open             ; open   ; 0 in             ; 0 H/in                 ; 0 F/in                 ; short        ; open          ; open            ; open  ; 0 V                 ; -                  ; n/a           ; n/a             ; n/a         ;
; GPIO_0[15]    ; 2.5 V        ; 0 in              ; 0 H/in                  ; 0 F/in                  ; short         ; -                   ; open           ; open             ; open   ; 0 in             ; 0 H/in                 ; 0 F/in                 ; short        ; open          ; open            ; open  ; 0 V                 ; -                  ; n/a           ; n/a             ; n/a         ;
; GPIO_0[16]    ; 2.5 V        ; 0 in              ; 0 H/in                  ; 0 F/in                  ; short         ; -                   ; open           ; open             ; open   ; 0 in             ; 0 H/in                 ; 0 F/in                 ; short        ; open          ; open            ; open  ; 0 V                 ; -                  ; n/a           ; n/a             ; n/a         ;
; GPIO_0[17]    ; 2.5 V        ; 0 in              ; 0 H/in                  ; 0 F/in                  ; short         ; -                   ; open           ; open             ; open   ; 0 in             ; 0 H/in                 ; 0 F/in                 ; short        ; open          ; open            ; open  ; 0 V                 ; -                  ; n/a           ; n/a             ; n/a         ;
; GPIO_0[18]    ; 2.5 V        ; 0 in              ; 0 H/in                  ; 0 F/in                  ; short         ; -                   ; open           ; open             ; open   ; 0 in             ; 0 H/in                 ; 0 F/in                 ; short        ; open          ; open            ; open  ; 0 V                 ; -                  ; n/a           ; n/a             ; n/a         ;
; GPIO_0[19]    ; 2.5 V        ; 0 in              ; 0 H/in                  ; 0 F/in                  ; short         ; -                   ; open           ; open             ; open   ; 0 in             ; 0 H/in                 ; 0 F/in                 ; short        ; open          ; open            ; open  ; 0 V                 ; -                  ; n/a           ; n/a             ; n/a         ;
; GPIO_0[20]    ; 2.5 V        ; 0 in              ; 0 H/in                  ; 0 F/in                  ; short         ; -                   ; open           ; open             ; open   ; 0 in             ; 0 H/in                 ; 0 F/in                 ; short        ; open          ; open            ; open  ; 0 V                 ; -                  ; n/a           ; n/a             ; n/a         ;
; GPIO_0[21]    ; 2.5 V        ; 0 in              ; 0 H/in                  ; 0 F/in                  ; short         ; -                   ; open           ; open             ; open   ; 0 in             ; 0 H/in                 ; 0 F/in                 ; short        ; open          ; open            ; open  ; 0 V                 ; -                  ; n/a           ; n/a             ; n/a         ;
; GPIO_0[22]    ; 2.5 V        ; 0 in              ; 0 H/in                  ; 0 F/in                  ; short         ; -                   ; open           ; open             ; open   ; 0 in             ; 0 H/in                 ; 0 F/in                 ; short        ; open          ; open            ; open  ; 0 V                 ; -                  ; n/a           ; n/a             ; n/a         ;
; GPIO_0[23]    ; 2.5 V        ; 0 in              ; 0 H/in                  ; 0 F/in                  ; short         ; -                   ; open           ; open             ; open   ; 0 in             ; 0 H/in                 ; 0 F/in                 ; short        ; open          ; open            ; open  ; 0 V                 ; -                  ; n/a           ; n/a             ; n/a         ;
; GPIO_0[24]    ; 2.5 V        ; 0 in              ; 0 H/in                  ; 0 F/in                  ; short         ; -                   ; open           ; open             ; open   ; 0 in             ; 0 H/in                 ; 0 F/in                 ; short        ; open          ; open            ; open  ; 0 V                 ; -                  ; n/a           ; n/a             ; n/a         ;
; GPIO_0[25]    ; 2.5 V        ; 0 in              ; 0 H/in                  ; 0 F/in                  ; short         ; -                   ; open           ; open             ; open   ; 0 in             ; 0 H/in                 ; 0 F/in                 ; short        ; open          ; open            ; open  ; 0 V                 ; -                  ; n/a           ; n/a             ; n/a         ;
; GPIO_0[26]    ; 2.5 V        ; 0 in              ; 0 H/in                  ; 0 F/in                  ; short         ; -                   ; open           ; open             ; open   ; 0 in             ; 0 H/in                 ; 0 F/in                 ; short        ; open          ; open            ; open  ; 0 V                 ; -                  ; n/a           ; n/a             ; n/a         ;
; GPIO_0[27]    ; 2.5 V        ; 0 in              ; 0 H/in                  ; 0 F/in                  ; short         ; -                   ; open           ; open             ; open   ; 0 in             ; 0 H/in                 ; 0 F/in                 ; short        ; open          ; open            ; open  ; 0 V                 ; -                  ; n/a           ; n/a             ; n/a         ;
; GPIO_0[28]    ; 2.5 V        ; 0 in              ; 0 H/in                  ; 0 F/in                  ; short         ; -                   ; open           ; open             ; open   ; 0 in             ; 0 H/in                 ; 0 F/in                 ; short        ; open          ; open            ; open  ; 0 V                 ; -                  ; n/a           ; n/a             ; n/a         ;
; GPIO_0[29]    ; 2.5 V        ; 0 in              ; 0 H/in                  ; 0 F/in                  ; short         ; -                   ; open           ; open             ; open   ; 0 in             ; 0 H/in                 ; 0 F/in                 ; short        ; open          ; open            ; open  ; 0 V                 ; -                  ; n/a           ; n/a             ; n/a         ;
; GPIO_0[30]    ; 2.5 V        ; 0 in              ; 0 H/in                  ; 0 F/in                  ; short         ; -                   ; open           ; open             ; open   ; 0 in             ; 0 H/in                 ; 0 F/in                 ; short        ; open          ; open            ; open  ; 0 V                 ; -                  ; n/a           ; n/a             ; n/a         ;
; GPIO_0[31]    ; 2.5 V        ; 0 in              ; 0 H/in                  ; 0 F/in                  ; short         ; -                   ; open           ; open             ; open   ; 0 in             ; 0 H/in                 ; 0 F/in                 ; short        ; open          ; open            ; open  ; 0 V                 ; -                  ; n/a           ; n/a             ; n/a         ;
; GPIO_0[32]    ; 2.5 V        ; 0 in              ; 0 H/in                  ; 0 F/in                  ; short         ; -                   ; open           ; open             ; open   ; 0 in             ; 0 H/in                 ; 0 F/in                 ; short        ; open          ; open            ; open  ; 0 V                 ; -                  ; n/a           ; n/a             ; n/a         ;
; GPIO_0[33]    ; 2.5 V        ; 0 in              ; 0 H/in                  ; 0 F/in                  ; short         ; -                   ; open           ; open             ; open   ; 0 in             ; 0 H/in                 ; 0 F/in                 ; short        ; open          ; open            ; open  ; 0 V                 ; -                  ; n/a           ; n/a             ; n/a         ;
; GPIO_0[34]    ; 2.5 V        ; 0 in              ; 0 H/in                  ; 0 F/in                  ; short         ; -                   ; open           ; open             ; open   ; 0 in             ; 0 H/in                 ; 0 F/in                 ; short        ; open          ; open            ; open  ; 0 V                 ; -                  ; n/a           ; n/a             ; n/a         ;
; GPIO_0[35]    ; 2.5 V        ; 0 in              ; 0 H/in                  ; 0 F/in                  ; short         ; -                   ; open           ; open             ; open   ; 0 in             ; 0 H/in                 ; 0 F/in                 ; short        ; open          ; open            ; open  ; 0 V                 ; -                  ; n/a           ; n/a             ; n/a         ;
; GPIO_1[0]     ; 2.5 V        ; 0 in              ; 0 H/in                  ; 0 F/in                  ; short         ; -                   ; open           ; open             ; open   ; 0 in             ; 0 H/in                 ; 0 F/in                 ; short        ; open          ; open            ; open  ; 0 V                 ; -                  ; n/a           ; n/a             ; n/a         ;
; GPIO_1[1]     ; 2.5 V        ; 0 in              ; 0 H/in                  ; 0 F/in                  ; short         ; -                   ; open           ; open             ; open   ; 0 in             ; 0 H/in                 ; 0 F/in                 ; short        ; open          ; open            ; open  ; 0 V                 ; -                  ; n/a           ; n/a             ; n/a         ;
; GPIO_1[2]     ; 2.5 V        ; 0 in              ; 0 H/in                  ; 0 F/in                  ; short         ; -                   ; open           ; open             ; open   ; 0 in             ; 0 H/in                 ; 0 F/in                 ; short        ; open          ; open            ; open  ; 0 V                 ; -                  ; n/a           ; n/a             ; n/a         ;
; GPIO_1[3]     ; 2.5 V        ; 0 in              ; 0 H/in                  ; 0 F/in                  ; short         ; -                   ; open           ; open             ; open   ; 0 in             ; 0 H/in                 ; 0 F/in                 ; short        ; open          ; open            ; open  ; 0 V                 ; -                  ; n/a           ; n/a             ; n/a         ;
; GPIO_1[4]     ; 2.5 V        ; 0 in              ; 0 H/in                  ; 0 F/in                  ; short         ; -                   ; open           ; open             ; open   ; 0 in             ; 0 H/in                 ; 0 F/in                 ; short        ; open          ; open            ; open  ; 0 V                 ; -                  ; n/a           ; n/a             ; n/a         ;
; GPIO_1[5]     ; 2.5 V        ; 0 in              ; 0 H/in                  ; 0 F/in                  ; short         ; -                   ; open           ; open             ; open   ; 0 in             ; 0 H/in                 ; 0 F/in                 ; short        ; open          ; open            ; open  ; 0 V                 ; -                  ; n/a           ; n/a             ; n/a         ;
; GPIO_1[6]     ; 2.5 V        ; 0 in              ; 0 H/in                  ; 0 F/in                  ; short         ; -                   ; open           ; open             ; open   ; 0 in             ; 0 H/in                 ; 0 F/in                 ; short        ; open          ; open            ; open  ; 0 V                 ; -                  ; n/a           ; n/a             ; n/a         ;
; GPIO_1[7]     ; 2.5 V        ; 0 in              ; 0 H/in                  ; 0 F/in                  ; short         ; -                   ; open           ; open             ; open   ; 0 in             ; 0 H/in                 ; 0 F/in                 ; short        ; open          ; open            ; open  ; 0 V                 ; -                  ; n/a           ; n/a             ; n/a         ;
; GPIO_1[8]     ; 2.5 V        ; 0 in              ; 0 H/in                  ; 0 F/in                  ; short         ; -                   ; open           ; open             ; open   ; 0 in             ; 0 H/in                 ; 0 F/in                 ; short        ; open          ; open            ; open  ; 0 V                 ; -                  ; n/a           ; n/a             ; n/a         ;
; GPIO_1[9]     ; 2.5 V        ; 0 in              ; 0 H/in                  ; 0 F/in                  ; short         ; -                   ; open           ; open             ; open   ; 0 in             ; 0 H/in                 ; 0 F/in                 ; short        ; open          ; open            ; open  ; 0 V                 ; -                  ; n/a           ; n/a             ; n/a         ;
; GPIO_1[10]    ; 2.5 V        ; 0 in              ; 0 H/in                  ; 0 F/in                  ; short         ; -                   ; open           ; open             ; open   ; 0 in             ; 0 H/in                 ; 0 F/in                 ; short        ; open          ; open            ; open  ; 0 V                 ; -                  ; n/a           ; n/a             ; n/a         ;
; GPIO_1[11]    ; 2.5 V        ; 0 in              ; 0 H/in                  ; 0 F/in                  ; short         ; -                   ; open           ; open             ; open   ; 0 in             ; 0 H/in                 ; 0 F/in                 ; short        ; open          ; open            ; open  ; 0 V                 ; -                  ; n/a           ; n/a             ; n/a         ;
; GPIO_1[12]    ; 2.5 V        ; 0 in              ; 0 H/in                  ; 0 F/in                  ; short         ; -                   ; open           ; open             ; open   ; 0 in             ; 0 H/in                 ; 0 F/in                 ; short        ; open          ; open            ; open  ; 0 V                 ; -                  ; n/a           ; n/a             ; n/a         ;
; GPIO_1[13]    ; 2.5 V        ; 0 in              ; 0 H/in                  ; 0 F/in                  ; short         ; -                   ; open           ; open             ; open   ; 0 in             ; 0 H/in                 ; 0 F/in                 ; short        ; open          ; open            ; open  ; 0 V                 ; -                  ; n/a           ; n/a             ; n/a         ;
; GPIO_1[14]    ; 2.5 V        ; 0 in              ; 0 H/in                  ; 0 F/in                  ; short         ; -                   ; open           ; open             ; open   ; 0 in             ; 0 H/in                 ; 0 F/in                 ; short        ; open          ; open            ; open  ; 0 V                 ; -                  ; n/a           ; n/a             ; n/a         ;
; GPIO_1[15]    ; 2.5 V        ; 0 in              ; 0 H/in                  ; 0 F/in                  ; short         ; -                   ; open           ; open             ; open   ; 0 in             ; 0 H/in                 ; 0 F/in                 ; short        ; open          ; open            ; open  ; 0 V                 ; -                  ; n/a           ; n/a             ; n/a         ;
; GPIO_1[16]    ; 2.5 V        ; 0 in              ; 0 H/in                  ; 0 F/in                  ; short         ; -                   ; open           ; open             ; open   ; 0 in             ; 0 H/in                 ; 0 F/in                 ; short        ; open          ; open            ; open  ; 0 V                 ; -                  ; n/a           ; n/a             ; n/a         ;
; GPIO_1[17]    ; 2.5 V        ; 0 in              ; 0 H/in                  ; 0 F/in                  ; short         ; -                   ; open           ; open             ; open   ; 0 in             ; 0 H/in                 ; 0 F/in                 ; short        ; open          ; open            ; open  ; 0 V                 ; -                  ; n/a           ; n/a             ; n/a         ;
; GPIO_1[18]    ; 2.5 V        ; 0 in              ; 0 H/in                  ; 0 F/in                  ; short         ; -                   ; open           ; open             ; open   ; 0 in             ; 0 H/in                 ; 0 F/in                 ; short        ; open          ; open            ; open  ; 0 V                 ; -                  ; n/a           ; n/a             ; n/a         ;
; GPIO_1[19]    ; 2.5 V        ; 0 in              ; 0 H/in                  ; 0 F/in                  ; short         ; -                   ; open           ; open             ; open   ; 0 in             ; 0 H/in                 ; 0 F/in                 ; short        ; open          ; open            ; open  ; 0 V                 ; -                  ; n/a           ; n/a             ; n/a         ;
; GPIO_1[20]    ; 2.5 V        ; 0 in              ; 0 H/in                  ; 0 F/in                  ; short         ; -                   ; open           ; open             ; open   ; 0 in             ; 0 H/in                 ; 0 F/in                 ; short        ; open          ; open            ; open  ; 0 V                 ; -                  ; n/a           ; n/a             ; n/a         ;
; GPIO_1[21]    ; 2.5 V        ; 0 in              ; 0 H/in                  ; 0 F/in                  ; short         ; -                   ; open           ; open             ; open   ; 0 in             ; 0 H/in                 ; 0 F/in                 ; short        ; open          ; open            ; open  ; 0 V                 ; -                  ; n/a           ; n/a             ; n/a         ;
; GPIO_1[22]    ; 2.5 V        ; 0 in              ; 0 H/in                  ; 0 F/in                  ; short         ; -                   ; open           ; open             ; open   ; 0 in             ; 0 H/in                 ; 0 F/in                 ; short        ; open          ; open            ; open  ; 0 V                 ; -                  ; n/a           ; n/a             ; n/a         ;
; GPIO_1[23]    ; 2.5 V        ; 0 in              ; 0 H/in                  ; 0 F/in                  ; short         ; -                   ; open           ; open             ; open   ; 0 in             ; 0 H/in                 ; 0 F/in                 ; short        ; open          ; open            ; open  ; 0 V                 ; -                  ; n/a           ; n/a             ; n/a         ;
; GPIO_1[24]    ; 2.5 V        ; 0 in              ; 0 H/in                  ; 0 F/in                  ; short         ; -                   ; open           ; open             ; open   ; 0 in             ; 0 H/in                 ; 0 F/in                 ; short        ; open          ; open            ; open  ; 0 V                 ; -                  ; n/a           ; n/a             ; n/a         ;
; GPIO_1[25]    ; 2.5 V        ; 0 in              ; 0 H/in                  ; 0 F/in                  ; short         ; -                   ; open           ; open             ; open   ; 0 in             ; 0 H/in                 ; 0 F/in                 ; short        ; open          ; open            ; open  ; 0 V                 ; -                  ; n/a           ; n/a             ; n/a         ;
; GPIO_1[26]    ; 2.5 V        ; 0 in              ; 0 H/in                  ; 0 F/in                  ; short         ; -                   ; open           ; open             ; open   ; 0 in             ; 0 H/in                 ; 0 F/in                 ; short        ; open          ; open            ; open  ; 0 V                 ; -                  ; n/a           ; n/a             ; n/a         ;
; GPIO_1[27]    ; 2.5 V        ; 0 in              ; 0 H/in                  ; 0 F/in                  ; short         ; -                   ; open           ; open             ; open   ; 0 in             ; 0 H/in                 ; 0 F/in                 ; short        ; open          ; open            ; open  ; 0 V                 ; -                  ; n/a           ; n/a             ; n/a         ;
; GPIO_1[28]    ; 2.5 V        ; 0 in              ; 0 H/in                  ; 0 F/in                  ; short         ; -                   ; open           ; open             ; open   ; 0 in             ; 0 H/in                 ; 0 F/in                 ; short        ; open          ; open            ; open  ; 0 V                 ; -                  ; n/a           ; n/a             ; n/a         ;
; GPIO_1[29]    ; 2.5 V        ; 0 in              ; 0 H/in                  ; 0 F/in                  ; short         ; -                   ; open           ; open             ; open   ; 0 in             ; 0 H/in                 ; 0 F/in                 ; short        ; open          ; open            ; open  ; 0 V                 ; -                  ; n/a           ; n/a             ; n/a         ;
; GPIO_1[30]    ; 2.5 V        ; 0 in              ; 0 H/in                  ; 0 F/in                  ; short         ; -                   ; open           ; open             ; open   ; 0 in             ; 0 H/in                 ; 0 F/in                 ; short        ; open          ; open            ; open  ; 0 V                 ; -                  ; n/a           ; n/a             ; n/a         ;
; GPIO_1[31]    ; 2.5 V        ; 0 in              ; 0 H/in                  ; 0 F/in                  ; short         ; -                   ; open           ; open             ; open   ; 0 in             ; 0 H/in                 ; 0 F/in                 ; short        ; open          ; open            ; open  ; 0 V                 ; -                  ; n/a           ; n/a             ; n/a         ;
; GPIO_1[32]    ; 2.5 V        ; 0 in              ; 0 H/in                  ; 0 F/in                  ; short         ; -                   ; open           ; open             ; open   ; 0 in             ; 0 H/in                 ; 0 F/in                 ; short        ; open          ; open            ; open  ; 0 V                 ; -                  ; n/a           ; n/a             ; n/a         ;
; GPIO_1[33]    ; 2.5 V        ; 0 in              ; 0 H/in                  ; 0 F/in                  ; short         ; -                   ; open           ; open             ; open   ; 0 in             ; 0 H/in                 ; 0 F/in                 ; short        ; open          ; open            ; open  ; 0 V                 ; -                  ; n/a           ; n/a             ; n/a         ;
; GPIO_1[34]    ; 2.5 V        ; 0 in              ; 0 H/in                  ; 0 F/in                  ; short         ; -                   ; open           ; open             ; open   ; 0 in             ; 0 H/in                 ; 0 F/in                 ; short        ; open          ; open            ; open  ; 0 V                 ; -                  ; n/a           ; n/a             ; n/a         ;
; GPIO_1[35]    ; 2.5 V        ; 0 in              ; 0 H/in                  ; 0 F/in                  ; short         ; -                   ; open           ; open             ; open   ; 0 in             ; 0 H/in                 ; 0 F/in                 ; short        ; open          ; open            ; open  ; 0 V                 ; -                  ; n/a           ; n/a             ; n/a         ;
; LCD_DATA[0]   ; 2.5 V        ; 0 in              ; 0 H/in                  ; 0 F/in                  ; short         ; -                   ; open           ; open             ; open   ; 0 in             ; 0 H/in                 ; 0 F/in                 ; short        ; open          ; open            ; open  ; 0 V                 ; -                  ; n/a           ; n/a             ; n/a         ;
; LCD_DATA[1]   ; 2.5 V        ; 0 in              ; 0 H/in                  ; 0 F/in                  ; short         ; -                   ; open           ; open             ; open   ; 0 in             ; 0 H/in                 ; 0 F/in                 ; short        ; open          ; open            ; open  ; 0 V                 ; -                  ; n/a           ; n/a             ; n/a         ;
; LCD_DATA[2]   ; 2.5 V        ; 0 in              ; 0 H/in                  ; 0 F/in                  ; short         ; -                   ; open           ; open             ; open   ; 0 in             ; 0 H/in                 ; 0 F/in                 ; short        ; open          ; open            ; open  ; 0 V                 ; -                  ; n/a           ; n/a             ; n/a         ;
; LCD_DATA[3]   ; 2.5 V        ; 0 in              ; 0 H/in                  ; 0 F/in                  ; short         ; -                   ; open           ; open             ; open   ; 0 in             ; 0 H/in                 ; 0 F/in                 ; short        ; open          ; open            ; open  ; 0 V                 ; -                  ; n/a           ; n/a             ; n/a         ;
; LCD_DATA[4]   ; 2.5 V        ; 0 in              ; 0 H/in                  ; 0 F/in                  ; short         ; -                   ; open           ; open             ; open   ; 0 in             ; 0 H/in                 ; 0 F/in                 ; short        ; open          ; open            ; open  ; 0 V                 ; -                  ; n/a           ; n/a             ; n/a         ;
; LCD_DATA[5]   ; 2.5 V        ; 0 in              ; 0 H/in                  ; 0 F/in                  ; short         ; -                   ; open           ; open             ; open   ; 0 in             ; 0 H/in                 ; 0 F/in                 ; short        ; open          ; open            ; open  ; 0 V                 ; -                  ; n/a           ; n/a             ; n/a         ;
; LCD_DATA[6]   ; 2.5 V        ; 0 in              ; 0 H/in                  ; 0 F/in                  ; short         ; -                   ; open           ; open             ; open   ; 0 in             ; 0 H/in                 ; 0 F/in                 ; short        ; open          ; open            ; open  ; 0 V                 ; -                  ; n/a           ; n/a             ; n/a         ;
; LCD_DATA[7]   ; 2.5 V        ; 0 in              ; 0 H/in                  ; 0 F/in                  ; short         ; -                   ; open           ; open             ; open   ; 0 in             ; 0 H/in                 ; 0 F/in                 ; short        ; open          ; open            ; open  ; 0 V                 ; -                  ; n/a           ; n/a             ; n/a         ;
; ~ALTERA_DCLK~ ; 2.5 V        ; 0 in              ; 0 H/in                  ; 0 F/in                  ; short         ; -                   ; open           ; open             ; open   ; 0 in             ; 0 H/in                 ; 0 F/in                 ; short        ; open          ; open            ; open  ; 0 V                 ; -                  ; n/a           ; n/a             ; n/a         ;
; ~ALTERA_nCEO~ ; 2.5 V        ; 0 in              ; 0 H/in                  ; 0 F/in                  ; short         ; -                   ; open           ; open             ; open   ; 0 in             ; 0 H/in                 ; 0 F/in                 ; short        ; open          ; open            ; open  ; 0 V                 ; -                  ; n/a           ; n/a             ; n/a         ;
+---------------+--------------+-------------------+-------------------------+-------------------------+---------------+---------------------+----------------+------------------+--------+------------------+------------------------+------------------------+--------------+---------------+-----------------+-------+---------------------+--------------------+---------------+-----------------+-------------+


+----------------------------------------------------------------------------+
; Input Transition Times                                                     ;
+-------------------------+--------------+-----------------+-----------------+
; Pin                     ; I/O Standard ; 10-90 Rise Time ; 90-10 Fall Time ;
+-------------------------+--------------+-----------------+-----------------+
; KEY[0]                  ; 2.5 V        ; 2000 ps         ; 2000 ps         ;
; KEY[1]                  ; 2.5 V        ; 2000 ps         ; 2000 ps         ;
; KEY[2]                  ; 2.5 V        ; 2000 ps         ; 2000 ps         ;
; KEY[3]                  ; 2.5 V        ; 2000 ps         ; 2000 ps         ;
; GPIO_0[0]               ; 2.5 V        ; 2000 ps         ; 2000 ps         ;
; GPIO_0[1]               ; 2.5 V        ; 2000 ps         ; 2000 ps         ;
; GPIO_0[2]               ; 2.5 V        ; 2000 ps         ; 2000 ps         ;
; GPIO_0[3]               ; 2.5 V        ; 2000 ps         ; 2000 ps         ;
; GPIO_0[4]               ; 2.5 V        ; 2000 ps         ; 2000 ps         ;
; GPIO_0[5]               ; 2.5 V        ; 2000 ps         ; 2000 ps         ;
; GPIO_0[6]               ; 2.5 V        ; 2000 ps         ; 2000 ps         ;
; GPIO_0[7]               ; 2.5 V        ; 2000 ps         ; 2000 ps         ;
; GPIO_0[8]               ; 2.5 V        ; 2000 ps         ; 2000 ps         ;
; GPIO_0[9]               ; 2.5 V        ; 2000 ps         ; 2000 ps         ;
; GPIO_0[10]              ; 2.5 V        ; 2000 ps         ; 2000 ps         ;
; GPIO_0[11]              ; 2.5 V        ; 2000 ps         ; 2000 ps         ;
; GPIO_0[12]              ; 2.5 V        ; 2000 ps         ; 2000 ps         ;
; GPIO_0[13]              ; 2.5 V        ; 2000 ps         ; 2000 ps         ;
; GPIO_0[14]              ; 2.5 V        ; 2000 ps         ; 2000 ps         ;
; GPIO_0[15]              ; 2.5 V        ; 2000 ps         ; 2000 ps         ;
; GPIO_0[16]              ; 2.5 V        ; 2000 ps         ; 2000 ps         ;
; GPIO_0[17]              ; 2.5 V        ; 2000 ps         ; 2000 ps         ;
; GPIO_0[18]              ; 2.5 V        ; 2000 ps         ; 2000 ps         ;
; GPIO_0[19]              ; 2.5 V        ; 2000 ps         ; 2000 ps         ;
; GPIO_0[20]              ; 2.5 V        ; 2000 ps         ; 2000 ps         ;
; GPIO_0[21]              ; 2.5 V        ; 2000 ps         ; 2000 ps         ;
; GPIO_0[22]              ; 2.5 V        ; 2000 ps         ; 2000 ps         ;
; GPIO_0[23]              ; 2.5 V        ; 2000 ps         ; 2000 ps         ;
; GPIO_0[24]              ; 2.5 V        ; 2000 ps         ; 2000 ps         ;
; GPIO_0[25]              ; 2.5 V        ; 2000 ps         ; 2000 ps         ;
; GPIO_0[26]              ; 2.5 V        ; 2000 ps         ; 2000 ps         ;
; GPIO_0[27]              ; 2.5 V        ; 2000 ps         ; 2000 ps         ;
; GPIO_0[28]              ; 2.5 V        ; 2000 ps         ; 2000 ps         ;
; GPIO_0[29]              ; 2.5 V        ; 2000 ps         ; 2000 ps         ;
; GPIO_0[30]              ; 2.5 V        ; 2000 ps         ; 2000 ps         ;
; GPIO_0[31]              ; 2.5 V        ; 2000 ps         ; 2000 ps         ;
; GPIO_0[32]              ; 2.5 V        ; 2000 ps         ; 2000 ps         ;
; GPIO_0[33]              ; 2.5 V        ; 2000 ps         ; 2000 ps         ;
; GPIO_0[34]              ; 2.5 V        ; 2000 ps         ; 2000 ps         ;
; GPIO_0[35]              ; 2.5 V        ; 2000 ps         ; 2000 ps         ;
; GPIO_1[0]               ; 2.5 V        ; 2000 ps         ; 2000 ps         ;
; GPIO_1[1]               ; 2.5 V        ; 2000 ps         ; 2000 ps         ;
; GPIO_1[2]               ; 2.5 V        ; 2000 ps         ; 2000 ps         ;
; GPIO_1[3]               ; 2.5 V        ; 2000 ps         ; 2000 ps         ;
; GPIO_1[4]               ; 2.5 V        ; 2000 ps         ; 2000 ps         ;
; GPIO_1[5]               ; 2.5 V        ; 2000 ps         ; 2000 ps         ;
; GPIO_1[6]               ; 2.5 V        ; 2000 ps         ; 2000 ps         ;
; GPIO_1[7]               ; 2.5 V        ; 2000 ps         ; 2000 ps         ;
; GPIO_1[8]               ; 2.5 V        ; 2000 ps         ; 2000 ps         ;
; GPIO_1[9]               ; 2.5 V        ; 2000 ps         ; 2000 ps         ;
; GPIO_1[10]              ; 2.5 V        ; 2000 ps         ; 2000 ps         ;
; GPIO_1[11]              ; 2.5 V        ; 2000 ps         ; 2000 ps         ;
; GPIO_1[12]              ; 2.5 V        ; 2000 ps         ; 2000 ps         ;
; GPIO_1[13]              ; 2.5 V        ; 2000 ps         ; 2000 ps         ;
; GPIO_1[14]              ; 2.5 V        ; 2000 ps         ; 2000 ps         ;
; GPIO_1[15]              ; 2.5 V        ; 2000 ps         ; 2000 ps         ;
; GPIO_1[16]              ; 2.5 V        ; 2000 ps         ; 2000 ps         ;
; GPIO_1[17]              ; 2.5 V        ; 2000 ps         ; 2000 ps         ;
; GPIO_1[18]              ; 2.5 V        ; 2000 ps         ; 2000 ps         ;
; GPIO_1[19]              ; 2.5 V        ; 2000 ps         ; 2000 ps         ;
; GPIO_1[20]              ; 2.5 V        ; 2000 ps         ; 2000 ps         ;
; GPIO_1[21]              ; 2.5 V        ; 2000 ps         ; 2000 ps         ;
; GPIO_1[22]              ; 2.5 V        ; 2000 ps         ; 2000 ps         ;
; GPIO_1[23]              ; 2.5 V        ; 2000 ps         ; 2000 ps         ;
; GPIO_1[24]              ; 2.5 V        ; 2000 ps         ; 2000 ps         ;
; GPIO_1[25]              ; 2.5 V        ; 2000 ps         ; 2000 ps         ;
; GPIO_1[26]              ; 2.5 V        ; 2000 ps         ; 2000 ps         ;
; GPIO_1[27]              ; 2.5 V        ; 2000 ps         ; 2000 ps         ;
; GPIO_1[28]              ; 2.5 V        ; 2000 ps         ; 2000 ps         ;
; GPIO_1[29]              ; 2.5 V        ; 2000 ps         ; 2000 ps         ;
; GPIO_1[30]              ; 2.5 V        ; 2000 ps         ; 2000 ps         ;
; GPIO_1[31]              ; 2.5 V        ; 2000 ps         ; 2000 ps         ;
; GPIO_1[32]              ; 2.5 V        ; 2000 ps         ; 2000 ps         ;
; GPIO_1[33]              ; 2.5 V        ; 2000 ps         ; 2000 ps         ;
; GPIO_1[34]              ; 2.5 V        ; 2000 ps         ; 2000 ps         ;
; GPIO_1[35]              ; 2.5 V        ; 2000 ps         ; 2000 ps         ;
; LCD_DATA[0]             ; 2.5 V        ; 2000 ps         ; 2000 ps         ;
; LCD_DATA[1]             ; 2.5 V        ; 2000 ps         ; 2000 ps         ;
; LCD_DATA[2]             ; 2.5 V        ; 2000 ps         ; 2000 ps         ;
; LCD_DATA[3]             ; 2.5 V        ; 2000 ps         ; 2000 ps         ;
; LCD_DATA[4]             ; 2.5 V        ; 2000 ps         ; 2000 ps         ;
; LCD_DATA[5]             ; 2.5 V        ; 2000 ps         ; 2000 ps         ;
; LCD_DATA[6]             ; 2.5 V        ; 2000 ps         ; 2000 ps         ;
; LCD_DATA[7]             ; 2.5 V        ; 2000 ps         ; 2000 ps         ;
; SW[0]                   ; 2.5 V        ; 2000 ps         ; 2000 ps         ;
; SW[1]                   ; 2.5 V        ; 2000 ps         ; 2000 ps         ;
; SW[2]                   ; 2.5 V        ; 2000 ps         ; 2000 ps         ;
; SW[3]                   ; 2.5 V        ; 2000 ps         ; 2000 ps         ;
; SW[4]                   ; 2.5 V        ; 2000 ps         ; 2000 ps         ;
; SW[5]                   ; 2.5 V        ; 2000 ps         ; 2000 ps         ;
; SW[6]                   ; 2.5 V        ; 2000 ps         ; 2000 ps         ;
; SW[7]                   ; 2.5 V        ; 2000 ps         ; 2000 ps         ;
; SW[8]                   ; 2.5 V        ; 2000 ps         ; 2000 ps         ;
; SW[9]                   ; 2.5 V        ; 2000 ps         ; 2000 ps         ;
; SW[10]                  ; 2.5 V        ; 2000 ps         ; 2000 ps         ;
; SW[11]                  ; 2.5 V        ; 2000 ps         ; 2000 ps         ;
; SW[12]                  ; 2.5 V        ; 2000 ps         ; 2000 ps         ;
; SW[13]                  ; 2.5 V        ; 2000 ps         ; 2000 ps         ;
; SW[14]                  ; 2.5 V        ; 2000 ps         ; 2000 ps         ;
; SW[15]                  ; 2.5 V        ; 2000 ps         ; 2000 ps         ;
; SW[16]                  ; 2.5 V        ; 2000 ps         ; 2000 ps         ;
; SW[17]                  ; 2.5 V        ; 2000 ps         ; 2000 ps         ;
; CLOCK_50                ; 2.5 V        ; 2000 ps         ; 2000 ps         ;
; ~ALTERA_ASDO_DATA1~     ; 2.5 V        ; 2000 ps         ; 2000 ps         ;
; ~ALTERA_FLASH_nCE_nCSO~ ; 2.5 V        ; 2000 ps         ; 2000 ps         ;
; ~ALTERA_DATA0~          ; 2.5 V        ; 2000 ps         ; 2000 ps         ;
+-------------------------+--------------+-----------------+-----------------+


+--------------------------------------------------------------------------------------------------------------------------------------------------------------------------------------------------------------------------------------------------------------------------------------------------------------------------------------------------------------------------------------------------------------------------------------------------------------------------------------------------------------------------------------------------------------------------------------------------------------------------------------------------------------------------------------------+
; Signal Integrity Metrics (Slow 1200mv 0c Model)                                                                                                                                                                                                                                                                                                                                                                                                                                                                                                                                                                                                                                            ;
+---------------+--------------+---------------------+---------------------+------------------------------+------------------------------+---------------------+---------------------+--------------------------------------+--------------------------------------+-----------------------------+-----------------------------+----------------------------+----------------------------+-----------------------------+-----------------------------+--------------------+--------------------+-------------------------------------+-------------------------------------+----------------------------+----------------------------+---------------------------+---------------------------+
; Pin           ; I/O Standard ; Board Delay on Rise ; Board Delay on Fall ; Steady State Voh at FPGA Pin ; Steady State Vol at FPGA Pin ; Voh Max at FPGA Pin ; Vol Min at FPGA Pin ; Ringback Voltage on Rise at FPGA Pin ; Ringback Voltage on Fall at FPGA Pin ; 10-90 Rise Time at FPGA Pin ; 90-10 Fall Time at FPGA Pin ; Monotonic Rise at FPGA Pin ; Monotonic Fall at FPGA Pin ; Steady State Voh at Far-end ; Steady State Vol at Far-end ; Voh Max at Far-end ; Vol Min at Far-end ; Ringback Voltage on Rise at Far-end ; Ringback Voltage on Fall at Far-end ; 10-90 Rise Time at Far-end ; 90-10 Fall Time at Far-end ; Monotonic Rise at Far-end ; Monotonic Fall at Far-end ;
+---------------+--------------+---------------------+---------------------+------------------------------+------------------------------+---------------------+---------------------+--------------------------------------+--------------------------------------+-----------------------------+-----------------------------+----------------------------+----------------------------+-----------------------------+-----------------------------+--------------------+--------------------+-------------------------------------+-------------------------------------+----------------------------+----------------------------+---------------------------+---------------------------+
; HEX0[0]       ; 2.5 V        ; 0 s                 ; 0 s                 ; 2.32 V                       ; 4.49e-09 V                   ; 2.38 V              ; -0.00552 V          ; 0.096 V                              ; 0.019 V                              ; 4.18e-10 s                  ; 3.59e-10 s                  ; No                         ; Yes                        ; 2.32 V                      ; 4.49e-09 V                  ; 2.38 V             ; -0.00552 V         ; 0.096 V                             ; 0.019 V                             ; 4.18e-10 s                 ; 3.59e-10 s                 ; No                        ; Yes                       ;
; HEX0[1]       ; 2.5 V        ; 0 s                 ; 0 s                 ; 2.32 V                       ; 4.49e-09 V                   ; 2.33 V              ; -0.00467 V          ; 0.226 V                              ; 0.087 V                              ; 2.91e-09 s                  ; 2.74e-09 s                  ; Yes                        ; Yes                        ; 2.32 V                      ; 4.49e-09 V                  ; 2.33 V             ; -0.00467 V         ; 0.226 V                             ; 0.087 V                             ; 2.91e-09 s                 ; 2.74e-09 s                 ; Yes                       ; Yes                       ;
; HEX0[2]       ; 2.5 V        ; 0 s                 ; 0 s                 ; 2.32 V                       ; 4.49e-09 V                   ; 2.38 V              ; -0.00552 V          ; 0.096 V                              ; 0.019 V                              ; 4.18e-10 s                  ; 3.59e-10 s                  ; No                         ; Yes                        ; 2.32 V                      ; 4.49e-09 V                  ; 2.38 V             ; -0.00552 V         ; 0.096 V                             ; 0.019 V                             ; 4.18e-10 s                 ; 3.59e-10 s                 ; No                        ; Yes                       ;
; HEX0[3]       ; 2.5 V        ; 0 s                 ; 0 s                 ; 2.32 V                       ; 3.07e-09 V                   ; 2.38 V              ; -0.0144 V           ; 0.227 V                              ; 0.024 V                              ; 3.14e-10 s                  ; 3.39e-10 s                  ; Yes                        ; Yes                        ; 2.32 V                      ; 3.07e-09 V                  ; 2.38 V             ; -0.0144 V          ; 0.227 V                             ; 0.024 V                             ; 3.14e-10 s                 ; 3.39e-10 s                 ; Yes                       ; Yes                       ;
; HEX0[4]       ; 2.5 V        ; 0 s                 ; 0 s                 ; 2.32 V                       ; 3.07e-09 V                   ; 2.38 V              ; -0.0144 V           ; 0.227 V                              ; 0.024 V                              ; 3.14e-10 s                  ; 3.39e-10 s                  ; Yes                        ; Yes                        ; 2.32 V                      ; 3.07e-09 V                  ; 2.38 V             ; -0.0144 V          ; 0.227 V                             ; 0.024 V                             ; 3.14e-10 s                 ; 3.39e-10 s                 ; Yes                       ; Yes                       ;
; HEX0[5]       ; 2.5 V        ; 0 s                 ; 0 s                 ; 2.32 V                       ; 3.07e-09 V                   ; 2.33 V              ; -0.00496 V          ; 0.223 V                              ; 0.086 V                              ; 2.9e-09 s                   ; 2.73e-09 s                  ; Yes                        ; Yes                        ; 2.32 V                      ; 3.07e-09 V                  ; 2.33 V             ; -0.00496 V         ; 0.223 V                             ; 0.086 V                             ; 2.9e-09 s                  ; 2.73e-09 s                 ; Yes                       ; Yes                       ;
; HEX0[6]       ; 2.5 V        ; 0 s                 ; 0 s                 ; 2.32 V                       ; 3.07e-09 V                   ; 2.38 V              ; -0.0144 V           ; 0.227 V                              ; 0.024 V                              ; 3.14e-10 s                  ; 3.39e-10 s                  ; Yes                        ; Yes                        ; 2.32 V                      ; 3.07e-09 V                  ; 2.38 V             ; -0.0144 V          ; 0.227 V                             ; 0.024 V                             ; 3.14e-10 s                 ; 3.39e-10 s                 ; Yes                       ; Yes                       ;
; HEX1[0]       ; 2.5 V        ; 0 s                 ; 0 s                 ; 2.32 V                       ; 3.07e-09 V                   ; 2.38 V              ; -0.0144 V           ; 0.227 V                              ; 0.024 V                              ; 3.14e-10 s                  ; 3.39e-10 s                  ; Yes                        ; Yes                        ; 2.32 V                      ; 3.07e-09 V                  ; 2.38 V             ; -0.0144 V          ; 0.227 V                             ; 0.024 V                             ; 3.14e-10 s                 ; 3.39e-10 s                 ; Yes                       ; Yes                       ;
; HEX1[1]       ; 2.5 V        ; 0 s                 ; 0 s                 ; 2.32 V                       ; 3.07e-09 V                   ; 2.37 V              ; -0.00994 V          ; 0.186 V                              ; 0.028 V                              ; 4.98e-10 s                  ; 4.96e-10 s                  ; Yes                        ; Yes                        ; 2.32 V                      ; 3.07e-09 V                  ; 2.37 V             ; -0.00994 V         ; 0.186 V                             ; 0.028 V                             ; 4.98e-10 s                 ; 4.96e-10 s                 ; Yes                       ; Yes                       ;
; HEX1[2]       ; 2.5 V        ; 0 s                 ; 0 s                 ; 2.32 V                       ; 3.07e-09 V                   ; 2.37 V              ; -0.00994 V          ; 0.186 V                              ; 0.028 V                              ; 4.98e-10 s                  ; 4.96e-10 s                  ; Yes                        ; Yes                        ; 2.32 V                      ; 3.07e-09 V                  ; 2.37 V             ; -0.00994 V         ; 0.186 V                             ; 0.028 V                             ; 4.98e-10 s                 ; 4.96e-10 s                 ; Yes                       ; Yes                       ;
; HEX1[3]       ; 2.5 V        ; 0 s                 ; 0 s                 ; 2.32 V                       ; 3.07e-09 V                   ; 2.37 V              ; -0.00994 V          ; 0.186 V                              ; 0.028 V                              ; 4.98e-10 s                  ; 4.96e-10 s                  ; Yes                        ; Yes                        ; 2.32 V                      ; 3.07e-09 V                  ; 2.37 V             ; -0.00994 V         ; 0.186 V                             ; 0.028 V                             ; 4.98e-10 s                 ; 4.96e-10 s                 ; Yes                       ; Yes                       ;
; HEX1[4]       ; 2.5 V        ; 0 s                 ; 0 s                 ; 2.32 V                       ; 3.07e-09 V                   ; 2.37 V              ; -0.00994 V          ; 0.186 V                              ; 0.028 V                              ; 4.98e-10 s                  ; 4.96e-10 s                  ; Yes                        ; Yes                        ; 2.32 V                      ; 3.07e-09 V                  ; 2.37 V             ; -0.00994 V         ; 0.186 V                             ; 0.028 V                             ; 4.98e-10 s                 ; 4.96e-10 s                 ; Yes                       ; Yes                       ;
; HEX1[5]       ; 2.5 V        ; 0 s                 ; 0 s                 ; 2.32 V                       ; 3.07e-09 V                   ; 2.33 V              ; -0.00496 V          ; 0.223 V                              ; 0.086 V                              ; 2.9e-09 s                   ; 2.73e-09 s                  ; Yes                        ; Yes                        ; 2.32 V                      ; 3.07e-09 V                  ; 2.33 V             ; -0.00496 V         ; 0.223 V                             ; 0.086 V                             ; 2.9e-09 s                  ; 2.73e-09 s                 ; Yes                       ; Yes                       ;
; HEX1[6]       ; 2.5 V        ; 0 s                 ; 0 s                 ; 2.32 V                       ; 3.07e-09 V                   ; 2.33 V              ; -0.00496 V          ; 0.223 V                              ; 0.086 V                              ; 2.9e-09 s                   ; 2.73e-09 s                  ; Yes                        ; Yes                        ; 2.32 V                      ; 3.07e-09 V                  ; 2.33 V             ; -0.00496 V         ; 0.223 V                             ; 0.086 V                             ; 2.9e-09 s                  ; 2.73e-09 s                 ; Yes                       ; Yes                       ;
; HEX2[0]       ; 2.5 V        ; 0 s                 ; 0 s                 ; 2.32 V                       ; 3.07e-09 V                   ; 2.37 V              ; -0.00994 V          ; 0.186 V                              ; 0.028 V                              ; 4.98e-10 s                  ; 4.96e-10 s                  ; Yes                        ; Yes                        ; 2.32 V                      ; 3.07e-09 V                  ; 2.37 V             ; -0.00994 V         ; 0.186 V                             ; 0.028 V                             ; 4.98e-10 s                 ; 4.96e-10 s                 ; Yes                       ; Yes                       ;
; HEX2[1]       ; 2.5 V        ; 0 s                 ; 0 s                 ; 2.32 V                       ; 3.07e-09 V                   ; 2.37 V              ; -0.00994 V          ; 0.186 V                              ; 0.028 V                              ; 4.98e-10 s                  ; 4.96e-10 s                  ; Yes                        ; Yes                        ; 2.32 V                      ; 3.07e-09 V                  ; 2.37 V             ; -0.00994 V         ; 0.186 V                             ; 0.028 V                             ; 4.98e-10 s                 ; 4.96e-10 s                 ; Yes                       ; Yes                       ;
; HEX2[2]       ; 2.5 V        ; 0 s                 ; 0 s                 ; 2.32 V                       ; 3.07e-09 V                   ; 2.37 V              ; -0.00994 V          ; 0.186 V                              ; 0.028 V                              ; 4.98e-10 s                  ; 4.96e-10 s                  ; Yes                        ; Yes                        ; 2.32 V                      ; 3.07e-09 V                  ; 2.37 V             ; -0.00994 V         ; 0.186 V                             ; 0.028 V                             ; 4.98e-10 s                 ; 4.96e-10 s                 ; Yes                       ; Yes                       ;
; HEX2[3]       ; 2.5 V        ; 0 s                 ; 0 s                 ; 2.32 V                       ; 3.07e-09 V                   ; 2.37 V              ; -0.00994 V          ; 0.186 V                              ; 0.028 V                              ; 4.98e-10 s                  ; 4.96e-10 s                  ; Yes                        ; Yes                        ; 2.32 V                      ; 3.07e-09 V                  ; 2.37 V             ; -0.00994 V         ; 0.186 V                             ; 0.028 V                             ; 4.98e-10 s                 ; 4.96e-10 s                 ; Yes                       ; Yes                       ;
; HEX2[4]       ; 2.5 V        ; 0 s                 ; 0 s                 ; 2.32 V                       ; 3.07e-09 V                   ; 2.37 V              ; -0.00994 V          ; 0.186 V                              ; 0.028 V                              ; 4.98e-10 s                  ; 4.96e-10 s                  ; Yes                        ; Yes                        ; 2.32 V                      ; 3.07e-09 V                  ; 2.37 V             ; -0.00994 V         ; 0.186 V                             ; 0.028 V                             ; 4.98e-10 s                 ; 4.96e-10 s                 ; Yes                       ; Yes                       ;
; HEX2[5]       ; 2.5 V        ; 0 s                 ; 0 s                 ; 2.32 V                       ; 3.07e-09 V                   ; 2.37 V              ; -0.00994 V          ; 0.186 V                              ; 0.028 V                              ; 4.98e-10 s                  ; 4.96e-10 s                  ; Yes                        ; Yes                        ; 2.32 V                      ; 3.07e-09 V                  ; 2.37 V             ; -0.00994 V         ; 0.186 V                             ; 0.028 V                             ; 4.98e-10 s                 ; 4.96e-10 s                 ; Yes                       ; Yes                       ;
; HEX2[6]       ; 2.5 V        ; 0 s                 ; 0 s                 ; 2.32 V                       ; 3.07e-09 V                   ; 2.37 V              ; -0.00994 V          ; 0.186 V                              ; 0.028 V                              ; 4.98e-10 s                  ; 4.96e-10 s                  ; Yes                        ; Yes                        ; 2.32 V                      ; 3.07e-09 V                  ; 2.37 V             ; -0.00994 V         ; 0.186 V                             ; 0.028 V                             ; 4.98e-10 s                 ; 4.96e-10 s                 ; Yes                       ; Yes                       ;
; HEX3[0]       ; 2.5 V        ; 0 s                 ; 0 s                 ; 2.32 V                       ; 3.07e-09 V                   ; 2.37 V              ; -0.00994 V          ; 0.186 V                              ; 0.028 V                              ; 4.98e-10 s                  ; 4.96e-10 s                  ; Yes                        ; Yes                        ; 2.32 V                      ; 3.07e-09 V                  ; 2.37 V             ; -0.00994 V         ; 0.186 V                             ; 0.028 V                             ; 4.98e-10 s                 ; 4.96e-10 s                 ; Yes                       ; Yes                       ;
; HEX3[1]       ; 2.5 V        ; 0 s                 ; 0 s                 ; 2.32 V                       ; 3.07e-09 V                   ; 2.38 V              ; -0.0144 V           ; 0.227 V                              ; 0.024 V                              ; 3.14e-10 s                  ; 3.39e-10 s                  ; Yes                        ; Yes                        ; 2.32 V                      ; 3.07e-09 V                  ; 2.38 V             ; -0.0144 V          ; 0.227 V                             ; 0.024 V                             ; 3.14e-10 s                 ; 3.39e-10 s                 ; Yes                       ; Yes                       ;
; HEX3[2]       ; 2.5 V        ; 0 s                 ; 0 s                 ; 2.32 V                       ; 4.49e-09 V                   ; 2.33 V              ; -0.00467 V          ; 0.226 V                              ; 0.087 V                              ; 2.91e-09 s                  ; 2.74e-09 s                  ; Yes                        ; Yes                        ; 2.32 V                      ; 4.49e-09 V                  ; 2.33 V             ; -0.00467 V         ; 0.226 V                             ; 0.087 V                             ; 2.91e-09 s                 ; 2.74e-09 s                 ; Yes                       ; Yes                       ;
; HEX3[3]       ; 2.5 V        ; 0 s                 ; 0 s                 ; 2.32 V                       ; 4.49e-09 V                   ; 2.38 V              ; -0.00552 V          ; 0.096 V                              ; 0.019 V                              ; 4.18e-10 s                  ; 3.59e-10 s                  ; No                         ; Yes                        ; 2.32 V                      ; 4.49e-09 V                  ; 2.38 V             ; -0.00552 V         ; 0.096 V                             ; 0.019 V                             ; 4.18e-10 s                 ; 3.59e-10 s                 ; No                        ; Yes                       ;
; HEX3[4]       ; 2.5 V        ; 0 s                 ; 0 s                 ; 2.32 V                       ; 4.49e-09 V                   ; 2.38 V              ; -0.00552 V          ; 0.096 V                              ; 0.019 V                              ; 4.18e-10 s                  ; 3.59e-10 s                  ; No                         ; Yes                        ; 2.32 V                      ; 4.49e-09 V                  ; 2.38 V             ; -0.00552 V         ; 0.096 V                             ; 0.019 V                             ; 4.18e-10 s                 ; 3.59e-10 s                 ; No                        ; Yes                       ;
; HEX3[5]       ; 2.5 V        ; 0 s                 ; 0 s                 ; 2.32 V                       ; 4.49e-09 V                   ; 2.38 V              ; -0.00552 V          ; 0.096 V                              ; 0.019 V                              ; 4.18e-10 s                  ; 3.59e-10 s                  ; No                         ; Yes                        ; 2.32 V                      ; 4.49e-09 V                  ; 2.38 V             ; -0.00552 V         ; 0.096 V                             ; 0.019 V                             ; 4.18e-10 s                 ; 3.59e-10 s                 ; No                        ; Yes                       ;
; HEX3[6]       ; 2.5 V        ; 0 s                 ; 0 s                 ; 2.32 V                       ; 4.49e-09 V                   ; 2.38 V              ; -0.00552 V          ; 0.096 V                              ; 0.019 V                              ; 4.18e-10 s                  ; 3.59e-10 s                  ; No                         ; Yes                        ; 2.32 V                      ; 4.49e-09 V                  ; 2.38 V             ; -0.00552 V         ; 0.096 V                             ; 0.019 V                             ; 4.18e-10 s                 ; 3.59e-10 s                 ; No                        ; Yes                       ;
; HEX4[0]       ; 2.5 V        ; 0 s                 ; 0 s                 ; 2.32 V                       ; 4.49e-09 V                   ; 2.38 V              ; -0.00552 V          ; 0.096 V                              ; 0.019 V                              ; 4.18e-10 s                  ; 3.59e-10 s                  ; No                         ; Yes                        ; 2.32 V                      ; 4.49e-09 V                  ; 2.38 V             ; -0.00552 V         ; 0.096 V                             ; 0.019 V                             ; 4.18e-10 s                 ; 3.59e-10 s                 ; No                        ; Yes                       ;
; HEX4[1]       ; 2.5 V        ; 0 s                 ; 0 s                 ; 2.32 V                       ; 4.49e-09 V                   ; 2.38 V              ; -0.00552 V          ; 0.096 V                              ; 0.019 V                              ; 4.18e-10 s                  ; 3.59e-10 s                  ; No                         ; Yes                        ; 2.32 V                      ; 4.49e-09 V                  ; 2.38 V             ; -0.00552 V         ; 0.096 V                             ; 0.019 V                             ; 4.18e-10 s                 ; 3.59e-10 s                 ; No                        ; Yes                       ;
; HEX4[2]       ; 2.5 V        ; 0 s                 ; 0 s                 ; 2.32 V                       ; 4.49e-09 V                   ; 2.38 V              ; -0.00552 V          ; 0.096 V                              ; 0.019 V                              ; 4.18e-10 s                  ; 3.59e-10 s                  ; No                         ; Yes                        ; 2.32 V                      ; 4.49e-09 V                  ; 2.38 V             ; -0.00552 V         ; 0.096 V                             ; 0.019 V                             ; 4.18e-10 s                 ; 3.59e-10 s                 ; No                        ; Yes                       ;
; HEX4[3]       ; 2.5 V        ; 0 s                 ; 0 s                 ; 2.32 V                       ; 4.49e-09 V                   ; 2.38 V              ; -0.00552 V          ; 0.096 V                              ; 0.019 V                              ; 4.18e-10 s                  ; 3.59e-10 s                  ; No                         ; Yes                        ; 2.32 V                      ; 4.49e-09 V                  ; 2.38 V             ; -0.00552 V         ; 0.096 V                             ; 0.019 V                             ; 4.18e-10 s                 ; 3.59e-10 s                 ; No                        ; Yes                       ;
; HEX4[4]       ; 2.5 V        ; 0 s                 ; 0 s                 ; 2.32 V                       ; 4.49e-09 V                   ; 2.38 V              ; -0.00552 V          ; 0.096 V                              ; 0.019 V                              ; 4.18e-10 s                  ; 3.59e-10 s                  ; No                         ; Yes                        ; 2.32 V                      ; 4.49e-09 V                  ; 2.38 V             ; -0.00552 V         ; 0.096 V                             ; 0.019 V                             ; 4.18e-10 s                 ; 3.59e-10 s                 ; No                        ; Yes                       ;
; HEX4[5]       ; 2.5 V        ; 0 s                 ; 0 s                 ; 2.32 V                       ; 4.49e-09 V                   ; 2.38 V              ; -0.00552 V          ; 0.096 V                              ; 0.019 V                              ; 4.18e-10 s                  ; 3.59e-10 s                  ; No                         ; Yes                        ; 2.32 V                      ; 4.49e-09 V                  ; 2.38 V             ; -0.00552 V         ; 0.096 V                             ; 0.019 V                             ; 4.18e-10 s                 ; 3.59e-10 s                 ; No                        ; Yes                       ;
; HEX4[6]       ; 2.5 V        ; 0 s                 ; 0 s                 ; 2.32 V                       ; 4.49e-09 V                   ; 2.38 V              ; -0.00552 V          ; 0.096 V                              ; 0.019 V                              ; 4.18e-10 s                  ; 3.59e-10 s                  ; No                         ; Yes                        ; 2.32 V                      ; 4.49e-09 V                  ; 2.38 V             ; -0.00552 V         ; 0.096 V                             ; 0.019 V                             ; 4.18e-10 s                 ; 3.59e-10 s                 ; No                        ; Yes                       ;
; HEX5[0]       ; 2.5 V        ; 0 s                 ; 0 s                 ; 2.32 V                       ; 4.49e-09 V                   ; 2.38 V              ; -0.00552 V          ; 0.096 V                              ; 0.019 V                              ; 4.18e-10 s                  ; 3.59e-10 s                  ; No                         ; Yes                        ; 2.32 V                      ; 4.49e-09 V                  ; 2.38 V             ; -0.00552 V         ; 0.096 V                             ; 0.019 V                             ; 4.18e-10 s                 ; 3.59e-10 s                 ; No                        ; Yes                       ;
; HEX5[1]       ; 2.5 V        ; 0 s                 ; 0 s                 ; 2.32 V                       ; 4.49e-09 V                   ; 2.33 V              ; -0.00467 V          ; 0.226 V                              ; 0.087 V                              ; 2.91e-09 s                  ; 2.74e-09 s                  ; Yes                        ; Yes                        ; 2.32 V                      ; 4.49e-09 V                  ; 2.33 V             ; -0.00467 V         ; 0.226 V                             ; 0.087 V                             ; 2.91e-09 s                 ; 2.74e-09 s                 ; Yes                       ; Yes                       ;
; HEX5[2]       ; 2.5 V        ; 0 s                 ; 0 s                 ; 2.32 V                       ; 4.49e-09 V                   ; 2.38 V              ; -0.00552 V          ; 0.096 V                              ; 0.019 V                              ; 4.18e-10 s                  ; 3.59e-10 s                  ; No                         ; Yes                        ; 2.32 V                      ; 4.49e-09 V                  ; 2.38 V             ; -0.00552 V         ; 0.096 V                             ; 0.019 V                             ; 4.18e-10 s                 ; 3.59e-10 s                 ; No                        ; Yes                       ;
; HEX5[3]       ; 2.5 V        ; 0 s                 ; 0 s                 ; 2.32 V                       ; 4.49e-09 V                   ; 2.38 V              ; -0.00552 V          ; 0.096 V                              ; 0.019 V                              ; 4.18e-10 s                  ; 3.59e-10 s                  ; No                         ; Yes                        ; 2.32 V                      ; 4.49e-09 V                  ; 2.38 V             ; -0.00552 V         ; 0.096 V                             ; 0.019 V                             ; 4.18e-10 s                 ; 3.59e-10 s                 ; No                        ; Yes                       ;
; HEX5[4]       ; 2.5 V        ; 0 s                 ; 0 s                 ; 2.32 V                       ; 4.49e-09 V                   ; 2.38 V              ; -0.00552 V          ; 0.096 V                              ; 0.019 V                              ; 4.18e-10 s                  ; 3.59e-10 s                  ; No                         ; Yes                        ; 2.32 V                      ; 4.49e-09 V                  ; 2.38 V             ; -0.00552 V         ; 0.096 V                             ; 0.019 V                             ; 4.18e-10 s                 ; 3.59e-10 s                 ; No                        ; Yes                       ;
; HEX5[5]       ; 2.5 V        ; 0 s                 ; 0 s                 ; 2.32 V                       ; 4.49e-09 V                   ; 2.38 V              ; -0.00552 V          ; 0.096 V                              ; 0.019 V                              ; 4.18e-10 s                  ; 3.59e-10 s                  ; No                         ; Yes                        ; 2.32 V                      ; 4.49e-09 V                  ; 2.38 V             ; -0.00552 V         ; 0.096 V                             ; 0.019 V                             ; 4.18e-10 s                 ; 3.59e-10 s                 ; No                        ; Yes                       ;
; HEX5[6]       ; 2.5 V        ; 0 s                 ; 0 s                 ; 2.32 V                       ; 4.49e-09 V                   ; 2.38 V              ; -0.00552 V          ; 0.096 V                              ; 0.019 V                              ; 4.18e-10 s                  ; 3.59e-10 s                  ; No                         ; Yes                        ; 2.32 V                      ; 4.49e-09 V                  ; 2.38 V             ; -0.00552 V         ; 0.096 V                             ; 0.019 V                             ; 4.18e-10 s                 ; 3.59e-10 s                 ; No                        ; Yes                       ;
; HEX6[0]       ; 2.5 V        ; 0 s                 ; 0 s                 ; 2.32 V                       ; 4.49e-09 V                   ; 2.38 V              ; -0.00552 V          ; 0.096 V                              ; 0.019 V                              ; 4.18e-10 s                  ; 3.59e-10 s                  ; No                         ; Yes                        ; 2.32 V                      ; 4.49e-09 V                  ; 2.38 V             ; -0.00552 V         ; 0.096 V                             ; 0.019 V                             ; 4.18e-10 s                 ; 3.59e-10 s                 ; No                        ; Yes                       ;
; HEX6[1]       ; 2.5 V        ; 0 s                 ; 0 s                 ; 2.32 V                       ; 4.49e-09 V                   ; 2.38 V              ; -0.00552 V          ; 0.096 V                              ; 0.019 V                              ; 4.18e-10 s                  ; 3.59e-10 s                  ; No                         ; Yes                        ; 2.32 V                      ; 4.49e-09 V                  ; 2.38 V             ; -0.00552 V         ; 0.096 V                             ; 0.019 V                             ; 4.18e-10 s                 ; 3.59e-10 s                 ; No                        ; Yes                       ;
; HEX6[2]       ; 2.5 V        ; 0 s                 ; 0 s                 ; 2.32 V                       ; 4.49e-09 V                   ; 2.38 V              ; -0.00552 V          ; 0.096 V                              ; 0.019 V                              ; 4.18e-10 s                  ; 3.59e-10 s                  ; No                         ; Yes                        ; 2.32 V                      ; 4.49e-09 V                  ; 2.38 V             ; -0.00552 V         ; 0.096 V                             ; 0.019 V                             ; 4.18e-10 s                 ; 3.59e-10 s                 ; No                        ; Yes                       ;
; HEX6[3]       ; 2.5 V        ; 0 s                 ; 0 s                 ; 2.32 V                       ; 4.49e-09 V                   ; 2.38 V              ; -0.00552 V          ; 0.096 V                              ; 0.019 V                              ; 4.18e-10 s                  ; 3.59e-10 s                  ; No                         ; Yes                        ; 2.32 V                      ; 4.49e-09 V                  ; 2.38 V             ; -0.00552 V         ; 0.096 V                             ; 0.019 V                             ; 4.18e-10 s                 ; 3.59e-10 s                 ; No                        ; Yes                       ;
; HEX6[4]       ; 2.5 V        ; 0 s                 ; 0 s                 ; 2.32 V                       ; 4.49e-09 V                   ; 2.38 V              ; -0.00552 V          ; 0.096 V                              ; 0.019 V                              ; 4.18e-10 s                  ; 3.59e-10 s                  ; No                         ; Yes                        ; 2.32 V                      ; 4.49e-09 V                  ; 2.38 V             ; -0.00552 V         ; 0.096 V                             ; 0.019 V                             ; 4.18e-10 s                 ; 3.59e-10 s                 ; No                        ; Yes                       ;
; HEX6[5]       ; 2.5 V        ; 0 s                 ; 0 s                 ; 2.32 V                       ; 4.49e-09 V                   ; 2.33 V              ; -0.00467 V          ; 0.226 V                              ; 0.087 V                              ; 2.91e-09 s                  ; 2.74e-09 s                  ; Yes                        ; Yes                        ; 2.32 V                      ; 4.49e-09 V                  ; 2.33 V             ; -0.00467 V         ; 0.226 V                             ; 0.087 V                             ; 2.91e-09 s                 ; 2.74e-09 s                 ; Yes                       ; Yes                       ;
; HEX6[6]       ; 2.5 V        ; 0 s                 ; 0 s                 ; 2.32 V                       ; 4.49e-09 V                   ; 2.38 V              ; -0.00552 V          ; 0.096 V                              ; 0.019 V                              ; 4.18e-10 s                  ; 3.59e-10 s                  ; No                         ; Yes                        ; 2.32 V                      ; 4.49e-09 V                  ; 2.38 V             ; -0.00552 V         ; 0.096 V                             ; 0.019 V                             ; 4.18e-10 s                 ; 3.59e-10 s                 ; No                        ; Yes                       ;
; HEX7[0]       ; 2.5 V        ; 0 s                 ; 0 s                 ; 2.32 V                       ; 4.49e-09 V                   ; 2.38 V              ; -0.00552 V          ; 0.096 V                              ; 0.019 V                              ; 4.18e-10 s                  ; 3.59e-10 s                  ; No                         ; Yes                        ; 2.32 V                      ; 4.49e-09 V                  ; 2.38 V             ; -0.00552 V         ; 0.096 V                             ; 0.019 V                             ; 4.18e-10 s                 ; 3.59e-10 s                 ; No                        ; Yes                       ;
; HEX7[1]       ; 2.5 V        ; 0 s                 ; 0 s                 ; 2.32 V                       ; 4.49e-09 V                   ; 2.38 V              ; -0.00552 V          ; 0.096 V                              ; 0.019 V                              ; 4.18e-10 s                  ; 3.59e-10 s                  ; No                         ; Yes                        ; 2.32 V                      ; 4.49e-09 V                  ; 2.38 V             ; -0.00552 V         ; 0.096 V                             ; 0.019 V                             ; 4.18e-10 s                 ; 3.59e-10 s                 ; No                        ; Yes                       ;
; HEX7[2]       ; 2.5 V        ; 0 s                 ; 0 s                 ; 2.32 V                       ; 4.49e-09 V                   ; 2.38 V              ; -0.00552 V          ; 0.096 V                              ; 0.019 V                              ; 4.18e-10 s                  ; 3.59e-10 s                  ; No                         ; Yes                        ; 2.32 V                      ; 4.49e-09 V                  ; 2.38 V             ; -0.00552 V         ; 0.096 V                             ; 0.019 V                             ; 4.18e-10 s                 ; 3.59e-10 s                 ; No                        ; Yes                       ;
; HEX7[3]       ; 2.5 V        ; 0 s                 ; 0 s                 ; 2.32 V                       ; 4.49e-09 V                   ; 2.38 V              ; -0.00552 V          ; 0.096 V                              ; 0.019 V                              ; 4.18e-10 s                  ; 3.59e-10 s                  ; No                         ; Yes                        ; 2.32 V                      ; 4.49e-09 V                  ; 2.38 V             ; -0.00552 V         ; 0.096 V                             ; 0.019 V                             ; 4.18e-10 s                 ; 3.59e-10 s                 ; No                        ; Yes                       ;
; HEX7[4]       ; 2.5 V        ; 0 s                 ; 0 s                 ; 2.32 V                       ; 4.49e-09 V                   ; 2.38 V              ; -0.00552 V          ; 0.096 V                              ; 0.019 V                              ; 4.18e-10 s                  ; 3.59e-10 s                  ; No                         ; Yes                        ; 2.32 V                      ; 4.49e-09 V                  ; 2.38 V             ; -0.00552 V         ; 0.096 V                             ; 0.019 V                             ; 4.18e-10 s                 ; 3.59e-10 s                 ; No                        ; Yes                       ;
; HEX7[5]       ; 2.5 V        ; 0 s                 ; 0 s                 ; 2.32 V                       ; 4.49e-09 V                   ; 2.38 V              ; -0.00552 V          ; 0.096 V                              ; 0.019 V                              ; 4.18e-10 s                  ; 3.59e-10 s                  ; No                         ; Yes                        ; 2.32 V                      ; 4.49e-09 V                  ; 2.38 V             ; -0.00552 V         ; 0.096 V                             ; 0.019 V                             ; 4.18e-10 s                 ; 3.59e-10 s                 ; No                        ; Yes                       ;
; HEX7[6]       ; 2.5 V        ; 0 s                 ; 0 s                 ; 2.32 V                       ; 4.49e-09 V                   ; 2.38 V              ; -0.00552 V          ; 0.096 V                              ; 0.019 V                              ; 4.18e-10 s                  ; 3.59e-10 s                  ; No                         ; Yes                        ; 2.32 V                      ; 4.49e-09 V                  ; 2.38 V             ; -0.00552 V         ; 0.096 V                             ; 0.019 V                             ; 4.18e-10 s                 ; 3.59e-10 s                 ; No                        ; Yes                       ;
; LEDG[0]       ; 2.5 V        ; 0 s                 ; 0 s                 ; 2.32 V                       ; 4.49e-09 V                   ; 2.38 V              ; -0.00552 V          ; 0.096 V                              ; 0.019 V                              ; 4.18e-10 s                  ; 3.59e-10 s                  ; No                         ; Yes                        ; 2.32 V                      ; 4.49e-09 V                  ; 2.38 V             ; -0.00552 V         ; 0.096 V                             ; 0.019 V                             ; 4.18e-10 s                 ; 3.59e-10 s                 ; No                        ; Yes                       ;
; LEDG[1]       ; 2.5 V        ; 0 s                 ; 0 s                 ; 2.32 V                       ; 4.49e-09 V                   ; 2.38 V              ; -0.00552 V          ; 0.096 V                              ; 0.019 V                              ; 4.18e-10 s                  ; 3.59e-10 s                  ; No                         ; Yes                        ; 2.32 V                      ; 4.49e-09 V                  ; 2.38 V             ; -0.00552 V         ; 0.096 V                             ; 0.019 V                             ; 4.18e-10 s                 ; 3.59e-10 s                 ; No                        ; Yes                       ;
; LEDG[2]       ; 2.5 V        ; 0 s                 ; 0 s                 ; 2.32 V                       ; 4.49e-09 V                   ; 2.38 V              ; -0.00552 V          ; 0.096 V                              ; 0.019 V                              ; 4.18e-10 s                  ; 3.59e-10 s                  ; No                         ; Yes                        ; 2.32 V                      ; 4.49e-09 V                  ; 2.38 V             ; -0.00552 V         ; 0.096 V                             ; 0.019 V                             ; 4.18e-10 s                 ; 3.59e-10 s                 ; No                        ; Yes                       ;
; LEDG[3]       ; 2.5 V        ; 0 s                 ; 0 s                 ; 2.32 V                       ; 4.49e-09 V                   ; 2.38 V              ; -0.00552 V          ; 0.096 V                              ; 0.019 V                              ; 4.18e-10 s                  ; 3.59e-10 s                  ; No                         ; Yes                        ; 2.32 V                      ; 4.49e-09 V                  ; 2.38 V             ; -0.00552 V         ; 0.096 V                             ; 0.019 V                             ; 4.18e-10 s                 ; 3.59e-10 s                 ; No                        ; Yes                       ;
; LEDG[4]       ; 2.5 V        ; 0 s                 ; 0 s                 ; 2.32 V                       ; 4.49e-09 V                   ; 2.38 V              ; -0.00552 V          ; 0.096 V                              ; 0.019 V                              ; 4.18e-10 s                  ; 3.59e-10 s                  ; No                         ; Yes                        ; 2.32 V                      ; 4.49e-09 V                  ; 2.38 V             ; -0.00552 V         ; 0.096 V                             ; 0.019 V                             ; 4.18e-10 s                 ; 3.59e-10 s                 ; No                        ; Yes                       ;
; LEDG[5]       ; 2.5 V        ; 0 s                 ; 0 s                 ; 2.32 V                       ; 4.49e-09 V                   ; 2.38 V              ; -0.00552 V          ; 0.096 V                              ; 0.019 V                              ; 4.18e-10 s                  ; 3.59e-10 s                  ; No                         ; Yes                        ; 2.32 V                      ; 4.49e-09 V                  ; 2.38 V             ; -0.00552 V         ; 0.096 V                             ; 0.019 V                             ; 4.18e-10 s                 ; 3.59e-10 s                 ; No                        ; Yes                       ;
; LEDG[6]       ; 2.5 V        ; 0 s                 ; 0 s                 ; 2.32 V                       ; 4.49e-09 V                   ; 2.38 V              ; -0.00552 V          ; 0.096 V                              ; 0.019 V                              ; 4.18e-10 s                  ; 3.59e-10 s                  ; No                         ; Yes                        ; 2.32 V                      ; 4.49e-09 V                  ; 2.38 V             ; -0.00552 V         ; 0.096 V                             ; 0.019 V                             ; 4.18e-10 s                 ; 3.59e-10 s                 ; No                        ; Yes                       ;
; LEDG[7]       ; 2.5 V        ; 0 s                 ; 0 s                 ; 2.32 V                       ; 4.49e-09 V                   ; 2.38 V              ; -0.00552 V          ; 0.096 V                              ; 0.019 V                              ; 4.18e-10 s                  ; 3.59e-10 s                  ; No                         ; Yes                        ; 2.32 V                      ; 4.49e-09 V                  ; 2.38 V             ; -0.00552 V         ; 0.096 V                             ; 0.019 V                             ; 4.18e-10 s                 ; 3.59e-10 s                 ; No                        ; Yes                       ;
; LEDG[8]       ; 2.5 V        ; 0 s                 ; 0 s                 ; 2.32 V                       ; 4.49e-09 V                   ; 2.38 V              ; -0.00552 V          ; 0.096 V                              ; 0.019 V                              ; 4.18e-10 s                  ; 3.59e-10 s                  ; No                         ; Yes                        ; 2.32 V                      ; 4.49e-09 V                  ; 2.38 V             ; -0.00552 V         ; 0.096 V                             ; 0.019 V                             ; 4.18e-10 s                 ; 3.59e-10 s                 ; No                        ; Yes                       ;
; LEDR[0]       ; 2.5 V        ; 0 s                 ; 0 s                 ; 2.32 V                       ; 4.49e-09 V                   ; 2.38 V              ; -0.00552 V          ; 0.096 V                              ; 0.019 V                              ; 4.18e-10 s                  ; 3.59e-10 s                  ; No                         ; Yes                        ; 2.32 V                      ; 4.49e-09 V                  ; 2.38 V             ; -0.00552 V         ; 0.096 V                             ; 0.019 V                             ; 4.18e-10 s                 ; 3.59e-10 s                 ; No                        ; Yes                       ;
; LEDR[1]       ; 2.5 V        ; 0 s                 ; 0 s                 ; 2.32 V                       ; 4.49e-09 V                   ; 2.38 V              ; -0.00552 V          ; 0.096 V                              ; 0.019 V                              ; 4.18e-10 s                  ; 3.59e-10 s                  ; No                         ; Yes                        ; 2.32 V                      ; 4.49e-09 V                  ; 2.38 V             ; -0.00552 V         ; 0.096 V                             ; 0.019 V                             ; 4.18e-10 s                 ; 3.59e-10 s                 ; No                        ; Yes                       ;
; LEDR[2]       ; 2.5 V        ; 0 s                 ; 0 s                 ; 2.32 V                       ; 4.49e-09 V                   ; 2.38 V              ; -0.00552 V          ; 0.096 V                              ; 0.019 V                              ; 4.18e-10 s                  ; 3.59e-10 s                  ; No                         ; Yes                        ; 2.32 V                      ; 4.49e-09 V                  ; 2.38 V             ; -0.00552 V         ; 0.096 V                             ; 0.019 V                             ; 4.18e-10 s                 ; 3.59e-10 s                 ; No                        ; Yes                       ;
; LEDR[3]       ; 2.5 V        ; 0 s                 ; 0 s                 ; 2.32 V                       ; 4.49e-09 V                   ; 2.38 V              ; -0.00552 V          ; 0.096 V                              ; 0.019 V                              ; 4.18e-10 s                  ; 3.59e-10 s                  ; No                         ; Yes                        ; 2.32 V                      ; 4.49e-09 V                  ; 2.38 V             ; -0.00552 V         ; 0.096 V                             ; 0.019 V                             ; 4.18e-10 s                 ; 3.59e-10 s                 ; No                        ; Yes                       ;
; LEDR[4]       ; 2.5 V        ; 0 s                 ; 0 s                 ; 2.32 V                       ; 4.49e-09 V                   ; 2.38 V              ; -0.00552 V          ; 0.096 V                              ; 0.019 V                              ; 4.18e-10 s                  ; 3.59e-10 s                  ; No                         ; Yes                        ; 2.32 V                      ; 4.49e-09 V                  ; 2.38 V             ; -0.00552 V         ; 0.096 V                             ; 0.019 V                             ; 4.18e-10 s                 ; 3.59e-10 s                 ; No                        ; Yes                       ;
; LEDR[5]       ; 2.5 V        ; 0 s                 ; 0 s                 ; 2.32 V                       ; 4.49e-09 V                   ; 2.38 V              ; -0.00552 V          ; 0.096 V                              ; 0.019 V                              ; 4.18e-10 s                  ; 3.59e-10 s                  ; No                         ; Yes                        ; 2.32 V                      ; 4.49e-09 V                  ; 2.38 V             ; -0.00552 V         ; 0.096 V                             ; 0.019 V                             ; 4.18e-10 s                 ; 3.59e-10 s                 ; No                        ; Yes                       ;
; LEDR[6]       ; 2.5 V        ; 0 s                 ; 0 s                 ; 2.32 V                       ; 4.49e-09 V                   ; 2.38 V              ; -0.00552 V          ; 0.096 V                              ; 0.019 V                              ; 4.18e-10 s                  ; 3.59e-10 s                  ; No                         ; Yes                        ; 2.32 V                      ; 4.49e-09 V                  ; 2.38 V             ; -0.00552 V         ; 0.096 V                             ; 0.019 V                             ; 4.18e-10 s                 ; 3.59e-10 s                 ; No                        ; Yes                       ;
; LEDR[7]       ; 2.5 V        ; 0 s                 ; 0 s                 ; 2.32 V                       ; 4.49e-09 V                   ; 2.38 V              ; -0.00552 V          ; 0.096 V                              ; 0.019 V                              ; 4.18e-10 s                  ; 3.59e-10 s                  ; No                         ; Yes                        ; 2.32 V                      ; 4.49e-09 V                  ; 2.38 V             ; -0.00552 V         ; 0.096 V                             ; 0.019 V                             ; 4.18e-10 s                 ; 3.59e-10 s                 ; No                        ; Yes                       ;
; LEDR[8]       ; 2.5 V        ; 0 s                 ; 0 s                 ; 2.32 V                       ; 4.49e-09 V                   ; 2.38 V              ; -0.00552 V          ; 0.096 V                              ; 0.019 V                              ; 4.18e-10 s                  ; 3.59e-10 s                  ; No                         ; Yes                        ; 2.32 V                      ; 4.49e-09 V                  ; 2.38 V             ; -0.00552 V         ; 0.096 V                             ; 0.019 V                             ; 4.18e-10 s                 ; 3.59e-10 s                 ; No                        ; Yes                       ;
; LEDR[9]       ; 2.5 V        ; 0 s                 ; 0 s                 ; 2.32 V                       ; 4.49e-09 V                   ; 2.33 V              ; -0.00467 V          ; 0.226 V                              ; 0.087 V                              ; 2.91e-09 s                  ; 2.74e-09 s                  ; Yes                        ; Yes                        ; 2.32 V                      ; 4.49e-09 V                  ; 2.33 V             ; -0.00467 V         ; 0.226 V                             ; 0.087 V                             ; 2.91e-09 s                 ; 2.74e-09 s                 ; Yes                       ; Yes                       ;
; LEDR[10]      ; 2.5 V        ; 0 s                 ; 0 s                 ; 2.32 V                       ; 4.49e-09 V                   ; 2.38 V              ; -0.00552 V          ; 0.096 V                              ; 0.019 V                              ; 4.18e-10 s                  ; 3.59e-10 s                  ; No                         ; Yes                        ; 2.32 V                      ; 4.49e-09 V                  ; 2.38 V             ; -0.00552 V         ; 0.096 V                             ; 0.019 V                             ; 4.18e-10 s                 ; 3.59e-10 s                 ; No                        ; Yes                       ;
; LEDR[11]      ; 2.5 V        ; 0 s                 ; 0 s                 ; 2.32 V                       ; 4.49e-09 V                   ; 2.38 V              ; -0.00552 V          ; 0.096 V                              ; 0.019 V                              ; 4.18e-10 s                  ; 3.59e-10 s                  ; No                         ; Yes                        ; 2.32 V                      ; 4.49e-09 V                  ; 2.38 V             ; -0.00552 V         ; 0.096 V                             ; 0.019 V                             ; 4.18e-10 s                 ; 3.59e-10 s                 ; No                        ; Yes                       ;
; LEDR[12]      ; 2.5 V        ; 0 s                 ; 0 s                 ; 2.32 V                       ; 4.49e-09 V                   ; 2.38 V              ; -0.00552 V          ; 0.096 V                              ; 0.019 V                              ; 4.18e-10 s                  ; 3.59e-10 s                  ; No                         ; Yes                        ; 2.32 V                      ; 4.49e-09 V                  ; 2.38 V             ; -0.00552 V         ; 0.096 V                             ; 0.019 V                             ; 4.18e-10 s                 ; 3.59e-10 s                 ; No                        ; Yes                       ;
; LEDR[13]      ; 2.5 V        ; 0 s                 ; 0 s                 ; 2.32 V                       ; 4.49e-09 V                   ; 2.38 V              ; -0.00552 V          ; 0.096 V                              ; 0.019 V                              ; 4.18e-10 s                  ; 3.59e-10 s                  ; No                         ; Yes                        ; 2.32 V                      ; 4.49e-09 V                  ; 2.38 V             ; -0.00552 V         ; 0.096 V                             ; 0.019 V                             ; 4.18e-10 s                 ; 3.59e-10 s                 ; No                        ; Yes                       ;
; LEDR[14]      ; 2.5 V        ; 0 s                 ; 0 s                 ; 2.32 V                       ; 4.49e-09 V                   ; 2.38 V              ; -0.00552 V          ; 0.096 V                              ; 0.019 V                              ; 4.18e-10 s                  ; 3.59e-10 s                  ; No                         ; Yes                        ; 2.32 V                      ; 4.49e-09 V                  ; 2.38 V             ; -0.00552 V         ; 0.096 V                             ; 0.019 V                             ; 4.18e-10 s                 ; 3.59e-10 s                 ; No                        ; Yes                       ;
; LEDR[15]      ; 2.5 V        ; 0 s                 ; 0 s                 ; 2.32 V                       ; 4.49e-09 V                   ; 2.33 V              ; -0.00467 V          ; 0.226 V                              ; 0.087 V                              ; 2.91e-09 s                  ; 2.74e-09 s                  ; Yes                        ; Yes                        ; 2.32 V                      ; 4.49e-09 V                  ; 2.33 V             ; -0.00467 V         ; 0.226 V                             ; 0.087 V                             ; 2.91e-09 s                 ; 2.74e-09 s                 ; Yes                       ; Yes                       ;
; LEDR[16]      ; 2.5 V        ; 0 s                 ; 0 s                 ; 2.32 V                       ; 4.49e-09 V                   ; 2.38 V              ; -0.00552 V          ; 0.096 V                              ; 0.019 V                              ; 4.18e-10 s                  ; 3.59e-10 s                  ; No                         ; Yes                        ; 2.32 V                      ; 4.49e-09 V                  ; 2.38 V             ; -0.00552 V         ; 0.096 V                             ; 0.019 V                             ; 4.18e-10 s                 ; 3.59e-10 s                 ; No                        ; Yes                       ;
; LEDR[17]      ; 2.5 V        ; 0 s                 ; 0 s                 ; 2.32 V                       ; 4.49e-09 V                   ; 2.38 V              ; -0.00552 V          ; 0.096 V                              ; 0.019 V                              ; 4.18e-10 s                  ; 3.59e-10 s                  ; No                         ; Yes                        ; 2.32 V                      ; 4.49e-09 V                  ; 2.38 V             ; -0.00552 V         ; 0.096 V                             ; 0.019 V                             ; 4.18e-10 s                 ; 3.59e-10 s                 ; No                        ; Yes                       ;
; LCD_ON        ; 2.5 V        ; 0 s                 ; 0 s                 ; 2.32 V                       ; 3.07e-09 V                   ; 2.33 V              ; -0.00496 V          ; 0.223 V                              ; 0.086 V                              ; 2.9e-09 s                   ; 2.73e-09 s                  ; Yes                        ; Yes                        ; 2.32 V                      ; 3.07e-09 V                  ; 2.33 V             ; -0.00496 V         ; 0.223 V                             ; 0.086 V                             ; 2.9e-09 s                  ; 2.73e-09 s                 ; Yes                       ; Yes                       ;
; LCD_BLON      ; 2.5 V        ; 0 s                 ; 0 s                 ; 2.32 V                       ; 3.07e-09 V                   ; 2.37 V              ; -0.00994 V          ; 0.186 V                              ; 0.028 V                              ; 4.98e-10 s                  ; 4.96e-10 s                  ; Yes                        ; Yes                        ; 2.32 V                      ; 3.07e-09 V                  ; 2.37 V             ; -0.00994 V         ; 0.186 V                             ; 0.028 V                             ; 4.98e-10 s                 ; 4.96e-10 s                 ; Yes                       ; Yes                       ;
; LCD_RW        ; 2.5 V        ; 0 s                 ; 0 s                 ; 2.32 V                       ; 3.07e-09 V                   ; 2.37 V              ; -0.00994 V          ; 0.186 V                              ; 0.028 V                              ; 4.98e-10 s                  ; 4.96e-10 s                  ; Yes                        ; Yes                        ; 2.32 V                      ; 3.07e-09 V                  ; 2.37 V             ; -0.00994 V         ; 0.186 V                             ; 0.028 V                             ; 4.98e-10 s                 ; 4.96e-10 s                 ; Yes                       ; Yes                       ;
; LCD_EN        ; 2.5 V        ; 0 s                 ; 0 s                 ; 2.32 V                       ; 3.07e-09 V                   ; 2.37 V              ; -0.00994 V          ; 0.186 V                              ; 0.028 V                              ; 4.98e-10 s                  ; 4.96e-10 s                  ; Yes                        ; Yes                        ; 2.32 V                      ; 3.07e-09 V                  ; 2.37 V             ; -0.00994 V         ; 0.186 V                             ; 0.028 V                             ; 4.98e-10 s                 ; 4.96e-10 s                 ; Yes                       ; Yes                       ;
; LCD_RS        ; 2.5 V        ; 0 s                 ; 0 s                 ; 2.32 V                       ; 3.07e-09 V                   ; 2.37 V              ; -0.00994 V          ; 0.186 V                              ; 0.028 V                              ; 4.98e-10 s                  ; 4.96e-10 s                  ; Yes                        ; Yes                        ; 2.32 V                      ; 3.07e-09 V                  ; 2.37 V             ; -0.00994 V         ; 0.186 V                             ; 0.028 V                             ; 4.98e-10 s                 ; 4.96e-10 s                 ; Yes                       ; Yes                       ;
; GPIO_0[0]     ; 2.5 V        ; 0 s                 ; 0 s                 ; 2.32 V                       ; 4.49e-09 V                   ; 2.38 V              ; -0.00552 V          ; 0.096 V                              ; 0.019 V                              ; 4.18e-10 s                  ; 3.59e-10 s                  ; No                         ; Yes                        ; 2.32 V                      ; 4.49e-09 V                  ; 2.38 V             ; -0.00552 V         ; 0.096 V                             ; 0.019 V                             ; 4.18e-10 s                 ; 3.59e-10 s                 ; No                        ; Yes                       ;
; GPIO_0[1]     ; 2.5 V        ; 0 s                 ; 0 s                 ; 2.32 V                       ; 4.49e-09 V                   ; 2.38 V              ; -0.00552 V          ; 0.096 V                              ; 0.019 V                              ; 4.18e-10 s                  ; 3.59e-10 s                  ; No                         ; Yes                        ; 2.32 V                      ; 4.49e-09 V                  ; 2.38 V             ; -0.00552 V         ; 0.096 V                             ; 0.019 V                             ; 4.18e-10 s                 ; 3.59e-10 s                 ; No                        ; Yes                       ;
; GPIO_0[2]     ; 2.5 V        ; 0 s                 ; 0 s                 ; 2.32 V                       ; 3.07e-09 V                   ; 2.37 V              ; -0.00994 V          ; 0.186 V                              ; 0.028 V                              ; 4.98e-10 s                  ; 4.96e-10 s                  ; Yes                        ; Yes                        ; 2.32 V                      ; 3.07e-09 V                  ; 2.37 V             ; -0.00994 V         ; 0.186 V                             ; 0.028 V                             ; 4.98e-10 s                 ; 4.96e-10 s                 ; Yes                       ; Yes                       ;
; GPIO_0[3]     ; 2.5 V        ; 0 s                 ; 0 s                 ; 2.32 V                       ; 3.07e-09 V                   ; 2.37 V              ; -0.00994 V          ; 0.186 V                              ; 0.028 V                              ; 4.98e-10 s                  ; 4.96e-10 s                  ; Yes                        ; Yes                        ; 2.32 V                      ; 3.07e-09 V                  ; 2.37 V             ; -0.00994 V         ; 0.186 V                             ; 0.028 V                             ; 4.98e-10 s                 ; 4.96e-10 s                 ; Yes                       ; Yes                       ;
; GPIO_0[4]     ; 2.5 V        ; 0 s                 ; 0 s                 ; 2.32 V                       ; 4.49e-09 V                   ; 2.38 V              ; -0.00552 V          ; 0.096 V                              ; 0.019 V                              ; 4.18e-10 s                  ; 3.59e-10 s                  ; No                         ; Yes                        ; 2.32 V                      ; 4.49e-09 V                  ; 2.38 V             ; -0.00552 V         ; 0.096 V                             ; 0.019 V                             ; 4.18e-10 s                 ; 3.59e-10 s                 ; No                        ; Yes                       ;
; GPIO_0[5]     ; 2.5 V        ; 0 s                 ; 0 s                 ; 2.32 V                       ; 3.07e-09 V                   ; 2.37 V              ; -0.00994 V          ; 0.186 V                              ; 0.028 V                              ; 4.98e-10 s                  ; 4.96e-10 s                  ; Yes                        ; Yes                        ; 2.32 V                      ; 3.07e-09 V                  ; 2.37 V             ; -0.00994 V         ; 0.186 V                             ; 0.028 V                             ; 4.98e-10 s                 ; 4.96e-10 s                 ; Yes                       ; Yes                       ;
; GPIO_0[6]     ; 2.5 V        ; 0 s                 ; 0 s                 ; 2.32 V                       ; 4.49e-09 V                   ; 2.38 V              ; -0.00552 V          ; 0.096 V                              ; 0.019 V                              ; 4.18e-10 s                  ; 3.59e-10 s                  ; No                         ; Yes                        ; 2.32 V                      ; 4.49e-09 V                  ; 2.38 V             ; -0.00552 V         ; 0.096 V                             ; 0.019 V                             ; 4.18e-10 s                 ; 3.59e-10 s                 ; No                        ; Yes                       ;
; GPIO_0[7]     ; 2.5 V        ; 0 s                 ; 0 s                 ; 2.32 V                       ; 4.49e-09 V                   ; 2.38 V              ; -0.00552 V          ; 0.096 V                              ; 0.019 V                              ; 4.18e-10 s                  ; 3.59e-10 s                  ; No                         ; Yes                        ; 2.32 V                      ; 4.49e-09 V                  ; 2.38 V             ; -0.00552 V         ; 0.096 V                             ; 0.019 V                             ; 4.18e-10 s                 ; 3.59e-10 s                 ; No                        ; Yes                       ;
; GPIO_0[8]     ; 2.5 V        ; 0 s                 ; 0 s                 ; 2.32 V                       ; 3.07e-09 V                   ; 2.37 V              ; -0.00994 V          ; 0.186 V                              ; 0.028 V                              ; 4.98e-10 s                  ; 4.96e-10 s                  ; Yes                        ; Yes                        ; 2.32 V                      ; 3.07e-09 V                  ; 2.37 V             ; -0.00994 V         ; 0.186 V                             ; 0.028 V                             ; 4.98e-10 s                 ; 4.96e-10 s                 ; Yes                       ; Yes                       ;
; GPIO_0[9]     ; 2.5 V        ; 0 s                 ; 0 s                 ; 2.32 V                       ; 4.49e-09 V                   ; 2.38 V              ; -0.00552 V          ; 0.096 V                              ; 0.019 V                              ; 4.18e-10 s                  ; 3.59e-10 s                  ; No                         ; Yes                        ; 2.32 V                      ; 4.49e-09 V                  ; 2.38 V             ; -0.00552 V         ; 0.096 V                             ; 0.019 V                             ; 4.18e-10 s                 ; 3.59e-10 s                 ; No                        ; Yes                       ;
; GPIO_0[10]    ; 2.5 V        ; 0 s                 ; 0 s                 ; 2.32 V                       ; 4.49e-09 V                   ; 2.38 V              ; -0.00552 V          ; 0.096 V                              ; 0.019 V                              ; 4.18e-10 s                  ; 3.59e-10 s                  ; No                         ; Yes                        ; 2.32 V                      ; 4.49e-09 V                  ; 2.38 V             ; -0.00552 V         ; 0.096 V                             ; 0.019 V                             ; 4.18e-10 s                 ; 3.59e-10 s                 ; No                        ; Yes                       ;
; GPIO_0[11]    ; 2.5 V        ; 0 s                 ; 0 s                 ; 2.32 V                       ; 3.07e-09 V                   ; 2.37 V              ; -0.00994 V          ; 0.186 V                              ; 0.028 V                              ; 4.98e-10 s                  ; 4.96e-10 s                  ; Yes                        ; Yes                        ; 2.32 V                      ; 3.07e-09 V                  ; 2.37 V             ; -0.00994 V         ; 0.186 V                             ; 0.028 V                             ; 4.98e-10 s                 ; 4.96e-10 s                 ; Yes                       ; Yes                       ;
; GPIO_0[12]    ; 2.5 V        ; 0 s                 ; 0 s                 ; 2.32 V                       ; 4.49e-09 V                   ; 2.38 V              ; -0.00552 V          ; 0.096 V                              ; 0.019 V                              ; 4.18e-10 s                  ; 3.59e-10 s                  ; No                         ; Yes                        ; 2.32 V                      ; 4.49e-09 V                  ; 2.38 V             ; -0.00552 V         ; 0.096 V                             ; 0.019 V                             ; 4.18e-10 s                 ; 3.59e-10 s                 ; No                        ; Yes                       ;
; GPIO_0[13]    ; 2.5 V        ; 0 s                 ; 0 s                 ; 2.32 V                       ; 4.49e-09 V                   ; 2.38 V              ; -0.00552 V          ; 0.096 V                              ; 0.019 V                              ; 4.18e-10 s                  ; 3.59e-10 s                  ; No                         ; Yes                        ; 2.32 V                      ; 4.49e-09 V                  ; 2.38 V             ; -0.00552 V         ; 0.096 V                             ; 0.019 V                             ; 4.18e-10 s                 ; 3.59e-10 s                 ; No                        ; Yes                       ;
; GPIO_0[14]    ; 2.5 V        ; 0 s                 ; 0 s                 ; 2.32 V                       ; 4.49e-09 V                   ; 2.38 V              ; -0.00552 V          ; 0.096 V                              ; 0.019 V                              ; 4.18e-10 s                  ; 3.59e-10 s                  ; No                         ; Yes                        ; 2.32 V                      ; 4.49e-09 V                  ; 2.38 V             ; -0.00552 V         ; 0.096 V                             ; 0.019 V                             ; 4.18e-10 s                 ; 3.59e-10 s                 ; No                        ; Yes                       ;
; GPIO_0[15]    ; 2.5 V        ; 0 s                 ; 0 s                 ; 2.32 V                       ; 4.49e-09 V                   ; 2.38 V              ; -0.00552 V          ; 0.096 V                              ; 0.019 V                              ; 4.18e-10 s                  ; 3.59e-10 s                  ; No                         ; Yes                        ; 2.32 V                      ; 4.49e-09 V                  ; 2.38 V             ; -0.00552 V         ; 0.096 V                             ; 0.019 V                             ; 4.18e-10 s                 ; 3.59e-10 s                 ; No                        ; Yes                       ;
; GPIO_0[16]    ; 2.5 V        ; 0 s                 ; 0 s                 ; 2.32 V                       ; 4.49e-09 V                   ; 2.38 V              ; -0.00552 V          ; 0.096 V                              ; 0.019 V                              ; 4.18e-10 s                  ; 3.59e-10 s                  ; No                         ; Yes                        ; 2.32 V                      ; 4.49e-09 V                  ; 2.38 V             ; -0.00552 V         ; 0.096 V                             ; 0.019 V                             ; 4.18e-10 s                 ; 3.59e-10 s                 ; No                        ; Yes                       ;
; GPIO_0[17]    ; 2.5 V        ; 0 s                 ; 0 s                 ; 2.32 V                       ; 3.07e-09 V                   ; 2.37 V              ; -0.00994 V          ; 0.186 V                              ; 0.028 V                              ; 4.98e-10 s                  ; 4.96e-10 s                  ; Yes                        ; Yes                        ; 2.32 V                      ; 3.07e-09 V                  ; 2.37 V             ; -0.00994 V         ; 0.186 V                             ; 0.028 V                             ; 4.98e-10 s                 ; 4.96e-10 s                 ; Yes                       ; Yes                       ;
; GPIO_0[18]    ; 2.5 V        ; 0 s                 ; 0 s                 ; 2.32 V                       ; 4.49e-09 V                   ; 2.38 V              ; -0.00552 V          ; 0.096 V                              ; 0.019 V                              ; 4.18e-10 s                  ; 3.59e-10 s                  ; No                         ; Yes                        ; 2.32 V                      ; 4.49e-09 V                  ; 2.38 V             ; -0.00552 V         ; 0.096 V                             ; 0.019 V                             ; 4.18e-10 s                 ; 3.59e-10 s                 ; No                        ; Yes                       ;
; GPIO_0[19]    ; 2.5 V        ; 0 s                 ; 0 s                 ; 2.32 V                       ; 3.07e-09 V                   ; 2.37 V              ; -0.00994 V          ; 0.186 V                              ; 0.028 V                              ; 4.98e-10 s                  ; 4.96e-10 s                  ; Yes                        ; Yes                        ; 2.32 V                      ; 3.07e-09 V                  ; 2.37 V             ; -0.00994 V         ; 0.186 V                             ; 0.028 V                             ; 4.98e-10 s                 ; 4.96e-10 s                 ; Yes                       ; Yes                       ;
; GPIO_0[20]    ; 2.5 V        ; 0 s                 ; 0 s                 ; 2.32 V                       ; 4.49e-09 V                   ; 2.38 V              ; -0.00552 V          ; 0.096 V                              ; 0.019 V                              ; 4.18e-10 s                  ; 3.59e-10 s                  ; No                         ; Yes                        ; 2.32 V                      ; 4.49e-09 V                  ; 2.38 V             ; -0.00552 V         ; 0.096 V                             ; 0.019 V                             ; 4.18e-10 s                 ; 3.59e-10 s                 ; No                        ; Yes                       ;
; GPIO_0[21]    ; 2.5 V        ; 0 s                 ; 0 s                 ; 2.32 V                       ; 3.07e-09 V                   ; 2.37 V              ; -0.00994 V          ; 0.186 V                              ; 0.028 V                              ; 4.98e-10 s                  ; 4.96e-10 s                  ; Yes                        ; Yes                        ; 2.32 V                      ; 3.07e-09 V                  ; 2.37 V             ; -0.00994 V         ; 0.186 V                             ; 0.028 V                             ; 4.98e-10 s                 ; 4.96e-10 s                 ; Yes                       ; Yes                       ;
; GPIO_0[22]    ; 2.5 V        ; 0 s                 ; 0 s                 ; 2.32 V                       ; 4.49e-09 V                   ; 2.38 V              ; -0.00552 V          ; 0.096 V                              ; 0.019 V                              ; 4.18e-10 s                  ; 3.59e-10 s                  ; No                         ; Yes                        ; 2.32 V                      ; 4.49e-09 V                  ; 2.38 V             ; -0.00552 V         ; 0.096 V                             ; 0.019 V                             ; 4.18e-10 s                 ; 3.59e-10 s                 ; No                        ; Yes                       ;
; GPIO_0[23]    ; 2.5 V        ; 0 s                 ; 0 s                 ; 2.32 V                       ; 3.07e-09 V                   ; 2.37 V              ; -0.00994 V          ; 0.186 V                              ; 0.028 V                              ; 4.98e-10 s                  ; 4.96e-10 s                  ; Yes                        ; Yes                        ; 2.32 V                      ; 3.07e-09 V                  ; 2.37 V             ; -0.00994 V         ; 0.186 V                             ; 0.028 V                             ; 4.98e-10 s                 ; 4.96e-10 s                 ; Yes                       ; Yes                       ;
; GPIO_0[24]    ; 2.5 V        ; 0 s                 ; 0 s                 ; 2.32 V                       ; 4.49e-09 V                   ; 2.38 V              ; -0.00552 V          ; 0.096 V                              ; 0.019 V                              ; 4.18e-10 s                  ; 3.59e-10 s                  ; No                         ; Yes                        ; 2.32 V                      ; 4.49e-09 V                  ; 2.38 V             ; -0.00552 V         ; 0.096 V                             ; 0.019 V                             ; 4.18e-10 s                 ; 3.59e-10 s                 ; No                        ; Yes                       ;
; GPIO_0[25]    ; 2.5 V        ; 0 s                 ; 0 s                 ; 2.32 V                       ; 4.49e-09 V                   ; 2.38 V              ; -0.00552 V          ; 0.096 V                              ; 0.019 V                              ; 4.18e-10 s                  ; 3.59e-10 s                  ; No                         ; Yes                        ; 2.32 V                      ; 4.49e-09 V                  ; 2.38 V             ; -0.00552 V         ; 0.096 V                             ; 0.019 V                             ; 4.18e-10 s                 ; 3.59e-10 s                 ; No                        ; Yes                       ;
; GPIO_0[26]    ; 2.5 V        ; 0 s                 ; 0 s                 ; 2.32 V                       ; 4.49e-09 V                   ; 2.38 V              ; -0.00552 V          ; 0.096 V                              ; 0.019 V                              ; 4.18e-10 s                  ; 3.59e-10 s                  ; No                         ; Yes                        ; 2.32 V                      ; 4.49e-09 V                  ; 2.38 V             ; -0.00552 V         ; 0.096 V                             ; 0.019 V                             ; 4.18e-10 s                 ; 3.59e-10 s                 ; No                        ; Yes                       ;
; GPIO_0[27]    ; 2.5 V        ; 0 s                 ; 0 s                 ; 2.32 V                       ; 4.49e-09 V                   ; 2.38 V              ; -0.00552 V          ; 0.096 V                              ; 0.019 V                              ; 4.18e-10 s                  ; 3.59e-10 s                  ; No                         ; Yes                        ; 2.32 V                      ; 4.49e-09 V                  ; 2.38 V             ; -0.00552 V         ; 0.096 V                             ; 0.019 V                             ; 4.18e-10 s                 ; 3.59e-10 s                 ; No                        ; Yes                       ;
; GPIO_0[28]    ; 2.5 V        ; 0 s                 ; 0 s                 ; 2.32 V                       ; 4.49e-09 V                   ; 2.38 V              ; -0.00552 V          ; 0.096 V                              ; 0.019 V                              ; 4.18e-10 s                  ; 3.59e-10 s                  ; No                         ; Yes                        ; 2.32 V                      ; 4.49e-09 V                  ; 2.38 V             ; -0.00552 V         ; 0.096 V                             ; 0.019 V                             ; 4.18e-10 s                 ; 3.59e-10 s                 ; No                        ; Yes                       ;
; GPIO_0[29]    ; 2.5 V        ; 0 s                 ; 0 s                 ; 2.32 V                       ; 4.49e-09 V                   ; 2.38 V              ; -0.00552 V          ; 0.096 V                              ; 0.019 V                              ; 4.18e-10 s                  ; 3.59e-10 s                  ; No                         ; Yes                        ; 2.32 V                      ; 4.49e-09 V                  ; 2.38 V             ; -0.00552 V         ; 0.096 V                             ; 0.019 V                             ; 4.18e-10 s                 ; 3.59e-10 s                 ; No                        ; Yes                       ;
; GPIO_0[30]    ; 2.5 V        ; 0 s                 ; 0 s                 ; 2.32 V                       ; 4.49e-09 V                   ; 2.38 V              ; -0.00552 V          ; 0.096 V                              ; 0.019 V                              ; 4.18e-10 s                  ; 3.59e-10 s                  ; No                         ; Yes                        ; 2.32 V                      ; 4.49e-09 V                  ; 2.38 V             ; -0.00552 V         ; 0.096 V                             ; 0.019 V                             ; 4.18e-10 s                 ; 3.59e-10 s                 ; No                        ; Yes                       ;
; GPIO_0[31]    ; 2.5 V        ; 0 s                 ; 0 s                 ; 2.32 V                       ; 4.49e-09 V                   ; 2.38 V              ; -0.00552 V          ; 0.096 V                              ; 0.019 V                              ; 4.18e-10 s                  ; 3.59e-10 s                  ; No                         ; Yes                        ; 2.32 V                      ; 4.49e-09 V                  ; 2.38 V             ; -0.00552 V         ; 0.096 V                             ; 0.019 V                             ; 4.18e-10 s                 ; 3.59e-10 s                 ; No                        ; Yes                       ;
; GPIO_0[32]    ; 2.5 V        ; 0 s                 ; 0 s                 ; 2.32 V                       ; 4.49e-09 V                   ; 2.38 V              ; -0.00552 V          ; 0.096 V                              ; 0.019 V                              ; 4.18e-10 s                  ; 3.59e-10 s                  ; No                         ; Yes                        ; 2.32 V                      ; 4.49e-09 V                  ; 2.38 V             ; -0.00552 V         ; 0.096 V                             ; 0.019 V                             ; 4.18e-10 s                 ; 3.59e-10 s                 ; No                        ; Yes                       ;
; GPIO_0[33]    ; 2.5 V        ; 0 s                 ; 0 s                 ; 2.32 V                       ; 4.49e-09 V                   ; 2.38 V              ; -0.00552 V          ; 0.096 V                              ; 0.019 V                              ; 4.18e-10 s                  ; 3.59e-10 s                  ; No                         ; Yes                        ; 2.32 V                      ; 4.49e-09 V                  ; 2.38 V             ; -0.00552 V         ; 0.096 V                             ; 0.019 V                             ; 4.18e-10 s                 ; 3.59e-10 s                 ; No                        ; Yes                       ;
; GPIO_0[34]    ; 2.5 V        ; 0 s                 ; 0 s                 ; 2.32 V                       ; 4.49e-09 V                   ; 2.38 V              ; -0.00552 V          ; 0.096 V                              ; 0.019 V                              ; 4.18e-10 s                  ; 3.59e-10 s                  ; No                         ; Yes                        ; 2.32 V                      ; 4.49e-09 V                  ; 2.38 V             ; -0.00552 V         ; 0.096 V                             ; 0.019 V                             ; 4.18e-10 s                 ; 3.59e-10 s                 ; No                        ; Yes                       ;
; GPIO_0[35]    ; 2.5 V        ; 0 s                 ; 0 s                 ; 2.32 V                       ; 4.49e-09 V                   ; 2.38 V              ; -0.00552 V          ; 0.096 V                              ; 0.019 V                              ; 4.18e-10 s                  ; 3.59e-10 s                  ; No                         ; Yes                        ; 2.32 V                      ; 4.49e-09 V                  ; 2.38 V             ; -0.00552 V         ; 0.096 V                             ; 0.019 V                             ; 4.18e-10 s                 ; 3.59e-10 s                 ; No                        ; Yes                       ;
; GPIO_1[0]     ; 2.5 V        ; 0 s                 ; 0 s                 ; 2.32 V                       ; 4.49e-09 V                   ; 2.38 V              ; -0.00552 V          ; 0.096 V                              ; 0.019 V                              ; 4.18e-10 s                  ; 3.59e-10 s                  ; No                         ; Yes                        ; 2.32 V                      ; 4.49e-09 V                  ; 2.38 V             ; -0.00552 V         ; 0.096 V                             ; 0.019 V                             ; 4.18e-10 s                 ; 3.59e-10 s                 ; No                        ; Yes                       ;
; GPIO_1[1]     ; 2.5 V        ; 0 s                 ; 0 s                 ; 2.32 V                       ; 4.49e-09 V                   ; 2.38 V              ; -0.00552 V          ; 0.096 V                              ; 0.019 V                              ; 4.18e-10 s                  ; 3.59e-10 s                  ; No                         ; Yes                        ; 2.32 V                      ; 4.49e-09 V                  ; 2.38 V             ; -0.00552 V         ; 0.096 V                             ; 0.019 V                             ; 4.18e-10 s                 ; 3.59e-10 s                 ; No                        ; Yes                       ;
; GPIO_1[2]     ; 2.5 V        ; 0 s                 ; 0 s                 ; 2.32 V                       ; 4.49e-09 V                   ; 2.38 V              ; -0.00552 V          ; 0.096 V                              ; 0.019 V                              ; 4.18e-10 s                  ; 3.59e-10 s                  ; No                         ; Yes                        ; 2.32 V                      ; 4.49e-09 V                  ; 2.38 V             ; -0.00552 V         ; 0.096 V                             ; 0.019 V                             ; 4.18e-10 s                 ; 3.59e-10 s                 ; No                        ; Yes                       ;
; GPIO_1[3]     ; 2.5 V        ; 0 s                 ; 0 s                 ; 2.32 V                       ; 3.07e-09 V                   ; 2.37 V              ; -0.00994 V          ; 0.186 V                              ; 0.028 V                              ; 4.98e-10 s                  ; 4.96e-10 s                  ; Yes                        ; Yes                        ; 2.32 V                      ; 3.07e-09 V                  ; 2.37 V             ; -0.00994 V         ; 0.186 V                             ; 0.028 V                             ; 4.98e-10 s                 ; 4.96e-10 s                 ; Yes                       ; Yes                       ;
; GPIO_1[4]     ; 2.5 V        ; 0 s                 ; 0 s                 ; 2.32 V                       ; 3.07e-09 V                   ; 2.37 V              ; -0.00994 V          ; 0.186 V                              ; 0.028 V                              ; 4.98e-10 s                  ; 4.96e-10 s                  ; Yes                        ; Yes                        ; 2.32 V                      ; 3.07e-09 V                  ; 2.37 V             ; -0.00994 V         ; 0.186 V                             ; 0.028 V                             ; 4.98e-10 s                 ; 4.96e-10 s                 ; Yes                       ; Yes                       ;
; GPIO_1[5]     ; 2.5 V        ; 0 s                 ; 0 s                 ; 2.32 V                       ; 3.07e-09 V                   ; 2.33 V              ; -0.00496 V          ; 0.223 V                              ; 0.086 V                              ; 2.9e-09 s                   ; 2.73e-09 s                  ; Yes                        ; Yes                        ; 2.32 V                      ; 3.07e-09 V                  ; 2.33 V             ; -0.00496 V         ; 0.223 V                             ; 0.086 V                             ; 2.9e-09 s                  ; 2.73e-09 s                 ; Yes                       ; Yes                       ;
; GPIO_1[6]     ; 2.5 V        ; 0 s                 ; 0 s                 ; 2.32 V                       ; 4.49e-09 V                   ; 2.38 V              ; -0.00552 V          ; 0.096 V                              ; 0.019 V                              ; 4.18e-10 s                  ; 3.59e-10 s                  ; No                         ; Yes                        ; 2.32 V                      ; 4.49e-09 V                  ; 2.38 V             ; -0.00552 V         ; 0.096 V                             ; 0.019 V                             ; 4.18e-10 s                 ; 3.59e-10 s                 ; No                        ; Yes                       ;
; GPIO_1[7]     ; 2.5 V        ; 0 s                 ; 0 s                 ; 2.32 V                       ; 4.49e-09 V                   ; 2.38 V              ; -0.00552 V          ; 0.096 V                              ; 0.019 V                              ; 4.18e-10 s                  ; 3.59e-10 s                  ; No                         ; Yes                        ; 2.32 V                      ; 4.49e-09 V                  ; 2.38 V             ; -0.00552 V         ; 0.096 V                             ; 0.019 V                             ; 4.18e-10 s                 ; 3.59e-10 s                 ; No                        ; Yes                       ;
; GPIO_1[8]     ; 2.5 V        ; 0 s                 ; 0 s                 ; 2.32 V                       ; 3.07e-09 V                   ; 2.37 V              ; -0.00994 V          ; 0.186 V                              ; 0.028 V                              ; 4.98e-10 s                  ; 4.96e-10 s                  ; Yes                        ; Yes                        ; 2.32 V                      ; 3.07e-09 V                  ; 2.37 V             ; -0.00994 V         ; 0.186 V                             ; 0.028 V                             ; 4.98e-10 s                 ; 4.96e-10 s                 ; Yes                       ; Yes                       ;
; GPIO_1[9]     ; 2.5 V        ; 0 s                 ; 0 s                 ; 2.32 V                       ; 4.49e-09 V                   ; 2.38 V              ; -0.00552 V          ; 0.096 V                              ; 0.019 V                              ; 4.18e-10 s                  ; 3.59e-10 s                  ; No                         ; Yes                        ; 2.32 V                      ; 4.49e-09 V                  ; 2.38 V             ; -0.00552 V         ; 0.096 V                             ; 0.019 V                             ; 4.18e-10 s                 ; 3.59e-10 s                 ; No                        ; Yes                       ;
; GPIO_1[10]    ; 2.5 V        ; 0 s                 ; 0 s                 ; 2.32 V                       ; 4.49e-09 V                   ; 2.38 V              ; -0.00552 V          ; 0.096 V                              ; 0.019 V                              ; 4.18e-10 s                  ; 3.59e-10 s                  ; No                         ; Yes                        ; 2.32 V                      ; 4.49e-09 V                  ; 2.38 V             ; -0.00552 V         ; 0.096 V                             ; 0.019 V                             ; 4.18e-10 s                 ; 3.59e-10 s                 ; No                        ; Yes                       ;
; GPIO_1[11]    ; 2.5 V        ; 0 s                 ; 0 s                 ; 2.32 V                       ; 3.07e-09 V                   ; 2.37 V              ; -0.00994 V          ; 0.186 V                              ; 0.028 V                              ; 4.98e-10 s                  ; 4.96e-10 s                  ; Yes                        ; Yes                        ; 2.32 V                      ; 3.07e-09 V                  ; 2.37 V             ; -0.00994 V         ; 0.186 V                             ; 0.028 V                             ; 4.98e-10 s                 ; 4.96e-10 s                 ; Yes                       ; Yes                       ;
; GPIO_1[12]    ; 2.5 V        ; 0 s                 ; 0 s                 ; 2.32 V                       ; 4.49e-09 V                   ; 2.38 V              ; -0.00552 V          ; 0.096 V                              ; 0.019 V                              ; 4.18e-10 s                  ; 3.59e-10 s                  ; No                         ; Yes                        ; 2.32 V                      ; 4.49e-09 V                  ; 2.38 V             ; -0.00552 V         ; 0.096 V                             ; 0.019 V                             ; 4.18e-10 s                 ; 3.59e-10 s                 ; No                        ; Yes                       ;
; GPIO_1[13]    ; 2.5 V        ; 0 s                 ; 0 s                 ; 2.32 V                       ; 3.07e-09 V                   ; 2.37 V              ; -0.00994 V          ; 0.186 V                              ; 0.028 V                              ; 4.98e-10 s                  ; 4.96e-10 s                  ; Yes                        ; Yes                        ; 2.32 V                      ; 3.07e-09 V                  ; 2.37 V             ; -0.00994 V         ; 0.186 V                             ; 0.028 V                             ; 4.98e-10 s                 ; 4.96e-10 s                 ; Yes                       ; Yes                       ;
; GPIO_1[14]    ; 2.5 V        ; 0 s                 ; 0 s                 ; 2.32 V                       ; 3.07e-09 V                   ; 2.37 V              ; -0.00994 V          ; 0.186 V                              ; 0.028 V                              ; 4.98e-10 s                  ; 4.96e-10 s                  ; Yes                        ; Yes                        ; 2.32 V                      ; 3.07e-09 V                  ; 2.37 V             ; -0.00994 V         ; 0.186 V                             ; 0.028 V                             ; 4.98e-10 s                 ; 4.96e-10 s                 ; Yes                       ; Yes                       ;
; GPIO_1[15]    ; 2.5 V        ; 0 s                 ; 0 s                 ; 2.32 V                       ; 4.49e-09 V                   ; 2.38 V              ; -0.00552 V          ; 0.096 V                              ; 0.019 V                              ; 4.18e-10 s                  ; 3.59e-10 s                  ; No                         ; Yes                        ; 2.32 V                      ; 4.49e-09 V                  ; 2.38 V             ; -0.00552 V         ; 0.096 V                             ; 0.019 V                             ; 4.18e-10 s                 ; 3.59e-10 s                 ; No                        ; Yes                       ;
; GPIO_1[16]    ; 2.5 V        ; 0 s                 ; 0 s                 ; 2.32 V                       ; 3.07e-09 V                   ; 2.37 V              ; -0.00994 V          ; 0.186 V                              ; 0.028 V                              ; 4.98e-10 s                  ; 4.96e-10 s                  ; Yes                        ; Yes                        ; 2.32 V                      ; 3.07e-09 V                  ; 2.37 V             ; -0.00994 V         ; 0.186 V                             ; 0.028 V                             ; 4.98e-10 s                 ; 4.96e-10 s                 ; Yes                       ; Yes                       ;
; GPIO_1[17]    ; 2.5 V        ; 0 s                 ; 0 s                 ; 2.32 V                       ; 4.49e-09 V                   ; 2.38 V              ; -0.00552 V          ; 0.096 V                              ; 0.019 V                              ; 4.18e-10 s                  ; 3.59e-10 s                  ; No                         ; Yes                        ; 2.32 V                      ; 4.49e-09 V                  ; 2.38 V             ; -0.00552 V         ; 0.096 V                             ; 0.019 V                             ; 4.18e-10 s                 ; 3.59e-10 s                 ; No                        ; Yes                       ;
; GPIO_1[18]    ; 2.5 V        ; 0 s                 ; 0 s                 ; 2.32 V                       ; 4.49e-09 V                   ; 2.38 V              ; -0.00552 V          ; 0.096 V                              ; 0.019 V                              ; 4.18e-10 s                  ; 3.59e-10 s                  ; No                         ; Yes                        ; 2.32 V                      ; 4.49e-09 V                  ; 2.38 V             ; -0.00552 V         ; 0.096 V                             ; 0.019 V                             ; 4.18e-10 s                 ; 3.59e-10 s                 ; No                        ; Yes                       ;
; GPIO_1[19]    ; 2.5 V        ; 0 s                 ; 0 s                 ; 2.32 V                       ; 3.07e-09 V                   ; 2.37 V              ; -0.00994 V          ; 0.186 V                              ; 0.028 V                              ; 4.98e-10 s                  ; 4.96e-10 s                  ; Yes                        ; Yes                        ; 2.32 V                      ; 3.07e-09 V                  ; 2.37 V             ; -0.00994 V         ; 0.186 V                             ; 0.028 V                             ; 4.98e-10 s                 ; 4.96e-10 s                 ; Yes                       ; Yes                       ;
; GPIO_1[20]    ; 2.5 V        ; 0 s                 ; 0 s                 ; 2.32 V                       ; 4.49e-09 V                   ; 2.38 V              ; -0.00552 V          ; 0.096 V                              ; 0.019 V                              ; 4.18e-10 s                  ; 3.59e-10 s                  ; No                         ; Yes                        ; 2.32 V                      ; 4.49e-09 V                  ; 2.38 V             ; -0.00552 V         ; 0.096 V                             ; 0.019 V                             ; 4.18e-10 s                 ; 3.59e-10 s                 ; No                        ; Yes                       ;
; GPIO_1[21]    ; 2.5 V        ; 0 s                 ; 0 s                 ; 2.32 V                       ; 4.49e-09 V                   ; 2.38 V              ; -0.00552 V          ; 0.096 V                              ; 0.019 V                              ; 4.18e-10 s                  ; 3.59e-10 s                  ; No                         ; Yes                        ; 2.32 V                      ; 4.49e-09 V                  ; 2.38 V             ; -0.00552 V         ; 0.096 V                             ; 0.019 V                             ; 4.18e-10 s                 ; 3.59e-10 s                 ; No                        ; Yes                       ;
; GPIO_1[22]    ; 2.5 V        ; 0 s                 ; 0 s                 ; 2.32 V                       ; 3.07e-09 V                   ; 2.37 V              ; -0.00994 V          ; 0.186 V                              ; 0.028 V                              ; 4.98e-10 s                  ; 4.96e-10 s                  ; Yes                        ; Yes                        ; 2.32 V                      ; 3.07e-09 V                  ; 2.37 V             ; -0.00994 V         ; 0.186 V                             ; 0.028 V                             ; 4.98e-10 s                 ; 4.96e-10 s                 ; Yes                       ; Yes                       ;
; GPIO_1[23]    ; 2.5 V        ; 0 s                 ; 0 s                 ; 2.32 V                       ; 4.49e-09 V                   ; 2.38 V              ; -0.00552 V          ; 0.096 V                              ; 0.019 V                              ; 4.18e-10 s                  ; 3.59e-10 s                  ; No                         ; Yes                        ; 2.32 V                      ; 4.49e-09 V                  ; 2.38 V             ; -0.00552 V         ; 0.096 V                             ; 0.019 V                             ; 4.18e-10 s                 ; 3.59e-10 s                 ; No                        ; Yes                       ;
; GPIO_1[24]    ; 2.5 V        ; 0 s                 ; 0 s                 ; 2.32 V                       ; 4.49e-09 V                   ; 2.38 V              ; -0.00552 V          ; 0.096 V                              ; 0.019 V                              ; 4.18e-10 s                  ; 3.59e-10 s                  ; No                         ; Yes                        ; 2.32 V                      ; 4.49e-09 V                  ; 2.38 V             ; -0.00552 V         ; 0.096 V                             ; 0.019 V                             ; 4.18e-10 s                 ; 3.59e-10 s                 ; No                        ; Yes                       ;
; GPIO_1[25]    ; 2.5 V        ; 0 s                 ; 0 s                 ; 2.32 V                       ; 4.49e-09 V                   ; 2.38 V              ; -0.00552 V          ; 0.096 V                              ; 0.019 V                              ; 4.18e-10 s                  ; 3.59e-10 s                  ; No                         ; Yes                        ; 2.32 V                      ; 4.49e-09 V                  ; 2.38 V             ; -0.00552 V         ; 0.096 V                             ; 0.019 V                             ; 4.18e-10 s                 ; 3.59e-10 s                 ; No                        ; Yes                       ;
; GPIO_1[26]    ; 2.5 V        ; 0 s                 ; 0 s                 ; 2.32 V                       ; 3.07e-09 V                   ; 2.37 V              ; -0.00994 V          ; 0.186 V                              ; 0.028 V                              ; 4.98e-10 s                  ; 4.96e-10 s                  ; Yes                        ; Yes                        ; 2.32 V                      ; 3.07e-09 V                  ; 2.37 V             ; -0.00994 V         ; 0.186 V                             ; 0.028 V                             ; 4.98e-10 s                 ; 4.96e-10 s                 ; Yes                       ; Yes                       ;
; GPIO_1[27]    ; 2.5 V        ; 0 s                 ; 0 s                 ; 2.32 V                       ; 4.49e-09 V                   ; 2.38 V              ; -0.00552 V          ; 0.096 V                              ; 0.019 V                              ; 4.18e-10 s                  ; 3.59e-10 s                  ; No                         ; Yes                        ; 2.32 V                      ; 4.49e-09 V                  ; 2.38 V             ; -0.00552 V         ; 0.096 V                             ; 0.019 V                             ; 4.18e-10 s                 ; 3.59e-10 s                 ; No                        ; Yes                       ;
; GPIO_1[28]    ; 2.5 V        ; 0 s                 ; 0 s                 ; 2.32 V                       ; 4.49e-09 V                   ; 2.38 V              ; -0.00552 V          ; 0.096 V                              ; 0.019 V                              ; 4.18e-10 s                  ; 3.59e-10 s                  ; No                         ; Yes                        ; 2.32 V                      ; 4.49e-09 V                  ; 2.38 V             ; -0.00552 V         ; 0.096 V                             ; 0.019 V                             ; 4.18e-10 s                 ; 3.59e-10 s                 ; No                        ; Yes                       ;
; GPIO_1[29]    ; 2.5 V        ; 0 s                 ; 0 s                 ; 2.32 V                       ; 4.49e-09 V                   ; 2.38 V              ; -0.00552 V          ; 0.096 V                              ; 0.019 V                              ; 4.18e-10 s                  ; 3.59e-10 s                  ; No                         ; Yes                        ; 2.32 V                      ; 4.49e-09 V                  ; 2.38 V             ; -0.00552 V         ; 0.096 V                             ; 0.019 V                             ; 4.18e-10 s                 ; 3.59e-10 s                 ; No                        ; Yes                       ;
; GPIO_1[30]    ; 2.5 V        ; 0 s                 ; 0 s                 ; 2.32 V                       ; 4.49e-09 V                   ; 2.38 V              ; -0.00552 V          ; 0.096 V                              ; 0.019 V                              ; 4.18e-10 s                  ; 3.59e-10 s                  ; No                         ; Yes                        ; 2.32 V                      ; 4.49e-09 V                  ; 2.38 V             ; -0.00552 V         ; 0.096 V                             ; 0.019 V                             ; 4.18e-10 s                 ; 3.59e-10 s                 ; No                        ; Yes                       ;
; GPIO_1[31]    ; 2.5 V        ; 0 s                 ; 0 s                 ; 2.32 V                       ; 4.49e-09 V                   ; 2.38 V              ; -0.00552 V          ; 0.096 V                              ; 0.019 V                              ; 4.18e-10 s                  ; 3.59e-10 s                  ; No                         ; Yes                        ; 2.32 V                      ; 4.49e-09 V                  ; 2.38 V             ; -0.00552 V         ; 0.096 V                             ; 0.019 V                             ; 4.18e-10 s                 ; 3.59e-10 s                 ; No                        ; Yes                       ;
; GPIO_1[32]    ; 2.5 V        ; 0 s                 ; 0 s                 ; 2.32 V                       ; 4.49e-09 V                   ; 2.38 V              ; -0.00552 V          ; 0.096 V                              ; 0.019 V                              ; 4.18e-10 s                  ; 3.59e-10 s                  ; No                         ; Yes                        ; 2.32 V                      ; 4.49e-09 V                  ; 2.38 V             ; -0.00552 V         ; 0.096 V                             ; 0.019 V                             ; 4.18e-10 s                 ; 3.59e-10 s                 ; No                        ; Yes                       ;
; GPIO_1[33]    ; 2.5 V        ; 0 s                 ; 0 s                 ; 2.32 V                       ; 4.49e-09 V                   ; 2.38 V              ; -0.00552 V          ; 0.096 V                              ; 0.019 V                              ; 4.18e-10 s                  ; 3.59e-10 s                  ; No                         ; Yes                        ; 2.32 V                      ; 4.49e-09 V                  ; 2.38 V             ; -0.00552 V         ; 0.096 V                             ; 0.019 V                             ; 4.18e-10 s                 ; 3.59e-10 s                 ; No                        ; Yes                       ;
; GPIO_1[34]    ; 2.5 V        ; 0 s                 ; 0 s                 ; 2.32 V                       ; 4.49e-09 V                   ; 2.33 V              ; -0.00467 V          ; 0.226 V                              ; 0.087 V                              ; 2.91e-09 s                  ; 2.74e-09 s                  ; Yes                        ; Yes                        ; 2.32 V                      ; 4.49e-09 V                  ; 2.33 V             ; -0.00467 V         ; 0.226 V                             ; 0.087 V                             ; 2.91e-09 s                 ; 2.74e-09 s                 ; Yes                       ; Yes                       ;
; GPIO_1[35]    ; 2.5 V        ; 0 s                 ; 0 s                 ; 2.32 V                       ; 3.07e-09 V                   ; 2.37 V              ; -0.00994 V          ; 0.186 V                              ; 0.028 V                              ; 4.98e-10 s                  ; 4.96e-10 s                  ; Yes                        ; Yes                        ; 2.32 V                      ; 3.07e-09 V                  ; 2.37 V             ; -0.00994 V         ; 0.186 V                             ; 0.028 V                             ; 4.98e-10 s                 ; 4.96e-10 s                 ; Yes                       ; Yes                       ;
; LCD_DATA[0]   ; 2.5 V        ; 0 s                 ; 0 s                 ; 2.32 V                       ; 3.07e-09 V                   ; 2.37 V              ; -0.00994 V          ; 0.186 V                              ; 0.028 V                              ; 4.98e-10 s                  ; 4.96e-10 s                  ; Yes                        ; Yes                        ; 2.32 V                      ; 3.07e-09 V                  ; 2.37 V             ; -0.00994 V         ; 0.186 V                             ; 0.028 V                             ; 4.98e-10 s                 ; 4.96e-10 s                 ; Yes                       ; Yes                       ;
; LCD_DATA[1]   ; 2.5 V        ; 0 s                 ; 0 s                 ; 2.32 V                       ; 3.07e-09 V                   ; 2.37 V              ; -0.00994 V          ; 0.186 V                              ; 0.028 V                              ; 4.98e-10 s                  ; 4.96e-10 s                  ; Yes                        ; Yes                        ; 2.32 V                      ; 3.07e-09 V                  ; 2.37 V             ; -0.00994 V         ; 0.186 V                             ; 0.028 V                             ; 4.98e-10 s                 ; 4.96e-10 s                 ; Yes                       ; Yes                       ;
; LCD_DATA[2]   ; 2.5 V        ; 0 s                 ; 0 s                 ; 2.32 V                       ; 3.07e-09 V                   ; 2.37 V              ; -0.00994 V          ; 0.186 V                              ; 0.028 V                              ; 4.98e-10 s                  ; 4.96e-10 s                  ; Yes                        ; Yes                        ; 2.32 V                      ; 3.07e-09 V                  ; 2.37 V             ; -0.00994 V         ; 0.186 V                             ; 0.028 V                             ; 4.98e-10 s                 ; 4.96e-10 s                 ; Yes                       ; Yes                       ;
; LCD_DATA[3]   ; 2.5 V        ; 0 s                 ; 0 s                 ; 2.32 V                       ; 3.07e-09 V                   ; 2.37 V              ; -0.00994 V          ; 0.186 V                              ; 0.028 V                              ; 4.98e-10 s                  ; 4.96e-10 s                  ; Yes                        ; Yes                        ; 2.32 V                      ; 3.07e-09 V                  ; 2.37 V             ; -0.00994 V         ; 0.186 V                             ; 0.028 V                             ; 4.98e-10 s                 ; 4.96e-10 s                 ; Yes                       ; Yes                       ;
; LCD_DATA[4]   ; 2.5 V        ; 0 s                 ; 0 s                 ; 2.32 V                       ; 3.07e-09 V                   ; 2.37 V              ; -0.00994 V          ; 0.186 V                              ; 0.028 V                              ; 4.98e-10 s                  ; 4.96e-10 s                  ; Yes                        ; Yes                        ; 2.32 V                      ; 3.07e-09 V                  ; 2.37 V             ; -0.00994 V         ; 0.186 V                             ; 0.028 V                             ; 4.98e-10 s                 ; 4.96e-10 s                 ; Yes                       ; Yes                       ;
; LCD_DATA[5]   ; 2.5 V        ; 0 s                 ; 0 s                 ; 2.32 V                       ; 3.07e-09 V                   ; 2.37 V              ; -0.00994 V          ; 0.186 V                              ; 0.028 V                              ; 4.98e-10 s                  ; 4.96e-10 s                  ; Yes                        ; Yes                        ; 2.32 V                      ; 3.07e-09 V                  ; 2.37 V             ; -0.00994 V         ; 0.186 V                             ; 0.028 V                             ; 4.98e-10 s                 ; 4.96e-10 s                 ; Yes                       ; Yes                       ;
; LCD_DATA[6]   ; 2.5 V        ; 0 s                 ; 0 s                 ; 2.32 V                       ; 3.07e-09 V                   ; 2.37 V              ; -0.00994 V          ; 0.186 V                              ; 0.028 V                              ; 4.98e-10 s                  ; 4.96e-10 s                  ; Yes                        ; Yes                        ; 2.32 V                      ; 3.07e-09 V                  ; 2.37 V             ; -0.00994 V         ; 0.186 V                             ; 0.028 V                             ; 4.98e-10 s                 ; 4.96e-10 s                 ; Yes                       ; Yes                       ;
; LCD_DATA[7]   ; 2.5 V        ; 0 s                 ; 0 s                 ; 2.32 V                       ; 3.07e-09 V                   ; 2.33 V              ; -0.00496 V          ; 0.223 V                              ; 0.086 V                              ; 2.9e-09 s                   ; 2.73e-09 s                  ; Yes                        ; Yes                        ; 2.32 V                      ; 3.07e-09 V                  ; 2.33 V             ; -0.00496 V         ; 0.223 V                             ; 0.086 V                             ; 2.9e-09 s                  ; 2.73e-09 s                 ; Yes                       ; Yes                       ;
; ~ALTERA_DCLK~ ; 2.5 V        ; 0 s                 ; 0 s                 ; 2.32 V                       ; 2.67e-09 V                   ; 2.38 V              ; -0.0485 V           ; 0.167 V                              ; 0.096 V                              ; 2.95e-10 s                  ; 2.73e-10 s                  ; Yes                        ; Yes                        ; 2.32 V                      ; 2.67e-09 V                  ; 2.38 V             ; -0.0485 V          ; 0.167 V                             ; 0.096 V                             ; 2.95e-10 s                 ; 2.73e-10 s                 ; Yes                       ; Yes                       ;
; ~ALTERA_nCEO~ ; 2.5 V        ; 0 s                 ; 0 s                 ; 2.32 V                       ; 4.18e-09 V                   ; 2.38 V              ; -0.00483 V          ; 0.152 V                              ; 0.012 V                              ; 4.81e-10 s                  ; 6.29e-10 s                  ; Yes                        ; Yes                        ; 2.32 V                      ; 4.18e-09 V                  ; 2.38 V             ; -0.00483 V         ; 0.152 V                             ; 0.012 V                             ; 4.81e-10 s                 ; 6.29e-10 s                 ; Yes                       ; Yes                       ;
+---------------+--------------+---------------------+---------------------+------------------------------+------------------------------+---------------------+---------------------+--------------------------------------+--------------------------------------+-----------------------------+-----------------------------+----------------------------+----------------------------+-----------------------------+-----------------------------+--------------------+--------------------+-------------------------------------+-------------------------------------+----------------------------+----------------------------+---------------------------+---------------------------+


+--------------------------------------------------------------------------------------------------------------------------------------------------------------------------------------------------------------------------------------------------------------------------------------------------------------------------------------------------------------------------------------------------------------------------------------------------------------------------------------------------------------------------------------------------------------------------------------------------------------------------------------------------------------------------------------------+
; Signal Integrity Metrics (Slow 1200mv 85c Model)                                                                                                                                                                                                                                                                                                                                                                                                                                                                                                                                                                                                                                           ;
+---------------+--------------+---------------------+---------------------+------------------------------+------------------------------+---------------------+---------------------+--------------------------------------+--------------------------------------+-----------------------------+-----------------------------+----------------------------+----------------------------+-----------------------------+-----------------------------+--------------------+--------------------+-------------------------------------+-------------------------------------+----------------------------+----------------------------+---------------------------+---------------------------+
; Pin           ; I/O Standard ; Board Delay on Rise ; Board Delay on Fall ; Steady State Voh at FPGA Pin ; Steady State Vol at FPGA Pin ; Voh Max at FPGA Pin ; Vol Min at FPGA Pin ; Ringback Voltage on Rise at FPGA Pin ; Ringback Voltage on Fall at FPGA Pin ; 10-90 Rise Time at FPGA Pin ; 90-10 Fall Time at FPGA Pin ; Monotonic Rise at FPGA Pin ; Monotonic Fall at FPGA Pin ; Steady State Voh at Far-end ; Steady State Vol at Far-end ; Voh Max at Far-end ; Vol Min at Far-end ; Ringback Voltage on Rise at Far-end ; Ringback Voltage on Fall at Far-end ; 10-90 Rise Time at Far-end ; 90-10 Fall Time at Far-end ; Monotonic Rise at Far-end ; Monotonic Fall at Far-end ;
+---------------+--------------+---------------------+---------------------+------------------------------+------------------------------+---------------------+---------------------+--------------------------------------+--------------------------------------+-----------------------------+-----------------------------+----------------------------+----------------------------+-----------------------------+-----------------------------+--------------------+--------------------+-------------------------------------+-------------------------------------+----------------------------+----------------------------+---------------------------+---------------------------+
; HEX0[0]       ; 2.5 V        ; 0 s                 ; 0 s                 ; 2.32 V                       ; 6.92e-07 V                   ; 2.35 V              ; -0.00996 V          ; 0.121 V                              ; 0.03 V                               ; 4.64e-10 s                  ; 4.47e-10 s                  ; Yes                        ; Yes                        ; 2.32 V                      ; 6.92e-07 V                  ; 2.35 V             ; -0.00996 V         ; 0.121 V                             ; 0.03 V                              ; 4.64e-10 s                 ; 4.47e-10 s                 ; Yes                       ; Yes                       ;
; HEX0[1]       ; 2.5 V        ; 0 s                 ; 0 s                 ; 2.32 V                       ; 6.92e-07 V                   ; 2.33 V              ; -0.00265 V          ; 0.133 V                              ; 0.056 V                              ; 3.55e-09 s                  ; 3.31e-09 s                  ; Yes                        ; Yes                        ; 2.32 V                      ; 6.92e-07 V                  ; 2.33 V             ; -0.00265 V         ; 0.133 V                             ; 0.056 V                             ; 3.55e-09 s                 ; 3.31e-09 s                 ; Yes                       ; Yes                       ;
; HEX0[2]       ; 2.5 V        ; 0 s                 ; 0 s                 ; 2.32 V                       ; 6.92e-07 V                   ; 2.35 V              ; -0.00996 V          ; 0.121 V                              ; 0.03 V                               ; 4.64e-10 s                  ; 4.47e-10 s                  ; Yes                        ; Yes                        ; 2.32 V                      ; 6.92e-07 V                  ; 2.35 V             ; -0.00996 V         ; 0.121 V                             ; 0.03 V                              ; 4.64e-10 s                 ; 4.47e-10 s                 ; Yes                       ; Yes                       ;
; HEX0[3]       ; 2.5 V        ; 0 s                 ; 0 s                 ; 2.32 V                       ; 4.67e-07 V                   ; 2.36 V              ; -0.00552 V          ; 0.11 V                               ; 0.007 V                              ; 4.54e-10 s                  ; 4.35e-10 s                  ; Yes                        ; Yes                        ; 2.32 V                      ; 4.67e-07 V                  ; 2.36 V             ; -0.00552 V         ; 0.11 V                              ; 0.007 V                             ; 4.54e-10 s                 ; 4.35e-10 s                 ; Yes                       ; Yes                       ;
; HEX0[4]       ; 2.5 V        ; 0 s                 ; 0 s                 ; 2.32 V                       ; 4.67e-07 V                   ; 2.36 V              ; -0.00552 V          ; 0.11 V                               ; 0.007 V                              ; 4.54e-10 s                  ; 4.35e-10 s                  ; Yes                        ; Yes                        ; 2.32 V                      ; 4.67e-07 V                  ; 2.36 V             ; -0.00552 V         ; 0.11 V                              ; 0.007 V                             ; 4.54e-10 s                 ; 4.35e-10 s                 ; Yes                       ; Yes                       ;
; HEX0[5]       ; 2.5 V        ; 0 s                 ; 0 s                 ; 2.32 V                       ; 4.67e-07 V                   ; 2.33 V              ; -0.00269 V          ; 0.13 V                               ; 0.055 V                              ; 3.54e-09 s                  ; 3.29e-09 s                  ; Yes                        ; Yes                        ; 2.32 V                      ; 4.67e-07 V                  ; 2.33 V             ; -0.00269 V         ; 0.13 V                              ; 0.055 V                             ; 3.54e-09 s                 ; 3.29e-09 s                 ; Yes                       ; Yes                       ;
; HEX0[6]       ; 2.5 V        ; 0 s                 ; 0 s                 ; 2.32 V                       ; 4.67e-07 V                   ; 2.36 V              ; -0.00552 V          ; 0.11 V                               ; 0.007 V                              ; 4.54e-10 s                  ; 4.35e-10 s                  ; Yes                        ; Yes                        ; 2.32 V                      ; 4.67e-07 V                  ; 2.36 V             ; -0.00552 V         ; 0.11 V                              ; 0.007 V                             ; 4.54e-10 s                 ; 4.35e-10 s                 ; Yes                       ; Yes                       ;
; HEX1[0]       ; 2.5 V        ; 0 s                 ; 0 s                 ; 2.32 V                       ; 4.67e-07 V                   ; 2.36 V              ; -0.00552 V          ; 0.11 V                               ; 0.007 V                              ; 4.54e-10 s                  ; 4.35e-10 s                  ; Yes                        ; Yes                        ; 2.32 V                      ; 4.67e-07 V                  ; 2.36 V             ; -0.00552 V         ; 0.11 V                              ; 0.007 V                             ; 4.54e-10 s                 ; 4.35e-10 s                 ; Yes                       ; Yes                       ;
; HEX1[1]       ; 2.5 V        ; 0 s                 ; 0 s                 ; 2.32 V                       ; 4.67e-07 V                   ; 2.35 V              ; -0.00942 V          ; 0.116 V                              ; 0.033 V                              ; 6.66e-10 s                  ; 6.27e-10 s                  ; Yes                        ; Yes                        ; 2.32 V                      ; 4.67e-07 V                  ; 2.35 V             ; -0.00942 V         ; 0.116 V                             ; 0.033 V                             ; 6.66e-10 s                 ; 6.27e-10 s                 ; Yes                       ; Yes                       ;
; HEX1[2]       ; 2.5 V        ; 0 s                 ; 0 s                 ; 2.32 V                       ; 4.67e-07 V                   ; 2.35 V              ; -0.00942 V          ; 0.116 V                              ; 0.033 V                              ; 6.66e-10 s                  ; 6.27e-10 s                  ; Yes                        ; Yes                        ; 2.32 V                      ; 4.67e-07 V                  ; 2.35 V             ; -0.00942 V         ; 0.116 V                             ; 0.033 V                             ; 6.66e-10 s                 ; 6.27e-10 s                 ; Yes                       ; Yes                       ;
; HEX1[3]       ; 2.5 V        ; 0 s                 ; 0 s                 ; 2.32 V                       ; 4.67e-07 V                   ; 2.35 V              ; -0.00942 V          ; 0.116 V                              ; 0.033 V                              ; 6.66e-10 s                  ; 6.27e-10 s                  ; Yes                        ; Yes                        ; 2.32 V                      ; 4.67e-07 V                  ; 2.35 V             ; -0.00942 V         ; 0.116 V                             ; 0.033 V                             ; 6.66e-10 s                 ; 6.27e-10 s                 ; Yes                       ; Yes                       ;
; HEX1[4]       ; 2.5 V        ; 0 s                 ; 0 s                 ; 2.32 V                       ; 4.67e-07 V                   ; 2.35 V              ; -0.00942 V          ; 0.116 V                              ; 0.033 V                              ; 6.66e-10 s                  ; 6.27e-10 s                  ; Yes                        ; Yes                        ; 2.32 V                      ; 4.67e-07 V                  ; 2.35 V             ; -0.00942 V         ; 0.116 V                             ; 0.033 V                             ; 6.66e-10 s                 ; 6.27e-10 s                 ; Yes                       ; Yes                       ;
; HEX1[5]       ; 2.5 V        ; 0 s                 ; 0 s                 ; 2.32 V                       ; 4.67e-07 V                   ; 2.33 V              ; -0.00269 V          ; 0.13 V                               ; 0.055 V                              ; 3.54e-09 s                  ; 3.29e-09 s                  ; Yes                        ; Yes                        ; 2.32 V                      ; 4.67e-07 V                  ; 2.33 V             ; -0.00269 V         ; 0.13 V                              ; 0.055 V                             ; 3.54e-09 s                 ; 3.29e-09 s                 ; Yes                       ; Yes                       ;
; HEX1[6]       ; 2.5 V        ; 0 s                 ; 0 s                 ; 2.32 V                       ; 4.67e-07 V                   ; 2.33 V              ; -0.00269 V          ; 0.13 V                               ; 0.055 V                              ; 3.54e-09 s                  ; 3.29e-09 s                  ; Yes                        ; Yes                        ; 2.32 V                      ; 4.67e-07 V                  ; 2.33 V             ; -0.00269 V         ; 0.13 V                              ; 0.055 V                             ; 3.54e-09 s                 ; 3.29e-09 s                 ; Yes                       ; Yes                       ;
; HEX2[0]       ; 2.5 V        ; 0 s                 ; 0 s                 ; 2.32 V                       ; 4.67e-07 V                   ; 2.35 V              ; -0.00942 V          ; 0.116 V                              ; 0.033 V                              ; 6.66e-10 s                  ; 6.27e-10 s                  ; Yes                        ; Yes                        ; 2.32 V                      ; 4.67e-07 V                  ; 2.35 V             ; -0.00942 V         ; 0.116 V                             ; 0.033 V                             ; 6.66e-10 s                 ; 6.27e-10 s                 ; Yes                       ; Yes                       ;
; HEX2[1]       ; 2.5 V        ; 0 s                 ; 0 s                 ; 2.32 V                       ; 4.67e-07 V                   ; 2.35 V              ; -0.00942 V          ; 0.116 V                              ; 0.033 V                              ; 6.66e-10 s                  ; 6.27e-10 s                  ; Yes                        ; Yes                        ; 2.32 V                      ; 4.67e-07 V                  ; 2.35 V             ; -0.00942 V         ; 0.116 V                             ; 0.033 V                             ; 6.66e-10 s                 ; 6.27e-10 s                 ; Yes                       ; Yes                       ;
; HEX2[2]       ; 2.5 V        ; 0 s                 ; 0 s                 ; 2.32 V                       ; 4.67e-07 V                   ; 2.35 V              ; -0.00942 V          ; 0.116 V                              ; 0.033 V                              ; 6.66e-10 s                  ; 6.27e-10 s                  ; Yes                        ; Yes                        ; 2.32 V                      ; 4.67e-07 V                  ; 2.35 V             ; -0.00942 V         ; 0.116 V                             ; 0.033 V                             ; 6.66e-10 s                 ; 6.27e-10 s                 ; Yes                       ; Yes                       ;
; HEX2[3]       ; 2.5 V        ; 0 s                 ; 0 s                 ; 2.32 V                       ; 4.67e-07 V                   ; 2.35 V              ; -0.00942 V          ; 0.116 V                              ; 0.033 V                              ; 6.66e-10 s                  ; 6.27e-10 s                  ; Yes                        ; Yes                        ; 2.32 V                      ; 4.67e-07 V                  ; 2.35 V             ; -0.00942 V         ; 0.116 V                             ; 0.033 V                             ; 6.66e-10 s                 ; 6.27e-10 s                 ; Yes                       ; Yes                       ;
; HEX2[4]       ; 2.5 V        ; 0 s                 ; 0 s                 ; 2.32 V                       ; 4.67e-07 V                   ; 2.35 V              ; -0.00942 V          ; 0.116 V                              ; 0.033 V                              ; 6.66e-10 s                  ; 6.27e-10 s                  ; Yes                        ; Yes                        ; 2.32 V                      ; 4.67e-07 V                  ; 2.35 V             ; -0.00942 V         ; 0.116 V                             ; 0.033 V                             ; 6.66e-10 s                 ; 6.27e-10 s                 ; Yes                       ; Yes                       ;
; HEX2[5]       ; 2.5 V        ; 0 s                 ; 0 s                 ; 2.32 V                       ; 4.67e-07 V                   ; 2.35 V              ; -0.00942 V          ; 0.116 V                              ; 0.033 V                              ; 6.66e-10 s                  ; 6.27e-10 s                  ; Yes                        ; Yes                        ; 2.32 V                      ; 4.67e-07 V                  ; 2.35 V             ; -0.00942 V         ; 0.116 V                             ; 0.033 V                             ; 6.66e-10 s                 ; 6.27e-10 s                 ; Yes                       ; Yes                       ;
; HEX2[6]       ; 2.5 V        ; 0 s                 ; 0 s                 ; 2.32 V                       ; 4.67e-07 V                   ; 2.35 V              ; -0.00942 V          ; 0.116 V                              ; 0.033 V                              ; 6.66e-10 s                  ; 6.27e-10 s                  ; Yes                        ; Yes                        ; 2.32 V                      ; 4.67e-07 V                  ; 2.35 V             ; -0.00942 V         ; 0.116 V                             ; 0.033 V                             ; 6.66e-10 s                 ; 6.27e-10 s                 ; Yes                       ; Yes                       ;
; HEX3[0]       ; 2.5 V        ; 0 s                 ; 0 s                 ; 2.32 V                       ; 4.67e-07 V                   ; 2.35 V              ; -0.00942 V          ; 0.116 V                              ; 0.033 V                              ; 6.66e-10 s                  ; 6.27e-10 s                  ; Yes                        ; Yes                        ; 2.32 V                      ; 4.67e-07 V                  ; 2.35 V             ; -0.00942 V         ; 0.116 V                             ; 0.033 V                             ; 6.66e-10 s                 ; 6.27e-10 s                 ; Yes                       ; Yes                       ;
; HEX3[1]       ; 2.5 V        ; 0 s                 ; 0 s                 ; 2.32 V                       ; 4.67e-07 V                   ; 2.36 V              ; -0.00552 V          ; 0.11 V                               ; 0.007 V                              ; 4.54e-10 s                  ; 4.35e-10 s                  ; Yes                        ; Yes                        ; 2.32 V                      ; 4.67e-07 V                  ; 2.36 V             ; -0.00552 V         ; 0.11 V                              ; 0.007 V                             ; 4.54e-10 s                 ; 4.35e-10 s                 ; Yes                       ; Yes                       ;
; HEX3[2]       ; 2.5 V        ; 0 s                 ; 0 s                 ; 2.32 V                       ; 6.92e-07 V                   ; 2.33 V              ; -0.00265 V          ; 0.133 V                              ; 0.056 V                              ; 3.55e-09 s                  ; 3.31e-09 s                  ; Yes                        ; Yes                        ; 2.32 V                      ; 6.92e-07 V                  ; 2.33 V             ; -0.00265 V         ; 0.133 V                             ; 0.056 V                             ; 3.55e-09 s                 ; 3.31e-09 s                 ; Yes                       ; Yes                       ;
; HEX3[3]       ; 2.5 V        ; 0 s                 ; 0 s                 ; 2.32 V                       ; 6.92e-07 V                   ; 2.35 V              ; -0.00996 V          ; 0.121 V                              ; 0.03 V                               ; 4.64e-10 s                  ; 4.47e-10 s                  ; Yes                        ; Yes                        ; 2.32 V                      ; 6.92e-07 V                  ; 2.35 V             ; -0.00996 V         ; 0.121 V                             ; 0.03 V                              ; 4.64e-10 s                 ; 4.47e-10 s                 ; Yes                       ; Yes                       ;
; HEX3[4]       ; 2.5 V        ; 0 s                 ; 0 s                 ; 2.32 V                       ; 6.92e-07 V                   ; 2.35 V              ; -0.00996 V          ; 0.121 V                              ; 0.03 V                               ; 4.64e-10 s                  ; 4.47e-10 s                  ; Yes                        ; Yes                        ; 2.32 V                      ; 6.92e-07 V                  ; 2.35 V             ; -0.00996 V         ; 0.121 V                             ; 0.03 V                              ; 4.64e-10 s                 ; 4.47e-10 s                 ; Yes                       ; Yes                       ;
; HEX3[5]       ; 2.5 V        ; 0 s                 ; 0 s                 ; 2.32 V                       ; 6.92e-07 V                   ; 2.35 V              ; -0.00996 V          ; 0.121 V                              ; 0.03 V                               ; 4.64e-10 s                  ; 4.47e-10 s                  ; Yes                        ; Yes                        ; 2.32 V                      ; 6.92e-07 V                  ; 2.35 V             ; -0.00996 V         ; 0.121 V                             ; 0.03 V                              ; 4.64e-10 s                 ; 4.47e-10 s                 ; Yes                       ; Yes                       ;
; HEX3[6]       ; 2.5 V        ; 0 s                 ; 0 s                 ; 2.32 V                       ; 6.92e-07 V                   ; 2.35 V              ; -0.00996 V          ; 0.121 V                              ; 0.03 V                               ; 4.64e-10 s                  ; 4.47e-10 s                  ; Yes                        ; Yes                        ; 2.32 V                      ; 6.92e-07 V                  ; 2.35 V             ; -0.00996 V         ; 0.121 V                             ; 0.03 V                              ; 4.64e-10 s                 ; 4.47e-10 s                 ; Yes                       ; Yes                       ;
; HEX4[0]       ; 2.5 V        ; 0 s                 ; 0 s                 ; 2.32 V                       ; 6.92e-07 V                   ; 2.35 V              ; -0.00996 V          ; 0.121 V                              ; 0.03 V                               ; 4.64e-10 s                  ; 4.47e-10 s                  ; Yes                        ; Yes                        ; 2.32 V                      ; 6.92e-07 V                  ; 2.35 V             ; -0.00996 V         ; 0.121 V                             ; 0.03 V                              ; 4.64e-10 s                 ; 4.47e-10 s                 ; Yes                       ; Yes                       ;
; HEX4[1]       ; 2.5 V        ; 0 s                 ; 0 s                 ; 2.32 V                       ; 6.92e-07 V                   ; 2.35 V              ; -0.00996 V          ; 0.121 V                              ; 0.03 V                               ; 4.64e-10 s                  ; 4.47e-10 s                  ; Yes                        ; Yes                        ; 2.32 V                      ; 6.92e-07 V                  ; 2.35 V             ; -0.00996 V         ; 0.121 V                             ; 0.03 V                              ; 4.64e-10 s                 ; 4.47e-10 s                 ; Yes                       ; Yes                       ;
; HEX4[2]       ; 2.5 V        ; 0 s                 ; 0 s                 ; 2.32 V                       ; 6.92e-07 V                   ; 2.35 V              ; -0.00996 V          ; 0.121 V                              ; 0.03 V                               ; 4.64e-10 s                  ; 4.47e-10 s                  ; Yes                        ; Yes                        ; 2.32 V                      ; 6.92e-07 V                  ; 2.35 V             ; -0.00996 V         ; 0.121 V                             ; 0.03 V                              ; 4.64e-10 s                 ; 4.47e-10 s                 ; Yes                       ; Yes                       ;
; HEX4[3]       ; 2.5 V        ; 0 s                 ; 0 s                 ; 2.32 V                       ; 6.92e-07 V                   ; 2.35 V              ; -0.00996 V          ; 0.121 V                              ; 0.03 V                               ; 4.64e-10 s                  ; 4.47e-10 s                  ; Yes                        ; Yes                        ; 2.32 V                      ; 6.92e-07 V                  ; 2.35 V             ; -0.00996 V         ; 0.121 V                             ; 0.03 V                              ; 4.64e-10 s                 ; 4.47e-10 s                 ; Yes                       ; Yes                       ;
; HEX4[4]       ; 2.5 V        ; 0 s                 ; 0 s                 ; 2.32 V                       ; 6.92e-07 V                   ; 2.35 V              ; -0.00996 V          ; 0.121 V                              ; 0.03 V                               ; 4.64e-10 s                  ; 4.47e-10 s                  ; Yes                        ; Yes                        ; 2.32 V                      ; 6.92e-07 V                  ; 2.35 V             ; -0.00996 V         ; 0.121 V                             ; 0.03 V                              ; 4.64e-10 s                 ; 4.47e-10 s                 ; Yes                       ; Yes                       ;
; HEX4[5]       ; 2.5 V        ; 0 s                 ; 0 s                 ; 2.32 V                       ; 6.92e-07 V                   ; 2.35 V              ; -0.00996 V          ; 0.121 V                              ; 0.03 V                               ; 4.64e-10 s                  ; 4.47e-10 s                  ; Yes                        ; Yes                        ; 2.32 V                      ; 6.92e-07 V                  ; 2.35 V             ; -0.00996 V         ; 0.121 V                             ; 0.03 V                              ; 4.64e-10 s                 ; 4.47e-10 s                 ; Yes                       ; Yes                       ;
; HEX4[6]       ; 2.5 V        ; 0 s                 ; 0 s                 ; 2.32 V                       ; 6.92e-07 V                   ; 2.35 V              ; -0.00996 V          ; 0.121 V                              ; 0.03 V                               ; 4.64e-10 s                  ; 4.47e-10 s                  ; Yes                        ; Yes                        ; 2.32 V                      ; 6.92e-07 V                  ; 2.35 V             ; -0.00996 V         ; 0.121 V                             ; 0.03 V                              ; 4.64e-10 s                 ; 4.47e-10 s                 ; Yes                       ; Yes                       ;
; HEX5[0]       ; 2.5 V        ; 0 s                 ; 0 s                 ; 2.32 V                       ; 6.92e-07 V                   ; 2.35 V              ; -0.00996 V          ; 0.121 V                              ; 0.03 V                               ; 4.64e-10 s                  ; 4.47e-10 s                  ; Yes                        ; Yes                        ; 2.32 V                      ; 6.92e-07 V                  ; 2.35 V             ; -0.00996 V         ; 0.121 V                             ; 0.03 V                              ; 4.64e-10 s                 ; 4.47e-10 s                 ; Yes                       ; Yes                       ;
; HEX5[1]       ; 2.5 V        ; 0 s                 ; 0 s                 ; 2.32 V                       ; 6.92e-07 V                   ; 2.33 V              ; -0.00265 V          ; 0.133 V                              ; 0.056 V                              ; 3.55e-09 s                  ; 3.31e-09 s                  ; Yes                        ; Yes                        ; 2.32 V                      ; 6.92e-07 V                  ; 2.33 V             ; -0.00265 V         ; 0.133 V                             ; 0.056 V                             ; 3.55e-09 s                 ; 3.31e-09 s                 ; Yes                       ; Yes                       ;
; HEX5[2]       ; 2.5 V        ; 0 s                 ; 0 s                 ; 2.32 V                       ; 6.92e-07 V                   ; 2.35 V              ; -0.00996 V          ; 0.121 V                              ; 0.03 V                               ; 4.64e-10 s                  ; 4.47e-10 s                  ; Yes                        ; Yes                        ; 2.32 V                      ; 6.92e-07 V                  ; 2.35 V             ; -0.00996 V         ; 0.121 V                             ; 0.03 V                              ; 4.64e-10 s                 ; 4.47e-10 s                 ; Yes                       ; Yes                       ;
; HEX5[3]       ; 2.5 V        ; 0 s                 ; 0 s                 ; 2.32 V                       ; 6.92e-07 V                   ; 2.35 V              ; -0.00996 V          ; 0.121 V                              ; 0.03 V                               ; 4.64e-10 s                  ; 4.47e-10 s                  ; Yes                        ; Yes                        ; 2.32 V                      ; 6.92e-07 V                  ; 2.35 V             ; -0.00996 V         ; 0.121 V                             ; 0.03 V                              ; 4.64e-10 s                 ; 4.47e-10 s                 ; Yes                       ; Yes                       ;
; HEX5[4]       ; 2.5 V        ; 0 s                 ; 0 s                 ; 2.32 V                       ; 6.92e-07 V                   ; 2.35 V              ; -0.00996 V          ; 0.121 V                              ; 0.03 V                               ; 4.64e-10 s                  ; 4.47e-10 s                  ; Yes                        ; Yes                        ; 2.32 V                      ; 6.92e-07 V                  ; 2.35 V             ; -0.00996 V         ; 0.121 V                             ; 0.03 V                              ; 4.64e-10 s                 ; 4.47e-10 s                 ; Yes                       ; Yes                       ;
; HEX5[5]       ; 2.5 V        ; 0 s                 ; 0 s                 ; 2.32 V                       ; 6.92e-07 V                   ; 2.35 V              ; -0.00996 V          ; 0.121 V                              ; 0.03 V                               ; 4.64e-10 s                  ; 4.47e-10 s                  ; Yes                        ; Yes                        ; 2.32 V                      ; 6.92e-07 V                  ; 2.35 V             ; -0.00996 V         ; 0.121 V                             ; 0.03 V                              ; 4.64e-10 s                 ; 4.47e-10 s                 ; Yes                       ; Yes                       ;
; HEX5[6]       ; 2.5 V        ; 0 s                 ; 0 s                 ; 2.32 V                       ; 6.92e-07 V                   ; 2.35 V              ; -0.00996 V          ; 0.121 V                              ; 0.03 V                               ; 4.64e-10 s                  ; 4.47e-10 s                  ; Yes                        ; Yes                        ; 2.32 V                      ; 6.92e-07 V                  ; 2.35 V             ; -0.00996 V         ; 0.121 V                             ; 0.03 V                              ; 4.64e-10 s                 ; 4.47e-10 s                 ; Yes                       ; Yes                       ;
; HEX6[0]       ; 2.5 V        ; 0 s                 ; 0 s                 ; 2.32 V                       ; 6.92e-07 V                   ; 2.35 V              ; -0.00996 V          ; 0.121 V                              ; 0.03 V                               ; 4.64e-10 s                  ; 4.47e-10 s                  ; Yes                        ; Yes                        ; 2.32 V                      ; 6.92e-07 V                  ; 2.35 V             ; -0.00996 V         ; 0.121 V                             ; 0.03 V                              ; 4.64e-10 s                 ; 4.47e-10 s                 ; Yes                       ; Yes                       ;
; HEX6[1]       ; 2.5 V        ; 0 s                 ; 0 s                 ; 2.32 V                       ; 6.92e-07 V                   ; 2.35 V              ; -0.00996 V          ; 0.121 V                              ; 0.03 V                               ; 4.64e-10 s                  ; 4.47e-10 s                  ; Yes                        ; Yes                        ; 2.32 V                      ; 6.92e-07 V                  ; 2.35 V             ; -0.00996 V         ; 0.121 V                             ; 0.03 V                              ; 4.64e-10 s                 ; 4.47e-10 s                 ; Yes                       ; Yes                       ;
; HEX6[2]       ; 2.5 V        ; 0 s                 ; 0 s                 ; 2.32 V                       ; 6.92e-07 V                   ; 2.35 V              ; -0.00996 V          ; 0.121 V                              ; 0.03 V                               ; 4.64e-10 s                  ; 4.47e-10 s                  ; Yes                        ; Yes                        ; 2.32 V                      ; 6.92e-07 V                  ; 2.35 V             ; -0.00996 V         ; 0.121 V                             ; 0.03 V                              ; 4.64e-10 s                 ; 4.47e-10 s                 ; Yes                       ; Yes                       ;
; HEX6[3]       ; 2.5 V        ; 0 s                 ; 0 s                 ; 2.32 V                       ; 6.92e-07 V                   ; 2.35 V              ; -0.00996 V          ; 0.121 V                              ; 0.03 V                               ; 4.64e-10 s                  ; 4.47e-10 s                  ; Yes                        ; Yes                        ; 2.32 V                      ; 6.92e-07 V                  ; 2.35 V             ; -0.00996 V         ; 0.121 V                             ; 0.03 V                              ; 4.64e-10 s                 ; 4.47e-10 s                 ; Yes                       ; Yes                       ;
; HEX6[4]       ; 2.5 V        ; 0 s                 ; 0 s                 ; 2.32 V                       ; 6.92e-07 V                   ; 2.35 V              ; -0.00996 V          ; 0.121 V                              ; 0.03 V                               ; 4.64e-10 s                  ; 4.47e-10 s                  ; Yes                        ; Yes                        ; 2.32 V                      ; 6.92e-07 V                  ; 2.35 V             ; -0.00996 V         ; 0.121 V                             ; 0.03 V                              ; 4.64e-10 s                 ; 4.47e-10 s                 ; Yes                       ; Yes                       ;
; HEX6[5]       ; 2.5 V        ; 0 s                 ; 0 s                 ; 2.32 V                       ; 6.92e-07 V                   ; 2.33 V              ; -0.00265 V          ; 0.133 V                              ; 0.056 V                              ; 3.55e-09 s                  ; 3.31e-09 s                  ; Yes                        ; Yes                        ; 2.32 V                      ; 6.92e-07 V                  ; 2.33 V             ; -0.00265 V         ; 0.133 V                             ; 0.056 V                             ; 3.55e-09 s                 ; 3.31e-09 s                 ; Yes                       ; Yes                       ;
; HEX6[6]       ; 2.5 V        ; 0 s                 ; 0 s                 ; 2.32 V                       ; 6.92e-07 V                   ; 2.35 V              ; -0.00996 V          ; 0.121 V                              ; 0.03 V                               ; 4.64e-10 s                  ; 4.47e-10 s                  ; Yes                        ; Yes                        ; 2.32 V                      ; 6.92e-07 V                  ; 2.35 V             ; -0.00996 V         ; 0.121 V                             ; 0.03 V                              ; 4.64e-10 s                 ; 4.47e-10 s                 ; Yes                       ; Yes                       ;
; HEX7[0]       ; 2.5 V        ; 0 s                 ; 0 s                 ; 2.32 V                       ; 6.92e-07 V                   ; 2.35 V              ; -0.00996 V          ; 0.121 V                              ; 0.03 V                               ; 4.64e-10 s                  ; 4.47e-10 s                  ; Yes                        ; Yes                        ; 2.32 V                      ; 6.92e-07 V                  ; 2.35 V             ; -0.00996 V         ; 0.121 V                             ; 0.03 V                              ; 4.64e-10 s                 ; 4.47e-10 s                 ; Yes                       ; Yes                       ;
; HEX7[1]       ; 2.5 V        ; 0 s                 ; 0 s                 ; 2.32 V                       ; 6.92e-07 V                   ; 2.35 V              ; -0.00996 V          ; 0.121 V                              ; 0.03 V                               ; 4.64e-10 s                  ; 4.47e-10 s                  ; Yes                        ; Yes                        ; 2.32 V                      ; 6.92e-07 V                  ; 2.35 V             ; -0.00996 V         ; 0.121 V                             ; 0.03 V                              ; 4.64e-10 s                 ; 4.47e-10 s                 ; Yes                       ; Yes                       ;
; HEX7[2]       ; 2.5 V        ; 0 s                 ; 0 s                 ; 2.32 V                       ; 6.92e-07 V                   ; 2.35 V              ; -0.00996 V          ; 0.121 V                              ; 0.03 V                               ; 4.64e-10 s                  ; 4.47e-10 s                  ; Yes                        ; Yes                        ; 2.32 V                      ; 6.92e-07 V                  ; 2.35 V             ; -0.00996 V         ; 0.121 V                             ; 0.03 V                              ; 4.64e-10 s                 ; 4.47e-10 s                 ; Yes                       ; Yes                       ;
; HEX7[3]       ; 2.5 V        ; 0 s                 ; 0 s                 ; 2.32 V                       ; 6.92e-07 V                   ; 2.35 V              ; -0.00996 V          ; 0.121 V                              ; 0.03 V                               ; 4.64e-10 s                  ; 4.47e-10 s                  ; Yes                        ; Yes                        ; 2.32 V                      ; 6.92e-07 V                  ; 2.35 V             ; -0.00996 V         ; 0.121 V                             ; 0.03 V                              ; 4.64e-10 s                 ; 4.47e-10 s                 ; Yes                       ; Yes                       ;
; HEX7[4]       ; 2.5 V        ; 0 s                 ; 0 s                 ; 2.32 V                       ; 6.92e-07 V                   ; 2.35 V              ; -0.00996 V          ; 0.121 V                              ; 0.03 V                               ; 4.64e-10 s                  ; 4.47e-10 s                  ; Yes                        ; Yes                        ; 2.32 V                      ; 6.92e-07 V                  ; 2.35 V             ; -0.00996 V         ; 0.121 V                             ; 0.03 V                              ; 4.64e-10 s                 ; 4.47e-10 s                 ; Yes                       ; Yes                       ;
; HEX7[5]       ; 2.5 V        ; 0 s                 ; 0 s                 ; 2.32 V                       ; 6.92e-07 V                   ; 2.35 V              ; -0.00996 V          ; 0.121 V                              ; 0.03 V                               ; 4.64e-10 s                  ; 4.47e-10 s                  ; Yes                        ; Yes                        ; 2.32 V                      ; 6.92e-07 V                  ; 2.35 V             ; -0.00996 V         ; 0.121 V                             ; 0.03 V                              ; 4.64e-10 s                 ; 4.47e-10 s                 ; Yes                       ; Yes                       ;
; HEX7[6]       ; 2.5 V        ; 0 s                 ; 0 s                 ; 2.32 V                       ; 6.92e-07 V                   ; 2.35 V              ; -0.00996 V          ; 0.121 V                              ; 0.03 V                               ; 4.64e-10 s                  ; 4.47e-10 s                  ; Yes                        ; Yes                        ; 2.32 V                      ; 6.92e-07 V                  ; 2.35 V             ; -0.00996 V         ; 0.121 V                             ; 0.03 V                              ; 4.64e-10 s                 ; 4.47e-10 s                 ; Yes                       ; Yes                       ;
; LEDG[0]       ; 2.5 V        ; 0 s                 ; 0 s                 ; 2.32 V                       ; 6.92e-07 V                   ; 2.35 V              ; -0.00996 V          ; 0.121 V                              ; 0.03 V                               ; 4.64e-10 s                  ; 4.47e-10 s                  ; Yes                        ; Yes                        ; 2.32 V                      ; 6.92e-07 V                  ; 2.35 V             ; -0.00996 V         ; 0.121 V                             ; 0.03 V                              ; 4.64e-10 s                 ; 4.47e-10 s                 ; Yes                       ; Yes                       ;
; LEDG[1]       ; 2.5 V        ; 0 s                 ; 0 s                 ; 2.32 V                       ; 6.92e-07 V                   ; 2.35 V              ; -0.00996 V          ; 0.121 V                              ; 0.03 V                               ; 4.64e-10 s                  ; 4.47e-10 s                  ; Yes                        ; Yes                        ; 2.32 V                      ; 6.92e-07 V                  ; 2.35 V             ; -0.00996 V         ; 0.121 V                             ; 0.03 V                              ; 4.64e-10 s                 ; 4.47e-10 s                 ; Yes                       ; Yes                       ;
; LEDG[2]       ; 2.5 V        ; 0 s                 ; 0 s                 ; 2.32 V                       ; 6.92e-07 V                   ; 2.35 V              ; -0.00996 V          ; 0.121 V                              ; 0.03 V                               ; 4.64e-10 s                  ; 4.47e-10 s                  ; Yes                        ; Yes                        ; 2.32 V                      ; 6.92e-07 V                  ; 2.35 V             ; -0.00996 V         ; 0.121 V                             ; 0.03 V                              ; 4.64e-10 s                 ; 4.47e-10 s                 ; Yes                       ; Yes                       ;
; LEDG[3]       ; 2.5 V        ; 0 s                 ; 0 s                 ; 2.32 V                       ; 6.92e-07 V                   ; 2.35 V              ; -0.00996 V          ; 0.121 V                              ; 0.03 V                               ; 4.64e-10 s                  ; 4.47e-10 s                  ; Yes                        ; Yes                        ; 2.32 V                      ; 6.92e-07 V                  ; 2.35 V             ; -0.00996 V         ; 0.121 V                             ; 0.03 V                              ; 4.64e-10 s                 ; 4.47e-10 s                 ; Yes                       ; Yes                       ;
; LEDG[4]       ; 2.5 V        ; 0 s                 ; 0 s                 ; 2.32 V                       ; 6.92e-07 V                   ; 2.35 V              ; -0.00996 V          ; 0.121 V                              ; 0.03 V                               ; 4.64e-10 s                  ; 4.47e-10 s                  ; Yes                        ; Yes                        ; 2.32 V                      ; 6.92e-07 V                  ; 2.35 V             ; -0.00996 V         ; 0.121 V                             ; 0.03 V                              ; 4.64e-10 s                 ; 4.47e-10 s                 ; Yes                       ; Yes                       ;
; LEDG[5]       ; 2.5 V        ; 0 s                 ; 0 s                 ; 2.32 V                       ; 6.92e-07 V                   ; 2.35 V              ; -0.00996 V          ; 0.121 V                              ; 0.03 V                               ; 4.64e-10 s                  ; 4.47e-10 s                  ; Yes                        ; Yes                        ; 2.32 V                      ; 6.92e-07 V                  ; 2.35 V             ; -0.00996 V         ; 0.121 V                             ; 0.03 V                              ; 4.64e-10 s                 ; 4.47e-10 s                 ; Yes                       ; Yes                       ;
; LEDG[6]       ; 2.5 V        ; 0 s                 ; 0 s                 ; 2.32 V                       ; 6.92e-07 V                   ; 2.35 V              ; -0.00996 V          ; 0.121 V                              ; 0.03 V                               ; 4.64e-10 s                  ; 4.47e-10 s                  ; Yes                        ; Yes                        ; 2.32 V                      ; 6.92e-07 V                  ; 2.35 V             ; -0.00996 V         ; 0.121 V                             ; 0.03 V                              ; 4.64e-10 s                 ; 4.47e-10 s                 ; Yes                       ; Yes                       ;
; LEDG[7]       ; 2.5 V        ; 0 s                 ; 0 s                 ; 2.32 V                       ; 6.92e-07 V                   ; 2.35 V              ; -0.00996 V          ; 0.121 V                              ; 0.03 V                               ; 4.64e-10 s                  ; 4.47e-10 s                  ; Yes                        ; Yes                        ; 2.32 V                      ; 6.92e-07 V                  ; 2.35 V             ; -0.00996 V         ; 0.121 V                             ; 0.03 V                              ; 4.64e-10 s                 ; 4.47e-10 s                 ; Yes                       ; Yes                       ;
; LEDG[8]       ; 2.5 V        ; 0 s                 ; 0 s                 ; 2.32 V                       ; 6.92e-07 V                   ; 2.35 V              ; -0.00996 V          ; 0.121 V                              ; 0.03 V                               ; 4.64e-10 s                  ; 4.47e-10 s                  ; Yes                        ; Yes                        ; 2.32 V                      ; 6.92e-07 V                  ; 2.35 V             ; -0.00996 V         ; 0.121 V                             ; 0.03 V                              ; 4.64e-10 s                 ; 4.47e-10 s                 ; Yes                       ; Yes                       ;
; LEDR[0]       ; 2.5 V        ; 0 s                 ; 0 s                 ; 2.32 V                       ; 6.92e-07 V                   ; 2.35 V              ; -0.00996 V          ; 0.121 V                              ; 0.03 V                               ; 4.64e-10 s                  ; 4.47e-10 s                  ; Yes                        ; Yes                        ; 2.32 V                      ; 6.92e-07 V                  ; 2.35 V             ; -0.00996 V         ; 0.121 V                             ; 0.03 V                              ; 4.64e-10 s                 ; 4.47e-10 s                 ; Yes                       ; Yes                       ;
; LEDR[1]       ; 2.5 V        ; 0 s                 ; 0 s                 ; 2.32 V                       ; 6.92e-07 V                   ; 2.35 V              ; -0.00996 V          ; 0.121 V                              ; 0.03 V                               ; 4.64e-10 s                  ; 4.47e-10 s                  ; Yes                        ; Yes                        ; 2.32 V                      ; 6.92e-07 V                  ; 2.35 V             ; -0.00996 V         ; 0.121 V                             ; 0.03 V                              ; 4.64e-10 s                 ; 4.47e-10 s                 ; Yes                       ; Yes                       ;
; LEDR[2]       ; 2.5 V        ; 0 s                 ; 0 s                 ; 2.32 V                       ; 6.92e-07 V                   ; 2.35 V              ; -0.00996 V          ; 0.121 V                              ; 0.03 V                               ; 4.64e-10 s                  ; 4.47e-10 s                  ; Yes                        ; Yes                        ; 2.32 V                      ; 6.92e-07 V                  ; 2.35 V             ; -0.00996 V         ; 0.121 V                             ; 0.03 V                              ; 4.64e-10 s                 ; 4.47e-10 s                 ; Yes                       ; Yes                       ;
; LEDR[3]       ; 2.5 V        ; 0 s                 ; 0 s                 ; 2.32 V                       ; 6.92e-07 V                   ; 2.35 V              ; -0.00996 V          ; 0.121 V                              ; 0.03 V                               ; 4.64e-10 s                  ; 4.47e-10 s                  ; Yes                        ; Yes                        ; 2.32 V                      ; 6.92e-07 V                  ; 2.35 V             ; -0.00996 V         ; 0.121 V                             ; 0.03 V                              ; 4.64e-10 s                 ; 4.47e-10 s                 ; Yes                       ; Yes                       ;
; LEDR[4]       ; 2.5 V        ; 0 s                 ; 0 s                 ; 2.32 V                       ; 6.92e-07 V                   ; 2.35 V              ; -0.00996 V          ; 0.121 V                              ; 0.03 V                               ; 4.64e-10 s                  ; 4.47e-10 s                  ; Yes                        ; Yes                        ; 2.32 V                      ; 6.92e-07 V                  ; 2.35 V             ; -0.00996 V         ; 0.121 V                             ; 0.03 V                              ; 4.64e-10 s                 ; 4.47e-10 s                 ; Yes                       ; Yes                       ;
; LEDR[5]       ; 2.5 V        ; 0 s                 ; 0 s                 ; 2.32 V                       ; 6.92e-07 V                   ; 2.35 V              ; -0.00996 V          ; 0.121 V                              ; 0.03 V                               ; 4.64e-10 s                  ; 4.47e-10 s                  ; Yes                        ; Yes                        ; 2.32 V                      ; 6.92e-07 V                  ; 2.35 V             ; -0.00996 V         ; 0.121 V                             ; 0.03 V                              ; 4.64e-10 s                 ; 4.47e-10 s                 ; Yes                       ; Yes                       ;
; LEDR[6]       ; 2.5 V        ; 0 s                 ; 0 s                 ; 2.32 V                       ; 6.92e-07 V                   ; 2.35 V              ; -0.00996 V          ; 0.121 V                              ; 0.03 V                               ; 4.64e-10 s                  ; 4.47e-10 s                  ; Yes                        ; Yes                        ; 2.32 V                      ; 6.92e-07 V                  ; 2.35 V             ; -0.00996 V         ; 0.121 V                             ; 0.03 V                              ; 4.64e-10 s                 ; 4.47e-10 s                 ; Yes                       ; Yes                       ;
; LEDR[7]       ; 2.5 V        ; 0 s                 ; 0 s                 ; 2.32 V                       ; 6.92e-07 V                   ; 2.35 V              ; -0.00996 V          ; 0.121 V                              ; 0.03 V                               ; 4.64e-10 s                  ; 4.47e-10 s                  ; Yes                        ; Yes                        ; 2.32 V                      ; 6.92e-07 V                  ; 2.35 V             ; -0.00996 V         ; 0.121 V                             ; 0.03 V                              ; 4.64e-10 s                 ; 4.47e-10 s                 ; Yes                       ; Yes                       ;
; LEDR[8]       ; 2.5 V        ; 0 s                 ; 0 s                 ; 2.32 V                       ; 6.92e-07 V                   ; 2.35 V              ; -0.00996 V          ; 0.121 V                              ; 0.03 V                               ; 4.64e-10 s                  ; 4.47e-10 s                  ; Yes                        ; Yes                        ; 2.32 V                      ; 6.92e-07 V                  ; 2.35 V             ; -0.00996 V         ; 0.121 V                             ; 0.03 V                              ; 4.64e-10 s                 ; 4.47e-10 s                 ; Yes                       ; Yes                       ;
; LEDR[9]       ; 2.5 V        ; 0 s                 ; 0 s                 ; 2.32 V                       ; 6.92e-07 V                   ; 2.33 V              ; -0.00265 V          ; 0.133 V                              ; 0.056 V                              ; 3.55e-09 s                  ; 3.31e-09 s                  ; Yes                        ; Yes                        ; 2.32 V                      ; 6.92e-07 V                  ; 2.33 V             ; -0.00265 V         ; 0.133 V                             ; 0.056 V                             ; 3.55e-09 s                 ; 3.31e-09 s                 ; Yes                       ; Yes                       ;
; LEDR[10]      ; 2.5 V        ; 0 s                 ; 0 s                 ; 2.32 V                       ; 6.92e-07 V                   ; 2.35 V              ; -0.00996 V          ; 0.121 V                              ; 0.03 V                               ; 4.64e-10 s                  ; 4.47e-10 s                  ; Yes                        ; Yes                        ; 2.32 V                      ; 6.92e-07 V                  ; 2.35 V             ; -0.00996 V         ; 0.121 V                             ; 0.03 V                              ; 4.64e-10 s                 ; 4.47e-10 s                 ; Yes                       ; Yes                       ;
; LEDR[11]      ; 2.5 V        ; 0 s                 ; 0 s                 ; 2.32 V                       ; 6.92e-07 V                   ; 2.35 V              ; -0.00996 V          ; 0.121 V                              ; 0.03 V                               ; 4.64e-10 s                  ; 4.47e-10 s                  ; Yes                        ; Yes                        ; 2.32 V                      ; 6.92e-07 V                  ; 2.35 V             ; -0.00996 V         ; 0.121 V                             ; 0.03 V                              ; 4.64e-10 s                 ; 4.47e-10 s                 ; Yes                       ; Yes                       ;
; LEDR[12]      ; 2.5 V        ; 0 s                 ; 0 s                 ; 2.32 V                       ; 6.92e-07 V                   ; 2.35 V              ; -0.00996 V          ; 0.121 V                              ; 0.03 V                               ; 4.64e-10 s                  ; 4.47e-10 s                  ; Yes                        ; Yes                        ; 2.32 V                      ; 6.92e-07 V                  ; 2.35 V             ; -0.00996 V         ; 0.121 V                             ; 0.03 V                              ; 4.64e-10 s                 ; 4.47e-10 s                 ; Yes                       ; Yes                       ;
; LEDR[13]      ; 2.5 V        ; 0 s                 ; 0 s                 ; 2.32 V                       ; 6.92e-07 V                   ; 2.35 V              ; -0.00996 V          ; 0.121 V                              ; 0.03 V                               ; 4.64e-10 s                  ; 4.47e-10 s                  ; Yes                        ; Yes                        ; 2.32 V                      ; 6.92e-07 V                  ; 2.35 V             ; -0.00996 V         ; 0.121 V                             ; 0.03 V                              ; 4.64e-10 s                 ; 4.47e-10 s                 ; Yes                       ; Yes                       ;
; LEDR[14]      ; 2.5 V        ; 0 s                 ; 0 s                 ; 2.32 V                       ; 6.92e-07 V                   ; 2.35 V              ; -0.00996 V          ; 0.121 V                              ; 0.03 V                               ; 4.64e-10 s                  ; 4.47e-10 s                  ; Yes                        ; Yes                        ; 2.32 V                      ; 6.92e-07 V                  ; 2.35 V             ; -0.00996 V         ; 0.121 V                             ; 0.03 V                              ; 4.64e-10 s                 ; 4.47e-10 s                 ; Yes                       ; Yes                       ;
; LEDR[15]      ; 2.5 V        ; 0 s                 ; 0 s                 ; 2.32 V                       ; 6.92e-07 V                   ; 2.33 V              ; -0.00265 V          ; 0.133 V                              ; 0.056 V                              ; 3.55e-09 s                  ; 3.31e-09 s                  ; Yes                        ; Yes                        ; 2.32 V                      ; 6.92e-07 V                  ; 2.33 V             ; -0.00265 V         ; 0.133 V                             ; 0.056 V                             ; 3.55e-09 s                 ; 3.31e-09 s                 ; Yes                       ; Yes                       ;
; LEDR[16]      ; 2.5 V        ; 0 s                 ; 0 s                 ; 2.32 V                       ; 6.92e-07 V                   ; 2.35 V              ; -0.00996 V          ; 0.121 V                              ; 0.03 V                               ; 4.64e-10 s                  ; 4.47e-10 s                  ; Yes                        ; Yes                        ; 2.32 V                      ; 6.92e-07 V                  ; 2.35 V             ; -0.00996 V         ; 0.121 V                             ; 0.03 V                              ; 4.64e-10 s                 ; 4.47e-10 s                 ; Yes                       ; Yes                       ;
; LEDR[17]      ; 2.5 V        ; 0 s                 ; 0 s                 ; 2.32 V                       ; 6.92e-07 V                   ; 2.35 V              ; -0.00996 V          ; 0.121 V                              ; 0.03 V                               ; 4.64e-10 s                  ; 4.47e-10 s                  ; Yes                        ; Yes                        ; 2.32 V                      ; 6.92e-07 V                  ; 2.35 V             ; -0.00996 V         ; 0.121 V                             ; 0.03 V                              ; 4.64e-10 s                 ; 4.47e-10 s                 ; Yes                       ; Yes                       ;
; LCD_ON        ; 2.5 V        ; 0 s                 ; 0 s                 ; 2.32 V                       ; 4.67e-07 V                   ; 2.33 V              ; -0.00269 V          ; 0.13 V                               ; 0.055 V                              ; 3.54e-09 s                  ; 3.29e-09 s                  ; Yes                        ; Yes                        ; 2.32 V                      ; 4.67e-07 V                  ; 2.33 V             ; -0.00269 V         ; 0.13 V                              ; 0.055 V                             ; 3.54e-09 s                 ; 3.29e-09 s                 ; Yes                       ; Yes                       ;
; LCD_BLON      ; 2.5 V        ; 0 s                 ; 0 s                 ; 2.32 V                       ; 4.67e-07 V                   ; 2.35 V              ; -0.00942 V          ; 0.116 V                              ; 0.033 V                              ; 6.66e-10 s                  ; 6.27e-10 s                  ; Yes                        ; Yes                        ; 2.32 V                      ; 4.67e-07 V                  ; 2.35 V             ; -0.00942 V         ; 0.116 V                             ; 0.033 V                             ; 6.66e-10 s                 ; 6.27e-10 s                 ; Yes                       ; Yes                       ;
; LCD_RW        ; 2.5 V        ; 0 s                 ; 0 s                 ; 2.32 V                       ; 4.67e-07 V                   ; 2.35 V              ; -0.00942 V          ; 0.116 V                              ; 0.033 V                              ; 6.66e-10 s                  ; 6.27e-10 s                  ; Yes                        ; Yes                        ; 2.32 V                      ; 4.67e-07 V                  ; 2.35 V             ; -0.00942 V         ; 0.116 V                             ; 0.033 V                             ; 6.66e-10 s                 ; 6.27e-10 s                 ; Yes                       ; Yes                       ;
; LCD_EN        ; 2.5 V        ; 0 s                 ; 0 s                 ; 2.32 V                       ; 4.67e-07 V                   ; 2.35 V              ; -0.00942 V          ; 0.116 V                              ; 0.033 V                              ; 6.66e-10 s                  ; 6.27e-10 s                  ; Yes                        ; Yes                        ; 2.32 V                      ; 4.67e-07 V                  ; 2.35 V             ; -0.00942 V         ; 0.116 V                             ; 0.033 V                             ; 6.66e-10 s                 ; 6.27e-10 s                 ; Yes                       ; Yes                       ;
; LCD_RS        ; 2.5 V        ; 0 s                 ; 0 s                 ; 2.32 V                       ; 4.67e-07 V                   ; 2.35 V              ; -0.00942 V          ; 0.116 V                              ; 0.033 V                              ; 6.66e-10 s                  ; 6.27e-10 s                  ; Yes                        ; Yes                        ; 2.32 V                      ; 4.67e-07 V                  ; 2.35 V             ; -0.00942 V         ; 0.116 V                             ; 0.033 V                             ; 6.66e-10 s                 ; 6.27e-10 s                 ; Yes                       ; Yes                       ;
; GPIO_0[0]     ; 2.5 V        ; 0 s                 ; 0 s                 ; 2.32 V                       ; 6.92e-07 V                   ; 2.35 V              ; -0.00996 V          ; 0.121 V                              ; 0.03 V                               ; 4.64e-10 s                  ; 4.47e-10 s                  ; Yes                        ; Yes                        ; 2.32 V                      ; 6.92e-07 V                  ; 2.35 V             ; -0.00996 V         ; 0.121 V                             ; 0.03 V                              ; 4.64e-10 s                 ; 4.47e-10 s                 ; Yes                       ; Yes                       ;
; GPIO_0[1]     ; 2.5 V        ; 0 s                 ; 0 s                 ; 2.32 V                       ; 6.92e-07 V                   ; 2.35 V              ; -0.00996 V          ; 0.121 V                              ; 0.03 V                               ; 4.64e-10 s                  ; 4.47e-10 s                  ; Yes                        ; Yes                        ; 2.32 V                      ; 6.92e-07 V                  ; 2.35 V             ; -0.00996 V         ; 0.121 V                             ; 0.03 V                              ; 4.64e-10 s                 ; 4.47e-10 s                 ; Yes                       ; Yes                       ;
; GPIO_0[2]     ; 2.5 V        ; 0 s                 ; 0 s                 ; 2.32 V                       ; 4.67e-07 V                   ; 2.35 V              ; -0.00942 V          ; 0.116 V                              ; 0.033 V                              ; 6.66e-10 s                  ; 6.27e-10 s                  ; Yes                        ; Yes                        ; 2.32 V                      ; 4.67e-07 V                  ; 2.35 V             ; -0.00942 V         ; 0.116 V                             ; 0.033 V                             ; 6.66e-10 s                 ; 6.27e-10 s                 ; Yes                       ; Yes                       ;
; GPIO_0[3]     ; 2.5 V        ; 0 s                 ; 0 s                 ; 2.32 V                       ; 4.67e-07 V                   ; 2.35 V              ; -0.00942 V          ; 0.116 V                              ; 0.033 V                              ; 6.66e-10 s                  ; 6.27e-10 s                  ; Yes                        ; Yes                        ; 2.32 V                      ; 4.67e-07 V                  ; 2.35 V             ; -0.00942 V         ; 0.116 V                             ; 0.033 V                             ; 6.66e-10 s                 ; 6.27e-10 s                 ; Yes                       ; Yes                       ;
; GPIO_0[4]     ; 2.5 V        ; 0 s                 ; 0 s                 ; 2.32 V                       ; 6.92e-07 V                   ; 2.35 V              ; -0.00996 V          ; 0.121 V                              ; 0.03 V                               ; 4.64e-10 s                  ; 4.47e-10 s                  ; Yes                        ; Yes                        ; 2.32 V                      ; 6.92e-07 V                  ; 2.35 V             ; -0.00996 V         ; 0.121 V                             ; 0.03 V                              ; 4.64e-10 s                 ; 4.47e-10 s                 ; Yes                       ; Yes                       ;
; GPIO_0[5]     ; 2.5 V        ; 0 s                 ; 0 s                 ; 2.32 V                       ; 4.67e-07 V                   ; 2.35 V              ; -0.00942 V          ; 0.116 V                              ; 0.033 V                              ; 6.66e-10 s                  ; 6.27e-10 s                  ; Yes                        ; Yes                        ; 2.32 V                      ; 4.67e-07 V                  ; 2.35 V             ; -0.00942 V         ; 0.116 V                             ; 0.033 V                             ; 6.66e-10 s                 ; 6.27e-10 s                 ; Yes                       ; Yes                       ;
; GPIO_0[6]     ; 2.5 V        ; 0 s                 ; 0 s                 ; 2.32 V                       ; 6.92e-07 V                   ; 2.35 V              ; -0.00996 V          ; 0.121 V                              ; 0.03 V                               ; 4.64e-10 s                  ; 4.47e-10 s                  ; Yes                        ; Yes                        ; 2.32 V                      ; 6.92e-07 V                  ; 2.35 V             ; -0.00996 V         ; 0.121 V                             ; 0.03 V                              ; 4.64e-10 s                 ; 4.47e-10 s                 ; Yes                       ; Yes                       ;
; GPIO_0[7]     ; 2.5 V        ; 0 s                 ; 0 s                 ; 2.32 V                       ; 6.92e-07 V                   ; 2.35 V              ; -0.00996 V          ; 0.121 V                              ; 0.03 V                               ; 4.64e-10 s                  ; 4.47e-10 s                  ; Yes                        ; Yes                        ; 2.32 V                      ; 6.92e-07 V                  ; 2.35 V             ; -0.00996 V         ; 0.121 V                             ; 0.03 V                              ; 4.64e-10 s                 ; 4.47e-10 s                 ; Yes                       ; Yes                       ;
; GPIO_0[8]     ; 2.5 V        ; 0 s                 ; 0 s                 ; 2.32 V                       ; 4.67e-07 V                   ; 2.35 V              ; -0.00942 V          ; 0.116 V                              ; 0.033 V                              ; 6.66e-10 s                  ; 6.27e-10 s                  ; Yes                        ; Yes                        ; 2.32 V                      ; 4.67e-07 V                  ; 2.35 V             ; -0.00942 V         ; 0.116 V                             ; 0.033 V                             ; 6.66e-10 s                 ; 6.27e-10 s                 ; Yes                       ; Yes                       ;
; GPIO_0[9]     ; 2.5 V        ; 0 s                 ; 0 s                 ; 2.32 V                       ; 6.92e-07 V                   ; 2.35 V              ; -0.00996 V          ; 0.121 V                              ; 0.03 V                               ; 4.64e-10 s                  ; 4.47e-10 s                  ; Yes                        ; Yes                        ; 2.32 V                      ; 6.92e-07 V                  ; 2.35 V             ; -0.00996 V         ; 0.121 V                             ; 0.03 V                              ; 4.64e-10 s                 ; 4.47e-10 s                 ; Yes                       ; Yes                       ;
; GPIO_0[10]    ; 2.5 V        ; 0 s                 ; 0 s                 ; 2.32 V                       ; 6.92e-07 V                   ; 2.35 V              ; -0.00996 V          ; 0.121 V                              ; 0.03 V                               ; 4.64e-10 s                  ; 4.47e-10 s                  ; Yes                        ; Yes                        ; 2.32 V                      ; 6.92e-07 V                  ; 2.35 V             ; -0.00996 V         ; 0.121 V                             ; 0.03 V                              ; 4.64e-10 s                 ; 4.47e-10 s                 ; Yes                       ; Yes                       ;
; GPIO_0[11]    ; 2.5 V        ; 0 s                 ; 0 s                 ; 2.32 V                       ; 4.67e-07 V                   ; 2.35 V              ; -0.00942 V          ; 0.116 V                              ; 0.033 V                              ; 6.66e-10 s                  ; 6.27e-10 s                  ; Yes                        ; Yes                        ; 2.32 V                      ; 4.67e-07 V                  ; 2.35 V             ; -0.00942 V         ; 0.116 V                             ; 0.033 V                             ; 6.66e-10 s                 ; 6.27e-10 s                 ; Yes                       ; Yes                       ;
; GPIO_0[12]    ; 2.5 V        ; 0 s                 ; 0 s                 ; 2.32 V                       ; 6.92e-07 V                   ; 2.35 V              ; -0.00996 V          ; 0.121 V                              ; 0.03 V                               ; 4.64e-10 s                  ; 4.47e-10 s                  ; Yes                        ; Yes                        ; 2.32 V                      ; 6.92e-07 V                  ; 2.35 V             ; -0.00996 V         ; 0.121 V                             ; 0.03 V                              ; 4.64e-10 s                 ; 4.47e-10 s                 ; Yes                       ; Yes                       ;
; GPIO_0[13]    ; 2.5 V        ; 0 s                 ; 0 s                 ; 2.32 V                       ; 6.92e-07 V                   ; 2.35 V              ; -0.00996 V          ; 0.121 V                              ; 0.03 V                               ; 4.64e-10 s                  ; 4.47e-10 s                  ; Yes                        ; Yes                        ; 2.32 V                      ; 6.92e-07 V                  ; 2.35 V             ; -0.00996 V         ; 0.121 V                             ; 0.03 V                              ; 4.64e-10 s                 ; 4.47e-10 s                 ; Yes                       ; Yes                       ;
; GPIO_0[14]    ; 2.5 V        ; 0 s                 ; 0 s                 ; 2.32 V                       ; 6.92e-07 V                   ; 2.35 V              ; -0.00996 V          ; 0.121 V                              ; 0.03 V                               ; 4.64e-10 s                  ; 4.47e-10 s                  ; Yes                        ; Yes                        ; 2.32 V                      ; 6.92e-07 V                  ; 2.35 V             ; -0.00996 V         ; 0.121 V                             ; 0.03 V                              ; 4.64e-10 s                 ; 4.47e-10 s                 ; Yes                       ; Yes                       ;
; GPIO_0[15]    ; 2.5 V        ; 0 s                 ; 0 s                 ; 2.32 V                       ; 6.92e-07 V                   ; 2.35 V              ; -0.00996 V          ; 0.121 V                              ; 0.03 V                               ; 4.64e-10 s                  ; 4.47e-10 s                  ; Yes                        ; Yes                        ; 2.32 V                      ; 6.92e-07 V                  ; 2.35 V             ; -0.00996 V         ; 0.121 V                             ; 0.03 V                              ; 4.64e-10 s                 ; 4.47e-10 s                 ; Yes                       ; Yes                       ;
; GPIO_0[16]    ; 2.5 V        ; 0 s                 ; 0 s                 ; 2.32 V                       ; 6.92e-07 V                   ; 2.35 V              ; -0.00996 V          ; 0.121 V                              ; 0.03 V                               ; 4.64e-10 s                  ; 4.47e-10 s                  ; Yes                        ; Yes                        ; 2.32 V                      ; 6.92e-07 V                  ; 2.35 V             ; -0.00996 V         ; 0.121 V                             ; 0.03 V                              ; 4.64e-10 s                 ; 4.47e-10 s                 ; Yes                       ; Yes                       ;
; GPIO_0[17]    ; 2.5 V        ; 0 s                 ; 0 s                 ; 2.32 V                       ; 4.67e-07 V                   ; 2.35 V              ; -0.00942 V          ; 0.116 V                              ; 0.033 V                              ; 6.66e-10 s                  ; 6.27e-10 s                  ; Yes                        ; Yes                        ; 2.32 V                      ; 4.67e-07 V                  ; 2.35 V             ; -0.00942 V         ; 0.116 V                             ; 0.033 V                             ; 6.66e-10 s                 ; 6.27e-10 s                 ; Yes                       ; Yes                       ;
; GPIO_0[18]    ; 2.5 V        ; 0 s                 ; 0 s                 ; 2.32 V                       ; 6.92e-07 V                   ; 2.35 V              ; -0.00996 V          ; 0.121 V                              ; 0.03 V                               ; 4.64e-10 s                  ; 4.47e-10 s                  ; Yes                        ; Yes                        ; 2.32 V                      ; 6.92e-07 V                  ; 2.35 V             ; -0.00996 V         ; 0.121 V                             ; 0.03 V                              ; 4.64e-10 s                 ; 4.47e-10 s                 ; Yes                       ; Yes                       ;
; GPIO_0[19]    ; 2.5 V        ; 0 s                 ; 0 s                 ; 2.32 V                       ; 4.67e-07 V                   ; 2.35 V              ; -0.00942 V          ; 0.116 V                              ; 0.033 V                              ; 6.66e-10 s                  ; 6.27e-10 s                  ; Yes                        ; Yes                        ; 2.32 V                      ; 4.67e-07 V                  ; 2.35 V             ; -0.00942 V         ; 0.116 V                             ; 0.033 V                             ; 6.66e-10 s                 ; 6.27e-10 s                 ; Yes                       ; Yes                       ;
; GPIO_0[20]    ; 2.5 V        ; 0 s                 ; 0 s                 ; 2.32 V                       ; 6.92e-07 V                   ; 2.35 V              ; -0.00996 V          ; 0.121 V                              ; 0.03 V                               ; 4.64e-10 s                  ; 4.47e-10 s                  ; Yes                        ; Yes                        ; 2.32 V                      ; 6.92e-07 V                  ; 2.35 V             ; -0.00996 V         ; 0.121 V                             ; 0.03 V                              ; 4.64e-10 s                 ; 4.47e-10 s                 ; Yes                       ; Yes                       ;
; GPIO_0[21]    ; 2.5 V        ; 0 s                 ; 0 s                 ; 2.32 V                       ; 4.67e-07 V                   ; 2.35 V              ; -0.00942 V          ; 0.116 V                              ; 0.033 V                              ; 6.66e-10 s                  ; 6.27e-10 s                  ; Yes                        ; Yes                        ; 2.32 V                      ; 4.67e-07 V                  ; 2.35 V             ; -0.00942 V         ; 0.116 V                             ; 0.033 V                             ; 6.66e-10 s                 ; 6.27e-10 s                 ; Yes                       ; Yes                       ;
; GPIO_0[22]    ; 2.5 V        ; 0 s                 ; 0 s                 ; 2.32 V                       ; 6.92e-07 V                   ; 2.35 V              ; -0.00996 V          ; 0.121 V                              ; 0.03 V                               ; 4.64e-10 s                  ; 4.47e-10 s                  ; Yes                        ; Yes                        ; 2.32 V                      ; 6.92e-07 V                  ; 2.35 V             ; -0.00996 V         ; 0.121 V                             ; 0.03 V                              ; 4.64e-10 s                 ; 4.47e-10 s                 ; Yes                       ; Yes                       ;
; GPIO_0[23]    ; 2.5 V        ; 0 s                 ; 0 s                 ; 2.32 V                       ; 4.67e-07 V                   ; 2.35 V              ; -0.00942 V          ; 0.116 V                              ; 0.033 V                              ; 6.66e-10 s                  ; 6.27e-10 s                  ; Yes                        ; Yes                        ; 2.32 V                      ; 4.67e-07 V                  ; 2.35 V             ; -0.00942 V         ; 0.116 V                             ; 0.033 V                             ; 6.66e-10 s                 ; 6.27e-10 s                 ; Yes                       ; Yes                       ;
; GPIO_0[24]    ; 2.5 V        ; 0 s                 ; 0 s                 ; 2.32 V                       ; 6.92e-07 V                   ; 2.35 V              ; -0.00996 V          ; 0.121 V                              ; 0.03 V                               ; 4.64e-10 s                  ; 4.47e-10 s                  ; Yes                        ; Yes                        ; 2.32 V                      ; 6.92e-07 V                  ; 2.35 V             ; -0.00996 V         ; 0.121 V                             ; 0.03 V                              ; 4.64e-10 s                 ; 4.47e-10 s                 ; Yes                       ; Yes                       ;
; GPIO_0[25]    ; 2.5 V        ; 0 s                 ; 0 s                 ; 2.32 V                       ; 6.92e-07 V                   ; 2.35 V              ; -0.00996 V          ; 0.121 V                              ; 0.03 V                               ; 4.64e-10 s                  ; 4.47e-10 s                  ; Yes                        ; Yes                        ; 2.32 V                      ; 6.92e-07 V                  ; 2.35 V             ; -0.00996 V         ; 0.121 V                             ; 0.03 V                              ; 4.64e-10 s                 ; 4.47e-10 s                 ; Yes                       ; Yes                       ;
; GPIO_0[26]    ; 2.5 V        ; 0 s                 ; 0 s                 ; 2.32 V                       ; 6.92e-07 V                   ; 2.35 V              ; -0.00996 V          ; 0.121 V                              ; 0.03 V                               ; 4.64e-10 s                  ; 4.47e-10 s                  ; Yes                        ; Yes                        ; 2.32 V                      ; 6.92e-07 V                  ; 2.35 V             ; -0.00996 V         ; 0.121 V                             ; 0.03 V                              ; 4.64e-10 s                 ; 4.47e-10 s                 ; Yes                       ; Yes                       ;
; GPIO_0[27]    ; 2.5 V        ; 0 s                 ; 0 s                 ; 2.32 V                       ; 6.92e-07 V                   ; 2.35 V              ; -0.00996 V          ; 0.121 V                              ; 0.03 V                               ; 4.64e-10 s                  ; 4.47e-10 s                  ; Yes                        ; Yes                        ; 2.32 V                      ; 6.92e-07 V                  ; 2.35 V             ; -0.00996 V         ; 0.121 V                             ; 0.03 V                              ; 4.64e-10 s                 ; 4.47e-10 s                 ; Yes                       ; Yes                       ;
; GPIO_0[28]    ; 2.5 V        ; 0 s                 ; 0 s                 ; 2.32 V                       ; 6.92e-07 V                   ; 2.35 V              ; -0.00996 V          ; 0.121 V                              ; 0.03 V                               ; 4.64e-10 s                  ; 4.47e-10 s                  ; Yes                        ; Yes                        ; 2.32 V                      ; 6.92e-07 V                  ; 2.35 V             ; -0.00996 V         ; 0.121 V                             ; 0.03 V                              ; 4.64e-10 s                 ; 4.47e-10 s                 ; Yes                       ; Yes                       ;
; GPIO_0[29]    ; 2.5 V        ; 0 s                 ; 0 s                 ; 2.32 V                       ; 6.92e-07 V                   ; 2.35 V              ; -0.00996 V          ; 0.121 V                              ; 0.03 V                               ; 4.64e-10 s                  ; 4.47e-10 s                  ; Yes                        ; Yes                        ; 2.32 V                      ; 6.92e-07 V                  ; 2.35 V             ; -0.00996 V         ; 0.121 V                             ; 0.03 V                              ; 4.64e-10 s                 ; 4.47e-10 s                 ; Yes                       ; Yes                       ;
; GPIO_0[30]    ; 2.5 V        ; 0 s                 ; 0 s                 ; 2.32 V                       ; 6.92e-07 V                   ; 2.35 V              ; -0.00996 V          ; 0.121 V                              ; 0.03 V                               ; 4.64e-10 s                  ; 4.47e-10 s                  ; Yes                        ; Yes                        ; 2.32 V                      ; 6.92e-07 V                  ; 2.35 V             ; -0.00996 V         ; 0.121 V                             ; 0.03 V                              ; 4.64e-10 s                 ; 4.47e-10 s                 ; Yes                       ; Yes                       ;
; GPIO_0[31]    ; 2.5 V        ; 0 s                 ; 0 s                 ; 2.32 V                       ; 6.92e-07 V                   ; 2.35 V              ; -0.00996 V          ; 0.121 V                              ; 0.03 V                               ; 4.64e-10 s                  ; 4.47e-10 s                  ; Yes                        ; Yes                        ; 2.32 V                      ; 6.92e-07 V                  ; 2.35 V             ; -0.00996 V         ; 0.121 V                             ; 0.03 V                              ; 4.64e-10 s                 ; 4.47e-10 s                 ; Yes                       ; Yes                       ;
; GPIO_0[32]    ; 2.5 V        ; 0 s                 ; 0 s                 ; 2.32 V                       ; 6.92e-07 V                   ; 2.35 V              ; -0.00996 V          ; 0.121 V                              ; 0.03 V                               ; 4.64e-10 s                  ; 4.47e-10 s                  ; Yes                        ; Yes                        ; 2.32 V                      ; 6.92e-07 V                  ; 2.35 V             ; -0.00996 V         ; 0.121 V                             ; 0.03 V                              ; 4.64e-10 s                 ; 4.47e-10 s                 ; Yes                       ; Yes                       ;
; GPIO_0[33]    ; 2.5 V        ; 0 s                 ; 0 s                 ; 2.32 V                       ; 6.92e-07 V                   ; 2.35 V              ; -0.00996 V          ; 0.121 V                              ; 0.03 V                               ; 4.64e-10 s                  ; 4.47e-10 s                  ; Yes                        ; Yes                        ; 2.32 V                      ; 6.92e-07 V                  ; 2.35 V             ; -0.00996 V         ; 0.121 V                             ; 0.03 V                              ; 4.64e-10 s                 ; 4.47e-10 s                 ; Yes                       ; Yes                       ;
; GPIO_0[34]    ; 2.5 V        ; 0 s                 ; 0 s                 ; 2.32 V                       ; 6.92e-07 V                   ; 2.35 V              ; -0.00996 V          ; 0.121 V                              ; 0.03 V                               ; 4.64e-10 s                  ; 4.47e-10 s                  ; Yes                        ; Yes                        ; 2.32 V                      ; 6.92e-07 V                  ; 2.35 V             ; -0.00996 V         ; 0.121 V                             ; 0.03 V                              ; 4.64e-10 s                 ; 4.47e-10 s                 ; Yes                       ; Yes                       ;
; GPIO_0[35]    ; 2.5 V        ; 0 s                 ; 0 s                 ; 2.32 V                       ; 6.92e-07 V                   ; 2.35 V              ; -0.00996 V          ; 0.121 V                              ; 0.03 V                               ; 4.64e-10 s                  ; 4.47e-10 s                  ; Yes                        ; Yes                        ; 2.32 V                      ; 6.92e-07 V                  ; 2.35 V             ; -0.00996 V         ; 0.121 V                             ; 0.03 V                              ; 4.64e-10 s                 ; 4.47e-10 s                 ; Yes                       ; Yes                       ;
; GPIO_1[0]     ; 2.5 V        ; 0 s                 ; 0 s                 ; 2.32 V                       ; 6.92e-07 V                   ; 2.35 V              ; -0.00996 V          ; 0.121 V                              ; 0.03 V                               ; 4.64e-10 s                  ; 4.47e-10 s                  ; Yes                        ; Yes                        ; 2.32 V                      ; 6.92e-07 V                  ; 2.35 V             ; -0.00996 V         ; 0.121 V                             ; 0.03 V                              ; 4.64e-10 s                 ; 4.47e-10 s                 ; Yes                       ; Yes                       ;
; GPIO_1[1]     ; 2.5 V        ; 0 s                 ; 0 s                 ; 2.32 V                       ; 6.92e-07 V                   ; 2.35 V              ; -0.00996 V          ; 0.121 V                              ; 0.03 V                               ; 4.64e-10 s                  ; 4.47e-10 s                  ; Yes                        ; Yes                        ; 2.32 V                      ; 6.92e-07 V                  ; 2.35 V             ; -0.00996 V         ; 0.121 V                             ; 0.03 V                              ; 4.64e-10 s                 ; 4.47e-10 s                 ; Yes                       ; Yes                       ;
; GPIO_1[2]     ; 2.5 V        ; 0 s                 ; 0 s                 ; 2.32 V                       ; 6.92e-07 V                   ; 2.35 V              ; -0.00996 V          ; 0.121 V                              ; 0.03 V                               ; 4.64e-10 s                  ; 4.47e-10 s                  ; Yes                        ; Yes                        ; 2.32 V                      ; 6.92e-07 V                  ; 2.35 V             ; -0.00996 V         ; 0.121 V                             ; 0.03 V                              ; 4.64e-10 s                 ; 4.47e-10 s                 ; Yes                       ; Yes                       ;
; GPIO_1[3]     ; 2.5 V        ; 0 s                 ; 0 s                 ; 2.32 V                       ; 4.67e-07 V                   ; 2.35 V              ; -0.00942 V          ; 0.116 V                              ; 0.033 V                              ; 6.66e-10 s                  ; 6.27e-10 s                  ; Yes                        ; Yes                        ; 2.32 V                      ; 4.67e-07 V                  ; 2.35 V             ; -0.00942 V         ; 0.116 V                             ; 0.033 V                             ; 6.66e-10 s                 ; 6.27e-10 s                 ; Yes                       ; Yes                       ;
; GPIO_1[4]     ; 2.5 V        ; 0 s                 ; 0 s                 ; 2.32 V                       ; 4.67e-07 V                   ; 2.35 V              ; -0.00942 V          ; 0.116 V                              ; 0.033 V                              ; 6.66e-10 s                  ; 6.27e-10 s                  ; Yes                        ; Yes                        ; 2.32 V                      ; 4.67e-07 V                  ; 2.35 V             ; -0.00942 V         ; 0.116 V                             ; 0.033 V                             ; 6.66e-10 s                 ; 6.27e-10 s                 ; Yes                       ; Yes                       ;
; GPIO_1[5]     ; 2.5 V        ; 0 s                 ; 0 s                 ; 2.32 V                       ; 4.67e-07 V                   ; 2.33 V              ; -0.00269 V          ; 0.13 V                               ; 0.055 V                              ; 3.54e-09 s                  ; 3.29e-09 s                  ; Yes                        ; Yes                        ; 2.32 V                      ; 4.67e-07 V                  ; 2.33 V             ; -0.00269 V         ; 0.13 V                              ; 0.055 V                             ; 3.54e-09 s                 ; 3.29e-09 s                 ; Yes                       ; Yes                       ;
; GPIO_1[6]     ; 2.5 V        ; 0 s                 ; 0 s                 ; 2.32 V                       ; 6.92e-07 V                   ; 2.35 V              ; -0.00996 V          ; 0.121 V                              ; 0.03 V                               ; 4.64e-10 s                  ; 4.47e-10 s                  ; Yes                        ; Yes                        ; 2.32 V                      ; 6.92e-07 V                  ; 2.35 V             ; -0.00996 V         ; 0.121 V                             ; 0.03 V                              ; 4.64e-10 s                 ; 4.47e-10 s                 ; Yes                       ; Yes                       ;
; GPIO_1[7]     ; 2.5 V        ; 0 s                 ; 0 s                 ; 2.32 V                       ; 6.92e-07 V                   ; 2.35 V              ; -0.00996 V          ; 0.121 V                              ; 0.03 V                               ; 4.64e-10 s                  ; 4.47e-10 s                  ; Yes                        ; Yes                        ; 2.32 V                      ; 6.92e-07 V                  ; 2.35 V             ; -0.00996 V         ; 0.121 V                             ; 0.03 V                              ; 4.64e-10 s                 ; 4.47e-10 s                 ; Yes                       ; Yes                       ;
; GPIO_1[8]     ; 2.5 V        ; 0 s                 ; 0 s                 ; 2.32 V                       ; 4.67e-07 V                   ; 2.35 V              ; -0.00942 V          ; 0.116 V                              ; 0.033 V                              ; 6.66e-10 s                  ; 6.27e-10 s                  ; Yes                        ; Yes                        ; 2.32 V                      ; 4.67e-07 V                  ; 2.35 V             ; -0.00942 V         ; 0.116 V                             ; 0.033 V                             ; 6.66e-10 s                 ; 6.27e-10 s                 ; Yes                       ; Yes                       ;
; GPIO_1[9]     ; 2.5 V        ; 0 s                 ; 0 s                 ; 2.32 V                       ; 6.92e-07 V                   ; 2.35 V              ; -0.00996 V          ; 0.121 V                              ; 0.03 V                               ; 4.64e-10 s                  ; 4.47e-10 s                  ; Yes                        ; Yes                        ; 2.32 V                      ; 6.92e-07 V                  ; 2.35 V             ; -0.00996 V         ; 0.121 V                             ; 0.03 V                              ; 4.64e-10 s                 ; 4.47e-10 s                 ; Yes                       ; Yes                       ;
; GPIO_1[10]    ; 2.5 V        ; 0 s                 ; 0 s                 ; 2.32 V                       ; 6.92e-07 V                   ; 2.35 V              ; -0.00996 V          ; 0.121 V                              ; 0.03 V                               ; 4.64e-10 s                  ; 4.47e-10 s                  ; Yes                        ; Yes                        ; 2.32 V                      ; 6.92e-07 V                  ; 2.35 V             ; -0.00996 V         ; 0.121 V                             ; 0.03 V                              ; 4.64e-10 s                 ; 4.47e-10 s                 ; Yes                       ; Yes                       ;
; GPIO_1[11]    ; 2.5 V        ; 0 s                 ; 0 s                 ; 2.32 V                       ; 4.67e-07 V                   ; 2.35 V              ; -0.00942 V          ; 0.116 V                              ; 0.033 V                              ; 6.66e-10 s                  ; 6.27e-10 s                  ; Yes                        ; Yes                        ; 2.32 V                      ; 4.67e-07 V                  ; 2.35 V             ; -0.00942 V         ; 0.116 V                             ; 0.033 V                             ; 6.66e-10 s                 ; 6.27e-10 s                 ; Yes                       ; Yes                       ;
; GPIO_1[12]    ; 2.5 V        ; 0 s                 ; 0 s                 ; 2.32 V                       ; 6.92e-07 V                   ; 2.35 V              ; -0.00996 V          ; 0.121 V                              ; 0.03 V                               ; 4.64e-10 s                  ; 4.47e-10 s                  ; Yes                        ; Yes                        ; 2.32 V                      ; 6.92e-07 V                  ; 2.35 V             ; -0.00996 V         ; 0.121 V                             ; 0.03 V                              ; 4.64e-10 s                 ; 4.47e-10 s                 ; Yes                       ; Yes                       ;
; GPIO_1[13]    ; 2.5 V        ; 0 s                 ; 0 s                 ; 2.32 V                       ; 4.67e-07 V                   ; 2.35 V              ; -0.00942 V          ; 0.116 V                              ; 0.033 V                              ; 6.66e-10 s                  ; 6.27e-10 s                  ; Yes                        ; Yes                        ; 2.32 V                      ; 4.67e-07 V                  ; 2.35 V             ; -0.00942 V         ; 0.116 V                             ; 0.033 V                             ; 6.66e-10 s                 ; 6.27e-10 s                 ; Yes                       ; Yes                       ;
; GPIO_1[14]    ; 2.5 V        ; 0 s                 ; 0 s                 ; 2.32 V                       ; 4.67e-07 V                   ; 2.35 V              ; -0.00942 V          ; 0.116 V                              ; 0.033 V                              ; 6.66e-10 s                  ; 6.27e-10 s                  ; Yes                        ; Yes                        ; 2.32 V                      ; 4.67e-07 V                  ; 2.35 V             ; -0.00942 V         ; 0.116 V                             ; 0.033 V                             ; 6.66e-10 s                 ; 6.27e-10 s                 ; Yes                       ; Yes                       ;
; GPIO_1[15]    ; 2.5 V        ; 0 s                 ; 0 s                 ; 2.32 V                       ; 6.92e-07 V                   ; 2.35 V              ; -0.00996 V          ; 0.121 V                              ; 0.03 V                               ; 4.64e-10 s                  ; 4.47e-10 s                  ; Yes                        ; Yes                        ; 2.32 V                      ; 6.92e-07 V                  ; 2.35 V             ; -0.00996 V         ; 0.121 V                             ; 0.03 V                              ; 4.64e-10 s                 ; 4.47e-10 s                 ; Yes                       ; Yes                       ;
; GPIO_1[16]    ; 2.5 V        ; 0 s                 ; 0 s                 ; 2.32 V                       ; 4.67e-07 V                   ; 2.35 V              ; -0.00942 V          ; 0.116 V                              ; 0.033 V                              ; 6.66e-10 s                  ; 6.27e-10 s                  ; Yes                        ; Yes                        ; 2.32 V                      ; 4.67e-07 V                  ; 2.35 V             ; -0.00942 V         ; 0.116 V                             ; 0.033 V                             ; 6.66e-10 s                 ; 6.27e-10 s                 ; Yes                       ; Yes                       ;
; GPIO_1[17]    ; 2.5 V        ; 0 s                 ; 0 s                 ; 2.32 V                       ; 6.92e-07 V                   ; 2.35 V              ; -0.00996 V          ; 0.121 V                              ; 0.03 V                               ; 4.64e-10 s                  ; 4.47e-10 s                  ; Yes                        ; Yes                        ; 2.32 V                      ; 6.92e-07 V                  ; 2.35 V             ; -0.00996 V         ; 0.121 V                             ; 0.03 V                              ; 4.64e-10 s                 ; 4.47e-10 s                 ; Yes                       ; Yes                       ;
; GPIO_1[18]    ; 2.5 V        ; 0 s                 ; 0 s                 ; 2.32 V                       ; 6.92e-07 V                   ; 2.35 V              ; -0.00996 V          ; 0.121 V                              ; 0.03 V                               ; 4.64e-10 s                  ; 4.47e-10 s                  ; Yes                        ; Yes                        ; 2.32 V                      ; 6.92e-07 V                  ; 2.35 V             ; -0.00996 V         ; 0.121 V                             ; 0.03 V                              ; 4.64e-10 s                 ; 4.47e-10 s                 ; Yes                       ; Yes                       ;
; GPIO_1[19]    ; 2.5 V        ; 0 s                 ; 0 s                 ; 2.32 V                       ; 4.67e-07 V                   ; 2.35 V              ; -0.00942 V          ; 0.116 V                              ; 0.033 V                              ; 6.66e-10 s                  ; 6.27e-10 s                  ; Yes                        ; Yes                        ; 2.32 V                      ; 4.67e-07 V                  ; 2.35 V             ; -0.00942 V         ; 0.116 V                             ; 0.033 V                             ; 6.66e-10 s                 ; 6.27e-10 s                 ; Yes                       ; Yes                       ;
; GPIO_1[20]    ; 2.5 V        ; 0 s                 ; 0 s                 ; 2.32 V                       ; 6.92e-07 V                   ; 2.35 V              ; -0.00996 V          ; 0.121 V                              ; 0.03 V                               ; 4.64e-10 s                  ; 4.47e-10 s                  ; Yes                        ; Yes                        ; 2.32 V                      ; 6.92e-07 V                  ; 2.35 V             ; -0.00996 V         ; 0.121 V                             ; 0.03 V                              ; 4.64e-10 s                 ; 4.47e-10 s                 ; Yes                       ; Yes                       ;
; GPIO_1[21]    ; 2.5 V        ; 0 s                 ; 0 s                 ; 2.32 V                       ; 6.92e-07 V                   ; 2.35 V              ; -0.00996 V          ; 0.121 V                              ; 0.03 V                               ; 4.64e-10 s                  ; 4.47e-10 s                  ; Yes                        ; Yes                        ; 2.32 V                      ; 6.92e-07 V                  ; 2.35 V             ; -0.00996 V         ; 0.121 V                             ; 0.03 V                              ; 4.64e-10 s                 ; 4.47e-10 s                 ; Yes                       ; Yes                       ;
; GPIO_1[22]    ; 2.5 V        ; 0 s                 ; 0 s                 ; 2.32 V                       ; 4.67e-07 V                   ; 2.35 V              ; -0.00942 V          ; 0.116 V                              ; 0.033 V                              ; 6.66e-10 s                  ; 6.27e-10 s                  ; Yes                        ; Yes                        ; 2.32 V                      ; 4.67e-07 V                  ; 2.35 V             ; -0.00942 V         ; 0.116 V                             ; 0.033 V                             ; 6.66e-10 s                 ; 6.27e-10 s                 ; Yes                       ; Yes                       ;
; GPIO_1[23]    ; 2.5 V        ; 0 s                 ; 0 s                 ; 2.32 V                       ; 6.92e-07 V                   ; 2.35 V              ; -0.00996 V          ; 0.121 V                              ; 0.03 V                               ; 4.64e-10 s                  ; 4.47e-10 s                  ; Yes                        ; Yes                        ; 2.32 V                      ; 6.92e-07 V                  ; 2.35 V             ; -0.00996 V         ; 0.121 V                             ; 0.03 V                              ; 4.64e-10 s                 ; 4.47e-10 s                 ; Yes                       ; Yes                       ;
; GPIO_1[24]    ; 2.5 V        ; 0 s                 ; 0 s                 ; 2.32 V                       ; 6.92e-07 V                   ; 2.35 V              ; -0.00996 V          ; 0.121 V                              ; 0.03 V                               ; 4.64e-10 s                  ; 4.47e-10 s                  ; Yes                        ; Yes                        ; 2.32 V                      ; 6.92e-07 V                  ; 2.35 V             ; -0.00996 V         ; 0.121 V                             ; 0.03 V                              ; 4.64e-10 s                 ; 4.47e-10 s                 ; Yes                       ; Yes                       ;
; GPIO_1[25]    ; 2.5 V        ; 0 s                 ; 0 s                 ; 2.32 V                       ; 6.92e-07 V                   ; 2.35 V              ; -0.00996 V          ; 0.121 V                              ; 0.03 V                               ; 4.64e-10 s                  ; 4.47e-10 s                  ; Yes                        ; Yes                        ; 2.32 V                      ; 6.92e-07 V                  ; 2.35 V             ; -0.00996 V         ; 0.121 V                             ; 0.03 V                              ; 4.64e-10 s                 ; 4.47e-10 s                 ; Yes                       ; Yes                       ;
; GPIO_1[26]    ; 2.5 V        ; 0 s                 ; 0 s                 ; 2.32 V                       ; 4.67e-07 V                   ; 2.35 V              ; -0.00942 V          ; 0.116 V                              ; 0.033 V                              ; 6.66e-10 s                  ; 6.27e-10 s                  ; Yes                        ; Yes                        ; 2.32 V                      ; 4.67e-07 V                  ; 2.35 V             ; -0.00942 V         ; 0.116 V                             ; 0.033 V                             ; 6.66e-10 s                 ; 6.27e-10 s                 ; Yes                       ; Yes                       ;
; GPIO_1[27]    ; 2.5 V        ; 0 s                 ; 0 s                 ; 2.32 V                       ; 6.92e-07 V                   ; 2.35 V              ; -0.00996 V          ; 0.121 V                              ; 0.03 V                               ; 4.64e-10 s                  ; 4.47e-10 s                  ; Yes                        ; Yes                        ; 2.32 V                      ; 6.92e-07 V                  ; 2.35 V             ; -0.00996 V         ; 0.121 V                             ; 0.03 V                              ; 4.64e-10 s                 ; 4.47e-10 s                 ; Yes                       ; Yes                       ;
; GPIO_1[28]    ; 2.5 V        ; 0 s                 ; 0 s                 ; 2.32 V                       ; 6.92e-07 V                   ; 2.35 V              ; -0.00996 V          ; 0.121 V                              ; 0.03 V                               ; 4.64e-10 s                  ; 4.47e-10 s                  ; Yes                        ; Yes                        ; 2.32 V                      ; 6.92e-07 V                  ; 2.35 V             ; -0.00996 V         ; 0.121 V                             ; 0.03 V                              ; 4.64e-10 s                 ; 4.47e-10 s                 ; Yes                       ; Yes                       ;
; GPIO_1[29]    ; 2.5 V        ; 0 s                 ; 0 s                 ; 2.32 V                       ; 6.92e-07 V                   ; 2.35 V              ; -0.00996 V          ; 0.121 V                              ; 0.03 V                               ; 4.64e-10 s                  ; 4.47e-10 s                  ; Yes                        ; Yes                        ; 2.32 V                      ; 6.92e-07 V                  ; 2.35 V             ; -0.00996 V         ; 0.121 V                             ; 0.03 V                              ; 4.64e-10 s                 ; 4.47e-10 s                 ; Yes                       ; Yes                       ;
; GPIO_1[30]    ; 2.5 V        ; 0 s                 ; 0 s                 ; 2.32 V                       ; 6.92e-07 V                   ; 2.35 V              ; -0.00996 V          ; 0.121 V                              ; 0.03 V                               ; 4.64e-10 s                  ; 4.47e-10 s                  ; Yes                        ; Yes                        ; 2.32 V                      ; 6.92e-07 V                  ; 2.35 V             ; -0.00996 V         ; 0.121 V                             ; 0.03 V                              ; 4.64e-10 s                 ; 4.47e-10 s                 ; Yes                       ; Yes                       ;
; GPIO_1[31]    ; 2.5 V        ; 0 s                 ; 0 s                 ; 2.32 V                       ; 6.92e-07 V                   ; 2.35 V              ; -0.00996 V          ; 0.121 V                              ; 0.03 V                               ; 4.64e-10 s                  ; 4.47e-10 s                  ; Yes                        ; Yes                        ; 2.32 V                      ; 6.92e-07 V                  ; 2.35 V             ; -0.00996 V         ; 0.121 V                             ; 0.03 V                              ; 4.64e-10 s                 ; 4.47e-10 s                 ; Yes                       ; Yes                       ;
; GPIO_1[32]    ; 2.5 V        ; 0 s                 ; 0 s                 ; 2.32 V                       ; 6.92e-07 V                   ; 2.35 V              ; -0.00996 V          ; 0.121 V                              ; 0.03 V                               ; 4.64e-10 s                  ; 4.47e-10 s                  ; Yes                        ; Yes                        ; 2.32 V                      ; 6.92e-07 V                  ; 2.35 V             ; -0.00996 V         ; 0.121 V                             ; 0.03 V                              ; 4.64e-10 s                 ; 4.47e-10 s                 ; Yes                       ; Yes                       ;
; GPIO_1[33]    ; 2.5 V        ; 0 s                 ; 0 s                 ; 2.32 V                       ; 6.92e-07 V                   ; 2.35 V              ; -0.00996 V          ; 0.121 V                              ; 0.03 V                               ; 4.64e-10 s                  ; 4.47e-10 s                  ; Yes                        ; Yes                        ; 2.32 V                      ; 6.92e-07 V                  ; 2.35 V             ; -0.00996 V         ; 0.121 V                             ; 0.03 V                              ; 4.64e-10 s                 ; 4.47e-10 s                 ; Yes                       ; Yes                       ;
; GPIO_1[34]    ; 2.5 V        ; 0 s                 ; 0 s                 ; 2.32 V                       ; 6.92e-07 V                   ; 2.33 V              ; -0.00265 V          ; 0.133 V                              ; 0.056 V                              ; 3.55e-09 s                  ; 3.31e-09 s                  ; Yes                        ; Yes                        ; 2.32 V                      ; 6.92e-07 V                  ; 2.33 V             ; -0.00265 V         ; 0.133 V                             ; 0.056 V                             ; 3.55e-09 s                 ; 3.31e-09 s                 ; Yes                       ; Yes                       ;
; GPIO_1[35]    ; 2.5 V        ; 0 s                 ; 0 s                 ; 2.32 V                       ; 4.67e-07 V                   ; 2.35 V              ; -0.00942 V          ; 0.116 V                              ; 0.033 V                              ; 6.66e-10 s                  ; 6.27e-10 s                  ; Yes                        ; Yes                        ; 2.32 V                      ; 4.67e-07 V                  ; 2.35 V             ; -0.00942 V         ; 0.116 V                             ; 0.033 V                             ; 6.66e-10 s                 ; 6.27e-10 s                 ; Yes                       ; Yes                       ;
; LCD_DATA[0]   ; 2.5 V        ; 0 s                 ; 0 s                 ; 2.32 V                       ; 4.67e-07 V                   ; 2.35 V              ; -0.00942 V          ; 0.116 V                              ; 0.033 V                              ; 6.66e-10 s                  ; 6.27e-10 s                  ; Yes                        ; Yes                        ; 2.32 V                      ; 4.67e-07 V                  ; 2.35 V             ; -0.00942 V         ; 0.116 V                             ; 0.033 V                             ; 6.66e-10 s                 ; 6.27e-10 s                 ; Yes                       ; Yes                       ;
; LCD_DATA[1]   ; 2.5 V        ; 0 s                 ; 0 s                 ; 2.32 V                       ; 4.67e-07 V                   ; 2.35 V              ; -0.00942 V          ; 0.116 V                              ; 0.033 V                              ; 6.66e-10 s                  ; 6.27e-10 s                  ; Yes                        ; Yes                        ; 2.32 V                      ; 4.67e-07 V                  ; 2.35 V             ; -0.00942 V         ; 0.116 V                             ; 0.033 V                             ; 6.66e-10 s                 ; 6.27e-10 s                 ; Yes                       ; Yes                       ;
; LCD_DATA[2]   ; 2.5 V        ; 0 s                 ; 0 s                 ; 2.32 V                       ; 4.67e-07 V                   ; 2.35 V              ; -0.00942 V          ; 0.116 V                              ; 0.033 V                              ; 6.66e-10 s                  ; 6.27e-10 s                  ; Yes                        ; Yes                        ; 2.32 V                      ; 4.67e-07 V                  ; 2.35 V             ; -0.00942 V         ; 0.116 V                             ; 0.033 V                             ; 6.66e-10 s                 ; 6.27e-10 s                 ; Yes                       ; Yes                       ;
; LCD_DATA[3]   ; 2.5 V        ; 0 s                 ; 0 s                 ; 2.32 V                       ; 4.67e-07 V                   ; 2.35 V              ; -0.00942 V          ; 0.116 V                              ; 0.033 V                              ; 6.66e-10 s                  ; 6.27e-10 s                  ; Yes                        ; Yes                        ; 2.32 V                      ; 4.67e-07 V                  ; 2.35 V             ; -0.00942 V         ; 0.116 V                             ; 0.033 V                             ; 6.66e-10 s                 ; 6.27e-10 s                 ; Yes                       ; Yes                       ;
; LCD_DATA[4]   ; 2.5 V        ; 0 s                 ; 0 s                 ; 2.32 V                       ; 4.67e-07 V                   ; 2.35 V              ; -0.00942 V          ; 0.116 V                              ; 0.033 V                              ; 6.66e-10 s                  ; 6.27e-10 s                  ; Yes                        ; Yes                        ; 2.32 V                      ; 4.67e-07 V                  ; 2.35 V             ; -0.00942 V         ; 0.116 V                             ; 0.033 V                             ; 6.66e-10 s                 ; 6.27e-10 s                 ; Yes                       ; Yes                       ;
; LCD_DATA[5]   ; 2.5 V        ; 0 s                 ; 0 s                 ; 2.32 V                       ; 4.67e-07 V                   ; 2.35 V              ; -0.00942 V          ; 0.116 V                              ; 0.033 V                              ; 6.66e-10 s                  ; 6.27e-10 s                  ; Yes                        ; Yes                        ; 2.32 V                      ; 4.67e-07 V                  ; 2.35 V             ; -0.00942 V         ; 0.116 V                             ; 0.033 V                             ; 6.66e-10 s                 ; 6.27e-10 s                 ; Yes                       ; Yes                       ;
; LCD_DATA[6]   ; 2.5 V        ; 0 s                 ; 0 s                 ; 2.32 V                       ; 4.67e-07 V                   ; 2.35 V              ; -0.00942 V          ; 0.116 V                              ; 0.033 V                              ; 6.66e-10 s                  ; 6.27e-10 s                  ; Yes                        ; Yes                        ; 2.32 V                      ; 4.67e-07 V                  ; 2.35 V             ; -0.00942 V         ; 0.116 V                             ; 0.033 V                             ; 6.66e-10 s                 ; 6.27e-10 s                 ; Yes                       ; Yes                       ;
; LCD_DATA[7]   ; 2.5 V        ; 0 s                 ; 0 s                 ; 2.32 V                       ; 4.67e-07 V                   ; 2.33 V              ; -0.00269 V          ; 0.13 V                               ; 0.055 V                              ; 3.54e-09 s                  ; 3.29e-09 s                  ; Yes                        ; Yes                        ; 2.32 V                      ; 4.67e-07 V                  ; 2.33 V             ; -0.00269 V         ; 0.13 V                              ; 0.055 V                             ; 3.54e-09 s                 ; 3.29e-09 s                 ; Yes                       ; Yes                       ;
; ~ALTERA_DCLK~ ; 2.5 V        ; 0 s                 ; 0 s                 ; 2.32 V                       ; 3.75e-07 V                   ; 2.35 V              ; -0.0109 V           ; 0.084 V                              ; 0.027 V                              ; 4.31e-10 s                  ; 3.61e-10 s                  ; Yes                        ; Yes                        ; 2.32 V                      ; 3.75e-07 V                  ; 2.35 V             ; -0.0109 V          ; 0.084 V                             ; 0.027 V                             ; 4.31e-10 s                 ; 3.61e-10 s                 ; Yes                       ; Yes                       ;
; ~ALTERA_nCEO~ ; 2.5 V        ; 0 s                 ; 0 s                 ; 2.32 V                       ; 6.15e-07 V                   ; 2.35 V              ; -0.00712 V          ; 0.093 V                              ; 0.02 V                               ; 6.21e-10 s                  ; 7.9e-10 s                   ; Yes                        ; Yes                        ; 2.32 V                      ; 6.15e-07 V                  ; 2.35 V             ; -0.00712 V         ; 0.093 V                             ; 0.02 V                              ; 6.21e-10 s                 ; 7.9e-10 s                  ; Yes                       ; Yes                       ;
+---------------+--------------+---------------------+---------------------+------------------------------+------------------------------+---------------------+---------------------+--------------------------------------+--------------------------------------+-----------------------------+-----------------------------+----------------------------+----------------------------+-----------------------------+-----------------------------+--------------------+--------------------+-------------------------------------+-------------------------------------+----------------------------+----------------------------+---------------------------+---------------------------+


+--------------------------------------------------------------------------------------------------------------------------------------------------------------------------------------------------------------------------------------------------------------------------------------------------------------------------------------------------------------------------------------------------------------------------------------------------------------------------------------------------------------------------------------------------------------------------------------------------------------------------------------------------------------------------------------------+
; Signal Integrity Metrics (Fast 1200mv 0c Model)                                                                                                                                                                                                                                                                                                                                                                                                                                                                                                                                                                                                                                            ;
+---------------+--------------+---------------------+---------------------+------------------------------+------------------------------+---------------------+---------------------+--------------------------------------+--------------------------------------+-----------------------------+-----------------------------+----------------------------+----------------------------+-----------------------------+-----------------------------+--------------------+--------------------+-------------------------------------+-------------------------------------+----------------------------+----------------------------+---------------------------+---------------------------+
; Pin           ; I/O Standard ; Board Delay on Rise ; Board Delay on Fall ; Steady State Voh at FPGA Pin ; Steady State Vol at FPGA Pin ; Voh Max at FPGA Pin ; Vol Min at FPGA Pin ; Ringback Voltage on Rise at FPGA Pin ; Ringback Voltage on Fall at FPGA Pin ; 10-90 Rise Time at FPGA Pin ; 90-10 Fall Time at FPGA Pin ; Monotonic Rise at FPGA Pin ; Monotonic Fall at FPGA Pin ; Steady State Voh at Far-end ; Steady State Vol at Far-end ; Voh Max at Far-end ; Vol Min at Far-end ; Ringback Voltage on Rise at Far-end ; Ringback Voltage on Fall at Far-end ; 10-90 Rise Time at Far-end ; 90-10 Fall Time at Far-end ; Monotonic Rise at Far-end ; Monotonic Fall at Far-end ;
+---------------+--------------+---------------------+---------------------+------------------------------+------------------------------+---------------------+---------------------+--------------------------------------+--------------------------------------+-----------------------------+-----------------------------+----------------------------+----------------------------+-----------------------------+-----------------------------+--------------------+--------------------+-------------------------------------+-------------------------------------+----------------------------+----------------------------+---------------------------+---------------------------+
; HEX0[0]       ; 2.5 V        ; 0 s                 ; 0 s                 ; 2.62 V                       ; 4.05e-08 V                   ; 2.72 V              ; -0.0349 V           ; 0.173 V                              ; 0.1 V                                ; 2.72e-10 s                  ; 2.69e-10 s                  ; Yes                        ; Yes                        ; 2.62 V                      ; 4.05e-08 V                  ; 2.72 V             ; -0.0349 V          ; 0.173 V                             ; 0.1 V                               ; 2.72e-10 s                 ; 2.69e-10 s                 ; Yes                       ; Yes                       ;
; HEX0[1]       ; 2.5 V        ; 0 s                 ; 0 s                 ; 2.62 V                       ; 4.05e-08 V                   ; 2.64 V              ; -0.0113 V           ; 0.208 V                              ; 0.179 V                              ; 2.38e-09 s                  ; 2.23e-09 s                  ; No                         ; Yes                        ; 2.62 V                      ; 4.05e-08 V                  ; 2.64 V             ; -0.0113 V          ; 0.208 V                             ; 0.179 V                             ; 2.38e-09 s                 ; 2.23e-09 s                 ; No                        ; Yes                       ;
; HEX0[2]       ; 2.5 V        ; 0 s                 ; 0 s                 ; 2.62 V                       ; 4.05e-08 V                   ; 2.72 V              ; -0.0349 V           ; 0.173 V                              ; 0.1 V                                ; 2.72e-10 s                  ; 2.69e-10 s                  ; Yes                        ; Yes                        ; 2.62 V                      ; 4.05e-08 V                  ; 2.72 V             ; -0.0349 V          ; 0.173 V                             ; 0.1 V                               ; 2.72e-10 s                 ; 2.69e-10 s                 ; Yes                       ; Yes                       ;
; HEX0[3]       ; 2.5 V        ; 0 s                 ; 0 s                 ; 2.62 V                       ; 2.74e-08 V                   ; 2.73 V              ; -0.0384 V           ; 0.169 V                              ; 0.089 V                              ; 2.7e-10 s                   ; 2.62e-10 s                  ; Yes                        ; Yes                        ; 2.62 V                      ; 2.74e-08 V                  ; 2.73 V             ; -0.0384 V          ; 0.169 V                             ; 0.089 V                             ; 2.7e-10 s                  ; 2.62e-10 s                 ; Yes                       ; Yes                       ;
; HEX0[4]       ; 2.5 V        ; 0 s                 ; 0 s                 ; 2.62 V                       ; 2.74e-08 V                   ; 2.73 V              ; -0.0384 V           ; 0.169 V                              ; 0.089 V                              ; 2.7e-10 s                   ; 2.62e-10 s                  ; Yes                        ; Yes                        ; 2.62 V                      ; 2.74e-08 V                  ; 2.73 V             ; -0.0384 V          ; 0.169 V                             ; 0.089 V                             ; 2.7e-10 s                  ; 2.62e-10 s                 ; Yes                       ; Yes                       ;
; HEX0[5]       ; 2.5 V        ; 0 s                 ; 0 s                 ; 2.62 V                       ; 2.74e-08 V                   ; 2.64 V              ; -0.0117 V           ; 0.202 V                              ; 0.176 V                              ; 2.38e-09 s                  ; 2.22e-09 s                  ; No                         ; Yes                        ; 2.62 V                      ; 2.74e-08 V                  ; 2.64 V             ; -0.0117 V          ; 0.202 V                             ; 0.176 V                             ; 2.38e-09 s                 ; 2.22e-09 s                 ; No                        ; Yes                       ;
; HEX0[6]       ; 2.5 V        ; 0 s                 ; 0 s                 ; 2.62 V                       ; 2.74e-08 V                   ; 2.73 V              ; -0.0384 V           ; 0.169 V                              ; 0.089 V                              ; 2.7e-10 s                   ; 2.62e-10 s                  ; Yes                        ; Yes                        ; 2.62 V                      ; 2.74e-08 V                  ; 2.73 V             ; -0.0384 V          ; 0.169 V                             ; 0.089 V                             ; 2.7e-10 s                  ; 2.62e-10 s                 ; Yes                       ; Yes                       ;
; HEX1[0]       ; 2.5 V        ; 0 s                 ; 0 s                 ; 2.62 V                       ; 2.74e-08 V                   ; 2.73 V              ; -0.0384 V           ; 0.169 V                              ; 0.089 V                              ; 2.7e-10 s                   ; 2.62e-10 s                  ; Yes                        ; Yes                        ; 2.62 V                      ; 2.74e-08 V                  ; 2.73 V             ; -0.0384 V          ; 0.169 V                             ; 0.089 V                             ; 2.7e-10 s                  ; 2.62e-10 s                 ; Yes                       ; Yes                       ;
; HEX1[1]       ; 2.5 V        ; 0 s                 ; 0 s                 ; 2.62 V                       ; 2.74e-08 V                   ; 2.71 V              ; -0.0317 V           ; 0.148 V                              ; 0.064 V                              ; 4.51e-10 s                  ; 4.15e-10 s                  ; No                         ; Yes                        ; 2.62 V                      ; 2.74e-08 V                  ; 2.71 V             ; -0.0317 V          ; 0.148 V                             ; 0.064 V                             ; 4.51e-10 s                 ; 4.15e-10 s                 ; No                        ; Yes                       ;
; HEX1[2]       ; 2.5 V        ; 0 s                 ; 0 s                 ; 2.62 V                       ; 2.74e-08 V                   ; 2.71 V              ; -0.0317 V           ; 0.148 V                              ; 0.064 V                              ; 4.51e-10 s                  ; 4.15e-10 s                  ; No                         ; Yes                        ; 2.62 V                      ; 2.74e-08 V                  ; 2.71 V             ; -0.0317 V          ; 0.148 V                             ; 0.064 V                             ; 4.51e-10 s                 ; 4.15e-10 s                 ; No                        ; Yes                       ;
; HEX1[3]       ; 2.5 V        ; 0 s                 ; 0 s                 ; 2.62 V                       ; 2.74e-08 V                   ; 2.71 V              ; -0.0317 V           ; 0.148 V                              ; 0.064 V                              ; 4.51e-10 s                  ; 4.15e-10 s                  ; No                         ; Yes                        ; 2.62 V                      ; 2.74e-08 V                  ; 2.71 V             ; -0.0317 V          ; 0.148 V                             ; 0.064 V                             ; 4.51e-10 s                 ; 4.15e-10 s                 ; No                        ; Yes                       ;
; HEX1[4]       ; 2.5 V        ; 0 s                 ; 0 s                 ; 2.62 V                       ; 2.74e-08 V                   ; 2.71 V              ; -0.0317 V           ; 0.148 V                              ; 0.064 V                              ; 4.51e-10 s                  ; 4.15e-10 s                  ; No                         ; Yes                        ; 2.62 V                      ; 2.74e-08 V                  ; 2.71 V             ; -0.0317 V          ; 0.148 V                             ; 0.064 V                             ; 4.51e-10 s                 ; 4.15e-10 s                 ; No                        ; Yes                       ;
; HEX1[5]       ; 2.5 V        ; 0 s                 ; 0 s                 ; 2.62 V                       ; 2.74e-08 V                   ; 2.64 V              ; -0.0117 V           ; 0.202 V                              ; 0.176 V                              ; 2.38e-09 s                  ; 2.22e-09 s                  ; No                         ; Yes                        ; 2.62 V                      ; 2.74e-08 V                  ; 2.64 V             ; -0.0117 V          ; 0.202 V                             ; 0.176 V                             ; 2.38e-09 s                 ; 2.22e-09 s                 ; No                        ; Yes                       ;
; HEX1[6]       ; 2.5 V        ; 0 s                 ; 0 s                 ; 2.62 V                       ; 2.74e-08 V                   ; 2.64 V              ; -0.0117 V           ; 0.202 V                              ; 0.176 V                              ; 2.38e-09 s                  ; 2.22e-09 s                  ; No                         ; Yes                        ; 2.62 V                      ; 2.74e-08 V                  ; 2.64 V             ; -0.0117 V          ; 0.202 V                             ; 0.176 V                             ; 2.38e-09 s                 ; 2.22e-09 s                 ; No                        ; Yes                       ;
; HEX2[0]       ; 2.5 V        ; 0 s                 ; 0 s                 ; 2.62 V                       ; 2.74e-08 V                   ; 2.71 V              ; -0.0317 V           ; 0.148 V                              ; 0.064 V                              ; 4.51e-10 s                  ; 4.15e-10 s                  ; No                         ; Yes                        ; 2.62 V                      ; 2.74e-08 V                  ; 2.71 V             ; -0.0317 V          ; 0.148 V                             ; 0.064 V                             ; 4.51e-10 s                 ; 4.15e-10 s                 ; No                        ; Yes                       ;
; HEX2[1]       ; 2.5 V        ; 0 s                 ; 0 s                 ; 2.62 V                       ; 2.74e-08 V                   ; 2.71 V              ; -0.0317 V           ; 0.148 V                              ; 0.064 V                              ; 4.51e-10 s                  ; 4.15e-10 s                  ; No                         ; Yes                        ; 2.62 V                      ; 2.74e-08 V                  ; 2.71 V             ; -0.0317 V          ; 0.148 V                             ; 0.064 V                             ; 4.51e-10 s                 ; 4.15e-10 s                 ; No                        ; Yes                       ;
; HEX2[2]       ; 2.5 V        ; 0 s                 ; 0 s                 ; 2.62 V                       ; 2.74e-08 V                   ; 2.71 V              ; -0.0317 V           ; 0.148 V                              ; 0.064 V                              ; 4.51e-10 s                  ; 4.15e-10 s                  ; No                         ; Yes                        ; 2.62 V                      ; 2.74e-08 V                  ; 2.71 V             ; -0.0317 V          ; 0.148 V                             ; 0.064 V                             ; 4.51e-10 s                 ; 4.15e-10 s                 ; No                        ; Yes                       ;
; HEX2[3]       ; 2.5 V        ; 0 s                 ; 0 s                 ; 2.62 V                       ; 2.74e-08 V                   ; 2.71 V              ; -0.0317 V           ; 0.148 V                              ; 0.064 V                              ; 4.51e-10 s                  ; 4.15e-10 s                  ; No                         ; Yes                        ; 2.62 V                      ; 2.74e-08 V                  ; 2.71 V             ; -0.0317 V          ; 0.148 V                             ; 0.064 V                             ; 4.51e-10 s                 ; 4.15e-10 s                 ; No                        ; Yes                       ;
; HEX2[4]       ; 2.5 V        ; 0 s                 ; 0 s                 ; 2.62 V                       ; 2.74e-08 V                   ; 2.71 V              ; -0.0317 V           ; 0.148 V                              ; 0.064 V                              ; 4.51e-10 s                  ; 4.15e-10 s                  ; No                         ; Yes                        ; 2.62 V                      ; 2.74e-08 V                  ; 2.71 V             ; -0.0317 V          ; 0.148 V                             ; 0.064 V                             ; 4.51e-10 s                 ; 4.15e-10 s                 ; No                        ; Yes                       ;
; HEX2[5]       ; 2.5 V        ; 0 s                 ; 0 s                 ; 2.62 V                       ; 2.74e-08 V                   ; 2.71 V              ; -0.0317 V           ; 0.148 V                              ; 0.064 V                              ; 4.51e-10 s                  ; 4.15e-10 s                  ; No                         ; Yes                        ; 2.62 V                      ; 2.74e-08 V                  ; 2.71 V             ; -0.0317 V          ; 0.148 V                             ; 0.064 V                             ; 4.51e-10 s                 ; 4.15e-10 s                 ; No                        ; Yes                       ;
; HEX2[6]       ; 2.5 V        ; 0 s                 ; 0 s                 ; 2.62 V                       ; 2.74e-08 V                   ; 2.71 V              ; -0.0317 V           ; 0.148 V                              ; 0.064 V                              ; 4.51e-10 s                  ; 4.15e-10 s                  ; No                         ; Yes                        ; 2.62 V                      ; 2.74e-08 V                  ; 2.71 V             ; -0.0317 V          ; 0.148 V                             ; 0.064 V                             ; 4.51e-10 s                 ; 4.15e-10 s                 ; No                        ; Yes                       ;
; HEX3[0]       ; 2.5 V        ; 0 s                 ; 0 s                 ; 2.62 V                       ; 2.74e-08 V                   ; 2.71 V              ; -0.0317 V           ; 0.148 V                              ; 0.064 V                              ; 4.51e-10 s                  ; 4.15e-10 s                  ; No                         ; Yes                        ; 2.62 V                      ; 2.74e-08 V                  ; 2.71 V             ; -0.0317 V          ; 0.148 V                             ; 0.064 V                             ; 4.51e-10 s                 ; 4.15e-10 s                 ; No                        ; Yes                       ;
; HEX3[1]       ; 2.5 V        ; 0 s                 ; 0 s                 ; 2.62 V                       ; 2.74e-08 V                   ; 2.73 V              ; -0.0384 V           ; 0.169 V                              ; 0.089 V                              ; 2.7e-10 s                   ; 2.62e-10 s                  ; Yes                        ; Yes                        ; 2.62 V                      ; 2.74e-08 V                  ; 2.73 V             ; -0.0384 V          ; 0.169 V                             ; 0.089 V                             ; 2.7e-10 s                  ; 2.62e-10 s                 ; Yes                       ; Yes                       ;
; HEX3[2]       ; 2.5 V        ; 0 s                 ; 0 s                 ; 2.62 V                       ; 4.05e-08 V                   ; 2.64 V              ; -0.0113 V           ; 0.208 V                              ; 0.179 V                              ; 2.38e-09 s                  ; 2.23e-09 s                  ; No                         ; Yes                        ; 2.62 V                      ; 4.05e-08 V                  ; 2.64 V             ; -0.0113 V          ; 0.208 V                             ; 0.179 V                             ; 2.38e-09 s                 ; 2.23e-09 s                 ; No                        ; Yes                       ;
; HEX3[3]       ; 2.5 V        ; 0 s                 ; 0 s                 ; 2.62 V                       ; 4.05e-08 V                   ; 2.72 V              ; -0.0349 V           ; 0.173 V                              ; 0.1 V                                ; 2.72e-10 s                  ; 2.69e-10 s                  ; Yes                        ; Yes                        ; 2.62 V                      ; 4.05e-08 V                  ; 2.72 V             ; -0.0349 V          ; 0.173 V                             ; 0.1 V                               ; 2.72e-10 s                 ; 2.69e-10 s                 ; Yes                       ; Yes                       ;
; HEX3[4]       ; 2.5 V        ; 0 s                 ; 0 s                 ; 2.62 V                       ; 4.05e-08 V                   ; 2.72 V              ; -0.0349 V           ; 0.173 V                              ; 0.1 V                                ; 2.72e-10 s                  ; 2.69e-10 s                  ; Yes                        ; Yes                        ; 2.62 V                      ; 4.05e-08 V                  ; 2.72 V             ; -0.0349 V          ; 0.173 V                             ; 0.1 V                               ; 2.72e-10 s                 ; 2.69e-10 s                 ; Yes                       ; Yes                       ;
; HEX3[5]       ; 2.5 V        ; 0 s                 ; 0 s                 ; 2.62 V                       ; 4.05e-08 V                   ; 2.72 V              ; -0.0349 V           ; 0.173 V                              ; 0.1 V                                ; 2.72e-10 s                  ; 2.69e-10 s                  ; Yes                        ; Yes                        ; 2.62 V                      ; 4.05e-08 V                  ; 2.72 V             ; -0.0349 V          ; 0.173 V                             ; 0.1 V                               ; 2.72e-10 s                 ; 2.69e-10 s                 ; Yes                       ; Yes                       ;
; HEX3[6]       ; 2.5 V        ; 0 s                 ; 0 s                 ; 2.62 V                       ; 4.05e-08 V                   ; 2.72 V              ; -0.0349 V           ; 0.173 V                              ; 0.1 V                                ; 2.72e-10 s                  ; 2.69e-10 s                  ; Yes                        ; Yes                        ; 2.62 V                      ; 4.05e-08 V                  ; 2.72 V             ; -0.0349 V          ; 0.173 V                             ; 0.1 V                               ; 2.72e-10 s                 ; 2.69e-10 s                 ; Yes                       ; Yes                       ;
; HEX4[0]       ; 2.5 V        ; 0 s                 ; 0 s                 ; 2.62 V                       ; 4.05e-08 V                   ; 2.72 V              ; -0.0349 V           ; 0.173 V                              ; 0.1 V                                ; 2.72e-10 s                  ; 2.69e-10 s                  ; Yes                        ; Yes                        ; 2.62 V                      ; 4.05e-08 V                  ; 2.72 V             ; -0.0349 V          ; 0.173 V                             ; 0.1 V                               ; 2.72e-10 s                 ; 2.69e-10 s                 ; Yes                       ; Yes                       ;
; HEX4[1]       ; 2.5 V        ; 0 s                 ; 0 s                 ; 2.62 V                       ; 4.05e-08 V                   ; 2.72 V              ; -0.0349 V           ; 0.173 V                              ; 0.1 V                                ; 2.72e-10 s                  ; 2.69e-10 s                  ; Yes                        ; Yes                        ; 2.62 V                      ; 4.05e-08 V                  ; 2.72 V             ; -0.0349 V          ; 0.173 V                             ; 0.1 V                               ; 2.72e-10 s                 ; 2.69e-10 s                 ; Yes                       ; Yes                       ;
; HEX4[2]       ; 2.5 V        ; 0 s                 ; 0 s                 ; 2.62 V                       ; 4.05e-08 V                   ; 2.72 V              ; -0.0349 V           ; 0.173 V                              ; 0.1 V                                ; 2.72e-10 s                  ; 2.69e-10 s                  ; Yes                        ; Yes                        ; 2.62 V                      ; 4.05e-08 V                  ; 2.72 V             ; -0.0349 V          ; 0.173 V                             ; 0.1 V                               ; 2.72e-10 s                 ; 2.69e-10 s                 ; Yes                       ; Yes                       ;
; HEX4[3]       ; 2.5 V        ; 0 s                 ; 0 s                 ; 2.62 V                       ; 4.05e-08 V                   ; 2.72 V              ; -0.0349 V           ; 0.173 V                              ; 0.1 V                                ; 2.72e-10 s                  ; 2.69e-10 s                  ; Yes                        ; Yes                        ; 2.62 V                      ; 4.05e-08 V                  ; 2.72 V             ; -0.0349 V          ; 0.173 V                             ; 0.1 V                               ; 2.72e-10 s                 ; 2.69e-10 s                 ; Yes                       ; Yes                       ;
; HEX4[4]       ; 2.5 V        ; 0 s                 ; 0 s                 ; 2.62 V                       ; 4.05e-08 V                   ; 2.72 V              ; -0.0349 V           ; 0.173 V                              ; 0.1 V                                ; 2.72e-10 s                  ; 2.69e-10 s                  ; Yes                        ; Yes                        ; 2.62 V                      ; 4.05e-08 V                  ; 2.72 V             ; -0.0349 V          ; 0.173 V                             ; 0.1 V                               ; 2.72e-10 s                 ; 2.69e-10 s                 ; Yes                       ; Yes                       ;
; HEX4[5]       ; 2.5 V        ; 0 s                 ; 0 s                 ; 2.62 V                       ; 4.05e-08 V                   ; 2.72 V              ; -0.0349 V           ; 0.173 V                              ; 0.1 V                                ; 2.72e-10 s                  ; 2.69e-10 s                  ; Yes                        ; Yes                        ; 2.62 V                      ; 4.05e-08 V                  ; 2.72 V             ; -0.0349 V          ; 0.173 V                             ; 0.1 V                               ; 2.72e-10 s                 ; 2.69e-10 s                 ; Yes                       ; Yes                       ;
; HEX4[6]       ; 2.5 V        ; 0 s                 ; 0 s                 ; 2.62 V                       ; 4.05e-08 V                   ; 2.72 V              ; -0.0349 V           ; 0.173 V                              ; 0.1 V                                ; 2.72e-10 s                  ; 2.69e-10 s                  ; Yes                        ; Yes                        ; 2.62 V                      ; 4.05e-08 V                  ; 2.72 V             ; -0.0349 V          ; 0.173 V                             ; 0.1 V                               ; 2.72e-10 s                 ; 2.69e-10 s                 ; Yes                       ; Yes                       ;
; HEX5[0]       ; 2.5 V        ; 0 s                 ; 0 s                 ; 2.62 V                       ; 4.05e-08 V                   ; 2.72 V              ; -0.0349 V           ; 0.173 V                              ; 0.1 V                                ; 2.72e-10 s                  ; 2.69e-10 s                  ; Yes                        ; Yes                        ; 2.62 V                      ; 4.05e-08 V                  ; 2.72 V             ; -0.0349 V          ; 0.173 V                             ; 0.1 V                               ; 2.72e-10 s                 ; 2.69e-10 s                 ; Yes                       ; Yes                       ;
; HEX5[1]       ; 2.5 V        ; 0 s                 ; 0 s                 ; 2.62 V                       ; 4.05e-08 V                   ; 2.64 V              ; -0.0113 V           ; 0.208 V                              ; 0.179 V                              ; 2.38e-09 s                  ; 2.23e-09 s                  ; No                         ; Yes                        ; 2.62 V                      ; 4.05e-08 V                  ; 2.64 V             ; -0.0113 V          ; 0.208 V                             ; 0.179 V                             ; 2.38e-09 s                 ; 2.23e-09 s                 ; No                        ; Yes                       ;
; HEX5[2]       ; 2.5 V        ; 0 s                 ; 0 s                 ; 2.62 V                       ; 4.05e-08 V                   ; 2.72 V              ; -0.0349 V           ; 0.173 V                              ; 0.1 V                                ; 2.72e-10 s                  ; 2.69e-10 s                  ; Yes                        ; Yes                        ; 2.62 V                      ; 4.05e-08 V                  ; 2.72 V             ; -0.0349 V          ; 0.173 V                             ; 0.1 V                               ; 2.72e-10 s                 ; 2.69e-10 s                 ; Yes                       ; Yes                       ;
; HEX5[3]       ; 2.5 V        ; 0 s                 ; 0 s                 ; 2.62 V                       ; 4.05e-08 V                   ; 2.72 V              ; -0.0349 V           ; 0.173 V                              ; 0.1 V                                ; 2.72e-10 s                  ; 2.69e-10 s                  ; Yes                        ; Yes                        ; 2.62 V                      ; 4.05e-08 V                  ; 2.72 V             ; -0.0349 V          ; 0.173 V                             ; 0.1 V                               ; 2.72e-10 s                 ; 2.69e-10 s                 ; Yes                       ; Yes                       ;
; HEX5[4]       ; 2.5 V        ; 0 s                 ; 0 s                 ; 2.62 V                       ; 4.05e-08 V                   ; 2.72 V              ; -0.0349 V           ; 0.173 V                              ; 0.1 V                                ; 2.72e-10 s                  ; 2.69e-10 s                  ; Yes                        ; Yes                        ; 2.62 V                      ; 4.05e-08 V                  ; 2.72 V             ; -0.0349 V          ; 0.173 V                             ; 0.1 V                               ; 2.72e-10 s                 ; 2.69e-10 s                 ; Yes                       ; Yes                       ;
; HEX5[5]       ; 2.5 V        ; 0 s                 ; 0 s                 ; 2.62 V                       ; 4.05e-08 V                   ; 2.72 V              ; -0.0349 V           ; 0.173 V                              ; 0.1 V                                ; 2.72e-10 s                  ; 2.69e-10 s                  ; Yes                        ; Yes                        ; 2.62 V                      ; 4.05e-08 V                  ; 2.72 V             ; -0.0349 V          ; 0.173 V                             ; 0.1 V                               ; 2.72e-10 s                 ; 2.69e-10 s                 ; Yes                       ; Yes                       ;
; HEX5[6]       ; 2.5 V        ; 0 s                 ; 0 s                 ; 2.62 V                       ; 4.05e-08 V                   ; 2.72 V              ; -0.0349 V           ; 0.173 V                              ; 0.1 V                                ; 2.72e-10 s                  ; 2.69e-10 s                  ; Yes                        ; Yes                        ; 2.62 V                      ; 4.05e-08 V                  ; 2.72 V             ; -0.0349 V          ; 0.173 V                             ; 0.1 V                               ; 2.72e-10 s                 ; 2.69e-10 s                 ; Yes                       ; Yes                       ;
; HEX6[0]       ; 2.5 V        ; 0 s                 ; 0 s                 ; 2.62 V                       ; 4.05e-08 V                   ; 2.72 V              ; -0.0349 V           ; 0.173 V                              ; 0.1 V                                ; 2.72e-10 s                  ; 2.69e-10 s                  ; Yes                        ; Yes                        ; 2.62 V                      ; 4.05e-08 V                  ; 2.72 V             ; -0.0349 V          ; 0.173 V                             ; 0.1 V                               ; 2.72e-10 s                 ; 2.69e-10 s                 ; Yes                       ; Yes                       ;
; HEX6[1]       ; 2.5 V        ; 0 s                 ; 0 s                 ; 2.62 V                       ; 4.05e-08 V                   ; 2.72 V              ; -0.0349 V           ; 0.173 V                              ; 0.1 V                                ; 2.72e-10 s                  ; 2.69e-10 s                  ; Yes                        ; Yes                        ; 2.62 V                      ; 4.05e-08 V                  ; 2.72 V             ; -0.0349 V          ; 0.173 V                             ; 0.1 V                               ; 2.72e-10 s                 ; 2.69e-10 s                 ; Yes                       ; Yes                       ;
; HEX6[2]       ; 2.5 V        ; 0 s                 ; 0 s                 ; 2.62 V                       ; 4.05e-08 V                   ; 2.72 V              ; -0.0349 V           ; 0.173 V                              ; 0.1 V                                ; 2.72e-10 s                  ; 2.69e-10 s                  ; Yes                        ; Yes                        ; 2.62 V                      ; 4.05e-08 V                  ; 2.72 V             ; -0.0349 V          ; 0.173 V                             ; 0.1 V                               ; 2.72e-10 s                 ; 2.69e-10 s                 ; Yes                       ; Yes                       ;
; HEX6[3]       ; 2.5 V        ; 0 s                 ; 0 s                 ; 2.62 V                       ; 4.05e-08 V                   ; 2.72 V              ; -0.0349 V           ; 0.173 V                              ; 0.1 V                                ; 2.72e-10 s                  ; 2.69e-10 s                  ; Yes                        ; Yes                        ; 2.62 V                      ; 4.05e-08 V                  ; 2.72 V             ; -0.0349 V          ; 0.173 V                             ; 0.1 V                               ; 2.72e-10 s                 ; 2.69e-10 s                 ; Yes                       ; Yes                       ;
; HEX6[4]       ; 2.5 V        ; 0 s                 ; 0 s                 ; 2.62 V                       ; 4.05e-08 V                   ; 2.72 V              ; -0.0349 V           ; 0.173 V                              ; 0.1 V                                ; 2.72e-10 s                  ; 2.69e-10 s                  ; Yes                        ; Yes                        ; 2.62 V                      ; 4.05e-08 V                  ; 2.72 V             ; -0.0349 V          ; 0.173 V                             ; 0.1 V                               ; 2.72e-10 s                 ; 2.69e-10 s                 ; Yes                       ; Yes                       ;
; HEX6[5]       ; 2.5 V        ; 0 s                 ; 0 s                 ; 2.62 V                       ; 4.05e-08 V                   ; 2.64 V              ; -0.0113 V           ; 0.208 V                              ; 0.179 V                              ; 2.38e-09 s                  ; 2.23e-09 s                  ; No                         ; Yes                        ; 2.62 V                      ; 4.05e-08 V                  ; 2.64 V             ; -0.0113 V          ; 0.208 V                             ; 0.179 V                             ; 2.38e-09 s                 ; 2.23e-09 s                 ; No                        ; Yes                       ;
; HEX6[6]       ; 2.5 V        ; 0 s                 ; 0 s                 ; 2.62 V                       ; 4.05e-08 V                   ; 2.72 V              ; -0.0349 V           ; 0.173 V                              ; 0.1 V                                ; 2.72e-10 s                  ; 2.69e-10 s                  ; Yes                        ; Yes                        ; 2.62 V                      ; 4.05e-08 V                  ; 2.72 V             ; -0.0349 V          ; 0.173 V                             ; 0.1 V                               ; 2.72e-10 s                 ; 2.69e-10 s                 ; Yes                       ; Yes                       ;
; HEX7[0]       ; 2.5 V        ; 0 s                 ; 0 s                 ; 2.62 V                       ; 4.05e-08 V                   ; 2.72 V              ; -0.0349 V           ; 0.173 V                              ; 0.1 V                                ; 2.72e-10 s                  ; 2.69e-10 s                  ; Yes                        ; Yes                        ; 2.62 V                      ; 4.05e-08 V                  ; 2.72 V             ; -0.0349 V          ; 0.173 V                             ; 0.1 V                               ; 2.72e-10 s                 ; 2.69e-10 s                 ; Yes                       ; Yes                       ;
; HEX7[1]       ; 2.5 V        ; 0 s                 ; 0 s                 ; 2.62 V                       ; 4.05e-08 V                   ; 2.72 V              ; -0.0349 V           ; 0.173 V                              ; 0.1 V                                ; 2.72e-10 s                  ; 2.69e-10 s                  ; Yes                        ; Yes                        ; 2.62 V                      ; 4.05e-08 V                  ; 2.72 V             ; -0.0349 V          ; 0.173 V                             ; 0.1 V                               ; 2.72e-10 s                 ; 2.69e-10 s                 ; Yes                       ; Yes                       ;
; HEX7[2]       ; 2.5 V        ; 0 s                 ; 0 s                 ; 2.62 V                       ; 4.05e-08 V                   ; 2.72 V              ; -0.0349 V           ; 0.173 V                              ; 0.1 V                                ; 2.72e-10 s                  ; 2.69e-10 s                  ; Yes                        ; Yes                        ; 2.62 V                      ; 4.05e-08 V                  ; 2.72 V             ; -0.0349 V          ; 0.173 V                             ; 0.1 V                               ; 2.72e-10 s                 ; 2.69e-10 s                 ; Yes                       ; Yes                       ;
; HEX7[3]       ; 2.5 V        ; 0 s                 ; 0 s                 ; 2.62 V                       ; 4.05e-08 V                   ; 2.72 V              ; -0.0349 V           ; 0.173 V                              ; 0.1 V                                ; 2.72e-10 s                  ; 2.69e-10 s                  ; Yes                        ; Yes                        ; 2.62 V                      ; 4.05e-08 V                  ; 2.72 V             ; -0.0349 V          ; 0.173 V                             ; 0.1 V                               ; 2.72e-10 s                 ; 2.69e-10 s                 ; Yes                       ; Yes                       ;
; HEX7[4]       ; 2.5 V        ; 0 s                 ; 0 s                 ; 2.62 V                       ; 4.05e-08 V                   ; 2.72 V              ; -0.0349 V           ; 0.173 V                              ; 0.1 V                                ; 2.72e-10 s                  ; 2.69e-10 s                  ; Yes                        ; Yes                        ; 2.62 V                      ; 4.05e-08 V                  ; 2.72 V             ; -0.0349 V          ; 0.173 V                             ; 0.1 V                               ; 2.72e-10 s                 ; 2.69e-10 s                 ; Yes                       ; Yes                       ;
; HEX7[5]       ; 2.5 V        ; 0 s                 ; 0 s                 ; 2.62 V                       ; 4.05e-08 V                   ; 2.72 V              ; -0.0349 V           ; 0.173 V                              ; 0.1 V                                ; 2.72e-10 s                  ; 2.69e-10 s                  ; Yes                        ; Yes                        ; 2.62 V                      ; 4.05e-08 V                  ; 2.72 V             ; -0.0349 V          ; 0.173 V                             ; 0.1 V                               ; 2.72e-10 s                 ; 2.69e-10 s                 ; Yes                       ; Yes                       ;
; HEX7[6]       ; 2.5 V        ; 0 s                 ; 0 s                 ; 2.62 V                       ; 4.05e-08 V                   ; 2.72 V              ; -0.0349 V           ; 0.173 V                              ; 0.1 V                                ; 2.72e-10 s                  ; 2.69e-10 s                  ; Yes                        ; Yes                        ; 2.62 V                      ; 4.05e-08 V                  ; 2.72 V             ; -0.0349 V          ; 0.173 V                             ; 0.1 V                               ; 2.72e-10 s                 ; 2.69e-10 s                 ; Yes                       ; Yes                       ;
; LEDG[0]       ; 2.5 V        ; 0 s                 ; 0 s                 ; 2.62 V                       ; 4.05e-08 V                   ; 2.72 V              ; -0.0349 V           ; 0.173 V                              ; 0.1 V                                ; 2.72e-10 s                  ; 2.69e-10 s                  ; Yes                        ; Yes                        ; 2.62 V                      ; 4.05e-08 V                  ; 2.72 V             ; -0.0349 V          ; 0.173 V                             ; 0.1 V                               ; 2.72e-10 s                 ; 2.69e-10 s                 ; Yes                       ; Yes                       ;
; LEDG[1]       ; 2.5 V        ; 0 s                 ; 0 s                 ; 2.62 V                       ; 4.05e-08 V                   ; 2.72 V              ; -0.0349 V           ; 0.173 V                              ; 0.1 V                                ; 2.72e-10 s                  ; 2.69e-10 s                  ; Yes                        ; Yes                        ; 2.62 V                      ; 4.05e-08 V                  ; 2.72 V             ; -0.0349 V          ; 0.173 V                             ; 0.1 V                               ; 2.72e-10 s                 ; 2.69e-10 s                 ; Yes                       ; Yes                       ;
; LEDG[2]       ; 2.5 V        ; 0 s                 ; 0 s                 ; 2.62 V                       ; 4.05e-08 V                   ; 2.72 V              ; -0.0349 V           ; 0.173 V                              ; 0.1 V                                ; 2.72e-10 s                  ; 2.69e-10 s                  ; Yes                        ; Yes                        ; 2.62 V                      ; 4.05e-08 V                  ; 2.72 V             ; -0.0349 V          ; 0.173 V                             ; 0.1 V                               ; 2.72e-10 s                 ; 2.69e-10 s                 ; Yes                       ; Yes                       ;
; LEDG[3]       ; 2.5 V        ; 0 s                 ; 0 s                 ; 2.62 V                       ; 4.05e-08 V                   ; 2.72 V              ; -0.0349 V           ; 0.173 V                              ; 0.1 V                                ; 2.72e-10 s                  ; 2.69e-10 s                  ; Yes                        ; Yes                        ; 2.62 V                      ; 4.05e-08 V                  ; 2.72 V             ; -0.0349 V          ; 0.173 V                             ; 0.1 V                               ; 2.72e-10 s                 ; 2.69e-10 s                 ; Yes                       ; Yes                       ;
; LEDG[4]       ; 2.5 V        ; 0 s                 ; 0 s                 ; 2.62 V                       ; 4.05e-08 V                   ; 2.72 V              ; -0.0349 V           ; 0.173 V                              ; 0.1 V                                ; 2.72e-10 s                  ; 2.69e-10 s                  ; Yes                        ; Yes                        ; 2.62 V                      ; 4.05e-08 V                  ; 2.72 V             ; -0.0349 V          ; 0.173 V                             ; 0.1 V                               ; 2.72e-10 s                 ; 2.69e-10 s                 ; Yes                       ; Yes                       ;
; LEDG[5]       ; 2.5 V        ; 0 s                 ; 0 s                 ; 2.62 V                       ; 4.05e-08 V                   ; 2.72 V              ; -0.0349 V           ; 0.173 V                              ; 0.1 V                                ; 2.72e-10 s                  ; 2.69e-10 s                  ; Yes                        ; Yes                        ; 2.62 V                      ; 4.05e-08 V                  ; 2.72 V             ; -0.0349 V          ; 0.173 V                             ; 0.1 V                               ; 2.72e-10 s                 ; 2.69e-10 s                 ; Yes                       ; Yes                       ;
; LEDG[6]       ; 2.5 V        ; 0 s                 ; 0 s                 ; 2.62 V                       ; 4.05e-08 V                   ; 2.72 V              ; -0.0349 V           ; 0.173 V                              ; 0.1 V                                ; 2.72e-10 s                  ; 2.69e-10 s                  ; Yes                        ; Yes                        ; 2.62 V                      ; 4.05e-08 V                  ; 2.72 V             ; -0.0349 V          ; 0.173 V                             ; 0.1 V                               ; 2.72e-10 s                 ; 2.69e-10 s                 ; Yes                       ; Yes                       ;
; LEDG[7]       ; 2.5 V        ; 0 s                 ; 0 s                 ; 2.62 V                       ; 4.05e-08 V                   ; 2.72 V              ; -0.0349 V           ; 0.173 V                              ; 0.1 V                                ; 2.72e-10 s                  ; 2.69e-10 s                  ; Yes                        ; Yes                        ; 2.62 V                      ; 4.05e-08 V                  ; 2.72 V             ; -0.0349 V          ; 0.173 V                             ; 0.1 V                               ; 2.72e-10 s                 ; 2.69e-10 s                 ; Yes                       ; Yes                       ;
; LEDG[8]       ; 2.5 V        ; 0 s                 ; 0 s                 ; 2.62 V                       ; 4.05e-08 V                   ; 2.72 V              ; -0.0349 V           ; 0.173 V                              ; 0.1 V                                ; 2.72e-10 s                  ; 2.69e-10 s                  ; Yes                        ; Yes                        ; 2.62 V                      ; 4.05e-08 V                  ; 2.72 V             ; -0.0349 V          ; 0.173 V                             ; 0.1 V                               ; 2.72e-10 s                 ; 2.69e-10 s                 ; Yes                       ; Yes                       ;
; LEDR[0]       ; 2.5 V        ; 0 s                 ; 0 s                 ; 2.62 V                       ; 4.05e-08 V                   ; 2.72 V              ; -0.0349 V           ; 0.173 V                              ; 0.1 V                                ; 2.72e-10 s                  ; 2.69e-10 s                  ; Yes                        ; Yes                        ; 2.62 V                      ; 4.05e-08 V                  ; 2.72 V             ; -0.0349 V          ; 0.173 V                             ; 0.1 V                               ; 2.72e-10 s                 ; 2.69e-10 s                 ; Yes                       ; Yes                       ;
; LEDR[1]       ; 2.5 V        ; 0 s                 ; 0 s                 ; 2.62 V                       ; 4.05e-08 V                   ; 2.72 V              ; -0.0349 V           ; 0.173 V                              ; 0.1 V                                ; 2.72e-10 s                  ; 2.69e-10 s                  ; Yes                        ; Yes                        ; 2.62 V                      ; 4.05e-08 V                  ; 2.72 V             ; -0.0349 V          ; 0.173 V                             ; 0.1 V                               ; 2.72e-10 s                 ; 2.69e-10 s                 ; Yes                       ; Yes                       ;
; LEDR[2]       ; 2.5 V        ; 0 s                 ; 0 s                 ; 2.62 V                       ; 4.05e-08 V                   ; 2.72 V              ; -0.0349 V           ; 0.173 V                              ; 0.1 V                                ; 2.72e-10 s                  ; 2.69e-10 s                  ; Yes                        ; Yes                        ; 2.62 V                      ; 4.05e-08 V                  ; 2.72 V             ; -0.0349 V          ; 0.173 V                             ; 0.1 V                               ; 2.72e-10 s                 ; 2.69e-10 s                 ; Yes                       ; Yes                       ;
; LEDR[3]       ; 2.5 V        ; 0 s                 ; 0 s                 ; 2.62 V                       ; 4.05e-08 V                   ; 2.72 V              ; -0.0349 V           ; 0.173 V                              ; 0.1 V                                ; 2.72e-10 s                  ; 2.69e-10 s                  ; Yes                        ; Yes                        ; 2.62 V                      ; 4.05e-08 V                  ; 2.72 V             ; -0.0349 V          ; 0.173 V                             ; 0.1 V                               ; 2.72e-10 s                 ; 2.69e-10 s                 ; Yes                       ; Yes                       ;
; LEDR[4]       ; 2.5 V        ; 0 s                 ; 0 s                 ; 2.62 V                       ; 4.05e-08 V                   ; 2.72 V              ; -0.0349 V           ; 0.173 V                              ; 0.1 V                                ; 2.72e-10 s                  ; 2.69e-10 s                  ; Yes                        ; Yes                        ; 2.62 V                      ; 4.05e-08 V                  ; 2.72 V             ; -0.0349 V          ; 0.173 V                             ; 0.1 V                               ; 2.72e-10 s                 ; 2.69e-10 s                 ; Yes                       ; Yes                       ;
; LEDR[5]       ; 2.5 V        ; 0 s                 ; 0 s                 ; 2.62 V                       ; 4.05e-08 V                   ; 2.72 V              ; -0.0349 V           ; 0.173 V                              ; 0.1 V                                ; 2.72e-10 s                  ; 2.69e-10 s                  ; Yes                        ; Yes                        ; 2.62 V                      ; 4.05e-08 V                  ; 2.72 V             ; -0.0349 V          ; 0.173 V                             ; 0.1 V                               ; 2.72e-10 s                 ; 2.69e-10 s                 ; Yes                       ; Yes                       ;
; LEDR[6]       ; 2.5 V        ; 0 s                 ; 0 s                 ; 2.62 V                       ; 4.05e-08 V                   ; 2.72 V              ; -0.0349 V           ; 0.173 V                              ; 0.1 V                                ; 2.72e-10 s                  ; 2.69e-10 s                  ; Yes                        ; Yes                        ; 2.62 V                      ; 4.05e-08 V                  ; 2.72 V             ; -0.0349 V          ; 0.173 V                             ; 0.1 V                               ; 2.72e-10 s                 ; 2.69e-10 s                 ; Yes                       ; Yes                       ;
; LEDR[7]       ; 2.5 V        ; 0 s                 ; 0 s                 ; 2.62 V                       ; 4.05e-08 V                   ; 2.72 V              ; -0.0349 V           ; 0.173 V                              ; 0.1 V                                ; 2.72e-10 s                  ; 2.69e-10 s                  ; Yes                        ; Yes                        ; 2.62 V                      ; 4.05e-08 V                  ; 2.72 V             ; -0.0349 V          ; 0.173 V                             ; 0.1 V                               ; 2.72e-10 s                 ; 2.69e-10 s                 ; Yes                       ; Yes                       ;
; LEDR[8]       ; 2.5 V        ; 0 s                 ; 0 s                 ; 2.62 V                       ; 4.05e-08 V                   ; 2.72 V              ; -0.0349 V           ; 0.173 V                              ; 0.1 V                                ; 2.72e-10 s                  ; 2.69e-10 s                  ; Yes                        ; Yes                        ; 2.62 V                      ; 4.05e-08 V                  ; 2.72 V             ; -0.0349 V          ; 0.173 V                             ; 0.1 V                               ; 2.72e-10 s                 ; 2.69e-10 s                 ; Yes                       ; Yes                       ;
; LEDR[9]       ; 2.5 V        ; 0 s                 ; 0 s                 ; 2.62 V                       ; 4.05e-08 V                   ; 2.64 V              ; -0.0113 V           ; 0.208 V                              ; 0.179 V                              ; 2.38e-09 s                  ; 2.23e-09 s                  ; No                         ; Yes                        ; 2.62 V                      ; 4.05e-08 V                  ; 2.64 V             ; -0.0113 V          ; 0.208 V                             ; 0.179 V                             ; 2.38e-09 s                 ; 2.23e-09 s                 ; No                        ; Yes                       ;
; LEDR[10]      ; 2.5 V        ; 0 s                 ; 0 s                 ; 2.62 V                       ; 4.05e-08 V                   ; 2.72 V              ; -0.0349 V           ; 0.173 V                              ; 0.1 V                                ; 2.72e-10 s                  ; 2.69e-10 s                  ; Yes                        ; Yes                        ; 2.62 V                      ; 4.05e-08 V                  ; 2.72 V             ; -0.0349 V          ; 0.173 V                             ; 0.1 V                               ; 2.72e-10 s                 ; 2.69e-10 s                 ; Yes                       ; Yes                       ;
; LEDR[11]      ; 2.5 V        ; 0 s                 ; 0 s                 ; 2.62 V                       ; 4.05e-08 V                   ; 2.72 V              ; -0.0349 V           ; 0.173 V                              ; 0.1 V                                ; 2.72e-10 s                  ; 2.69e-10 s                  ; Yes                        ; Yes                        ; 2.62 V                      ; 4.05e-08 V                  ; 2.72 V             ; -0.0349 V          ; 0.173 V                             ; 0.1 V                               ; 2.72e-10 s                 ; 2.69e-10 s                 ; Yes                       ; Yes                       ;
; LEDR[12]      ; 2.5 V        ; 0 s                 ; 0 s                 ; 2.62 V                       ; 4.05e-08 V                   ; 2.72 V              ; -0.0349 V           ; 0.173 V                              ; 0.1 V                                ; 2.72e-10 s                  ; 2.69e-10 s                  ; Yes                        ; Yes                        ; 2.62 V                      ; 4.05e-08 V                  ; 2.72 V             ; -0.0349 V          ; 0.173 V                             ; 0.1 V                               ; 2.72e-10 s                 ; 2.69e-10 s                 ; Yes                       ; Yes                       ;
; LEDR[13]      ; 2.5 V        ; 0 s                 ; 0 s                 ; 2.62 V                       ; 4.05e-08 V                   ; 2.72 V              ; -0.0349 V           ; 0.173 V                              ; 0.1 V                                ; 2.72e-10 s                  ; 2.69e-10 s                  ; Yes                        ; Yes                        ; 2.62 V                      ; 4.05e-08 V                  ; 2.72 V             ; -0.0349 V          ; 0.173 V                             ; 0.1 V                               ; 2.72e-10 s                 ; 2.69e-10 s                 ; Yes                       ; Yes                       ;
; LEDR[14]      ; 2.5 V        ; 0 s                 ; 0 s                 ; 2.62 V                       ; 4.05e-08 V                   ; 2.72 V              ; -0.0349 V           ; 0.173 V                              ; 0.1 V                                ; 2.72e-10 s                  ; 2.69e-10 s                  ; Yes                        ; Yes                        ; 2.62 V                      ; 4.05e-08 V                  ; 2.72 V             ; -0.0349 V          ; 0.173 V                             ; 0.1 V                               ; 2.72e-10 s                 ; 2.69e-10 s                 ; Yes                       ; Yes                       ;
; LEDR[15]      ; 2.5 V        ; 0 s                 ; 0 s                 ; 2.62 V                       ; 4.05e-08 V                   ; 2.64 V              ; -0.0113 V           ; 0.208 V                              ; 0.179 V                              ; 2.38e-09 s                  ; 2.23e-09 s                  ; No                         ; Yes                        ; 2.62 V                      ; 4.05e-08 V                  ; 2.64 V             ; -0.0113 V          ; 0.208 V                             ; 0.179 V                             ; 2.38e-09 s                 ; 2.23e-09 s                 ; No                        ; Yes                       ;
; LEDR[16]      ; 2.5 V        ; 0 s                 ; 0 s                 ; 2.62 V                       ; 4.05e-08 V                   ; 2.72 V              ; -0.0349 V           ; 0.173 V                              ; 0.1 V                                ; 2.72e-10 s                  ; 2.69e-10 s                  ; Yes                        ; Yes                        ; 2.62 V                      ; 4.05e-08 V                  ; 2.72 V             ; -0.0349 V          ; 0.173 V                             ; 0.1 V                               ; 2.72e-10 s                 ; 2.69e-10 s                 ; Yes                       ; Yes                       ;
; LEDR[17]      ; 2.5 V        ; 0 s                 ; 0 s                 ; 2.62 V                       ; 4.05e-08 V                   ; 2.72 V              ; -0.0349 V           ; 0.173 V                              ; 0.1 V                                ; 2.72e-10 s                  ; 2.69e-10 s                  ; Yes                        ; Yes                        ; 2.62 V                      ; 4.05e-08 V                  ; 2.72 V             ; -0.0349 V          ; 0.173 V                             ; 0.1 V                               ; 2.72e-10 s                 ; 2.69e-10 s                 ; Yes                       ; Yes                       ;
; LCD_ON        ; 2.5 V        ; 0 s                 ; 0 s                 ; 2.62 V                       ; 2.74e-08 V                   ; 2.64 V              ; -0.0117 V           ; 0.202 V                              ; 0.176 V                              ; 2.38e-09 s                  ; 2.22e-09 s                  ; No                         ; Yes                        ; 2.62 V                      ; 2.74e-08 V                  ; 2.64 V             ; -0.0117 V          ; 0.202 V                             ; 0.176 V                             ; 2.38e-09 s                 ; 2.22e-09 s                 ; No                        ; Yes                       ;
; LCD_BLON      ; 2.5 V        ; 0 s                 ; 0 s                 ; 2.62 V                       ; 2.74e-08 V                   ; 2.71 V              ; -0.0317 V           ; 0.148 V                              ; 0.064 V                              ; 4.51e-10 s                  ; 4.15e-10 s                  ; No                         ; Yes                        ; 2.62 V                      ; 2.74e-08 V                  ; 2.71 V             ; -0.0317 V          ; 0.148 V                             ; 0.064 V                             ; 4.51e-10 s                 ; 4.15e-10 s                 ; No                        ; Yes                       ;
; LCD_RW        ; 2.5 V        ; 0 s                 ; 0 s                 ; 2.62 V                       ; 2.74e-08 V                   ; 2.71 V              ; -0.0317 V           ; 0.148 V                              ; 0.064 V                              ; 4.51e-10 s                  ; 4.15e-10 s                  ; No                         ; Yes                        ; 2.62 V                      ; 2.74e-08 V                  ; 2.71 V             ; -0.0317 V          ; 0.148 V                             ; 0.064 V                             ; 4.51e-10 s                 ; 4.15e-10 s                 ; No                        ; Yes                       ;
; LCD_EN        ; 2.5 V        ; 0 s                 ; 0 s                 ; 2.62 V                       ; 2.74e-08 V                   ; 2.71 V              ; -0.0317 V           ; 0.148 V                              ; 0.064 V                              ; 4.51e-10 s                  ; 4.15e-10 s                  ; No                         ; Yes                        ; 2.62 V                      ; 2.74e-08 V                  ; 2.71 V             ; -0.0317 V          ; 0.148 V                             ; 0.064 V                             ; 4.51e-10 s                 ; 4.15e-10 s                 ; No                        ; Yes                       ;
; LCD_RS        ; 2.5 V        ; 0 s                 ; 0 s                 ; 2.62 V                       ; 2.74e-08 V                   ; 2.71 V              ; -0.0317 V           ; 0.148 V                              ; 0.064 V                              ; 4.51e-10 s                  ; 4.15e-10 s                  ; No                         ; Yes                        ; 2.62 V                      ; 2.74e-08 V                  ; 2.71 V             ; -0.0317 V          ; 0.148 V                             ; 0.064 V                             ; 4.51e-10 s                 ; 4.15e-10 s                 ; No                        ; Yes                       ;
; GPIO_0[0]     ; 2.5 V        ; 0 s                 ; 0 s                 ; 2.62 V                       ; 4.05e-08 V                   ; 2.72 V              ; -0.0349 V           ; 0.173 V                              ; 0.1 V                                ; 2.72e-10 s                  ; 2.69e-10 s                  ; Yes                        ; Yes                        ; 2.62 V                      ; 4.05e-08 V                  ; 2.72 V             ; -0.0349 V          ; 0.173 V                             ; 0.1 V                               ; 2.72e-10 s                 ; 2.69e-10 s                 ; Yes                       ; Yes                       ;
; GPIO_0[1]     ; 2.5 V        ; 0 s                 ; 0 s                 ; 2.62 V                       ; 4.05e-08 V                   ; 2.72 V              ; -0.0349 V           ; 0.173 V                              ; 0.1 V                                ; 2.72e-10 s                  ; 2.69e-10 s                  ; Yes                        ; Yes                        ; 2.62 V                      ; 4.05e-08 V                  ; 2.72 V             ; -0.0349 V          ; 0.173 V                             ; 0.1 V                               ; 2.72e-10 s                 ; 2.69e-10 s                 ; Yes                       ; Yes                       ;
; GPIO_0[2]     ; 2.5 V        ; 0 s                 ; 0 s                 ; 2.62 V                       ; 2.74e-08 V                   ; 2.71 V              ; -0.0317 V           ; 0.148 V                              ; 0.064 V                              ; 4.51e-10 s                  ; 4.15e-10 s                  ; No                         ; Yes                        ; 2.62 V                      ; 2.74e-08 V                  ; 2.71 V             ; -0.0317 V          ; 0.148 V                             ; 0.064 V                             ; 4.51e-10 s                 ; 4.15e-10 s                 ; No                        ; Yes                       ;
; GPIO_0[3]     ; 2.5 V        ; 0 s                 ; 0 s                 ; 2.62 V                       ; 2.74e-08 V                   ; 2.71 V              ; -0.0317 V           ; 0.148 V                              ; 0.064 V                              ; 4.51e-10 s                  ; 4.15e-10 s                  ; No                         ; Yes                        ; 2.62 V                      ; 2.74e-08 V                  ; 2.71 V             ; -0.0317 V          ; 0.148 V                             ; 0.064 V                             ; 4.51e-10 s                 ; 4.15e-10 s                 ; No                        ; Yes                       ;
; GPIO_0[4]     ; 2.5 V        ; 0 s                 ; 0 s                 ; 2.62 V                       ; 4.05e-08 V                   ; 2.72 V              ; -0.0349 V           ; 0.173 V                              ; 0.1 V                                ; 2.72e-10 s                  ; 2.69e-10 s                  ; Yes                        ; Yes                        ; 2.62 V                      ; 4.05e-08 V                  ; 2.72 V             ; -0.0349 V          ; 0.173 V                             ; 0.1 V                               ; 2.72e-10 s                 ; 2.69e-10 s                 ; Yes                       ; Yes                       ;
; GPIO_0[5]     ; 2.5 V        ; 0 s                 ; 0 s                 ; 2.62 V                       ; 2.74e-08 V                   ; 2.71 V              ; -0.0317 V           ; 0.148 V                              ; 0.064 V                              ; 4.51e-10 s                  ; 4.15e-10 s                  ; No                         ; Yes                        ; 2.62 V                      ; 2.74e-08 V                  ; 2.71 V             ; -0.0317 V          ; 0.148 V                             ; 0.064 V                             ; 4.51e-10 s                 ; 4.15e-10 s                 ; No                        ; Yes                       ;
; GPIO_0[6]     ; 2.5 V        ; 0 s                 ; 0 s                 ; 2.62 V                       ; 4.05e-08 V                   ; 2.72 V              ; -0.0349 V           ; 0.173 V                              ; 0.1 V                                ; 2.72e-10 s                  ; 2.69e-10 s                  ; Yes                        ; Yes                        ; 2.62 V                      ; 4.05e-08 V                  ; 2.72 V             ; -0.0349 V          ; 0.173 V                             ; 0.1 V                               ; 2.72e-10 s                 ; 2.69e-10 s                 ; Yes                       ; Yes                       ;
; GPIO_0[7]     ; 2.5 V        ; 0 s                 ; 0 s                 ; 2.62 V                       ; 4.05e-08 V                   ; 2.72 V              ; -0.0349 V           ; 0.173 V                              ; 0.1 V                                ; 2.72e-10 s                  ; 2.69e-10 s                  ; Yes                        ; Yes                        ; 2.62 V                      ; 4.05e-08 V                  ; 2.72 V             ; -0.0349 V          ; 0.173 V                             ; 0.1 V                               ; 2.72e-10 s                 ; 2.69e-10 s                 ; Yes                       ; Yes                       ;
; GPIO_0[8]     ; 2.5 V        ; 0 s                 ; 0 s                 ; 2.62 V                       ; 2.74e-08 V                   ; 2.71 V              ; -0.0317 V           ; 0.148 V                              ; 0.064 V                              ; 4.51e-10 s                  ; 4.15e-10 s                  ; No                         ; Yes                        ; 2.62 V                      ; 2.74e-08 V                  ; 2.71 V             ; -0.0317 V          ; 0.148 V                             ; 0.064 V                             ; 4.51e-10 s                 ; 4.15e-10 s                 ; No                        ; Yes                       ;
; GPIO_0[9]     ; 2.5 V        ; 0 s                 ; 0 s                 ; 2.62 V                       ; 4.05e-08 V                   ; 2.72 V              ; -0.0349 V           ; 0.173 V                              ; 0.1 V                                ; 2.72e-10 s                  ; 2.69e-10 s                  ; Yes                        ; Yes                        ; 2.62 V                      ; 4.05e-08 V                  ; 2.72 V             ; -0.0349 V          ; 0.173 V                             ; 0.1 V                               ; 2.72e-10 s                 ; 2.69e-10 s                 ; Yes                       ; Yes                       ;
; GPIO_0[10]    ; 2.5 V        ; 0 s                 ; 0 s                 ; 2.62 V                       ; 4.05e-08 V                   ; 2.72 V              ; -0.0349 V           ; 0.173 V                              ; 0.1 V                                ; 2.72e-10 s                  ; 2.69e-10 s                  ; Yes                        ; Yes                        ; 2.62 V                      ; 4.05e-08 V                  ; 2.72 V             ; -0.0349 V          ; 0.173 V                             ; 0.1 V                               ; 2.72e-10 s                 ; 2.69e-10 s                 ; Yes                       ; Yes                       ;
; GPIO_0[11]    ; 2.5 V        ; 0 s                 ; 0 s                 ; 2.62 V                       ; 2.74e-08 V                   ; 2.71 V              ; -0.0317 V           ; 0.148 V                              ; 0.064 V                              ; 4.51e-10 s                  ; 4.15e-10 s                  ; No                         ; Yes                        ; 2.62 V                      ; 2.74e-08 V                  ; 2.71 V             ; -0.0317 V          ; 0.148 V                             ; 0.064 V                             ; 4.51e-10 s                 ; 4.15e-10 s                 ; No                        ; Yes                       ;
; GPIO_0[12]    ; 2.5 V        ; 0 s                 ; 0 s                 ; 2.62 V                       ; 4.05e-08 V                   ; 2.72 V              ; -0.0349 V           ; 0.173 V                              ; 0.1 V                                ; 2.72e-10 s                  ; 2.69e-10 s                  ; Yes                        ; Yes                        ; 2.62 V                      ; 4.05e-08 V                  ; 2.72 V             ; -0.0349 V          ; 0.173 V                             ; 0.1 V                               ; 2.72e-10 s                 ; 2.69e-10 s                 ; Yes                       ; Yes                       ;
; GPIO_0[13]    ; 2.5 V        ; 0 s                 ; 0 s                 ; 2.62 V                       ; 4.05e-08 V                   ; 2.72 V              ; -0.0349 V           ; 0.173 V                              ; 0.1 V                                ; 2.72e-10 s                  ; 2.69e-10 s                  ; Yes                        ; Yes                        ; 2.62 V                      ; 4.05e-08 V                  ; 2.72 V             ; -0.0349 V          ; 0.173 V                             ; 0.1 V                               ; 2.72e-10 s                 ; 2.69e-10 s                 ; Yes                       ; Yes                       ;
; GPIO_0[14]    ; 2.5 V        ; 0 s                 ; 0 s                 ; 2.62 V                       ; 4.05e-08 V                   ; 2.72 V              ; -0.0349 V           ; 0.173 V                              ; 0.1 V                                ; 2.72e-10 s                  ; 2.69e-10 s                  ; Yes                        ; Yes                        ; 2.62 V                      ; 4.05e-08 V                  ; 2.72 V             ; -0.0349 V          ; 0.173 V                             ; 0.1 V                               ; 2.72e-10 s                 ; 2.69e-10 s                 ; Yes                       ; Yes                       ;
; GPIO_0[15]    ; 2.5 V        ; 0 s                 ; 0 s                 ; 2.62 V                       ; 4.05e-08 V                   ; 2.72 V              ; -0.0349 V           ; 0.173 V                              ; 0.1 V                                ; 2.72e-10 s                  ; 2.69e-10 s                  ; Yes                        ; Yes                        ; 2.62 V                      ; 4.05e-08 V                  ; 2.72 V             ; -0.0349 V          ; 0.173 V                             ; 0.1 V                               ; 2.72e-10 s                 ; 2.69e-10 s                 ; Yes                       ; Yes                       ;
; GPIO_0[16]    ; 2.5 V        ; 0 s                 ; 0 s                 ; 2.62 V                       ; 4.05e-08 V                   ; 2.72 V              ; -0.0349 V           ; 0.173 V                              ; 0.1 V                                ; 2.72e-10 s                  ; 2.69e-10 s                  ; Yes                        ; Yes                        ; 2.62 V                      ; 4.05e-08 V                  ; 2.72 V             ; -0.0349 V          ; 0.173 V                             ; 0.1 V                               ; 2.72e-10 s                 ; 2.69e-10 s                 ; Yes                       ; Yes                       ;
; GPIO_0[17]    ; 2.5 V        ; 0 s                 ; 0 s                 ; 2.62 V                       ; 2.74e-08 V                   ; 2.71 V              ; -0.0317 V           ; 0.148 V                              ; 0.064 V                              ; 4.51e-10 s                  ; 4.15e-10 s                  ; No                         ; Yes                        ; 2.62 V                      ; 2.74e-08 V                  ; 2.71 V             ; -0.0317 V          ; 0.148 V                             ; 0.064 V                             ; 4.51e-10 s                 ; 4.15e-10 s                 ; No                        ; Yes                       ;
; GPIO_0[18]    ; 2.5 V        ; 0 s                 ; 0 s                 ; 2.62 V                       ; 4.05e-08 V                   ; 2.72 V              ; -0.0349 V           ; 0.173 V                              ; 0.1 V                                ; 2.72e-10 s                  ; 2.69e-10 s                  ; Yes                        ; Yes                        ; 2.62 V                      ; 4.05e-08 V                  ; 2.72 V             ; -0.0349 V          ; 0.173 V                             ; 0.1 V                               ; 2.72e-10 s                 ; 2.69e-10 s                 ; Yes                       ; Yes                       ;
; GPIO_0[19]    ; 2.5 V        ; 0 s                 ; 0 s                 ; 2.62 V                       ; 2.74e-08 V                   ; 2.71 V              ; -0.0317 V           ; 0.148 V                              ; 0.064 V                              ; 4.51e-10 s                  ; 4.15e-10 s                  ; No                         ; Yes                        ; 2.62 V                      ; 2.74e-08 V                  ; 2.71 V             ; -0.0317 V          ; 0.148 V                             ; 0.064 V                             ; 4.51e-10 s                 ; 4.15e-10 s                 ; No                        ; Yes                       ;
; GPIO_0[20]    ; 2.5 V        ; 0 s                 ; 0 s                 ; 2.62 V                       ; 4.05e-08 V                   ; 2.72 V              ; -0.0349 V           ; 0.173 V                              ; 0.1 V                                ; 2.72e-10 s                  ; 2.69e-10 s                  ; Yes                        ; Yes                        ; 2.62 V                      ; 4.05e-08 V                  ; 2.72 V             ; -0.0349 V          ; 0.173 V                             ; 0.1 V                               ; 2.72e-10 s                 ; 2.69e-10 s                 ; Yes                       ; Yes                       ;
; GPIO_0[21]    ; 2.5 V        ; 0 s                 ; 0 s                 ; 2.62 V                       ; 2.74e-08 V                   ; 2.71 V              ; -0.0317 V           ; 0.148 V                              ; 0.064 V                              ; 4.51e-10 s                  ; 4.15e-10 s                  ; No                         ; Yes                        ; 2.62 V                      ; 2.74e-08 V                  ; 2.71 V             ; -0.0317 V          ; 0.148 V                             ; 0.064 V                             ; 4.51e-10 s                 ; 4.15e-10 s                 ; No                        ; Yes                       ;
; GPIO_0[22]    ; 2.5 V        ; 0 s                 ; 0 s                 ; 2.62 V                       ; 4.05e-08 V                   ; 2.72 V              ; -0.0349 V           ; 0.173 V                              ; 0.1 V                                ; 2.72e-10 s                  ; 2.69e-10 s                  ; Yes                        ; Yes                        ; 2.62 V                      ; 4.05e-08 V                  ; 2.72 V             ; -0.0349 V          ; 0.173 V                             ; 0.1 V                               ; 2.72e-10 s                 ; 2.69e-10 s                 ; Yes                       ; Yes                       ;
; GPIO_0[23]    ; 2.5 V        ; 0 s                 ; 0 s                 ; 2.62 V                       ; 2.74e-08 V                   ; 2.71 V              ; -0.0317 V           ; 0.148 V                              ; 0.064 V                              ; 4.51e-10 s                  ; 4.15e-10 s                  ; No                         ; Yes                        ; 2.62 V                      ; 2.74e-08 V                  ; 2.71 V             ; -0.0317 V          ; 0.148 V                             ; 0.064 V                             ; 4.51e-10 s                 ; 4.15e-10 s                 ; No                        ; Yes                       ;
; GPIO_0[24]    ; 2.5 V        ; 0 s                 ; 0 s                 ; 2.62 V                       ; 4.05e-08 V                   ; 2.72 V              ; -0.0349 V           ; 0.173 V                              ; 0.1 V                                ; 2.72e-10 s                  ; 2.69e-10 s                  ; Yes                        ; Yes                        ; 2.62 V                      ; 4.05e-08 V                  ; 2.72 V             ; -0.0349 V          ; 0.173 V                             ; 0.1 V                               ; 2.72e-10 s                 ; 2.69e-10 s                 ; Yes                       ; Yes                       ;
; GPIO_0[25]    ; 2.5 V        ; 0 s                 ; 0 s                 ; 2.62 V                       ; 4.05e-08 V                   ; 2.72 V              ; -0.0349 V           ; 0.173 V                              ; 0.1 V                                ; 2.72e-10 s                  ; 2.69e-10 s                  ; Yes                        ; Yes                        ; 2.62 V                      ; 4.05e-08 V                  ; 2.72 V             ; -0.0349 V          ; 0.173 V                             ; 0.1 V                               ; 2.72e-10 s                 ; 2.69e-10 s                 ; Yes                       ; Yes                       ;
; GPIO_0[26]    ; 2.5 V        ; 0 s                 ; 0 s                 ; 2.62 V                       ; 4.05e-08 V                   ; 2.72 V              ; -0.0349 V           ; 0.173 V                              ; 0.1 V                                ; 2.72e-10 s                  ; 2.69e-10 s                  ; Yes                        ; Yes                        ; 2.62 V                      ; 4.05e-08 V                  ; 2.72 V             ; -0.0349 V          ; 0.173 V                             ; 0.1 V                               ; 2.72e-10 s                 ; 2.69e-10 s                 ; Yes                       ; Yes                       ;
; GPIO_0[27]    ; 2.5 V        ; 0 s                 ; 0 s                 ; 2.62 V                       ; 4.05e-08 V                   ; 2.72 V              ; -0.0349 V           ; 0.173 V                              ; 0.1 V                                ; 2.72e-10 s                  ; 2.69e-10 s                  ; Yes                        ; Yes                        ; 2.62 V                      ; 4.05e-08 V                  ; 2.72 V             ; -0.0349 V          ; 0.173 V                             ; 0.1 V                               ; 2.72e-10 s                 ; 2.69e-10 s                 ; Yes                       ; Yes                       ;
; GPIO_0[28]    ; 2.5 V        ; 0 s                 ; 0 s                 ; 2.62 V                       ; 4.05e-08 V                   ; 2.72 V              ; -0.0349 V           ; 0.173 V                              ; 0.1 V                                ; 2.72e-10 s                  ; 2.69e-10 s                  ; Yes                        ; Yes                        ; 2.62 V                      ; 4.05e-08 V                  ; 2.72 V             ; -0.0349 V          ; 0.173 V                             ; 0.1 V                               ; 2.72e-10 s                 ; 2.69e-10 s                 ; Yes                       ; Yes                       ;
; GPIO_0[29]    ; 2.5 V        ; 0 s                 ; 0 s                 ; 2.62 V                       ; 4.05e-08 V                   ; 2.72 V              ; -0.0349 V           ; 0.173 V                              ; 0.1 V                                ; 2.72e-10 s                  ; 2.69e-10 s                  ; Yes                        ; Yes                        ; 2.62 V                      ; 4.05e-08 V                  ; 2.72 V             ; -0.0349 V          ; 0.173 V                             ; 0.1 V                               ; 2.72e-10 s                 ; 2.69e-10 s                 ; Yes                       ; Yes                       ;
; GPIO_0[30]    ; 2.5 V        ; 0 s                 ; 0 s                 ; 2.62 V                       ; 4.05e-08 V                   ; 2.72 V              ; -0.0349 V           ; 0.173 V                              ; 0.1 V                                ; 2.72e-10 s                  ; 2.69e-10 s                  ; Yes                        ; Yes                        ; 2.62 V                      ; 4.05e-08 V                  ; 2.72 V             ; -0.0349 V          ; 0.173 V                             ; 0.1 V                               ; 2.72e-10 s                 ; 2.69e-10 s                 ; Yes                       ; Yes                       ;
; GPIO_0[31]    ; 2.5 V        ; 0 s                 ; 0 s                 ; 2.62 V                       ; 4.05e-08 V                   ; 2.72 V              ; -0.0349 V           ; 0.173 V                              ; 0.1 V                                ; 2.72e-10 s                  ; 2.69e-10 s                  ; Yes                        ; Yes                        ; 2.62 V                      ; 4.05e-08 V                  ; 2.72 V             ; -0.0349 V          ; 0.173 V                             ; 0.1 V                               ; 2.72e-10 s                 ; 2.69e-10 s                 ; Yes                       ; Yes                       ;
; GPIO_0[32]    ; 2.5 V        ; 0 s                 ; 0 s                 ; 2.62 V                       ; 4.05e-08 V                   ; 2.72 V              ; -0.0349 V           ; 0.173 V                              ; 0.1 V                                ; 2.72e-10 s                  ; 2.69e-10 s                  ; Yes                        ; Yes                        ; 2.62 V                      ; 4.05e-08 V                  ; 2.72 V             ; -0.0349 V          ; 0.173 V                             ; 0.1 V                               ; 2.72e-10 s                 ; 2.69e-10 s                 ; Yes                       ; Yes                       ;
; GPIO_0[33]    ; 2.5 V        ; 0 s                 ; 0 s                 ; 2.62 V                       ; 4.05e-08 V                   ; 2.72 V              ; -0.0349 V           ; 0.173 V                              ; 0.1 V                                ; 2.72e-10 s                  ; 2.69e-10 s                  ; Yes                        ; Yes                        ; 2.62 V                      ; 4.05e-08 V                  ; 2.72 V             ; -0.0349 V          ; 0.173 V                             ; 0.1 V                               ; 2.72e-10 s                 ; 2.69e-10 s                 ; Yes                       ; Yes                       ;
; GPIO_0[34]    ; 2.5 V        ; 0 s                 ; 0 s                 ; 2.62 V                       ; 4.05e-08 V                   ; 2.72 V              ; -0.0349 V           ; 0.173 V                              ; 0.1 V                                ; 2.72e-10 s                  ; 2.69e-10 s                  ; Yes                        ; Yes                        ; 2.62 V                      ; 4.05e-08 V                  ; 2.72 V             ; -0.0349 V          ; 0.173 V                             ; 0.1 V                               ; 2.72e-10 s                 ; 2.69e-10 s                 ; Yes                       ; Yes                       ;
; GPIO_0[35]    ; 2.5 V        ; 0 s                 ; 0 s                 ; 2.62 V                       ; 4.05e-08 V                   ; 2.72 V              ; -0.0349 V           ; 0.173 V                              ; 0.1 V                                ; 2.72e-10 s                  ; 2.69e-10 s                  ; Yes                        ; Yes                        ; 2.62 V                      ; 4.05e-08 V                  ; 2.72 V             ; -0.0349 V          ; 0.173 V                             ; 0.1 V                               ; 2.72e-10 s                 ; 2.69e-10 s                 ; Yes                       ; Yes                       ;
; GPIO_1[0]     ; 2.5 V        ; 0 s                 ; 0 s                 ; 2.62 V                       ; 4.05e-08 V                   ; 2.72 V              ; -0.0349 V           ; 0.173 V                              ; 0.1 V                                ; 2.72e-10 s                  ; 2.69e-10 s                  ; Yes                        ; Yes                        ; 2.62 V                      ; 4.05e-08 V                  ; 2.72 V             ; -0.0349 V          ; 0.173 V                             ; 0.1 V                               ; 2.72e-10 s                 ; 2.69e-10 s                 ; Yes                       ; Yes                       ;
; GPIO_1[1]     ; 2.5 V        ; 0 s                 ; 0 s                 ; 2.62 V                       ; 4.05e-08 V                   ; 2.72 V              ; -0.0349 V           ; 0.173 V                              ; 0.1 V                                ; 2.72e-10 s                  ; 2.69e-10 s                  ; Yes                        ; Yes                        ; 2.62 V                      ; 4.05e-08 V                  ; 2.72 V             ; -0.0349 V          ; 0.173 V                             ; 0.1 V                               ; 2.72e-10 s                 ; 2.69e-10 s                 ; Yes                       ; Yes                       ;
; GPIO_1[2]     ; 2.5 V        ; 0 s                 ; 0 s                 ; 2.62 V                       ; 4.05e-08 V                   ; 2.72 V              ; -0.0349 V           ; 0.173 V                              ; 0.1 V                                ; 2.72e-10 s                  ; 2.69e-10 s                  ; Yes                        ; Yes                        ; 2.62 V                      ; 4.05e-08 V                  ; 2.72 V             ; -0.0349 V          ; 0.173 V                             ; 0.1 V                               ; 2.72e-10 s                 ; 2.69e-10 s                 ; Yes                       ; Yes                       ;
; GPIO_1[3]     ; 2.5 V        ; 0 s                 ; 0 s                 ; 2.62 V                       ; 2.74e-08 V                   ; 2.71 V              ; -0.0317 V           ; 0.148 V                              ; 0.064 V                              ; 4.51e-10 s                  ; 4.15e-10 s                  ; No                         ; Yes                        ; 2.62 V                      ; 2.74e-08 V                  ; 2.71 V             ; -0.0317 V          ; 0.148 V                             ; 0.064 V                             ; 4.51e-10 s                 ; 4.15e-10 s                 ; No                        ; Yes                       ;
; GPIO_1[4]     ; 2.5 V        ; 0 s                 ; 0 s                 ; 2.62 V                       ; 2.74e-08 V                   ; 2.71 V              ; -0.0317 V           ; 0.148 V                              ; 0.064 V                              ; 4.51e-10 s                  ; 4.15e-10 s                  ; No                         ; Yes                        ; 2.62 V                      ; 2.74e-08 V                  ; 2.71 V             ; -0.0317 V          ; 0.148 V                             ; 0.064 V                             ; 4.51e-10 s                 ; 4.15e-10 s                 ; No                        ; Yes                       ;
; GPIO_1[5]     ; 2.5 V        ; 0 s                 ; 0 s                 ; 2.62 V                       ; 2.74e-08 V                   ; 2.64 V              ; -0.0117 V           ; 0.202 V                              ; 0.176 V                              ; 2.38e-09 s                  ; 2.22e-09 s                  ; No                         ; Yes                        ; 2.62 V                      ; 2.74e-08 V                  ; 2.64 V             ; -0.0117 V          ; 0.202 V                             ; 0.176 V                             ; 2.38e-09 s                 ; 2.22e-09 s                 ; No                        ; Yes                       ;
; GPIO_1[6]     ; 2.5 V        ; 0 s                 ; 0 s                 ; 2.62 V                       ; 4.05e-08 V                   ; 2.72 V              ; -0.0349 V           ; 0.173 V                              ; 0.1 V                                ; 2.72e-10 s                  ; 2.69e-10 s                  ; Yes                        ; Yes                        ; 2.62 V                      ; 4.05e-08 V                  ; 2.72 V             ; -0.0349 V          ; 0.173 V                             ; 0.1 V                               ; 2.72e-10 s                 ; 2.69e-10 s                 ; Yes                       ; Yes                       ;
; GPIO_1[7]     ; 2.5 V        ; 0 s                 ; 0 s                 ; 2.62 V                       ; 4.05e-08 V                   ; 2.72 V              ; -0.0349 V           ; 0.173 V                              ; 0.1 V                                ; 2.72e-10 s                  ; 2.69e-10 s                  ; Yes                        ; Yes                        ; 2.62 V                      ; 4.05e-08 V                  ; 2.72 V             ; -0.0349 V          ; 0.173 V                             ; 0.1 V                               ; 2.72e-10 s                 ; 2.69e-10 s                 ; Yes                       ; Yes                       ;
; GPIO_1[8]     ; 2.5 V        ; 0 s                 ; 0 s                 ; 2.62 V                       ; 2.74e-08 V                   ; 2.71 V              ; -0.0317 V           ; 0.148 V                              ; 0.064 V                              ; 4.51e-10 s                  ; 4.15e-10 s                  ; No                         ; Yes                        ; 2.62 V                      ; 2.74e-08 V                  ; 2.71 V             ; -0.0317 V          ; 0.148 V                             ; 0.064 V                             ; 4.51e-10 s                 ; 4.15e-10 s                 ; No                        ; Yes                       ;
; GPIO_1[9]     ; 2.5 V        ; 0 s                 ; 0 s                 ; 2.62 V                       ; 4.05e-08 V                   ; 2.72 V              ; -0.0349 V           ; 0.173 V                              ; 0.1 V                                ; 2.72e-10 s                  ; 2.69e-10 s                  ; Yes                        ; Yes                        ; 2.62 V                      ; 4.05e-08 V                  ; 2.72 V             ; -0.0349 V          ; 0.173 V                             ; 0.1 V                               ; 2.72e-10 s                 ; 2.69e-10 s                 ; Yes                       ; Yes                       ;
; GPIO_1[10]    ; 2.5 V        ; 0 s                 ; 0 s                 ; 2.62 V                       ; 4.05e-08 V                   ; 2.72 V              ; -0.0349 V           ; 0.173 V                              ; 0.1 V                                ; 2.72e-10 s                  ; 2.69e-10 s                  ; Yes                        ; Yes                        ; 2.62 V                      ; 4.05e-08 V                  ; 2.72 V             ; -0.0349 V          ; 0.173 V                             ; 0.1 V                               ; 2.72e-10 s                 ; 2.69e-10 s                 ; Yes                       ; Yes                       ;
; GPIO_1[11]    ; 2.5 V        ; 0 s                 ; 0 s                 ; 2.62 V                       ; 2.74e-08 V                   ; 2.71 V              ; -0.0317 V           ; 0.148 V                              ; 0.064 V                              ; 4.51e-10 s                  ; 4.15e-10 s                  ; No                         ; Yes                        ; 2.62 V                      ; 2.74e-08 V                  ; 2.71 V             ; -0.0317 V          ; 0.148 V                             ; 0.064 V                             ; 4.51e-10 s                 ; 4.15e-10 s                 ; No                        ; Yes                       ;
; GPIO_1[12]    ; 2.5 V        ; 0 s                 ; 0 s                 ; 2.62 V                       ; 4.05e-08 V                   ; 2.72 V              ; -0.0349 V           ; 0.173 V                              ; 0.1 V                                ; 2.72e-10 s                  ; 2.69e-10 s                  ; Yes                        ; Yes                        ; 2.62 V                      ; 4.05e-08 V                  ; 2.72 V             ; -0.0349 V          ; 0.173 V                             ; 0.1 V                               ; 2.72e-10 s                 ; 2.69e-10 s                 ; Yes                       ; Yes                       ;
; GPIO_1[13]    ; 2.5 V        ; 0 s                 ; 0 s                 ; 2.62 V                       ; 2.74e-08 V                   ; 2.71 V              ; -0.0317 V           ; 0.148 V                              ; 0.064 V                              ; 4.51e-10 s                  ; 4.15e-10 s                  ; No                         ; Yes                        ; 2.62 V                      ; 2.74e-08 V                  ; 2.71 V             ; -0.0317 V          ; 0.148 V                             ; 0.064 V                             ; 4.51e-10 s                 ; 4.15e-10 s                 ; No                        ; Yes                       ;
; GPIO_1[14]    ; 2.5 V        ; 0 s                 ; 0 s                 ; 2.62 V                       ; 2.74e-08 V                   ; 2.71 V              ; -0.0317 V           ; 0.148 V                              ; 0.064 V                              ; 4.51e-10 s                  ; 4.15e-10 s                  ; No                         ; Yes                        ; 2.62 V                      ; 2.74e-08 V                  ; 2.71 V             ; -0.0317 V          ; 0.148 V                             ; 0.064 V                             ; 4.51e-10 s                 ; 4.15e-10 s                 ; No                        ; Yes                       ;
; GPIO_1[15]    ; 2.5 V        ; 0 s                 ; 0 s                 ; 2.62 V                       ; 4.05e-08 V                   ; 2.72 V              ; -0.0349 V           ; 0.173 V                              ; 0.1 V                                ; 2.72e-10 s                  ; 2.69e-10 s                  ; Yes                        ; Yes                        ; 2.62 V                      ; 4.05e-08 V                  ; 2.72 V             ; -0.0349 V          ; 0.173 V                             ; 0.1 V                               ; 2.72e-10 s                 ; 2.69e-10 s                 ; Yes                       ; Yes                       ;
; GPIO_1[16]    ; 2.5 V        ; 0 s                 ; 0 s                 ; 2.62 V                       ; 2.74e-08 V                   ; 2.71 V              ; -0.0317 V           ; 0.148 V                              ; 0.064 V                              ; 4.51e-10 s                  ; 4.15e-10 s                  ; No                         ; Yes                        ; 2.62 V                      ; 2.74e-08 V                  ; 2.71 V             ; -0.0317 V          ; 0.148 V                             ; 0.064 V                             ; 4.51e-10 s                 ; 4.15e-10 s                 ; No                        ; Yes                       ;
; GPIO_1[17]    ; 2.5 V        ; 0 s                 ; 0 s                 ; 2.62 V                       ; 4.05e-08 V                   ; 2.72 V              ; -0.0349 V           ; 0.173 V                              ; 0.1 V                                ; 2.72e-10 s                  ; 2.69e-10 s                  ; Yes                        ; Yes                        ; 2.62 V                      ; 4.05e-08 V                  ; 2.72 V             ; -0.0349 V          ; 0.173 V                             ; 0.1 V                               ; 2.72e-10 s                 ; 2.69e-10 s                 ; Yes                       ; Yes                       ;
; GPIO_1[18]    ; 2.5 V        ; 0 s                 ; 0 s                 ; 2.62 V                       ; 4.05e-08 V                   ; 2.72 V              ; -0.0349 V           ; 0.173 V                              ; 0.1 V                                ; 2.72e-10 s                  ; 2.69e-10 s                  ; Yes                        ; Yes                        ; 2.62 V                      ; 4.05e-08 V                  ; 2.72 V             ; -0.0349 V          ; 0.173 V                             ; 0.1 V                               ; 2.72e-10 s                 ; 2.69e-10 s                 ; Yes                       ; Yes                       ;
; GPIO_1[19]    ; 2.5 V        ; 0 s                 ; 0 s                 ; 2.62 V                       ; 2.74e-08 V                   ; 2.71 V              ; -0.0317 V           ; 0.148 V                              ; 0.064 V                              ; 4.51e-10 s                  ; 4.15e-10 s                  ; No                         ; Yes                        ; 2.62 V                      ; 2.74e-08 V                  ; 2.71 V             ; -0.0317 V          ; 0.148 V                             ; 0.064 V                             ; 4.51e-10 s                 ; 4.15e-10 s                 ; No                        ; Yes                       ;
; GPIO_1[20]    ; 2.5 V        ; 0 s                 ; 0 s                 ; 2.62 V                       ; 4.05e-08 V                   ; 2.72 V              ; -0.0349 V           ; 0.173 V                              ; 0.1 V                                ; 2.72e-10 s                  ; 2.69e-10 s                  ; Yes                        ; Yes                        ; 2.62 V                      ; 4.05e-08 V                  ; 2.72 V             ; -0.0349 V          ; 0.173 V                             ; 0.1 V                               ; 2.72e-10 s                 ; 2.69e-10 s                 ; Yes                       ; Yes                       ;
; GPIO_1[21]    ; 2.5 V        ; 0 s                 ; 0 s                 ; 2.62 V                       ; 4.05e-08 V                   ; 2.72 V              ; -0.0349 V           ; 0.173 V                              ; 0.1 V                                ; 2.72e-10 s                  ; 2.69e-10 s                  ; Yes                        ; Yes                        ; 2.62 V                      ; 4.05e-08 V                  ; 2.72 V             ; -0.0349 V          ; 0.173 V                             ; 0.1 V                               ; 2.72e-10 s                 ; 2.69e-10 s                 ; Yes                       ; Yes                       ;
; GPIO_1[22]    ; 2.5 V        ; 0 s                 ; 0 s                 ; 2.62 V                       ; 2.74e-08 V                   ; 2.71 V              ; -0.0317 V           ; 0.148 V                              ; 0.064 V                              ; 4.51e-10 s                  ; 4.15e-10 s                  ; No                         ; Yes                        ; 2.62 V                      ; 2.74e-08 V                  ; 2.71 V             ; -0.0317 V          ; 0.148 V                             ; 0.064 V                             ; 4.51e-10 s                 ; 4.15e-10 s                 ; No                        ; Yes                       ;
; GPIO_1[23]    ; 2.5 V        ; 0 s                 ; 0 s                 ; 2.62 V                       ; 4.05e-08 V                   ; 2.72 V              ; -0.0349 V           ; 0.173 V                              ; 0.1 V                                ; 2.72e-10 s                  ; 2.69e-10 s                  ; Yes                        ; Yes                        ; 2.62 V                      ; 4.05e-08 V                  ; 2.72 V             ; -0.0349 V          ; 0.173 V                             ; 0.1 V                               ; 2.72e-10 s                 ; 2.69e-10 s                 ; Yes                       ; Yes                       ;
; GPIO_1[24]    ; 2.5 V        ; 0 s                 ; 0 s                 ; 2.62 V                       ; 4.05e-08 V                   ; 2.72 V              ; -0.0349 V           ; 0.173 V                              ; 0.1 V                                ; 2.72e-10 s                  ; 2.69e-10 s                  ; Yes                        ; Yes                        ; 2.62 V                      ; 4.05e-08 V                  ; 2.72 V             ; -0.0349 V          ; 0.173 V                             ; 0.1 V                               ; 2.72e-10 s                 ; 2.69e-10 s                 ; Yes                       ; Yes                       ;
; GPIO_1[25]    ; 2.5 V        ; 0 s                 ; 0 s                 ; 2.62 V                       ; 4.05e-08 V                   ; 2.72 V              ; -0.0349 V           ; 0.173 V                              ; 0.1 V                                ; 2.72e-10 s                  ; 2.69e-10 s                  ; Yes                        ; Yes                        ; 2.62 V                      ; 4.05e-08 V                  ; 2.72 V             ; -0.0349 V          ; 0.173 V                             ; 0.1 V                               ; 2.72e-10 s                 ; 2.69e-10 s                 ; Yes                       ; Yes                       ;
; GPIO_1[26]    ; 2.5 V        ; 0 s                 ; 0 s                 ; 2.62 V                       ; 2.74e-08 V                   ; 2.71 V              ; -0.0317 V           ; 0.148 V                              ; 0.064 V                              ; 4.51e-10 s                  ; 4.15e-10 s                  ; No                         ; Yes                        ; 2.62 V                      ; 2.74e-08 V                  ; 2.71 V             ; -0.0317 V          ; 0.148 V                             ; 0.064 V                             ; 4.51e-10 s                 ; 4.15e-10 s                 ; No                        ; Yes                       ;
; GPIO_1[27]    ; 2.5 V        ; 0 s                 ; 0 s                 ; 2.62 V                       ; 4.05e-08 V                   ; 2.72 V              ; -0.0349 V           ; 0.173 V                              ; 0.1 V                                ; 2.72e-10 s                  ; 2.69e-10 s                  ; Yes                        ; Yes                        ; 2.62 V                      ; 4.05e-08 V                  ; 2.72 V             ; -0.0349 V          ; 0.173 V                             ; 0.1 V                               ; 2.72e-10 s                 ; 2.69e-10 s                 ; Yes                       ; Yes                       ;
; GPIO_1[28]    ; 2.5 V        ; 0 s                 ; 0 s                 ; 2.62 V                       ; 4.05e-08 V                   ; 2.72 V              ; -0.0349 V           ; 0.173 V                              ; 0.1 V                                ; 2.72e-10 s                  ; 2.69e-10 s                  ; Yes                        ; Yes                        ; 2.62 V                      ; 4.05e-08 V                  ; 2.72 V             ; -0.0349 V          ; 0.173 V                             ; 0.1 V                               ; 2.72e-10 s                 ; 2.69e-10 s                 ; Yes                       ; Yes                       ;
; GPIO_1[29]    ; 2.5 V        ; 0 s                 ; 0 s                 ; 2.62 V                       ; 4.05e-08 V                   ; 2.72 V              ; -0.0349 V           ; 0.173 V                              ; 0.1 V                                ; 2.72e-10 s                  ; 2.69e-10 s                  ; Yes                        ; Yes                        ; 2.62 V                      ; 4.05e-08 V                  ; 2.72 V             ; -0.0349 V          ; 0.173 V                             ; 0.1 V                               ; 2.72e-10 s                 ; 2.69e-10 s                 ; Yes                       ; Yes                       ;
; GPIO_1[30]    ; 2.5 V        ; 0 s                 ; 0 s                 ; 2.62 V                       ; 4.05e-08 V                   ; 2.72 V              ; -0.0349 V           ; 0.173 V                              ; 0.1 V                                ; 2.72e-10 s                  ; 2.69e-10 s                  ; Yes                        ; Yes                        ; 2.62 V                      ; 4.05e-08 V                  ; 2.72 V             ; -0.0349 V          ; 0.173 V                             ; 0.1 V                               ; 2.72e-10 s                 ; 2.69e-10 s                 ; Yes                       ; Yes                       ;
; GPIO_1[31]    ; 2.5 V        ; 0 s                 ; 0 s                 ; 2.62 V                       ; 4.05e-08 V                   ; 2.72 V              ; -0.0349 V           ; 0.173 V                              ; 0.1 V                                ; 2.72e-10 s                  ; 2.69e-10 s                  ; Yes                        ; Yes                        ; 2.62 V                      ; 4.05e-08 V                  ; 2.72 V             ; -0.0349 V          ; 0.173 V                             ; 0.1 V                               ; 2.72e-10 s                 ; 2.69e-10 s                 ; Yes                       ; Yes                       ;
; GPIO_1[32]    ; 2.5 V        ; 0 s                 ; 0 s                 ; 2.62 V                       ; 4.05e-08 V                   ; 2.72 V              ; -0.0349 V           ; 0.173 V                              ; 0.1 V                                ; 2.72e-10 s                  ; 2.69e-10 s                  ; Yes                        ; Yes                        ; 2.62 V                      ; 4.05e-08 V                  ; 2.72 V             ; -0.0349 V          ; 0.173 V                             ; 0.1 V                               ; 2.72e-10 s                 ; 2.69e-10 s                 ; Yes                       ; Yes                       ;
; GPIO_1[33]    ; 2.5 V        ; 0 s                 ; 0 s                 ; 2.62 V                       ; 4.05e-08 V                   ; 2.72 V              ; -0.0349 V           ; 0.173 V                              ; 0.1 V                                ; 2.72e-10 s                  ; 2.69e-10 s                  ; Yes                        ; Yes                        ; 2.62 V                      ; 4.05e-08 V                  ; 2.72 V             ; -0.0349 V          ; 0.173 V                             ; 0.1 V                               ; 2.72e-10 s                 ; 2.69e-10 s                 ; Yes                       ; Yes                       ;
; GPIO_1[34]    ; 2.5 V        ; 0 s                 ; 0 s                 ; 2.62 V                       ; 4.05e-08 V                   ; 2.64 V              ; -0.0113 V           ; 0.208 V                              ; 0.179 V                              ; 2.38e-09 s                  ; 2.23e-09 s                  ; No                         ; Yes                        ; 2.62 V                      ; 4.05e-08 V                  ; 2.64 V             ; -0.0113 V          ; 0.208 V                             ; 0.179 V                             ; 2.38e-09 s                 ; 2.23e-09 s                 ; No                        ; Yes                       ;
; GPIO_1[35]    ; 2.5 V        ; 0 s                 ; 0 s                 ; 2.62 V                       ; 2.74e-08 V                   ; 2.71 V              ; -0.0317 V           ; 0.148 V                              ; 0.064 V                              ; 4.51e-10 s                  ; 4.15e-10 s                  ; No                         ; Yes                        ; 2.62 V                      ; 2.74e-08 V                  ; 2.71 V             ; -0.0317 V          ; 0.148 V                             ; 0.064 V                             ; 4.51e-10 s                 ; 4.15e-10 s                 ; No                        ; Yes                       ;
; LCD_DATA[0]   ; 2.5 V        ; 0 s                 ; 0 s                 ; 2.62 V                       ; 2.74e-08 V                   ; 2.71 V              ; -0.0317 V           ; 0.148 V                              ; 0.064 V                              ; 4.51e-10 s                  ; 4.15e-10 s                  ; No                         ; Yes                        ; 2.62 V                      ; 2.74e-08 V                  ; 2.71 V             ; -0.0317 V          ; 0.148 V                             ; 0.064 V                             ; 4.51e-10 s                 ; 4.15e-10 s                 ; No                        ; Yes                       ;
; LCD_DATA[1]   ; 2.5 V        ; 0 s                 ; 0 s                 ; 2.62 V                       ; 2.74e-08 V                   ; 2.71 V              ; -0.0317 V           ; 0.148 V                              ; 0.064 V                              ; 4.51e-10 s                  ; 4.15e-10 s                  ; No                         ; Yes                        ; 2.62 V                      ; 2.74e-08 V                  ; 2.71 V             ; -0.0317 V          ; 0.148 V                             ; 0.064 V                             ; 4.51e-10 s                 ; 4.15e-10 s                 ; No                        ; Yes                       ;
; LCD_DATA[2]   ; 2.5 V        ; 0 s                 ; 0 s                 ; 2.62 V                       ; 2.74e-08 V                   ; 2.71 V              ; -0.0317 V           ; 0.148 V                              ; 0.064 V                              ; 4.51e-10 s                  ; 4.15e-10 s                  ; No                         ; Yes                        ; 2.62 V                      ; 2.74e-08 V                  ; 2.71 V             ; -0.0317 V          ; 0.148 V                             ; 0.064 V                             ; 4.51e-10 s                 ; 4.15e-10 s                 ; No                        ; Yes                       ;
; LCD_DATA[3]   ; 2.5 V        ; 0 s                 ; 0 s                 ; 2.62 V                       ; 2.74e-08 V                   ; 2.71 V              ; -0.0317 V           ; 0.148 V                              ; 0.064 V                              ; 4.51e-10 s                  ; 4.15e-10 s                  ; No                         ; Yes                        ; 2.62 V                      ; 2.74e-08 V                  ; 2.71 V             ; -0.0317 V          ; 0.148 V                             ; 0.064 V                             ; 4.51e-10 s                 ; 4.15e-10 s                 ; No                        ; Yes                       ;
; LCD_DATA[4]   ; 2.5 V        ; 0 s                 ; 0 s                 ; 2.62 V                       ; 2.74e-08 V                   ; 2.71 V              ; -0.0317 V           ; 0.148 V                              ; 0.064 V                              ; 4.51e-10 s                  ; 4.15e-10 s                  ; No                         ; Yes                        ; 2.62 V                      ; 2.74e-08 V                  ; 2.71 V             ; -0.0317 V          ; 0.148 V                             ; 0.064 V                             ; 4.51e-10 s                 ; 4.15e-10 s                 ; No                        ; Yes                       ;
; LCD_DATA[5]   ; 2.5 V        ; 0 s                 ; 0 s                 ; 2.62 V                       ; 2.74e-08 V                   ; 2.71 V              ; -0.0317 V           ; 0.148 V                              ; 0.064 V                              ; 4.51e-10 s                  ; 4.15e-10 s                  ; No                         ; Yes                        ; 2.62 V                      ; 2.74e-08 V                  ; 2.71 V             ; -0.0317 V          ; 0.148 V                             ; 0.064 V                             ; 4.51e-10 s                 ; 4.15e-10 s                 ; No                        ; Yes                       ;
; LCD_DATA[6]   ; 2.5 V        ; 0 s                 ; 0 s                 ; 2.62 V                       ; 2.74e-08 V                   ; 2.71 V              ; -0.0317 V           ; 0.148 V                              ; 0.064 V                              ; 4.51e-10 s                  ; 4.15e-10 s                  ; No                         ; Yes                        ; 2.62 V                      ; 2.74e-08 V                  ; 2.71 V             ; -0.0317 V          ; 0.148 V                             ; 0.064 V                             ; 4.51e-10 s                 ; 4.15e-10 s                 ; No                        ; Yes                       ;
; LCD_DATA[7]   ; 2.5 V        ; 0 s                 ; 0 s                 ; 2.62 V                       ; 2.74e-08 V                   ; 2.64 V              ; -0.0117 V           ; 0.202 V                              ; 0.176 V                              ; 2.38e-09 s                  ; 2.22e-09 s                  ; No                         ; Yes                        ; 2.62 V                      ; 2.74e-08 V                  ; 2.64 V             ; -0.0117 V          ; 0.202 V                             ; 0.176 V                             ; 2.38e-09 s                 ; 2.22e-09 s                 ; No                        ; Yes                       ;
; ~ALTERA_DCLK~ ; 2.5 V        ; 0 s                 ; 0 s                 ; 2.62 V                       ; 2.22e-08 V                   ; 2.74 V              ; -0.06 V             ; 0.158 V                              ; 0.08 V                               ; 2.68e-10 s                  ; 2.19e-10 s                  ; Yes                        ; Yes                        ; 2.62 V                      ; 2.22e-08 V                  ; 2.74 V             ; -0.06 V            ; 0.158 V                             ; 0.08 V                              ; 2.68e-10 s                 ; 2.19e-10 s                 ; Yes                       ; Yes                       ;
; ~ALTERA_nCEO~ ; 2.5 V        ; 0 s                 ; 0 s                 ; 2.62 V                       ; 3.54e-08 V                   ; 2.7 V               ; -0.00943 V          ; 0.276 V                              ; 0.035 V                              ; 3.19e-10 s                  ; 4.99e-10 s                  ; No                         ; Yes                        ; 2.62 V                      ; 3.54e-08 V                  ; 2.7 V              ; -0.00943 V         ; 0.276 V                             ; 0.035 V                             ; 3.19e-10 s                 ; 4.99e-10 s                 ; No                        ; Yes                       ;
+---------------+--------------+---------------------+---------------------+------------------------------+------------------------------+---------------------+---------------------+--------------------------------------+--------------------------------------+-----------------------------+-----------------------------+----------------------------+----------------------------+-----------------------------+-----------------------------+--------------------+--------------------+-------------------------------------+-------------------------------------+----------------------------+----------------------------+---------------------------+---------------------------+


+-------------------------------------------------------------------------------------------------+
; Setup Transfers                                                                                 ;
+--------------------------+--------------------------+----------+----------+----------+----------+
; From Clock               ; To Clock                 ; RR Paths ; FR Paths ; RF Paths ; FF Paths ;
+--------------------------+--------------------------+----------+----------+----------+----------+
; CLOCK_50                 ; CLOCK_50                 ; 1239     ; 0        ; 0        ; 0        ;
; LCD_Display:u1|CLK_400HZ ; CLOCK_50                 ; 1        ; 1        ; 0        ; 0        ;
; CLOCK_50                 ; LCD_Display:u1|CLK_400HZ ; 25       ; 0        ; 0        ; 0        ;
; LCD_Display:u1|CLK_400HZ ; LCD_Display:u1|CLK_400HZ ; 832      ; 0        ; 0        ; 0        ;
+--------------------------+--------------------------+----------+----------+----------+----------+
Entries labeled "false path" only account for clock-to-clock false paths and not path-based false paths. As a result, actual path counts may be lower than reported.


+-------------------------------------------------------------------------------------------------+
; Hold Transfers                                                                                  ;
+--------------------------+--------------------------+----------+----------+----------+----------+
; From Clock               ; To Clock                 ; RR Paths ; FR Paths ; RF Paths ; FF Paths ;
+--------------------------+--------------------------+----------+----------+----------+----------+
; CLOCK_50                 ; CLOCK_50                 ; 1239     ; 0        ; 0        ; 0        ;
; LCD_Display:u1|CLK_400HZ ; CLOCK_50                 ; 1        ; 1        ; 0        ; 0        ;
; CLOCK_50                 ; LCD_Display:u1|CLK_400HZ ; 25       ; 0        ; 0        ; 0        ;
; LCD_Display:u1|CLK_400HZ ; LCD_Display:u1|CLK_400HZ ; 832      ; 0        ; 0        ; 0        ;
+--------------------------+--------------------------+----------+----------+----------+----------+
Entries labeled "false path" only account for clock-to-clock false paths and not path-based false paths. As a result, actual path counts may be lower than reported.


+-----------------------------------------------------------------------------------+
; Recovery Transfers                                                                ;
+------------+--------------------------+----------+----------+----------+----------+
; From Clock ; To Clock                 ; RR Paths ; FR Paths ; RF Paths ; FF Paths ;
+------------+--------------------------+----------+----------+----------+----------+
; CLOCK_50   ; CLOCK_50                 ; 21       ; 0        ; 0        ; 0        ;
; CLOCK_50   ; LCD_Display:u1|CLK_400HZ ; 13       ; 0        ; 0        ; 0        ;
+------------+--------------------------+----------+----------+----------+----------+
Entries labeled "false path" only account for clock-to-clock false paths and not path-based false paths. As a result, actual path counts may be lower than reported.


+-----------------------------------------------------------------------------------+
; Removal Transfers                                                                 ;
+------------+--------------------------+----------+----------+----------+----------+
; From Clock ; To Clock                 ; RR Paths ; FR Paths ; RF Paths ; FF Paths ;
+------------+--------------------------+----------+----------+----------+----------+
; CLOCK_50   ; CLOCK_50                 ; 21       ; 0        ; 0        ; 0        ;
; CLOCK_50   ; LCD_Display:u1|CLK_400HZ ; 13       ; 0        ; 0        ; 0        ;
+------------+--------------------------+----------+----------+----------+----------+
Entries labeled "false path" only account for clock-to-clock false paths and not path-based false paths. As a result, actual path counts may be lower than reported.


---------------
; Report TCCS ;
---------------
No dedicated SERDES Transmitter circuitry present in device or used in design


---------------
; Report RSKM ;
---------------
No non-DPA dedicated SERDES Receiver circuitry present in device or used in design


+------------------------------------------------+
; Unconstrained Paths                            ;
+---------------------------------+-------+------+
; Property                        ; Setup ; Hold ;
+---------------------------------+-------+------+
; Illegal Clocks                  ; 0     ; 0    ;
; Unconstrained Clocks            ; 0     ; 0    ;
; Unconstrained Input Ports       ; 18    ; 18   ;
; Unconstrained Input Port Paths  ; 68    ; 68   ;
; Unconstrained Output Ports      ; 28    ; 28   ;
; Unconstrained Output Port Paths ; 28    ; 28   ;
+---------------------------------+-------+------+


+------------------------------------+
; TimeQuest Timing Analyzer Messages ;
+------------------------------------+
Info: *******************************************************************
Info: Running Quartus II 64-Bit TimeQuest Timing Analyzer
    Info: Version 15.0.0 Build 145 04/22/2015 SJ Web Edition
    Info: Processing started: Tue Dec 03 21:33:25 2019
Info: Command: quartus_sta lcdlab3 -c lcdlab3
Info: qsta_default_script.tcl version: #11
Warning (20028): Parallel compilation is not licensed and has been disabled
Info (21077): Low junction temperature is 0 degrees C
Info (21077): High junction temperature is 85 degrees C
Critical Warning (332012): Synopsys Design Constraints File file not found: 'lcdlab3.sdc'. A Synopsys Design Constraints File is required by the TimeQuest Timing Analyzer to get proper timing constraints. Without it, the Compiler will not properly optimize the design.
Info (332142): No user constrained base clocks found in the design. Calling "derive_clocks -period 1.0"
Info (332105): Deriving Clocks
    Info (332105): create_clock -period 1.000 -name CLOCK_50 CLOCK_50
    Info (332105): create_clock -period 1.000 -name LCD_Display:u1|CLK_400HZ LCD_Display:u1|CLK_400HZ
Info (332143): No user constrained clock uncertainty found in the design. Calling "derive_clock_uncertainty"
Info (332123): Deriving Clock Uncertainty. Please refer to report_sdc in TimeQuest to see clock uncertainties.
Info: Found TIMEQUEST_REPORT_SCRIPT_INCLUDE_DEFAULT_ANALYSIS = ON
Info: Analyzing Slow 1200mV 85C Model
Critical Warning (332148): Timing requirements not met
    Info (11105): For recommendations on closing timing, run Report Timing Closure Recommendations in the TimeQuest Timing Analyzer.
Info (332146): Worst-case setup slack is -3.287
    Info (332119):     Slack       End Point TNS Clock 
    Info (332119): ========= =================== =====================
    Info (332119):    -3.287            -101.489 CLOCK_50 
    Info (332119):    -3.133             -54.192 LCD_Display:u1|CLK_400HZ 
Info (332146): Worst-case hold slack is 0.266
    Info (332119):     Slack       End Point TNS Clock 
    Info (332119): ========= =================== =====================
    Info (332119):     0.266               0.000 LCD_Display:u1|CLK_400HZ 
    Info (332119):     0.408               0.000 CLOCK_50 
Info (332146): Worst-case recovery slack is -0.938
    Info (332119):     Slack       End Point TNS Clock 
    Info (332119): ========= =================== =====================
    Info (332119):    -0.938             -17.388 CLOCK_50 
    Info (332119):     0.060               0.000 LCD_Display:u1|CLK_400HZ 
Info (332146): Worst-case removal slack is 0.269
    Info (332119):     Slack       End Point TNS Clock 
    Info (332119): ========= =================== =====================
    Info (332119):     0.269               0.000 LCD_Display:u1|CLK_400HZ 
    Info (332119):     1.033               0.000 CLOCK_50 
Info (332146): Worst-case minimum pulse width slack is -3.000
    Info (332119):     Slack       End Point TNS Clock 
    Info (332119): ========= =================== =====================
    Info (332119):    -3.000             -56.970 CLOCK_50 
    Info (332119):    -1.285             -48.830 LCD_Display:u1|CLK_400HZ 
Info: Analyzing Slow 1200mV 0C Model
Info (334003): Started post-fitting delay annotation
Info (334004): Delay annotation completed successfully
Info (332123): Deriving Clock Uncertainty. Please refer to report_sdc in TimeQuest to see clock uncertainties.
Critical Warning (332148): Timing requirements not met
    Info (11105): For recommendations on closing timing, run Report Timing Closure Recommendations in the TimeQuest Timing Analyzer.
Info (332146): Worst-case setup slack is -2.944
    Info (332119):     Slack       End Point TNS Clock 
    Info (332119): ========= =================== =====================
    Info (332119):    -2.944             -89.343 CLOCK_50 
    Info (332119):    -2.701             -46.457 LCD_Display:u1|CLK_400HZ 
Info (332146): Worst-case hold slack is 0.200
    Info (332119):     Slack       End Point TNS Clock 
    Info (332119): ========= =================== =====================
    Info (332119):     0.200               0.000 LCD_Display:u1|CLK_400HZ 
    Info (332119):     0.365               0.000 CLOCK_50 
Info (332146): Worst-case recovery slack is -0.782
    Info (332119):     Slack       End Point TNS Clock 
    Info (332119): ========= =================== =====================
    Info (332119):    -0.782             -14.217 CLOCK_50 
    Info (332119):     0.172               0.000 LCD_Display:u1|CLK_400HZ 
Info (332146): Worst-case removal slack is 0.221
    Info (332119):     Slack       End Point TNS Clock 
    Info (332119): ========= =================== =====================
    Info (332119):     0.221               0.000 LCD_Display:u1|CLK_400HZ 
    Info (332119):     0.918               0.000 CLOCK_50 
Info (332146): Worst-case minimum pulse width slack is -3.000
    Info (332119):     Slack       End Point TNS Clock 
    Info (332119): ========= =================== =====================
    Info (332119):    -3.000             -56.970 CLOCK_50 
    Info (332119):    -1.285             -48.830 LCD_Display:u1|CLK_400HZ 
Info: Analyzing Fast 1200mV 0C Model
Info (332123): Deriving Clock Uncertainty. Please refer to report_sdc in TimeQuest to see clock uncertainties.
Critical Warning (332148): Timing requirements not met
    Info (11105): For recommendations on closing timing, run Report Timing Closure Recommendations in the TimeQuest Timing Analyzer.
Info (332146): Worst-case setup slack is -1.064
    Info (332119):     Slack       End Point TNS Clock 
    Info (332119): ========= =================== =====================
    Info (332119):    -1.064             -27.391 CLOCK_50 
    Info (332119):    -1.053             -11.327 LCD_Display:u1|CLK_400HZ 
Info (332146): Worst-case hold slack is 0.102
    Info (332119):     Slack       End Point TNS Clock 
    Info (332119): ========= =================== =====================
    Info (332119):     0.102               0.000 LCD_Display:u1|CLK_400HZ 
    Info (332119):     0.164               0.000 CLOCK_50 
Info (332146): Worst-case recovery slack is 0.008
    Info (332119):     Slack       End Point TNS Clock 
    Info (332119): ========= =================== =====================
    Info (332119):     0.008               0.000 CLOCK_50 
    Info (332119):     0.462               0.000 LCD_Display:u1|CLK_400HZ 
Info (332146): Worst-case removal slack is 0.108
    Info (332119):     Slack       End Point TNS Clock 
    Info (332119): ========= =================== =====================
    Info (332119):     0.108               0.000 LCD_Display:u1|CLK_400HZ 
    Info (332119):     0.475               0.000 CLOCK_50 
Info (332146): Worst-case minimum pulse width slack is -3.000
    Info (332119):     Slack       End Point TNS Clock 
    Info (332119): ========= =================== =====================
    Info (332119):    -3.000             -47.801 CLOCK_50 
    Info (332119):    -1.000             -38.000 LCD_Display:u1|CLK_400HZ 
Info (332102): Design is not fully constrained for setup requirements
Info (332102): Design is not fully constrained for hold requirements
Info: Quartus II 64-Bit TimeQuest Timing Analyzer was successful. 0 errors, 6 warnings
    Info: Peak virtual memory: 4925 megabytes
    Info: Processing ended: Tue Dec 03 21:33:55 2019
    Info: Elapsed time: 00:00:30
    Info: Total CPU time (on all processors): 00:00:03


