TimeQuest Timing Analyzer report for random1
Tue Dec 03 20:11:12 2019
Quartus II 64-Bit Version 15.0.0 Build 145 04/22/2015 SJ Web Edition


---------------------
; Table of Contents ;
---------------------
  1. Legal Notice
  2. TimeQuest Timing Analyzer Summary
  3. Parallel Compilation
  4. Clocks
  5. Slow 1200mV 85C Model Fmax Summary
  6. Timing Closure Recommendations
  7. Slow 1200mV 85C Model Setup Summary
  8. Slow 1200mV 85C Model Hold Summary
  9. Slow 1200mV 85C Model Recovery Summary
 10. Slow 1200mV 85C Model Removal Summary
 11. Slow 1200mV 85C Model Minimum Pulse Width Summary
 12. Slow 1200mV 85C Model Setup: 'CLK'
 13. Slow 1200mV 85C Model Setup: 'CLK_400HZ'
 14. Slow 1200mV 85C Model Hold: 'CLK_400HZ'
 15. Slow 1200mV 85C Model Hold: 'CLK'
 16. Slow 1200mV 85C Model Minimum Pulse Width: 'CLK'
 17. Slow 1200mV 85C Model Minimum Pulse Width: 'CLK_400HZ'
 18. Setup Times
 19. Hold Times
 20. Clock to Output Times
 21. Minimum Clock to Output Times
 22. Slow 1200mV 85C Model Metastability Summary
 23. Slow 1200mV 0C Model Fmax Summary
 24. Slow 1200mV 0C Model Setup Summary
 25. Slow 1200mV 0C Model Hold Summary
 26. Slow 1200mV 0C Model Recovery Summary
 27. Slow 1200mV 0C Model Removal Summary
 28. Slow 1200mV 0C Model Minimum Pulse Width Summary
 29. Slow 1200mV 0C Model Setup: 'CLK'
 30. Slow 1200mV 0C Model Setup: 'CLK_400HZ'
 31. Slow 1200mV 0C Model Hold: 'CLK_400HZ'
 32. Slow 1200mV 0C Model Hold: 'CLK'
 33. Slow 1200mV 0C Model Minimum Pulse Width: 'CLK'
 34. Slow 1200mV 0C Model Minimum Pulse Width: 'CLK_400HZ'
 35. Setup Times
 36. Hold Times
 37. Clock to Output Times
 38. Minimum Clock to Output Times
 39. Slow 1200mV 0C Model Metastability Summary
 40. Fast 1200mV 0C Model Setup Summary
 41. Fast 1200mV 0C Model Hold Summary
 42. Fast 1200mV 0C Model Recovery Summary
 43. Fast 1200mV 0C Model Removal Summary
 44. Fast 1200mV 0C Model Minimum Pulse Width Summary
 45. Fast 1200mV 0C Model Setup: 'CLK'
 46. Fast 1200mV 0C Model Setup: 'CLK_400HZ'
 47. Fast 1200mV 0C Model Hold: 'CLK'
 48. Fast 1200mV 0C Model Hold: 'CLK_400HZ'
 49. Fast 1200mV 0C Model Minimum Pulse Width: 'CLK'
 50. Fast 1200mV 0C Model Minimum Pulse Width: 'CLK_400HZ'
 51. Setup Times
 52. Hold Times
 53. Clock to Output Times
 54. Minimum Clock to Output Times
 55. Fast 1200mV 0C Model Metastability Summary
 56. Multicorner Timing Analysis Summary
 57. Setup Times
 58. Hold Times
 59. Clock to Output Times
 60. Minimum Clock to Output Times
 61. Board Trace Model Assignments
 62. Input Transition Times
 63. Signal Integrity Metrics (Slow 1200mv 0c Model)
 64. Signal Integrity Metrics (Slow 1200mv 85c Model)
 65. Signal Integrity Metrics (Fast 1200mv 0c Model)
 66. Setup Transfers
 67. Hold Transfers
 68. Report TCCS
 69. Report RSKM
 70. Unconstrained Paths
 71. TimeQuest Timing Analyzer Messages



----------------
; Legal Notice ;
----------------
Copyright (C) 1991-2015 Altera Corporation. All rights reserved.
Your use of Altera Corporation's design tools, logic functions 
and other software and tools, and its AMPP partner logic 
functions, and any output files from any of the foregoing 
(including device programming or simulation files), and any 
associated documentation or information are expressly subject 
to the terms and conditions of the Altera Program License 
Subscription Agreement, the Altera Quartus II License Agreement,
the Altera MegaCore Function License Agreement, or other 
applicable license agreement, including, without limitation, 
that your use is for the sole purpose of programming logic 
devices manufactured by Altera and sold by Altera or its 
authorized distributors.  Please refer to the applicable 
agreement for further details.



+-------------------------------------------------------------------------+
; TimeQuest Timing Analyzer Summary                                       ;
+--------------------+----------------------------------------------------+
; Quartus II Version ; Version 15.0.0 Build 145 04/22/2015 SJ Web Edition ;
; Revision Name      ; random1                                            ;
; Device Family      ; Cyclone IV E                                       ;
; Device Name        ; EP4CE115F29C7                                      ;
; Timing Models      ; Final                                              ;
; Delay Model        ; Combined                                           ;
; Rise/Fall Delays   ; Enabled                                            ;
+--------------------+----------------------------------------------------+


Parallel compilation was disabled, but you have multiple processors available. Enable parallel compilation to reduce compilation time.
+-------------------------------------+
; Parallel Compilation                ;
+----------------------------+--------+
; Processors                 ; Number ;
+----------------------------+--------+
; Number detected on machine ; 8      ;
; Maximum allowed            ; 1      ;
+----------------------------+--------+


+---------------------------------------------------------------------------------------------------------------------------------------------------------------------------------------+
; Clocks                                                                                                                                                                                ;
+------------+------+--------+------------+-------+-------+------------+-----------+-------------+-------+--------+-----------+------------+----------+--------+--------+---------------+
; Clock Name ; Type ; Period ; Frequency  ; Rise  ; Fall  ; Duty Cycle ; Divide by ; Multiply by ; Phase ; Offset ; Edge List ; Edge Shift ; Inverted ; Master ; Source ; Targets       ;
+------------+------+--------+------------+-------+-------+------------+-----------+-------------+-------+--------+-----------+------------+----------+--------+--------+---------------+
; CLK        ; Base ; 1.000  ; 1000.0 MHz ; 0.000 ; 0.500 ;            ;           ;             ;       ;        ;           ;            ;          ;        ;        ; { CLK }       ;
; CLK_400HZ  ; Base ; 1.000  ; 1000.0 MHz ; 0.000 ; 0.500 ;            ;           ;             ;       ;        ;           ;            ;          ;        ;        ; { CLK_400HZ } ;
+------------+------+--------+------------+-------+-------+------------+-----------+-------------+-------+--------+-----------+------------+----------+--------+--------+---------------+


+-----------------------------------------------------------------------------------------------------------+
; Slow 1200mV 85C Model Fmax Summary                                                                        ;
+------------+-----------------+------------+---------------------------------------------------------------+
; Fmax       ; Restricted Fmax ; Clock Name ; Note                                                          ;
+------------+-----------------+------------+---------------------------------------------------------------+
; 264.41 MHz ; 250.0 MHz       ; CLK        ; limit due to minimum period restriction (max I/O toggle rate) ;
; 393.08 MHz ; 393.08 MHz      ; CLK_400HZ  ;                                                               ;
+------------+-----------------+------------+---------------------------------------------------------------+
This panel reports FMAX for every clock in the design, regardless of the user-specified clock periods.  FMAX is only computed for paths where the source and destination registers or ports are driven by the same clock.  Paths of different clocks, including generated clocks, are ignored.  For paths between a clock and its inversion, FMAX is computed as if the rising and falling edges are scaled along with FMAX, such that the duty cycle (in terms of a percentage) is maintained. Altera recommends that you always use clock constraints and other slack reports for sign-off analysis.


----------------------------------
; Timing Closure Recommendations ;
----------------------------------
HTML report is unavailable in plain text report export.


+-------------------------------------+
; Slow 1200mV 85C Model Setup Summary ;
+-----------+--------+----------------+
; Clock     ; Slack  ; End Point TNS  ;
+-----------+--------+----------------+
; CLK       ; -2.782 ; -51.666        ;
; CLK_400HZ ; -1.544 ; -27.338        ;
+-----------+--------+----------------+


+------------------------------------+
; Slow 1200mV 85C Model Hold Summary ;
+-----------+-------+----------------+
; Clock     ; Slack ; End Point TNS  ;
+-----------+-------+----------------+
; CLK_400HZ ; 0.403 ; 0.000          ;
; CLK       ; 0.409 ; 0.000          ;
+-----------+-------+----------------+


------------------------------------------
; Slow 1200mV 85C Model Recovery Summary ;
------------------------------------------
No paths to report.


-----------------------------------------
; Slow 1200mV 85C Model Removal Summary ;
-----------------------------------------
No paths to report.


+---------------------------------------------------+
; Slow 1200mV 85C Model Minimum Pulse Width Summary ;
+-----------+--------+------------------------------+
; Clock     ; Slack  ; End Point TNS                ;
+-----------+--------+------------------------------+
; CLK       ; -3.000 ; -29.985                      ;
; CLK_400HZ ; -1.285 ; -48.830                      ;
+-----------+--------+------------------------------+


+--------------------------------------------------------------------------------------------------------------------------+
; Slow 1200mV 85C Model Setup: 'CLK'                                                                                       ;
+--------+---------------------+---------------------+--------------+-------------+--------------+------------+------------+
; Slack  ; From Node           ; To Node             ; Launch Clock ; Latch Clock ; Relationship ; Clock Skew ; Data Delay ;
+--------+---------------------+---------------------+--------------+-------------+--------------+------------+------------+
; -2.782 ; CLK_COUNT_400HZ[7]  ; CLK_400HZ           ; CLK          ; CLK         ; 1.000        ; -0.080     ; 3.700      ;
; -2.774 ; CLK_COUNT_400HZ[8]  ; CLK_400HZ           ; CLK          ; CLK         ; 1.000        ; -0.080     ; 3.692      ;
; -2.767 ; CLK_COUNT_400HZ[2]  ; CLK_400HZ           ; CLK          ; CLK         ; 1.000        ; -0.080     ; 3.685      ;
; -2.766 ; CLK_COUNT_400HZ[7]  ; CLK_COUNT_400HZ[2]  ; CLK          ; CLK         ; 1.000        ; -0.082     ; 3.682      ;
; -2.766 ; CLK_COUNT_400HZ[7]  ; CLK_COUNT_400HZ[3]  ; CLK          ; CLK         ; 1.000        ; -0.082     ; 3.682      ;
; -2.766 ; CLK_COUNT_400HZ[7]  ; CLK_COUNT_400HZ[5]  ; CLK          ; CLK         ; 1.000        ; -0.082     ; 3.682      ;
; -2.766 ; CLK_COUNT_400HZ[7]  ; CLK_COUNT_400HZ[6]  ; CLK          ; CLK         ; 1.000        ; -0.082     ; 3.682      ;
; -2.766 ; CLK_COUNT_400HZ[7]  ; CLK_COUNT_400HZ[9]  ; CLK          ; CLK         ; 1.000        ; -0.082     ; 3.682      ;
; -2.766 ; CLK_COUNT_400HZ[7]  ; CLK_COUNT_400HZ[7]  ; CLK          ; CLK         ; 1.000        ; -0.082     ; 3.682      ;
; -2.766 ; CLK_COUNT_400HZ[7]  ; CLK_COUNT_400HZ[8]  ; CLK          ; CLK         ; 1.000        ; -0.082     ; 3.682      ;
; -2.758 ; CLK_COUNT_400HZ[4]  ; CLK_400HZ           ; CLK          ; CLK         ; 1.000        ; -0.512     ; 3.244      ;
; -2.758 ; CLK_COUNT_400HZ[8]  ; CLK_COUNT_400HZ[2]  ; CLK          ; CLK         ; 1.000        ; -0.082     ; 3.674      ;
; -2.758 ; CLK_COUNT_400HZ[8]  ; CLK_COUNT_400HZ[3]  ; CLK          ; CLK         ; 1.000        ; -0.082     ; 3.674      ;
; -2.758 ; CLK_COUNT_400HZ[8]  ; CLK_COUNT_400HZ[5]  ; CLK          ; CLK         ; 1.000        ; -0.082     ; 3.674      ;
; -2.758 ; CLK_COUNT_400HZ[8]  ; CLK_COUNT_400HZ[6]  ; CLK          ; CLK         ; 1.000        ; -0.082     ; 3.674      ;
; -2.758 ; CLK_COUNT_400HZ[8]  ; CLK_COUNT_400HZ[9]  ; CLK          ; CLK         ; 1.000        ; -0.082     ; 3.674      ;
; -2.758 ; CLK_COUNT_400HZ[8]  ; CLK_COUNT_400HZ[7]  ; CLK          ; CLK         ; 1.000        ; -0.082     ; 3.674      ;
; -2.758 ; CLK_COUNT_400HZ[8]  ; CLK_COUNT_400HZ[8]  ; CLK          ; CLK         ; 1.000        ; -0.082     ; 3.674      ;
; -2.751 ; CLK_COUNT_400HZ[2]  ; CLK_COUNT_400HZ[2]  ; CLK          ; CLK         ; 1.000        ; -0.082     ; 3.667      ;
; -2.751 ; CLK_COUNT_400HZ[2]  ; CLK_COUNT_400HZ[3]  ; CLK          ; CLK         ; 1.000        ; -0.082     ; 3.667      ;
; -2.751 ; CLK_COUNT_400HZ[2]  ; CLK_COUNT_400HZ[5]  ; CLK          ; CLK         ; 1.000        ; -0.082     ; 3.667      ;
; -2.751 ; CLK_COUNT_400HZ[2]  ; CLK_COUNT_400HZ[6]  ; CLK          ; CLK         ; 1.000        ; -0.082     ; 3.667      ;
; -2.751 ; CLK_COUNT_400HZ[2]  ; CLK_COUNT_400HZ[9]  ; CLK          ; CLK         ; 1.000        ; -0.082     ; 3.667      ;
; -2.751 ; CLK_COUNT_400HZ[2]  ; CLK_COUNT_400HZ[7]  ; CLK          ; CLK         ; 1.000        ; -0.082     ; 3.667      ;
; -2.751 ; CLK_COUNT_400HZ[2]  ; CLK_COUNT_400HZ[8]  ; CLK          ; CLK         ; 1.000        ; -0.082     ; 3.667      ;
; -2.742 ; CLK_COUNT_400HZ[4]  ; CLK_COUNT_400HZ[2]  ; CLK          ; CLK         ; 1.000        ; -0.514     ; 3.226      ;
; -2.742 ; CLK_COUNT_400HZ[4]  ; CLK_COUNT_400HZ[3]  ; CLK          ; CLK         ; 1.000        ; -0.514     ; 3.226      ;
; -2.742 ; CLK_COUNT_400HZ[4]  ; CLK_COUNT_400HZ[5]  ; CLK          ; CLK         ; 1.000        ; -0.514     ; 3.226      ;
; -2.742 ; CLK_COUNT_400HZ[4]  ; CLK_COUNT_400HZ[6]  ; CLK          ; CLK         ; 1.000        ; -0.514     ; 3.226      ;
; -2.742 ; CLK_COUNT_400HZ[4]  ; CLK_COUNT_400HZ[9]  ; CLK          ; CLK         ; 1.000        ; -0.514     ; 3.226      ;
; -2.742 ; CLK_COUNT_400HZ[4]  ; CLK_COUNT_400HZ[7]  ; CLK          ; CLK         ; 1.000        ; -0.514     ; 3.226      ;
; -2.742 ; CLK_COUNT_400HZ[4]  ; CLK_COUNT_400HZ[8]  ; CLK          ; CLK         ; 1.000        ; -0.514     ; 3.226      ;
; -2.611 ; CLK_COUNT_400HZ[3]  ; CLK_400HZ           ; CLK          ; CLK         ; 1.000        ; -0.080     ; 3.529      ;
; -2.595 ; CLK_COUNT_400HZ[3]  ; CLK_COUNT_400HZ[2]  ; CLK          ; CLK         ; 1.000        ; -0.082     ; 3.511      ;
; -2.595 ; CLK_COUNT_400HZ[3]  ; CLK_COUNT_400HZ[3]  ; CLK          ; CLK         ; 1.000        ; -0.082     ; 3.511      ;
; -2.595 ; CLK_COUNT_400HZ[3]  ; CLK_COUNT_400HZ[5]  ; CLK          ; CLK         ; 1.000        ; -0.082     ; 3.511      ;
; -2.595 ; CLK_COUNT_400HZ[3]  ; CLK_COUNT_400HZ[6]  ; CLK          ; CLK         ; 1.000        ; -0.082     ; 3.511      ;
; -2.595 ; CLK_COUNT_400HZ[3]  ; CLK_COUNT_400HZ[9]  ; CLK          ; CLK         ; 1.000        ; -0.082     ; 3.511      ;
; -2.595 ; CLK_COUNT_400HZ[3]  ; CLK_COUNT_400HZ[7]  ; CLK          ; CLK         ; 1.000        ; -0.082     ; 3.511      ;
; -2.595 ; CLK_COUNT_400HZ[3]  ; CLK_COUNT_400HZ[8]  ; CLK          ; CLK         ; 1.000        ; -0.082     ; 3.511      ;
; -2.594 ; CLK_COUNT_400HZ[9]  ; CLK_400HZ           ; CLK          ; CLK         ; 1.000        ; -0.080     ; 3.512      ;
; -2.578 ; CLK_COUNT_400HZ[9]  ; CLK_COUNT_400HZ[2]  ; CLK          ; CLK         ; 1.000        ; -0.082     ; 3.494      ;
; -2.578 ; CLK_COUNT_400HZ[9]  ; CLK_COUNT_400HZ[3]  ; CLK          ; CLK         ; 1.000        ; -0.082     ; 3.494      ;
; -2.578 ; CLK_COUNT_400HZ[9]  ; CLK_COUNT_400HZ[5]  ; CLK          ; CLK         ; 1.000        ; -0.082     ; 3.494      ;
; -2.578 ; CLK_COUNT_400HZ[9]  ; CLK_COUNT_400HZ[6]  ; CLK          ; CLK         ; 1.000        ; -0.082     ; 3.494      ;
; -2.578 ; CLK_COUNT_400HZ[9]  ; CLK_COUNT_400HZ[9]  ; CLK          ; CLK         ; 1.000        ; -0.082     ; 3.494      ;
; -2.578 ; CLK_COUNT_400HZ[9]  ; CLK_COUNT_400HZ[7]  ; CLK          ; CLK         ; 1.000        ; -0.082     ; 3.494      ;
; -2.578 ; CLK_COUNT_400HZ[9]  ; CLK_COUNT_400HZ[8]  ; CLK          ; CLK         ; 1.000        ; -0.082     ; 3.494      ;
; -2.490 ; CLK_COUNT_400HZ[11] ; CLK_COUNT_400HZ[2]  ; CLK          ; CLK         ; 1.000        ; -0.084     ; 3.404      ;
; -2.490 ; CLK_COUNT_400HZ[11] ; CLK_COUNT_400HZ[3]  ; CLK          ; CLK         ; 1.000        ; -0.084     ; 3.404      ;
; -2.490 ; CLK_COUNT_400HZ[11] ; CLK_COUNT_400HZ[5]  ; CLK          ; CLK         ; 1.000        ; -0.084     ; 3.404      ;
; -2.490 ; CLK_COUNT_400HZ[11] ; CLK_COUNT_400HZ[6]  ; CLK          ; CLK         ; 1.000        ; -0.084     ; 3.404      ;
; -2.490 ; CLK_COUNT_400HZ[11] ; CLK_COUNT_400HZ[9]  ; CLK          ; CLK         ; 1.000        ; -0.084     ; 3.404      ;
; -2.490 ; CLK_COUNT_400HZ[11] ; CLK_COUNT_400HZ[7]  ; CLK          ; CLK         ; 1.000        ; -0.084     ; 3.404      ;
; -2.490 ; CLK_COUNT_400HZ[11] ; CLK_COUNT_400HZ[8]  ; CLK          ; CLK         ; 1.000        ; -0.084     ; 3.404      ;
; -2.476 ; CLK_COUNT_400HZ[11] ; CLK_400HZ           ; CLK          ; CLK         ; 1.000        ; -0.082     ; 3.392      ;
; -2.476 ; CLK_COUNT_400HZ[6]  ; CLK_400HZ           ; CLK          ; CLK         ; 1.000        ; -0.080     ; 3.394      ;
; -2.476 ; CLK_COUNT_400HZ[13] ; CLK_COUNT_400HZ[2]  ; CLK          ; CLK         ; 1.000        ; -0.084     ; 3.390      ;
; -2.476 ; CLK_COUNT_400HZ[13] ; CLK_COUNT_400HZ[3]  ; CLK          ; CLK         ; 1.000        ; -0.084     ; 3.390      ;
; -2.476 ; CLK_COUNT_400HZ[13] ; CLK_COUNT_400HZ[5]  ; CLK          ; CLK         ; 1.000        ; -0.084     ; 3.390      ;
; -2.476 ; CLK_COUNT_400HZ[13] ; CLK_COUNT_400HZ[6]  ; CLK          ; CLK         ; 1.000        ; -0.084     ; 3.390      ;
; -2.476 ; CLK_COUNT_400HZ[13] ; CLK_COUNT_400HZ[9]  ; CLK          ; CLK         ; 1.000        ; -0.084     ; 3.390      ;
; -2.476 ; CLK_COUNT_400HZ[13] ; CLK_COUNT_400HZ[7]  ; CLK          ; CLK         ; 1.000        ; -0.084     ; 3.390      ;
; -2.476 ; CLK_COUNT_400HZ[13] ; CLK_COUNT_400HZ[8]  ; CLK          ; CLK         ; 1.000        ; -0.084     ; 3.390      ;
; -2.460 ; CLK_COUNT_400HZ[6]  ; CLK_COUNT_400HZ[2]  ; CLK          ; CLK         ; 1.000        ; -0.082     ; 3.376      ;
; -2.460 ; CLK_COUNT_400HZ[6]  ; CLK_COUNT_400HZ[3]  ; CLK          ; CLK         ; 1.000        ; -0.082     ; 3.376      ;
; -2.460 ; CLK_COUNT_400HZ[6]  ; CLK_COUNT_400HZ[5]  ; CLK          ; CLK         ; 1.000        ; -0.082     ; 3.376      ;
; -2.460 ; CLK_COUNT_400HZ[6]  ; CLK_COUNT_400HZ[6]  ; CLK          ; CLK         ; 1.000        ; -0.082     ; 3.376      ;
; -2.460 ; CLK_COUNT_400HZ[6]  ; CLK_COUNT_400HZ[9]  ; CLK          ; CLK         ; 1.000        ; -0.082     ; 3.376      ;
; -2.460 ; CLK_COUNT_400HZ[6]  ; CLK_COUNT_400HZ[7]  ; CLK          ; CLK         ; 1.000        ; -0.082     ; 3.376      ;
; -2.460 ; CLK_COUNT_400HZ[6]  ; CLK_COUNT_400HZ[8]  ; CLK          ; CLK         ; 1.000        ; -0.082     ; 3.376      ;
; -2.459 ; CLK_COUNT_400HZ[13] ; CLK_400HZ           ; CLK          ; CLK         ; 1.000        ; -0.082     ; 3.375      ;
; -2.444 ; CLK_COUNT_400HZ[5]  ; CLK_400HZ           ; CLK          ; CLK         ; 1.000        ; -0.080     ; 3.362      ;
; -2.428 ; CLK_COUNT_400HZ[5]  ; CLK_COUNT_400HZ[2]  ; CLK          ; CLK         ; 1.000        ; -0.082     ; 3.344      ;
; -2.428 ; CLK_COUNT_400HZ[5]  ; CLK_COUNT_400HZ[3]  ; CLK          ; CLK         ; 1.000        ; -0.082     ; 3.344      ;
; -2.428 ; CLK_COUNT_400HZ[5]  ; CLK_COUNT_400HZ[5]  ; CLK          ; CLK         ; 1.000        ; -0.082     ; 3.344      ;
; -2.428 ; CLK_COUNT_400HZ[5]  ; CLK_COUNT_400HZ[6]  ; CLK          ; CLK         ; 1.000        ; -0.082     ; 3.344      ;
; -2.428 ; CLK_COUNT_400HZ[5]  ; CLK_COUNT_400HZ[9]  ; CLK          ; CLK         ; 1.000        ; -0.082     ; 3.344      ;
; -2.428 ; CLK_COUNT_400HZ[5]  ; CLK_COUNT_400HZ[7]  ; CLK          ; CLK         ; 1.000        ; -0.082     ; 3.344      ;
; -2.428 ; CLK_COUNT_400HZ[5]  ; CLK_COUNT_400HZ[8]  ; CLK          ; CLK         ; 1.000        ; -0.082     ; 3.344      ;
; -2.351 ; CLK_COUNT_400HZ[7]  ; CLK_COUNT_400HZ[4]  ; CLK          ; CLK         ; 1.000        ; 0.333      ; 3.682      ;
; -2.351 ; CLK_COUNT_400HZ[7]  ; CLK_COUNT_400HZ[0]  ; CLK          ; CLK         ; 1.000        ; 0.333      ; 3.682      ;
; -2.351 ; CLK_COUNT_400HZ[7]  ; CLK_COUNT_400HZ[1]  ; CLK          ; CLK         ; 1.000        ; 0.333      ; 3.682      ;
; -2.343 ; CLK_COUNT_400HZ[8]  ; CLK_COUNT_400HZ[4]  ; CLK          ; CLK         ; 1.000        ; 0.333      ; 3.674      ;
; -2.343 ; CLK_COUNT_400HZ[8]  ; CLK_COUNT_400HZ[0]  ; CLK          ; CLK         ; 1.000        ; 0.333      ; 3.674      ;
; -2.343 ; CLK_COUNT_400HZ[8]  ; CLK_COUNT_400HZ[1]  ; CLK          ; CLK         ; 1.000        ; 0.333      ; 3.674      ;
; -2.336 ; CLK_COUNT_400HZ[2]  ; CLK_COUNT_400HZ[4]  ; CLK          ; CLK         ; 1.000        ; 0.333      ; 3.667      ;
; -2.336 ; CLK_COUNT_400HZ[2]  ; CLK_COUNT_400HZ[0]  ; CLK          ; CLK         ; 1.000        ; 0.333      ; 3.667      ;
; -2.336 ; CLK_COUNT_400HZ[2]  ; CLK_COUNT_400HZ[1]  ; CLK          ; CLK         ; 1.000        ; 0.333      ; 3.667      ;
; -2.327 ; CLK_COUNT_400HZ[4]  ; CLK_COUNT_400HZ[4]  ; CLK          ; CLK         ; 1.000        ; -0.099     ; 3.226      ;
; -2.327 ; CLK_COUNT_400HZ[4]  ; CLK_COUNT_400HZ[0]  ; CLK          ; CLK         ; 1.000        ; -0.099     ; 3.226      ;
; -2.327 ; CLK_COUNT_400HZ[4]  ; CLK_COUNT_400HZ[1]  ; CLK          ; CLK         ; 1.000        ; -0.099     ; 3.226      ;
; -2.302 ; CLK_COUNT_400HZ[1]  ; CLK_COUNT_400HZ[18] ; CLK          ; CLK         ; 1.000        ; -0.512     ; 2.788      ;
; -2.284 ; CLK_COUNT_400HZ[7]  ; CLK_COUNT_400HZ[14] ; CLK          ; CLK         ; 1.000        ; -0.080     ; 3.202      ;
; -2.284 ; CLK_COUNT_400HZ[7]  ; CLK_COUNT_400HZ[11] ; CLK          ; CLK         ; 1.000        ; -0.080     ; 3.202      ;
; -2.284 ; CLK_COUNT_400HZ[7]  ; CLK_COUNT_400HZ[10] ; CLK          ; CLK         ; 1.000        ; -0.080     ; 3.202      ;
; -2.284 ; CLK_COUNT_400HZ[7]  ; CLK_COUNT_400HZ[12] ; CLK          ; CLK         ; 1.000        ; -0.080     ; 3.202      ;
; -2.284 ; CLK_COUNT_400HZ[7]  ; CLK_COUNT_400HZ[13] ; CLK          ; CLK         ; 1.000        ; -0.080     ; 3.202      ;
; -2.284 ; CLK_COUNT_400HZ[7]  ; CLK_COUNT_400HZ[15] ; CLK          ; CLK         ; 1.000        ; -0.080     ; 3.202      ;
; -2.284 ; CLK_COUNT_400HZ[7]  ; CLK_COUNT_400HZ[16] ; CLK          ; CLK         ; 1.000        ; -0.080     ; 3.202      ;
+--------+---------------------+---------------------+--------------+-------------+--------------+------------+------------+


+-------------------------------------------------------------------------------------------------------------------------------+
; Slow 1200mV 85C Model Setup: 'CLK_400HZ'                                                                                      ;
+--------+--------------------+---------------------------+--------------+-------------+--------------+------------+------------+
; Slack  ; From Node          ; To Node                   ; Launch Clock ; Latch Clock ; Relationship ; Clock Skew ; Data Delay ;
+--------+--------------------+---------------------------+--------------+-------------+--------------+------------+------------+
; -1.544 ; CHAR_COUNT[1]      ; next_command.Print_String ; CLK_400HZ    ; CLK_400HZ   ; 1.000        ; -0.081     ; 2.461      ;
; -1.429 ; CHAR_COUNT[2]      ; DATA_BUS_VALUE[3]         ; CLK_400HZ    ; CLK_400HZ   ; 1.000        ; -0.082     ; 2.345      ;
; -1.406 ; CHAR_COUNT[2]      ; DATA_BUS_VALUE[2]         ; CLK_400HZ    ; CLK_400HZ   ; 1.000        ; -0.081     ; 2.323      ;
; -1.403 ; CHAR_COUNT[1]      ; DATA_BUS_VALUE[0]         ; CLK_400HZ    ; CLK_400HZ   ; 1.000        ; -0.081     ; 2.320      ;
; -1.392 ; CHAR_COUNT[3]      ; next_command.Print_String ; CLK_400HZ    ; CLK_400HZ   ; 1.000        ; -0.081     ; 2.309      ;
; -1.369 ; CHAR_COUNT[4]      ; DATA_BUS_VALUE[2]         ; CLK_400HZ    ; CLK_400HZ   ; 1.000        ; -0.081     ; 2.286      ;
; -1.332 ; CHAR_COUNT[4]      ; DATA_BUS_VALUE[4]         ; CLK_400HZ    ; CLK_400HZ   ; 1.000        ; -0.080     ; 2.250      ;
; -1.300 ; CHAR_COUNT[0]      ; next_command.Print_String ; CLK_400HZ    ; CLK_400HZ   ; 1.000        ; -0.081     ; 2.217      ;
; -1.295 ; CHAR_COUNT[0]      ; DATA_BUS_VALUE[0]         ; CLK_400HZ    ; CLK_400HZ   ; 1.000        ; -0.081     ; 2.212      ;
; -1.269 ; state.DROP_LCD_E   ; DATA_BUS_VALUE[3]         ; CLK_400HZ    ; CLK_400HZ   ; 1.000        ; -0.081     ; 2.186      ;
; -1.259 ; CHAR_COUNT[1]      ; DATA_BUS_VALUE[3]         ; CLK_400HZ    ; CLK_400HZ   ; 1.000        ; -0.082     ; 2.175      ;
; -1.246 ; CHAR_COUNT[3]      ; DATA_BUS_VALUE[3]         ; CLK_400HZ    ; CLK_400HZ   ; 1.000        ; -0.082     ; 2.162      ;
; -1.226 ; state.FUNC_SET     ; DATA_BUS_VALUE[3]         ; CLK_400HZ    ; CLK_400HZ   ; 1.000        ; -0.080     ; 2.144      ;
; -1.220 ; CHAR_COUNT[1]      ; next_command.RETURN_HOME  ; CLK_400HZ    ; CLK_400HZ   ; 1.000        ; -0.081     ; 2.137      ;
; -1.215 ; state.RESET2       ; DATA_BUS_VALUE[3]         ; CLK_400HZ    ; CLK_400HZ   ; 1.000        ; -0.080     ; 2.133      ;
; -1.174 ; CHAR_COUNT[0]      ; DATA_BUS_VALUE[2]         ; CLK_400HZ    ; CLK_400HZ   ; 1.000        ; -0.081     ; 2.091      ;
; -1.169 ; CHAR_COUNT[4]      ; DATA_BUS_VALUE[6]         ; CLK_400HZ    ; CLK_400HZ   ; 1.000        ; -0.082     ; 2.085      ;
; -1.167 ; state.Print_String ; DATA_BUS_VALUE[3]         ; CLK_400HZ    ; CLK_400HZ   ; 1.000        ; -0.081     ; 2.084      ;
; -1.161 ; CHAR_COUNT[2]      ; next_command.Print_String ; CLK_400HZ    ; CLK_400HZ   ; 1.000        ; -0.081     ; 2.078      ;
; -1.136 ; CHAR_COUNT[4]      ; DATA_BUS_VALUE[0]         ; CLK_400HZ    ; CLK_400HZ   ; 1.000        ; -0.081     ; 2.053      ;
; -1.129 ; state.HOLD         ; DATA_BUS_VALUE[3]         ; CLK_400HZ    ; CLK_400HZ   ; 1.000        ; -0.081     ; 2.046      ;
; -1.127 ; CHAR_COUNT[2]      ; DATA_BUS_VALUE[4]         ; CLK_400HZ    ; CLK_400HZ   ; 1.000        ; -0.080     ; 2.045      ;
; -1.123 ; CHAR_COUNT[2]      ; DATA_BUS_VALUE[6]         ; CLK_400HZ    ; CLK_400HZ   ; 1.000        ; -0.082     ; 2.039      ;
; -1.113 ; CHAR_COUNT[2]      ; DATA_BUS_VALUE[5]         ; CLK_400HZ    ; CLK_400HZ   ; 1.000        ; -0.080     ; 2.031      ;
; -1.112 ; CHAR_COUNT[4]      ; DATA_BUS_VALUE[1]         ; CLK_400HZ    ; CLK_400HZ   ; 1.000        ; -0.081     ; 2.029      ;
; -1.105 ; state.DROP_LCD_E   ; next_command.Print_String ; CLK_400HZ    ; CLK_400HZ   ; 1.000        ; -0.080     ; 2.023      ;
; -1.093 ; CHAR_COUNT[1]      ; DATA_BUS_VALUE[6]         ; CLK_400HZ    ; CLK_400HZ   ; 1.000        ; -0.082     ; 2.009      ;
; -1.083 ; state.DROP_LCD_E   ; DATA_BUS_VALUE[5]         ; CLK_400HZ    ; CLK_400HZ   ; 1.000        ; -0.079     ; 2.002      ;
; -1.083 ; state.DROP_LCD_E   ; DATA_BUS_VALUE[4]         ; CLK_400HZ    ; CLK_400HZ   ; 1.000        ; -0.079     ; 2.002      ;
; -1.083 ; CHAR_COUNT[1]      ; DATA_BUS_VALUE[5]         ; CLK_400HZ    ; CLK_400HZ   ; 1.000        ; -0.080     ; 2.001      ;
; -1.071 ; CHAR_COUNT[4]      ; DATA_BUS_VALUE[5]         ; CLK_400HZ    ; CLK_400HZ   ; 1.000        ; -0.080     ; 1.989      ;
; -1.068 ; CHAR_COUNT[3]      ; next_command.RETURN_HOME  ; CLK_400HZ    ; CLK_400HZ   ; 1.000        ; -0.081     ; 1.985      ;
; -1.068 ; state.RETURN_HOME  ; DATA_BUS_VALUE[5]         ; CLK_400HZ    ; CLK_400HZ   ; 1.000        ; -0.079     ; 1.987      ;
; -1.067 ; state.RETURN_HOME  ; DATA_BUS_VALUE[4]         ; CLK_400HZ    ; CLK_400HZ   ; 1.000        ; -0.079     ; 1.986      ;
; -1.064 ; CHAR_COUNT[1]      ; DATA_BUS_VALUE[2]         ; CLK_400HZ    ; CLK_400HZ   ; 1.000        ; -0.081     ; 1.981      ;
; -1.059 ; state.LINE2        ; DATA_BUS_VALUE[5]         ; CLK_400HZ    ; CLK_400HZ   ; 1.000        ; -0.079     ; 1.978      ;
; -1.058 ; state.LINE2        ; DATA_BUS_VALUE[4]         ; CLK_400HZ    ; CLK_400HZ   ; 1.000        ; -0.079     ; 1.977      ;
; -1.056 ; state.DISPLAY_ON   ; DATA_BUS_VALUE[3]         ; CLK_400HZ    ; CLK_400HZ   ; 1.000        ; -0.080     ; 1.974      ;
; -1.053 ; state.DROP_LCD_E   ; DATA_BUS_VALUE[0]         ; CLK_400HZ    ; CLK_400HZ   ; 1.000        ; -0.080     ; 1.971      ;
; -1.051 ; state.DROP_LCD_E   ; DATA_BUS_VALUE[2]         ; CLK_400HZ    ; CLK_400HZ   ; 1.000        ; -0.080     ; 1.969      ;
; -1.019 ; CHAR_COUNT[1]      ; CHAR_COUNT[4]             ; CLK_400HZ    ; CLK_400HZ   ; 1.000        ; -0.080     ; 1.937      ;
; -1.008 ; CHAR_COUNT[2]      ; DATA_BUS_VALUE[0]         ; CLK_400HZ    ; CLK_400HZ   ; 1.000        ; -0.081     ; 1.925      ;
; -0.976 ; CHAR_COUNT[0]      ; next_command.RETURN_HOME  ; CLK_400HZ    ; CLK_400HZ   ; 1.000        ; -0.081     ; 1.893      ;
; -0.967 ; state.Print_String ; next_command.Print_String ; CLK_400HZ    ; CLK_400HZ   ; 1.000        ; -0.080     ; 1.885      ;
; -0.965 ; state.HOLD         ; next_command.Print_String ; CLK_400HZ    ; CLK_400HZ   ; 1.000        ; -0.080     ; 1.883      ;
; -0.958 ; state.MODE_SET     ; DATA_BUS_VALUE[1]         ; CLK_400HZ    ; CLK_400HZ   ; 1.000        ; -0.080     ; 1.876      ;
; -0.957 ; CHAR_COUNT[0]      ; DATA_BUS_VALUE[6]         ; CLK_400HZ    ; CLK_400HZ   ; 1.000        ; -0.082     ; 1.873      ;
; -0.956 ; CHAR_COUNT[0]      ; DATA_BUS_VALUE[4]         ; CLK_400HZ    ; CLK_400HZ   ; 1.000        ; -0.080     ; 1.874      ;
; -0.946 ; CHAR_COUNT[3]      ; DATA_BUS_VALUE[2]         ; CLK_400HZ    ; CLK_400HZ   ; 1.000        ; -0.081     ; 1.863      ;
; -0.942 ; state.RESET1       ; CHAR_COUNT[4]             ; CLK_400HZ    ; CLK_400HZ   ; 1.000        ; -0.079     ; 1.861      ;
; -0.940 ; CHAR_COUNT[2]      ; CHAR_COUNT[2]             ; CLK_400HZ    ; CLK_400HZ   ; 1.000        ; -0.080     ; 1.858      ;
; -0.937 ; CHAR_COUNT[1]      ; DATA_BUS_VALUE[1]         ; CLK_400HZ    ; CLK_400HZ   ; 1.000        ; -0.081     ; 1.854      ;
; -0.930 ; CHAR_COUNT[0]      ; DATA_BUS_VALUE[5]         ; CLK_400HZ    ; CLK_400HZ   ; 1.000        ; -0.080     ; 1.848      ;
; -0.918 ; CHAR_COUNT[0]      ; CHAR_COUNT[4]             ; CLK_400HZ    ; CLK_400HZ   ; 1.000        ; -0.080     ; 1.836      ;
; -0.913 ; state.HOLD         ; DATA_BUS_VALUE[0]         ; CLK_400HZ    ; CLK_400HZ   ; 1.000        ; -0.080     ; 1.831      ;
; -0.911 ; state.HOLD         ; DATA_BUS_VALUE[2]         ; CLK_400HZ    ; CLK_400HZ   ; 1.000        ; -0.080     ; 1.829      ;
; -0.910 ; state.DISPLAY_OFF  ; DATA_BUS_VALUE[5]         ; CLK_400HZ    ; CLK_400HZ   ; 1.000        ; -0.078     ; 1.830      ;
; -0.909 ; state.DISPLAY_OFF  ; DATA_BUS_VALUE[4]         ; CLK_400HZ    ; CLK_400HZ   ; 1.000        ; -0.078     ; 1.829      ;
; -0.897 ; state.DISPLAY_OFF  ; DATA_BUS_VALUE[3]         ; CLK_400HZ    ; CLK_400HZ   ; 1.000        ; -0.080     ; 1.815      ;
; -0.887 ; CHAR_COUNT[1]      ; CHAR_COUNT[2]             ; CLK_400HZ    ; CLK_400HZ   ; 1.000        ; -0.080     ; 1.805      ;
; -0.878 ; state.MODE_SET     ; DATA_BUS_VALUE[5]         ; CLK_400HZ    ; CLK_400HZ   ; 1.000        ; -0.079     ; 1.797      ;
; -0.877 ; state.MODE_SET     ; DATA_BUS_VALUE[4]         ; CLK_400HZ    ; CLK_400HZ   ; 1.000        ; -0.079     ; 1.796      ;
; -0.876 ; CHAR_COUNT[0]      ; CHAR_COUNT[3]             ; CLK_400HZ    ; CLK_400HZ   ; 1.000        ; -0.080     ; 1.794      ;
; -0.868 ; CHAR_COUNT[1]      ; CHAR_COUNT[3]             ; CLK_400HZ    ; CLK_400HZ   ; 1.000        ; -0.080     ; 1.786      ;
; -0.862 ; CHAR_COUNT[3]      ; CHAR_COUNT[4]             ; CLK_400HZ    ; CLK_400HZ   ; 1.000        ; -0.080     ; 1.780      ;
; -0.853 ; state.HOLD         ; DATA_BUS_VALUE[1]         ; CLK_400HZ    ; CLK_400HZ   ; 1.000        ; -0.080     ; 1.771      ;
; -0.848 ; state.HOLD         ; DATA_BUS_VALUE[5]         ; CLK_400HZ    ; CLK_400HZ   ; 1.000        ; -0.079     ; 1.767      ;
; -0.848 ; state.HOLD         ; DATA_BUS_VALUE[4]         ; CLK_400HZ    ; CLK_400HZ   ; 1.000        ; -0.079     ; 1.767      ;
; -0.837 ; CHAR_COUNT[2]      ; next_command.RETURN_HOME  ; CLK_400HZ    ; CLK_400HZ   ; 1.000        ; -0.081     ; 1.754      ;
; -0.837 ; state.LINE2        ; DATA_BUS_VALUE[6]         ; CLK_400HZ    ; CLK_400HZ   ; 1.000        ; -0.081     ; 1.754      ;
; -0.823 ; state.Print_String ; DATA_BUS_VALUE[5]         ; CLK_400HZ    ; CLK_400HZ   ; 1.000        ; -0.079     ; 1.742      ;
; -0.822 ; state.Print_String ; DATA_BUS_VALUE[4]         ; CLK_400HZ    ; CLK_400HZ   ; 1.000        ; -0.079     ; 1.741      ;
; -0.822 ; state.DROP_LCD_E   ; DATA_BUS_VALUE[6]         ; CLK_400HZ    ; CLK_400HZ   ; 1.000        ; -0.081     ; 1.739      ;
; -0.816 ; state.Print_String ; DATA_BUS_VALUE[0]         ; CLK_400HZ    ; CLK_400HZ   ; 1.000        ; -0.080     ; 1.734      ;
; -0.806 ; CHAR_COUNT[2]      ; CHAR_COUNT[4]             ; CLK_400HZ    ; CLK_400HZ   ; 1.000        ; -0.080     ; 1.724      ;
; -0.804 ; state.DROP_LCD_E   ; DATA_BUS_VALUE[1]         ; CLK_400HZ    ; CLK_400HZ   ; 1.000        ; -0.080     ; 1.722      ;
; -0.795 ; state.MODE_SET     ; DATA_BUS_VALUE[2]         ; CLK_400HZ    ; CLK_400HZ   ; 1.000        ; -0.080     ; 1.713      ;
; -0.792 ; state.RESET1       ; CHAR_COUNT[2]             ; CLK_400HZ    ; CLK_400HZ   ; 1.000        ; -0.079     ; 1.711      ;
; -0.791 ; state.RESET1       ; CHAR_COUNT[1]             ; CLK_400HZ    ; CLK_400HZ   ; 1.000        ; -0.079     ; 1.710      ;
; -0.786 ; CHAR_COUNT[0]      ; DATA_BUS_VALUE[1]         ; CLK_400HZ    ; CLK_400HZ   ; 1.000        ; -0.081     ; 1.703      ;
; -0.786 ; CHAR_COUNT[0]      ; CHAR_COUNT[2]             ; CLK_400HZ    ; CLK_400HZ   ; 1.000        ; -0.080     ; 1.704      ;
; -0.785 ; state.RESET1       ; CHAR_COUNT[0]             ; CLK_400HZ    ; CLK_400HZ   ; 1.000        ; -0.079     ; 1.704      ;
; -0.784 ; state.RESET1       ; CHAR_COUNT[3]             ; CLK_400HZ    ; CLK_400HZ   ; 1.000        ; -0.079     ; 1.703      ;
; -0.767 ; CHAR_COUNT[1]      ; DATA_BUS_VALUE[4]         ; CLK_400HZ    ; CLK_400HZ   ; 1.000        ; -0.080     ; 1.685      ;
; -0.766 ; CHAR_COUNT[2]      ; CHAR_COUNT[3]             ; CLK_400HZ    ; CLK_400HZ   ; 1.000        ; -0.080     ; 1.684      ;
; -0.758 ; state.HOLD         ; DATA_BUS_VALUE[6]         ; CLK_400HZ    ; CLK_400HZ   ; 1.000        ; -0.081     ; 1.675      ;
; -0.757 ; CHAR_COUNT[4]      ; CHAR_COUNT[4]             ; CLK_400HZ    ; CLK_400HZ   ; 1.000        ; -0.080     ; 1.675      ;
; -0.749 ; state.DROP_LCD_E   ; state.DROP_LCD_E          ; CLK_400HZ    ; CLK_400HZ   ; 1.000        ; -0.080     ; 1.667      ;
; -0.748 ; state.DROP_LCD_E   ; DATA_BUS_VALUE[7]         ; CLK_400HZ    ; CLK_400HZ   ; 1.000        ; -0.080     ; 1.666      ;
; -0.748 ; CHAR_COUNT[3]      ; DATA_BUS_VALUE[0]         ; CLK_400HZ    ; CLK_400HZ   ; 1.000        ; -0.081     ; 1.665      ;
; -0.744 ; CHAR_COUNT[0]      ; CHAR_COUNT[1]             ; CLK_400HZ    ; CLK_400HZ   ; 1.000        ; -0.080     ; 1.662      ;
; -0.744 ; DATA_BUS_VALUE[6]  ; DATA_BUS_VALUE[6]         ; CLK_400HZ    ; CLK_400HZ   ; 1.000        ; -0.080     ; 1.662      ;
; -0.728 ; state.RESET1       ; DATA_BUS_VALUE[3]         ; CLK_400HZ    ; CLK_400HZ   ; 1.000        ; -0.081     ; 1.645      ;
; -0.712 ; state.HOLD         ; next_command.RESET2       ; CLK_400HZ    ; CLK_400HZ   ; 1.000        ; -0.081     ; 1.629      ;
; -0.711 ; state.HOLD         ; next_command.FUNC_SET     ; CLK_400HZ    ; CLK_400HZ   ; 1.000        ; -0.081     ; 1.628      ;
; -0.695 ; state.HOLD         ; next_command.DISPLAY_OFF  ; CLK_400HZ    ; CLK_400HZ   ; 1.000        ; -0.081     ; 1.612      ;
; -0.685 ; state.HOLD         ; next_command.RETURN_HOME  ; CLK_400HZ    ; CLK_400HZ   ; 1.000        ; -0.080     ; 1.603      ;
; -0.682 ; state.HOLD         ; next_command.RESET3       ; CLK_400HZ    ; CLK_400HZ   ; 1.000        ; -0.081     ; 1.599      ;
; -0.680 ; state.DROP_LCD_E   ; next_command.RETURN_HOME  ; CLK_400HZ    ; CLK_400HZ   ; 1.000        ; -0.080     ; 1.598      ;
; -0.679 ; CHAR_COUNT[1]      ; next_command.LINE2        ; CLK_400HZ    ; CLK_400HZ   ; 1.000        ; 0.298      ; 1.975      ;
+--------+--------------------+---------------------------+--------------+-------------+--------------+------------+------------+


+---------------------------------------------------------------------------------------------------------------------------------------+
; Slow 1200mV 85C Model Hold: 'CLK_400HZ'                                                                                               ;
+-------+----------------------------+----------------------------+--------------+-------------+--------------+------------+------------+
; Slack ; From Node                  ; To Node                    ; Launch Clock ; Latch Clock ; Relationship ; Clock Skew ; Data Delay ;
+-------+----------------------------+----------------------------+--------------+-------------+--------------+------------+------------+
; 0.403 ; RS~reg0                    ; RS~reg0                    ; CLK_400HZ    ; CLK_400HZ   ; 0.000        ; 0.080      ; 0.669      ;
; 0.403 ; DATA_BUS_VALUE[7]          ; DATA_BUS_VALUE[7]          ; CLK_400HZ    ; CLK_400HZ   ; 0.000        ; 0.080      ; 0.669      ;
; 0.403 ; DATA_BUS_VALUE[2]          ; DATA_BUS_VALUE[2]          ; CLK_400HZ    ; CLK_400HZ   ; 0.000        ; 0.080      ; 0.669      ;
; 0.403 ; DATA_BUS_VALUE[0]          ; DATA_BUS_VALUE[0]          ; CLK_400HZ    ; CLK_400HZ   ; 0.000        ; 0.080      ; 0.669      ;
; 0.403 ; next_command.MODE_SET      ; next_command.MODE_SET      ; CLK_400HZ    ; CLK_400HZ   ; 0.000        ; 0.080      ; 0.669      ;
; 0.403 ; next_command.DISPLAY_ON    ; next_command.DISPLAY_ON    ; CLK_400HZ    ; CLK_400HZ   ; 0.000        ; 0.080      ; 0.669      ;
; 0.403 ; next_command.DISPLAY_CLEAR ; next_command.DISPLAY_CLEAR ; CLK_400HZ    ; CLK_400HZ   ; 0.000        ; 0.080      ; 0.669      ;
; 0.403 ; next_command.DISPLAY_OFF   ; next_command.DISPLAY_OFF   ; CLK_400HZ    ; CLK_400HZ   ; 0.000        ; 0.080      ; 0.669      ;
; 0.403 ; next_command.FUNC_SET      ; next_command.FUNC_SET      ; CLK_400HZ    ; CLK_400HZ   ; 0.000        ; 0.080      ; 0.669      ;
; 0.403 ; next_command.RESET3        ; next_command.RESET3        ; CLK_400HZ    ; CLK_400HZ   ; 0.000        ; 0.080      ; 0.669      ;
; 0.403 ; next_command.RESET2        ; next_command.RESET2        ; CLK_400HZ    ; CLK_400HZ   ; 0.000        ; 0.080      ; 0.669      ;
; 0.404 ; E~reg0                     ; E~reg0                     ; CLK_400HZ    ; CLK_400HZ   ; 0.000        ; 0.079      ; 0.669      ;
; 0.492 ; state.HOLD                 ; E~reg0                     ; CLK_400HZ    ; CLK_400HZ   ; 0.000        ; 0.079      ; 0.757      ;
; 0.509 ; state.HOLD                 ; next_command.LINE2         ; CLK_400HZ    ; CLK_400HZ   ; 0.000        ; 0.474      ; 1.169      ;
; 0.517 ; state.DROP_LCD_E           ; RS~reg0                    ; CLK_400HZ    ; CLK_400HZ   ; 0.000        ; 0.080      ; 0.783      ;
; 0.521 ; state.DROP_LCD_E           ; next_command.MODE_SET      ; CLK_400HZ    ; CLK_400HZ   ; 0.000        ; 0.080      ; 0.787      ;
; 0.549 ; CHAR_COUNT[4]              ; next_command.LINE2         ; CLK_400HZ    ; CLK_400HZ   ; 0.000        ; 0.474      ; 1.209      ;
; 0.566 ; state.Print_String         ; next_command.LINE2         ; CLK_400HZ    ; CLK_400HZ   ; 0.000        ; 0.474      ; 1.226      ;
; 0.577 ; state.RESET3               ; DATA_BUS_VALUE[3]          ; CLK_400HZ    ; CLK_400HZ   ; 0.000        ; 0.080      ; 0.843      ;
; 0.609 ; next_command.RETURN_HOME   ; state.RETURN_HOME          ; CLK_400HZ    ; CLK_400HZ   ; 0.000        ; 0.080      ; 0.875      ;
; 0.609 ; state.RESET3               ; next_command.FUNC_SET      ; CLK_400HZ    ; CLK_400HZ   ; 0.000        ; 0.080      ; 0.875      ;
; 0.610 ; next_command.DISPLAY_CLEAR ; state.DISPLAY_CLEAR        ; CLK_400HZ    ; CLK_400HZ   ; 0.000        ; 0.080      ; 0.876      ;
; 0.615 ; next_command.MODE_SET      ; state.MODE_SET             ; CLK_400HZ    ; CLK_400HZ   ; 0.000        ; 0.080      ; 0.881      ;
; 0.615 ; state.RESET2               ; next_command.RESET3        ; CLK_400HZ    ; CLK_400HZ   ; 0.000        ; 0.080      ; 0.881      ;
; 0.620 ; state.FUNC_SET             ; next_command.DISPLAY_OFF   ; CLK_400HZ    ; CLK_400HZ   ; 0.000        ; 0.080      ; 0.886      ;
; 0.628 ; CHAR_COUNT[4]              ; CHAR_COUNT[4]              ; CLK_400HZ    ; CLK_400HZ   ; 0.000        ; 0.080      ; 0.894      ;
; 0.635 ; next_command.Print_String  ; state.Print_String         ; CLK_400HZ    ; CLK_400HZ   ; 0.000        ; 0.080      ; 0.901      ;
; 0.639 ; next_command.RESET3        ; state.RESET3               ; CLK_400HZ    ; CLK_400HZ   ; 0.000        ; 0.080      ; 0.905      ;
; 0.641 ; next_command.RESET2        ; state.RESET2               ; CLK_400HZ    ; CLK_400HZ   ; 0.000        ; 0.080      ; 0.907      ;
; 0.642 ; next_command.DISPLAY_OFF   ; state.DISPLAY_OFF          ; CLK_400HZ    ; CLK_400HZ   ; 0.000        ; 0.080      ; 0.908      ;
; 0.659 ; next_command.FUNC_SET      ; state.FUNC_SET             ; CLK_400HZ    ; CLK_400HZ   ; 0.000        ; 0.080      ; 0.925      ;
; 0.675 ; CHAR_COUNT[3]              ; CHAR_COUNT[3]              ; CLK_400HZ    ; CLK_400HZ   ; 0.000        ; 0.080      ; 0.941      ;
; 0.678 ; state.DROP_LCD_E           ; next_command.RESET2        ; CLK_400HZ    ; CLK_400HZ   ; 0.000        ; 0.079      ; 0.943      ;
; 0.691 ; CHAR_COUNT[1]              ; CHAR_COUNT[1]              ; CLK_400HZ    ; CLK_400HZ   ; 0.000        ; 0.080      ; 0.957      ;
; 0.708 ; CHAR_COUNT[2]              ; CHAR_COUNT[2]              ; CLK_400HZ    ; CLK_400HZ   ; 0.000        ; 0.080      ; 0.974      ;
; 0.708 ; state.HOLD                 ; state.RETURN_HOME          ; CLK_400HZ    ; CLK_400HZ   ; 0.000        ; 0.079      ; 0.973      ;
; 0.710 ; CHAR_COUNT[0]              ; CHAR_COUNT[0]              ; CLK_400HZ    ; CLK_400HZ   ; 0.000        ; 0.080      ; 0.976      ;
; 0.710 ; state.HOLD                 ; state.LINE2                ; CLK_400HZ    ; CLK_400HZ   ; 0.000        ; 0.079      ; 0.975      ;
; 0.711 ; state.HOLD                 ; state.MODE_SET             ; CLK_400HZ    ; CLK_400HZ   ; 0.000        ; 0.079      ; 0.976      ;
; 0.711 ; state.HOLD                 ; state.Print_String         ; CLK_400HZ    ; CLK_400HZ   ; 0.000        ; 0.079      ; 0.976      ;
; 0.712 ; state.HOLD                 ; state.DISPLAY_CLEAR        ; CLK_400HZ    ; CLK_400HZ   ; 0.000        ; 0.079      ; 0.977      ;
; 0.749 ; state.Print_String         ; DATA_BUS_VALUE[5]          ; CLK_400HZ    ; CLK_400HZ   ; 0.000        ; 0.079      ; 1.014      ;
; 0.763 ; CHAR_COUNT[3]              ; DATA_BUS_VALUE[4]          ; CLK_400HZ    ; CLK_400HZ   ; 0.000        ; 0.079      ; 1.028      ;
; 0.765 ; state.Print_String         ; DATA_BUS_VALUE[4]          ; CLK_400HZ    ; CLK_400HZ   ; 0.000        ; 0.079      ; 1.030      ;
; 0.775 ; CHAR_COUNT[3]              ; DATA_BUS_VALUE[5]          ; CLK_400HZ    ; CLK_400HZ   ; 0.000        ; 0.079      ; 1.040      ;
; 0.786 ; state.DROP_LCD_E           ; next_command.DISPLAY_CLEAR ; CLK_400HZ    ; CLK_400HZ   ; 0.000        ; 0.080      ; 1.052      ;
; 0.790 ; state.DROP_LCD_E           ; next_command.DISPLAY_ON    ; CLK_400HZ    ; CLK_400HZ   ; 0.000        ; 0.080      ; 1.056      ;
; 0.794 ; CHAR_COUNT[2]              ; next_command.LINE2         ; CLK_400HZ    ; CLK_400HZ   ; 0.000        ; 0.474      ; 1.454      ;
; 0.797 ; state.MODE_SET             ; next_command.Print_String  ; CLK_400HZ    ; CLK_400HZ   ; 0.000        ; 0.079      ; 1.062      ;
; 0.829 ; state.DISPLAY_ON           ; next_command.MODE_SET      ; CLK_400HZ    ; CLK_400HZ   ; 0.000        ; 0.081      ; 1.096      ;
; 0.838 ; state.DROP_LCD_E           ; state.HOLD                 ; CLK_400HZ    ; CLK_400HZ   ; 0.000        ; 0.080      ; 1.104      ;
; 0.848 ; next_command.DISPLAY_ON    ; state.DISPLAY_ON           ; CLK_400HZ    ; CLK_400HZ   ; 0.000        ; 0.079      ; 1.113      ;
; 0.865 ; state.DISPLAY_OFF          ; next_command.DISPLAY_CLEAR ; CLK_400HZ    ; CLK_400HZ   ; 0.000        ; 0.081      ; 1.132      ;
; 0.872 ; state.DISPLAY_ON           ; DATA_BUS_VALUE[2]          ; CLK_400HZ    ; CLK_400HZ   ; 0.000        ; 0.081      ; 1.139      ;
; 0.878 ; state.DISPLAY_CLEAR        ; DATA_BUS_VALUE[0]          ; CLK_400HZ    ; CLK_400HZ   ; 0.000        ; 0.079      ; 1.143      ;
; 0.886 ; state.Print_String         ; RS~reg0                    ; CLK_400HZ    ; CLK_400HZ   ; 0.000        ; 0.079      ; 1.151      ;
; 0.893 ; CHAR_COUNT[0]              ; next_command.LINE2         ; CLK_400HZ    ; CLK_400HZ   ; 0.000        ; 0.474      ; 1.553      ;
; 0.894 ; state.RETURN_HOME          ; DATA_BUS_VALUE[7]          ; CLK_400HZ    ; CLK_400HZ   ; 0.000        ; 0.079      ; 1.159      ;
; 0.896 ; state.HOLD                 ; next_command.DISPLAY_ON    ; CLK_400HZ    ; CLK_400HZ   ; 0.000        ; 0.079      ; 1.161      ;
; 0.900 ; state.HOLD                 ; next_command.DISPLAY_CLEAR ; CLK_400HZ    ; CLK_400HZ   ; 0.000        ; 0.079      ; 1.165      ;
; 0.902 ; state.HOLD                 ; RS~reg0                    ; CLK_400HZ    ; CLK_400HZ   ; 0.000        ; 0.079      ; 1.167      ;
; 0.905 ; state.Print_String         ; DATA_BUS_VALUE[1]          ; CLK_400HZ    ; CLK_400HZ   ; 0.000        ; 0.079      ; 1.170      ;
; 0.923 ; next_command.RETURN_HOME   ; next_command.RETURN_HOME   ; CLK_400HZ    ; CLK_400HZ   ; 0.000        ; 0.080      ; 1.189      ;
; 0.932 ; state.Print_String         ; next_command.RETURN_HOME   ; CLK_400HZ    ; CLK_400HZ   ; 0.000        ; 0.079      ; 1.197      ;
; 0.941 ; state.HOLD                 ; state.RESET3               ; CLK_400HZ    ; CLK_400HZ   ; 0.000        ; 0.078      ; 1.205      ;
; 0.942 ; state.HOLD                 ; state.DISPLAY_OFF          ; CLK_400HZ    ; CLK_400HZ   ; 0.000        ; 0.078      ; 1.206      ;
; 0.943 ; state.DROP_LCD_E           ; next_command.DISPLAY_OFF   ; CLK_400HZ    ; CLK_400HZ   ; 0.000        ; 0.079      ; 1.208      ;
; 0.943 ; state.HOLD                 ; state.FUNC_SET             ; CLK_400HZ    ; CLK_400HZ   ; 0.000        ; 0.078      ; 1.207      ;
; 0.948 ; state.DROP_LCD_E           ; next_command.RESET3        ; CLK_400HZ    ; CLK_400HZ   ; 0.000        ; 0.079      ; 1.213      ;
; 0.948 ; state.HOLD                 ; state.DISPLAY_ON           ; CLK_400HZ    ; CLK_400HZ   ; 0.000        ; 0.078      ; 1.212      ;
; 0.950 ; state.HOLD                 ; state.RESET2               ; CLK_400HZ    ; CLK_400HZ   ; 0.000        ; 0.078      ; 1.214      ;
; 0.950 ; state.RETURN_HOME          ; next_command.Print_String  ; CLK_400HZ    ; CLK_400HZ   ; 0.000        ; 0.079      ; 1.215      ;
; 0.971 ; state.DROP_LCD_E           ; E~reg0                     ; CLK_400HZ    ; CLK_400HZ   ; 0.000        ; 0.080      ; 1.237      ;
; 0.976 ; CHAR_COUNT[3]              ; next_command.LINE2         ; CLK_400HZ    ; CLK_400HZ   ; 0.000        ; 0.474      ; 1.636      ;
; 0.980 ; state.DROP_LCD_E           ; next_command.FUNC_SET      ; CLK_400HZ    ; CLK_400HZ   ; 0.000        ; 0.079      ; 1.245      ;
; 0.992 ; CHAR_COUNT[3]              ; CHAR_COUNT[4]              ; CLK_400HZ    ; CLK_400HZ   ; 0.000        ; 0.080      ; 1.258      ;
; 1.006 ; next_command.LINE2         ; state.LINE2                ; CLK_400HZ    ; CLK_400HZ   ; 0.000        ; -0.299     ; 0.893      ;
; 1.008 ; CHAR_COUNT[1]              ; CHAR_COUNT[2]              ; CLK_400HZ    ; CLK_400HZ   ; 0.000        ; 0.080      ; 1.274      ;
; 1.009 ; state.DROP_LCD_E           ; next_command.LINE2         ; CLK_400HZ    ; CLK_400HZ   ; 0.000        ; 0.475      ; 1.670      ;
; 1.014 ; CHAR_COUNT[0]              ; CHAR_COUNT[1]              ; CLK_400HZ    ; CLK_400HZ   ; 0.000        ; 0.080      ; 1.280      ;
; 1.019 ; CHAR_COUNT[0]              ; CHAR_COUNT[2]              ; CLK_400HZ    ; CLK_400HZ   ; 0.000        ; 0.080      ; 1.285      ;
; 1.035 ; CHAR_COUNT[2]              ; CHAR_COUNT[3]              ; CLK_400HZ    ; CLK_400HZ   ; 0.000        ; 0.080      ; 1.301      ;
; 1.040 ; CHAR_COUNT[2]              ; CHAR_COUNT[4]              ; CLK_400HZ    ; CLK_400HZ   ; 0.000        ; 0.080      ; 1.306      ;
; 1.047 ; DATA_BUS_VALUE[1]          ; DATA_BUS_VALUE[1]          ; CLK_400HZ    ; CLK_400HZ   ; 0.000        ; 0.080      ; 1.313      ;
; 1.053 ; next_command.Print_String  ; next_command.Print_String  ; CLK_400HZ    ; CLK_400HZ   ; 0.000        ; 0.080      ; 1.319      ;
; 1.055 ; state.DISPLAY_CLEAR        ; next_command.DISPLAY_ON    ; CLK_400HZ    ; CLK_400HZ   ; 0.000        ; 0.079      ; 1.320      ;
; 1.062 ; state.RESET1               ; next_command.RESET2        ; CLK_400HZ    ; CLK_400HZ   ; 0.000        ; 0.078      ; 1.326      ;
; 1.065 ; DATA_BUS_VALUE[3]          ; DATA_BUS_VALUE[3]          ; CLK_400HZ    ; CLK_400HZ   ; 0.000        ; 0.080      ; 1.331      ;
; 1.073 ; state.DISPLAY_CLEAR        ; DATA_BUS_VALUE[4]          ; CLK_400HZ    ; CLK_400HZ   ; 0.000        ; 0.079      ; 1.338      ;
; 1.074 ; state.DISPLAY_CLEAR        ; DATA_BUS_VALUE[5]          ; CLK_400HZ    ; CLK_400HZ   ; 0.000        ; 0.079      ; 1.339      ;
; 1.079 ; state.LINE2                ; DATA_BUS_VALUE[7]          ; CLK_400HZ    ; CLK_400HZ   ; 0.000        ; 0.079      ; 1.344      ;
; 1.105 ; state.Print_String         ; CHAR_COUNT[0]              ; CLK_400HZ    ; CLK_400HZ   ; 0.000        ; 0.080      ; 1.371      ;
; 1.105 ; state.Print_String         ; CHAR_COUNT[2]              ; CLK_400HZ    ; CLK_400HZ   ; 0.000        ; 0.080      ; 1.371      ;
; 1.105 ; state.Print_String         ; CHAR_COUNT[3]              ; CLK_400HZ    ; CLK_400HZ   ; 0.000        ; 0.080      ; 1.371      ;
; 1.105 ; state.Print_String         ; CHAR_COUNT[4]              ; CLK_400HZ    ; CLK_400HZ   ; 0.000        ; 0.080      ; 1.371      ;
; 1.105 ; state.Print_String         ; CHAR_COUNT[1]              ; CLK_400HZ    ; CLK_400HZ   ; 0.000        ; 0.080      ; 1.371      ;
; 1.108 ; CHAR_COUNT[3]              ; DATA_BUS_VALUE[1]          ; CLK_400HZ    ; CLK_400HZ   ; 0.000        ; 0.079      ; 1.373      ;
; 1.121 ; state.DROP_LCD_E           ; next_command.RETURN_HOME   ; CLK_400HZ    ; CLK_400HZ   ; 0.000        ; 0.080      ; 1.387      ;
; 1.129 ; CHAR_COUNT[1]              ; CHAR_COUNT[3]              ; CLK_400HZ    ; CLK_400HZ   ; 0.000        ; 0.080      ; 1.395      ;
; 1.134 ; CHAR_COUNT[1]              ; CHAR_COUNT[4]              ; CLK_400HZ    ; CLK_400HZ   ; 0.000        ; 0.080      ; 1.400      ;
+-------+----------------------------+----------------------------+--------------+-------------+--------------+------------+------------+


+-------------------------------------------------------------------------------------------------------------------------+
; Slow 1200mV 85C Model Hold: 'CLK'                                                                                       ;
+-------+---------------------+---------------------+--------------+-------------+--------------+------------+------------+
; Slack ; From Node           ; To Node             ; Launch Clock ; Latch Clock ; Relationship ; Clock Skew ; Data Delay ;
+-------+---------------------+---------------------+--------------+-------------+--------------+------------+------------+
; 0.409 ; CLK_COUNT_400HZ[19] ; CLK_COUNT_400HZ[19] ; CLK          ; CLK         ; 0.000        ; 0.099      ; 0.694      ;
; 0.527 ; CLK_COUNT_400HZ[3]  ; CLK_COUNT_400HZ[4]  ; CLK          ; CLK         ; 0.000        ; 0.514      ; 1.227      ;
; 0.542 ; CLK_COUNT_400HZ[18] ; CLK_COUNT_400HZ[19] ; CLK          ; CLK         ; 0.000        ; 0.514      ; 1.242      ;
; 0.560 ; CLK_COUNT_400HZ[2]  ; CLK_COUNT_400HZ[4]  ; CLK          ; CLK         ; 0.000        ; 0.514      ; 1.260      ;
; 0.618 ; CLK_COUNT_400HZ[1]  ; CLK_COUNT_400HZ[1]  ; CLK          ; CLK         ; 0.000        ; 0.099      ; 0.903      ;
; 0.628 ; CLK_COUNT_400HZ[4]  ; CLK_COUNT_400HZ[4]  ; CLK          ; CLK         ; 0.000        ; 0.099      ; 0.913      ;
; 0.636 ; CLK_COUNT_400HZ[0]  ; CLK_COUNT_400HZ[0]  ; CLK          ; CLK         ; 0.000        ; 0.099      ; 0.921      ;
; 0.638 ; CLK_COUNT_400HZ[9]  ; CLK_COUNT_400HZ[9]  ; CLK          ; CLK         ; 0.000        ; 0.082      ; 0.906      ;
; 0.638 ; CLK_COUNT_400HZ[7]  ; CLK_COUNT_400HZ[7]  ; CLK          ; CLK         ; 0.000        ; 0.082      ; 0.906      ;
; 0.639 ; CLK_COUNT_400HZ[5]  ; CLK_COUNT_400HZ[5]  ; CLK          ; CLK         ; 0.000        ; 0.082      ; 0.907      ;
; 0.639 ; CLK_COUNT_400HZ[13] ; CLK_COUNT_400HZ[13] ; CLK          ; CLK         ; 0.000        ; 0.082      ; 0.907      ;
; 0.640 ; CLK_400HZ           ; CLK_400HZ           ; CLK_400HZ    ; CLK         ; 0.000        ; 3.108      ; 4.196      ;
; 0.642 ; CLK_COUNT_400HZ[3]  ; CLK_COUNT_400HZ[3]  ; CLK          ; CLK         ; 0.000        ; 0.082      ; 0.910      ;
; 0.643 ; CLK_COUNT_400HZ[8]  ; CLK_COUNT_400HZ[8]  ; CLK          ; CLK         ; 0.000        ; 0.082      ; 0.911      ;
; 0.643 ; CLK_COUNT_400HZ[10] ; CLK_COUNT_400HZ[10] ; CLK          ; CLK         ; 0.000        ; 0.082      ; 0.911      ;
; 0.643 ; CLK_COUNT_400HZ[16] ; CLK_COUNT_400HZ[16] ; CLK          ; CLK         ; 0.000        ; 0.082      ; 0.911      ;
; 0.644 ; CLK_COUNT_400HZ[6]  ; CLK_COUNT_400HZ[6]  ; CLK          ; CLK         ; 0.000        ; 0.082      ; 0.912      ;
; 0.644 ; CLK_COUNT_400HZ[12] ; CLK_COUNT_400HZ[12] ; CLK          ; CLK         ; 0.000        ; 0.082      ; 0.912      ;
; 0.644 ; CLK_COUNT_400HZ[17] ; CLK_COUNT_400HZ[17] ; CLK          ; CLK         ; 0.000        ; 0.082      ; 0.912      ;
; 0.647 ; CLK_COUNT_400HZ[18] ; CLK_COUNT_400HZ[18] ; CLK          ; CLK         ; 0.000        ; 0.082      ; 0.915      ;
; 0.648 ; CLK_COUNT_400HZ[11] ; CLK_COUNT_400HZ[11] ; CLK          ; CLK         ; 0.000        ; 0.082      ; 0.916      ;
; 0.650 ; CLK_COUNT_400HZ[17] ; CLK_COUNT_400HZ[19] ; CLK          ; CLK         ; 0.000        ; 0.514      ; 1.350      ;
; 0.660 ; CLK_COUNT_400HZ[2]  ; CLK_COUNT_400HZ[2]  ; CLK          ; CLK         ; 0.000        ; 0.082      ; 0.928      ;
; 0.662 ; CLK_COUNT_400HZ[15] ; CLK_COUNT_400HZ[15] ; CLK          ; CLK         ; 0.000        ; 0.082      ; 0.930      ;
; 0.664 ; CLK_COUNT_400HZ[16] ; CLK_COUNT_400HZ[19] ; CLK          ; CLK         ; 0.000        ; 0.514      ; 1.364      ;
; 0.667 ; CLK_COUNT_400HZ[14] ; CLK_COUNT_400HZ[14] ; CLK          ; CLK         ; 0.000        ; 0.082      ; 0.935      ;
; 0.795 ; CLK_COUNT_400HZ[15] ; CLK_COUNT_400HZ[19] ; CLK          ; CLK         ; 0.000        ; 0.514      ; 1.495      ;
; 0.814 ; CLK_COUNT_400HZ[14] ; CLK_COUNT_400HZ[19] ; CLK          ; CLK         ; 0.000        ; 0.514      ; 1.514      ;
; 0.898 ; CLK_COUNT_400HZ[13] ; CLK_COUNT_400HZ[19] ; CLK          ; CLK         ; 0.000        ; 0.514      ; 1.598      ;
; 0.917 ; CLK_COUNT_400HZ[12] ; CLK_COUNT_400HZ[19] ; CLK          ; CLK         ; 0.000        ; 0.514      ; 1.617      ;
; 0.944 ; CLK_COUNT_400HZ[0]  ; CLK_COUNT_400HZ[1]  ; CLK          ; CLK         ; 0.000        ; 0.099      ; 1.229      ;
; 0.954 ; CLK_COUNT_400HZ[9]  ; CLK_COUNT_400HZ[10] ; CLK          ; CLK         ; 0.000        ; 0.084      ; 1.224      ;
; 0.956 ; CLK_COUNT_400HZ[7]  ; CLK_COUNT_400HZ[8]  ; CLK          ; CLK         ; 0.000        ; 0.082      ; 1.224      ;
; 0.957 ; CLK_COUNT_400HZ[5]  ; CLK_COUNT_400HZ[6]  ; CLK          ; CLK         ; 0.000        ; 0.082      ; 1.225      ;
; 0.957 ; CLK_COUNT_400HZ[13] ; CLK_COUNT_400HZ[14] ; CLK          ; CLK         ; 0.000        ; 0.082      ; 1.225      ;
; 0.961 ; CLK_COUNT_400HZ[17] ; CLK_COUNT_400HZ[18] ; CLK          ; CLK         ; 0.000        ; 0.082      ; 1.229      ;
; 0.965 ; CLK_COUNT_400HZ[11] ; CLK_COUNT_400HZ[12] ; CLK          ; CLK         ; 0.000        ; 0.082      ; 1.233      ;
; 0.970 ; CLK_COUNT_400HZ[8]  ; CLK_COUNT_400HZ[9]  ; CLK          ; CLK         ; 0.000        ; 0.082      ; 1.238      ;
; 0.970 ; CLK_COUNT_400HZ[16] ; CLK_COUNT_400HZ[17] ; CLK          ; CLK         ; 0.000        ; 0.082      ; 1.238      ;
; 0.970 ; CLK_COUNT_400HZ[10] ; CLK_COUNT_400HZ[11] ; CLK          ; CLK         ; 0.000        ; 0.082      ; 1.238      ;
; 0.971 ; CLK_COUNT_400HZ[6]  ; CLK_COUNT_400HZ[7]  ; CLK          ; CLK         ; 0.000        ; 0.082      ; 1.239      ;
; 0.971 ; CLK_COUNT_400HZ[12] ; CLK_COUNT_400HZ[13] ; CLK          ; CLK         ; 0.000        ; 0.082      ; 1.239      ;
; 0.973 ; CLK_COUNT_400HZ[8]  ; CLK_COUNT_400HZ[10] ; CLK          ; CLK         ; 0.000        ; 0.084      ; 1.243      ;
; 0.975 ; CLK_COUNT_400HZ[16] ; CLK_COUNT_400HZ[18] ; CLK          ; CLK         ; 0.000        ; 0.082      ; 1.243      ;
; 0.975 ; CLK_COUNT_400HZ[10] ; CLK_COUNT_400HZ[12] ; CLK          ; CLK         ; 0.000        ; 0.082      ; 1.243      ;
; 0.976 ; CLK_COUNT_400HZ[6]  ; CLK_COUNT_400HZ[8]  ; CLK          ; CLK         ; 0.000        ; 0.082      ; 1.244      ;
; 0.976 ; CLK_COUNT_400HZ[12] ; CLK_COUNT_400HZ[14] ; CLK          ; CLK         ; 0.000        ; 0.082      ; 1.244      ;
; 0.980 ; CLK_COUNT_400HZ[15] ; CLK_COUNT_400HZ[16] ; CLK          ; CLK         ; 0.000        ; 0.082      ; 1.248      ;
; 0.987 ; CLK_COUNT_400HZ[2]  ; CLK_COUNT_400HZ[3]  ; CLK          ; CLK         ; 0.000        ; 0.082      ; 1.255      ;
; 0.994 ; CLK_COUNT_400HZ[14] ; CLK_COUNT_400HZ[15] ; CLK          ; CLK         ; 0.000        ; 0.082      ; 1.262      ;
; 0.999 ; CLK_COUNT_400HZ[14] ; CLK_COUNT_400HZ[16] ; CLK          ; CLK         ; 0.000        ; 0.082      ; 1.267      ;
; 1.032 ; CLK_COUNT_400HZ[11] ; CLK_COUNT_400HZ[19] ; CLK          ; CLK         ; 0.000        ; 0.514      ; 1.732      ;
; 1.042 ; CLK_COUNT_400HZ[10] ; CLK_COUNT_400HZ[19] ; CLK          ; CLK         ; 0.000        ; 0.514      ; 1.742      ;
; 1.061 ; CLK_COUNT_400HZ[1]  ; CLK_COUNT_400HZ[4]  ; CLK          ; CLK         ; 0.000        ; 0.099      ; 1.346      ;
; 1.075 ; CLK_COUNT_400HZ[9]  ; CLK_COUNT_400HZ[11] ; CLK          ; CLK         ; 0.000        ; 0.084      ; 1.345      ;
; 1.075 ; CLK_COUNT_400HZ[0]  ; CLK_COUNT_400HZ[4]  ; CLK          ; CLK         ; 0.000        ; 0.099      ; 1.360      ;
; 1.077 ; CLK_COUNT_400HZ[7]  ; CLK_COUNT_400HZ[9]  ; CLK          ; CLK         ; 0.000        ; 0.082      ; 1.345      ;
; 1.078 ; CLK_COUNT_400HZ[5]  ; CLK_COUNT_400HZ[7]  ; CLK          ; CLK         ; 0.000        ; 0.082      ; 1.346      ;
; 1.078 ; CLK_COUNT_400HZ[13] ; CLK_COUNT_400HZ[15] ; CLK          ; CLK         ; 0.000        ; 0.082      ; 1.346      ;
; 1.080 ; CLK_COUNT_400HZ[3]  ; CLK_COUNT_400HZ[5]  ; CLK          ; CLK         ; 0.000        ; 0.082      ; 1.348      ;
; 1.080 ; CLK_COUNT_400HZ[7]  ; CLK_COUNT_400HZ[10] ; CLK          ; CLK         ; 0.000        ; 0.084      ; 1.350      ;
; 1.080 ; CLK_COUNT_400HZ[9]  ; CLK_COUNT_400HZ[12] ; CLK          ; CLK         ; 0.000        ; 0.084      ; 1.350      ;
; 1.083 ; CLK_COUNT_400HZ[5]  ; CLK_COUNT_400HZ[8]  ; CLK          ; CLK         ; 0.000        ; 0.082      ; 1.351      ;
; 1.083 ; CLK_COUNT_400HZ[13] ; CLK_COUNT_400HZ[16] ; CLK          ; CLK         ; 0.000        ; 0.082      ; 1.351      ;
; 1.085 ; CLK_COUNT_400HZ[3]  ; CLK_COUNT_400HZ[6]  ; CLK          ; CLK         ; 0.000        ; 0.082      ; 1.353      ;
; 1.086 ; CLK_COUNT_400HZ[11] ; CLK_COUNT_400HZ[13] ; CLK          ; CLK         ; 0.000        ; 0.082      ; 1.354      ;
; 1.091 ; CLK_COUNT_400HZ[11] ; CLK_COUNT_400HZ[14] ; CLK          ; CLK         ; 0.000        ; 0.082      ; 1.359      ;
; 1.094 ; CLK_COUNT_400HZ[8]  ; CLK_COUNT_400HZ[11] ; CLK          ; CLK         ; 0.000        ; 0.084      ; 1.364      ;
; 1.096 ; CLK_COUNT_400HZ[10] ; CLK_COUNT_400HZ[13] ; CLK          ; CLK         ; 0.000        ; 0.082      ; 1.364      ;
; 1.097 ; CLK_COUNT_400HZ[6]  ; CLK_COUNT_400HZ[9]  ; CLK          ; CLK         ; 0.000        ; 0.082      ; 1.365      ;
; 1.097 ; CLK_COUNT_400HZ[12] ; CLK_COUNT_400HZ[15] ; CLK          ; CLK         ; 0.000        ; 0.082      ; 1.365      ;
; 1.099 ; CLK_COUNT_400HZ[8]  ; CLK_COUNT_400HZ[12] ; CLK          ; CLK         ; 0.000        ; 0.084      ; 1.369      ;
; 1.100 ; CLK_COUNT_400HZ[6]  ; CLK_COUNT_400HZ[10] ; CLK          ; CLK         ; 0.000        ; 0.084      ; 1.370      ;
; 1.101 ; CLK_COUNT_400HZ[15] ; CLK_COUNT_400HZ[17] ; CLK          ; CLK         ; 0.000        ; 0.082      ; 1.369      ;
; 1.101 ; CLK_COUNT_400HZ[10] ; CLK_COUNT_400HZ[14] ; CLK          ; CLK         ; 0.000        ; 0.082      ; 1.369      ;
; 1.102 ; CLK_COUNT_400HZ[12] ; CLK_COUNT_400HZ[16] ; CLK          ; CLK         ; 0.000        ; 0.082      ; 1.370      ;
; 1.106 ; CLK_COUNT_400HZ[15] ; CLK_COUNT_400HZ[18] ; CLK          ; CLK         ; 0.000        ; 0.082      ; 1.374      ;
; 1.113 ; CLK_COUNT_400HZ[2]  ; CLK_COUNT_400HZ[5]  ; CLK          ; CLK         ; 0.000        ; 0.082      ; 1.381      ;
; 1.118 ; CLK_COUNT_400HZ[2]  ; CLK_COUNT_400HZ[6]  ; CLK          ; CLK         ; 0.000        ; 0.082      ; 1.386      ;
; 1.120 ; CLK_COUNT_400HZ[14] ; CLK_COUNT_400HZ[17] ; CLK          ; CLK         ; 0.000        ; 0.082      ; 1.388      ;
; 1.125 ; CLK_COUNT_400HZ[14] ; CLK_COUNT_400HZ[18] ; CLK          ; CLK         ; 0.000        ; 0.082      ; 1.393      ;
; 1.147 ; CLK_COUNT_400HZ[9]  ; CLK_COUNT_400HZ[19] ; CLK          ; CLK         ; 0.000        ; 0.516      ; 1.849      ;
; 1.166 ; CLK_COUNT_400HZ[8]  ; CLK_COUNT_400HZ[19] ; CLK          ; CLK         ; 0.000        ; 0.516      ; 1.868      ;
; 1.178 ; CLK_400HZ           ; CLK_400HZ           ; CLK_400HZ    ; CLK         ; -0.500       ; 3.108      ; 4.234      ;
; 1.201 ; CLK_COUNT_400HZ[7]  ; CLK_COUNT_400HZ[11] ; CLK          ; CLK         ; 0.000        ; 0.084      ; 1.471      ;
; 1.201 ; CLK_COUNT_400HZ[9]  ; CLK_COUNT_400HZ[13] ; CLK          ; CLK         ; 0.000        ; 0.084      ; 1.471      ;
; 1.204 ; CLK_COUNT_400HZ[5]  ; CLK_COUNT_400HZ[9]  ; CLK          ; CLK         ; 0.000        ; 0.082      ; 1.472      ;
; 1.204 ; CLK_COUNT_400HZ[13] ; CLK_COUNT_400HZ[17] ; CLK          ; CLK         ; 0.000        ; 0.082      ; 1.472      ;
; 1.206 ; CLK_COUNT_400HZ[3]  ; CLK_COUNT_400HZ[7]  ; CLK          ; CLK         ; 0.000        ; 0.082      ; 1.474      ;
; 1.206 ; CLK_COUNT_400HZ[7]  ; CLK_COUNT_400HZ[12] ; CLK          ; CLK         ; 0.000        ; 0.084      ; 1.476      ;
; 1.206 ; CLK_COUNT_400HZ[9]  ; CLK_COUNT_400HZ[14] ; CLK          ; CLK         ; 0.000        ; 0.084      ; 1.476      ;
; 1.207 ; CLK_COUNT_400HZ[5]  ; CLK_COUNT_400HZ[10] ; CLK          ; CLK         ; 0.000        ; 0.084      ; 1.477      ;
; 1.209 ; CLK_COUNT_400HZ[13] ; CLK_COUNT_400HZ[18] ; CLK          ; CLK         ; 0.000        ; 0.082      ; 1.477      ;
; 1.211 ; CLK_COUNT_400HZ[3]  ; CLK_COUNT_400HZ[8]  ; CLK          ; CLK         ; 0.000        ; 0.082      ; 1.479      ;
; 1.212 ; CLK_COUNT_400HZ[11] ; CLK_COUNT_400HZ[15] ; CLK          ; CLK         ; 0.000        ; 0.082      ; 1.480      ;
; 1.217 ; CLK_COUNT_400HZ[11] ; CLK_COUNT_400HZ[16] ; CLK          ; CLK         ; 0.000        ; 0.082      ; 1.485      ;
; 1.220 ; CLK_COUNT_400HZ[8]  ; CLK_COUNT_400HZ[13] ; CLK          ; CLK         ; 0.000        ; 0.084      ; 1.490      ;
; 1.221 ; CLK_COUNT_400HZ[6]  ; CLK_COUNT_400HZ[11] ; CLK          ; CLK         ; 0.000        ; 0.084      ; 1.491      ;
; 1.222 ; CLK_COUNT_400HZ[10] ; CLK_COUNT_400HZ[15] ; CLK          ; CLK         ; 0.000        ; 0.082      ; 1.490      ;
; 1.223 ; CLK_COUNT_400HZ[12] ; CLK_COUNT_400HZ[17] ; CLK          ; CLK         ; 0.000        ; 0.082      ; 1.491      ;
+-------+---------------------+---------------------+--------------+-------------+--------------+------------+------------+


+------------------------------------------------------------------------------------------------------------+
; Slow 1200mV 85C Model Minimum Pulse Width: 'CLK'                                                           ;
+--------+--------------+----------------+------------------+-------+------------+---------------------------+
; Slack  ; Actual Width ; Required Width ; Type             ; Clock ; Clock Edge ; Target                    ;
+--------+--------------+----------------+------------------+-------+------------+---------------------------+
; -3.000 ; 1.000        ; 4.000          ; Port Rate        ; CLK   ; Rise       ; CLK                       ;
; -1.285 ; 1.000        ; 2.285          ; Min Period       ; CLK   ; Rise       ; CLK_400HZ                 ;
; -1.285 ; 1.000        ; 2.285          ; Min Period       ; CLK   ; Rise       ; CLK_COUNT_400HZ[0]        ;
; -1.285 ; 1.000        ; 2.285          ; Min Period       ; CLK   ; Rise       ; CLK_COUNT_400HZ[10]       ;
; -1.285 ; 1.000        ; 2.285          ; Min Period       ; CLK   ; Rise       ; CLK_COUNT_400HZ[11]       ;
; -1.285 ; 1.000        ; 2.285          ; Min Period       ; CLK   ; Rise       ; CLK_COUNT_400HZ[12]       ;
; -1.285 ; 1.000        ; 2.285          ; Min Period       ; CLK   ; Rise       ; CLK_COUNT_400HZ[13]       ;
; -1.285 ; 1.000        ; 2.285          ; Min Period       ; CLK   ; Rise       ; CLK_COUNT_400HZ[14]       ;
; -1.285 ; 1.000        ; 2.285          ; Min Period       ; CLK   ; Rise       ; CLK_COUNT_400HZ[15]       ;
; -1.285 ; 1.000        ; 2.285          ; Min Period       ; CLK   ; Rise       ; CLK_COUNT_400HZ[16]       ;
; -1.285 ; 1.000        ; 2.285          ; Min Period       ; CLK   ; Rise       ; CLK_COUNT_400HZ[17]       ;
; -1.285 ; 1.000        ; 2.285          ; Min Period       ; CLK   ; Rise       ; CLK_COUNT_400HZ[18]       ;
; -1.285 ; 1.000        ; 2.285          ; Min Period       ; CLK   ; Rise       ; CLK_COUNT_400HZ[19]       ;
; -1.285 ; 1.000        ; 2.285          ; Min Period       ; CLK   ; Rise       ; CLK_COUNT_400HZ[1]        ;
; -1.285 ; 1.000        ; 2.285          ; Min Period       ; CLK   ; Rise       ; CLK_COUNT_400HZ[2]        ;
; -1.285 ; 1.000        ; 2.285          ; Min Period       ; CLK   ; Rise       ; CLK_COUNT_400HZ[3]        ;
; -1.285 ; 1.000        ; 2.285          ; Min Period       ; CLK   ; Rise       ; CLK_COUNT_400HZ[4]        ;
; -1.285 ; 1.000        ; 2.285          ; Min Period       ; CLK   ; Rise       ; CLK_COUNT_400HZ[5]        ;
; -1.285 ; 1.000        ; 2.285          ; Min Period       ; CLK   ; Rise       ; CLK_COUNT_400HZ[6]        ;
; -1.285 ; 1.000        ; 2.285          ; Min Period       ; CLK   ; Rise       ; CLK_COUNT_400HZ[7]        ;
; -1.285 ; 1.000        ; 2.285          ; Min Period       ; CLK   ; Rise       ; CLK_COUNT_400HZ[8]        ;
; -1.285 ; 1.000        ; 2.285          ; Min Period       ; CLK   ; Rise       ; CLK_COUNT_400HZ[9]        ;
; 0.260  ; 0.448        ; 0.188          ; Low Pulse Width  ; CLK   ; Rise       ; CLK_400HZ                 ;
; 0.260  ; 0.448        ; 0.188          ; Low Pulse Width  ; CLK   ; Rise       ; CLK_COUNT_400HZ[10]       ;
; 0.260  ; 0.448        ; 0.188          ; Low Pulse Width  ; CLK   ; Rise       ; CLK_COUNT_400HZ[11]       ;
; 0.260  ; 0.448        ; 0.188          ; Low Pulse Width  ; CLK   ; Rise       ; CLK_COUNT_400HZ[12]       ;
; 0.260  ; 0.448        ; 0.188          ; Low Pulse Width  ; CLK   ; Rise       ; CLK_COUNT_400HZ[13]       ;
; 0.260  ; 0.448        ; 0.188          ; Low Pulse Width  ; CLK   ; Rise       ; CLK_COUNT_400HZ[14]       ;
; 0.260  ; 0.448        ; 0.188          ; Low Pulse Width  ; CLK   ; Rise       ; CLK_COUNT_400HZ[15]       ;
; 0.260  ; 0.448        ; 0.188          ; Low Pulse Width  ; CLK   ; Rise       ; CLK_COUNT_400HZ[16]       ;
; 0.260  ; 0.448        ; 0.188          ; Low Pulse Width  ; CLK   ; Rise       ; CLK_COUNT_400HZ[17]       ;
; 0.260  ; 0.448        ; 0.188          ; Low Pulse Width  ; CLK   ; Rise       ; CLK_COUNT_400HZ[18]       ;
; 0.260  ; 0.448        ; 0.188          ; Low Pulse Width  ; CLK   ; Rise       ; CLK_COUNT_400HZ[2]        ;
; 0.260  ; 0.448        ; 0.188          ; Low Pulse Width  ; CLK   ; Rise       ; CLK_COUNT_400HZ[3]        ;
; 0.260  ; 0.448        ; 0.188          ; Low Pulse Width  ; CLK   ; Rise       ; CLK_COUNT_400HZ[5]        ;
; 0.260  ; 0.448        ; 0.188          ; Low Pulse Width  ; CLK   ; Rise       ; CLK_COUNT_400HZ[6]        ;
; 0.260  ; 0.448        ; 0.188          ; Low Pulse Width  ; CLK   ; Rise       ; CLK_COUNT_400HZ[7]        ;
; 0.260  ; 0.448        ; 0.188          ; Low Pulse Width  ; CLK   ; Rise       ; CLK_COUNT_400HZ[8]        ;
; 0.260  ; 0.448        ; 0.188          ; Low Pulse Width  ; CLK   ; Rise       ; CLK_COUNT_400HZ[9]        ;
; 0.262  ; 0.450        ; 0.188          ; Low Pulse Width  ; CLK   ; Rise       ; CLK_COUNT_400HZ[0]        ;
; 0.262  ; 0.450        ; 0.188          ; Low Pulse Width  ; CLK   ; Rise       ; CLK_COUNT_400HZ[19]       ;
; 0.262  ; 0.450        ; 0.188          ; Low Pulse Width  ; CLK   ; Rise       ; CLK_COUNT_400HZ[1]        ;
; 0.262  ; 0.450        ; 0.188          ; Low Pulse Width  ; CLK   ; Rise       ; CLK_COUNT_400HZ[4]        ;
; 0.329  ; 0.549        ; 0.220          ; High Pulse Width ; CLK   ; Rise       ; CLK_COUNT_400HZ[19]       ;
; 0.330  ; 0.550        ; 0.220          ; High Pulse Width ; CLK   ; Rise       ; CLK_COUNT_400HZ[0]        ;
; 0.330  ; 0.550        ; 0.220          ; High Pulse Width ; CLK   ; Rise       ; CLK_COUNT_400HZ[1]        ;
; 0.330  ; 0.550        ; 0.220          ; High Pulse Width ; CLK   ; Rise       ; CLK_COUNT_400HZ[4]        ;
; 0.332  ; 0.552        ; 0.220          ; High Pulse Width ; CLK   ; Rise       ; CLK_400HZ                 ;
; 0.332  ; 0.552        ; 0.220          ; High Pulse Width ; CLK   ; Rise       ; CLK_COUNT_400HZ[10]       ;
; 0.332  ; 0.552        ; 0.220          ; High Pulse Width ; CLK   ; Rise       ; CLK_COUNT_400HZ[11]       ;
; 0.332  ; 0.552        ; 0.220          ; High Pulse Width ; CLK   ; Rise       ; CLK_COUNT_400HZ[12]       ;
; 0.332  ; 0.552        ; 0.220          ; High Pulse Width ; CLK   ; Rise       ; CLK_COUNT_400HZ[13]       ;
; 0.332  ; 0.552        ; 0.220          ; High Pulse Width ; CLK   ; Rise       ; CLK_COUNT_400HZ[14]       ;
; 0.332  ; 0.552        ; 0.220          ; High Pulse Width ; CLK   ; Rise       ; CLK_COUNT_400HZ[15]       ;
; 0.332  ; 0.552        ; 0.220          ; High Pulse Width ; CLK   ; Rise       ; CLK_COUNT_400HZ[16]       ;
; 0.332  ; 0.552        ; 0.220          ; High Pulse Width ; CLK   ; Rise       ; CLK_COUNT_400HZ[17]       ;
; 0.332  ; 0.552        ; 0.220          ; High Pulse Width ; CLK   ; Rise       ; CLK_COUNT_400HZ[18]       ;
; 0.332  ; 0.552        ; 0.220          ; High Pulse Width ; CLK   ; Rise       ; CLK_COUNT_400HZ[2]        ;
; 0.332  ; 0.552        ; 0.220          ; High Pulse Width ; CLK   ; Rise       ; CLK_COUNT_400HZ[3]        ;
; 0.332  ; 0.552        ; 0.220          ; High Pulse Width ; CLK   ; Rise       ; CLK_COUNT_400HZ[5]        ;
; 0.332  ; 0.552        ; 0.220          ; High Pulse Width ; CLK   ; Rise       ; CLK_COUNT_400HZ[6]        ;
; 0.332  ; 0.552        ; 0.220          ; High Pulse Width ; CLK   ; Rise       ; CLK_COUNT_400HZ[7]        ;
; 0.332  ; 0.552        ; 0.220          ; High Pulse Width ; CLK   ; Rise       ; CLK_COUNT_400HZ[8]        ;
; 0.332  ; 0.552        ; 0.220          ; High Pulse Width ; CLK   ; Rise       ; CLK_COUNT_400HZ[9]        ;
; 0.394  ; 0.394        ; 0.000          ; Low Pulse Width  ; CLK   ; Rise       ; CLK~input|o               ;
; 0.408  ; 0.408        ; 0.000          ; Low Pulse Width  ; CLK   ; Rise       ; CLK~inputclkctrl|inclk[0] ;
; 0.408  ; 0.408        ; 0.000          ; Low Pulse Width  ; CLK   ; Rise       ; CLK~inputclkctrl|outclk   ;
; 0.412  ; 0.412        ; 0.000          ; Low Pulse Width  ; CLK   ; Rise       ; CLK_400HZ|clk             ;
; 0.412  ; 0.412        ; 0.000          ; Low Pulse Width  ; CLK   ; Rise       ; CLK_COUNT_400HZ[10]|clk   ;
; 0.412  ; 0.412        ; 0.000          ; Low Pulse Width  ; CLK   ; Rise       ; CLK_COUNT_400HZ[11]|clk   ;
; 0.412  ; 0.412        ; 0.000          ; Low Pulse Width  ; CLK   ; Rise       ; CLK_COUNT_400HZ[12]|clk   ;
; 0.412  ; 0.412        ; 0.000          ; Low Pulse Width  ; CLK   ; Rise       ; CLK_COUNT_400HZ[13]|clk   ;
; 0.412  ; 0.412        ; 0.000          ; Low Pulse Width  ; CLK   ; Rise       ; CLK_COUNT_400HZ[14]|clk   ;
; 0.412  ; 0.412        ; 0.000          ; Low Pulse Width  ; CLK   ; Rise       ; CLK_COUNT_400HZ[15]|clk   ;
; 0.412  ; 0.412        ; 0.000          ; Low Pulse Width  ; CLK   ; Rise       ; CLK_COUNT_400HZ[16]|clk   ;
; 0.412  ; 0.412        ; 0.000          ; Low Pulse Width  ; CLK   ; Rise       ; CLK_COUNT_400HZ[17]|clk   ;
; 0.412  ; 0.412        ; 0.000          ; Low Pulse Width  ; CLK   ; Rise       ; CLK_COUNT_400HZ[18]|clk   ;
; 0.412  ; 0.412        ; 0.000          ; Low Pulse Width  ; CLK   ; Rise       ; CLK_COUNT_400HZ[2]|clk    ;
; 0.412  ; 0.412        ; 0.000          ; Low Pulse Width  ; CLK   ; Rise       ; CLK_COUNT_400HZ[3]|clk    ;
; 0.412  ; 0.412        ; 0.000          ; Low Pulse Width  ; CLK   ; Rise       ; CLK_COUNT_400HZ[5]|clk    ;
; 0.412  ; 0.412        ; 0.000          ; Low Pulse Width  ; CLK   ; Rise       ; CLK_COUNT_400HZ[6]|clk    ;
; 0.412  ; 0.412        ; 0.000          ; Low Pulse Width  ; CLK   ; Rise       ; CLK_COUNT_400HZ[7]|clk    ;
; 0.412  ; 0.412        ; 0.000          ; Low Pulse Width  ; CLK   ; Rise       ; CLK_COUNT_400HZ[8]|clk    ;
; 0.412  ; 0.412        ; 0.000          ; Low Pulse Width  ; CLK   ; Rise       ; CLK_COUNT_400HZ[9]|clk    ;
; 0.414  ; 0.414        ; 0.000          ; Low Pulse Width  ; CLK   ; Rise       ; CLK_COUNT_400HZ[0]|clk    ;
; 0.414  ; 0.414        ; 0.000          ; Low Pulse Width  ; CLK   ; Rise       ; CLK_COUNT_400HZ[1]|clk    ;
; 0.414  ; 0.414        ; 0.000          ; Low Pulse Width  ; CLK   ; Rise       ; CLK_COUNT_400HZ[4]|clk    ;
; 0.415  ; 0.415        ; 0.000          ; Low Pulse Width  ; CLK   ; Rise       ; CLK_COUNT_400HZ[19]|clk   ;
; 0.500  ; 0.500        ; 0.000          ; High Pulse Width ; CLK   ; Rise       ; CLK~input|i               ;
; 0.500  ; 0.500        ; 0.000          ; Low Pulse Width  ; CLK   ; Rise       ; CLK~input|i               ;
; 0.585  ; 0.585        ; 0.000          ; High Pulse Width ; CLK   ; Rise       ; CLK_COUNT_400HZ[0]|clk    ;
; 0.585  ; 0.585        ; 0.000          ; High Pulse Width ; CLK   ; Rise       ; CLK_COUNT_400HZ[19]|clk   ;
; 0.585  ; 0.585        ; 0.000          ; High Pulse Width ; CLK   ; Rise       ; CLK_COUNT_400HZ[1]|clk    ;
; 0.585  ; 0.585        ; 0.000          ; High Pulse Width ; CLK   ; Rise       ; CLK_COUNT_400HZ[4]|clk    ;
; 0.587  ; 0.587        ; 0.000          ; High Pulse Width ; CLK   ; Rise       ; CLK_400HZ|clk             ;
; 0.587  ; 0.587        ; 0.000          ; High Pulse Width ; CLK   ; Rise       ; CLK_COUNT_400HZ[10]|clk   ;
; 0.587  ; 0.587        ; 0.000          ; High Pulse Width ; CLK   ; Rise       ; CLK_COUNT_400HZ[11]|clk   ;
; 0.587  ; 0.587        ; 0.000          ; High Pulse Width ; CLK   ; Rise       ; CLK_COUNT_400HZ[12]|clk   ;
; 0.587  ; 0.587        ; 0.000          ; High Pulse Width ; CLK   ; Rise       ; CLK_COUNT_400HZ[13]|clk   ;
; 0.587  ; 0.587        ; 0.000          ; High Pulse Width ; CLK   ; Rise       ; CLK_COUNT_400HZ[14]|clk   ;
+--------+--------------+----------------+------------------+-------+------------+---------------------------+


+-----------------------------------------------------------------------------------------------------------------+
; Slow 1200mV 85C Model Minimum Pulse Width: 'CLK_400HZ'                                                          ;
+--------+--------------+----------------+------------------+-----------+------------+----------------------------+
; Slack  ; Actual Width ; Required Width ; Type             ; Clock     ; Clock Edge ; Target                     ;
+--------+--------------+----------------+------------------+-----------+------------+----------------------------+
; -1.285 ; 1.000        ; 2.285          ; Min Period       ; CLK_400HZ ; Rise       ; CHAR_COUNT[0]              ;
; -1.285 ; 1.000        ; 2.285          ; Min Period       ; CLK_400HZ ; Rise       ; CHAR_COUNT[1]              ;
; -1.285 ; 1.000        ; 2.285          ; Min Period       ; CLK_400HZ ; Rise       ; CHAR_COUNT[2]              ;
; -1.285 ; 1.000        ; 2.285          ; Min Period       ; CLK_400HZ ; Rise       ; CHAR_COUNT[3]              ;
; -1.285 ; 1.000        ; 2.285          ; Min Period       ; CLK_400HZ ; Rise       ; CHAR_COUNT[4]              ;
; -1.285 ; 1.000        ; 2.285          ; Min Period       ; CLK_400HZ ; Rise       ; DATA_BUS_VALUE[0]          ;
; -1.285 ; 1.000        ; 2.285          ; Min Period       ; CLK_400HZ ; Rise       ; DATA_BUS_VALUE[1]          ;
; -1.285 ; 1.000        ; 2.285          ; Min Period       ; CLK_400HZ ; Rise       ; DATA_BUS_VALUE[2]          ;
; -1.285 ; 1.000        ; 2.285          ; Min Period       ; CLK_400HZ ; Rise       ; DATA_BUS_VALUE[3]          ;
; -1.285 ; 1.000        ; 2.285          ; Min Period       ; CLK_400HZ ; Rise       ; DATA_BUS_VALUE[4]          ;
; -1.285 ; 1.000        ; 2.285          ; Min Period       ; CLK_400HZ ; Rise       ; DATA_BUS_VALUE[5]          ;
; -1.285 ; 1.000        ; 2.285          ; Min Period       ; CLK_400HZ ; Rise       ; DATA_BUS_VALUE[6]          ;
; -1.285 ; 1.000        ; 2.285          ; Min Period       ; CLK_400HZ ; Rise       ; DATA_BUS_VALUE[7]          ;
; -1.285 ; 1.000        ; 2.285          ; Min Period       ; CLK_400HZ ; Rise       ; E~reg0                     ;
; -1.285 ; 1.000        ; 2.285          ; Min Period       ; CLK_400HZ ; Rise       ; RS~reg0                    ;
; -1.285 ; 1.000        ; 2.285          ; Min Period       ; CLK_400HZ ; Rise       ; next_command.DISPLAY_CLEAR ;
; -1.285 ; 1.000        ; 2.285          ; Min Period       ; CLK_400HZ ; Rise       ; next_command.DISPLAY_OFF   ;
; -1.285 ; 1.000        ; 2.285          ; Min Period       ; CLK_400HZ ; Rise       ; next_command.DISPLAY_ON    ;
; -1.285 ; 1.000        ; 2.285          ; Min Period       ; CLK_400HZ ; Rise       ; next_command.FUNC_SET      ;
; -1.285 ; 1.000        ; 2.285          ; Min Period       ; CLK_400HZ ; Rise       ; next_command.LINE2         ;
; -1.285 ; 1.000        ; 2.285          ; Min Period       ; CLK_400HZ ; Rise       ; next_command.MODE_SET      ;
; -1.285 ; 1.000        ; 2.285          ; Min Period       ; CLK_400HZ ; Rise       ; next_command.Print_String  ;
; -1.285 ; 1.000        ; 2.285          ; Min Period       ; CLK_400HZ ; Rise       ; next_command.RESET2        ;
; -1.285 ; 1.000        ; 2.285          ; Min Period       ; CLK_400HZ ; Rise       ; next_command.RESET3        ;
; -1.285 ; 1.000        ; 2.285          ; Min Period       ; CLK_400HZ ; Rise       ; next_command.RETURN_HOME   ;
; -1.285 ; 1.000        ; 2.285          ; Min Period       ; CLK_400HZ ; Rise       ; state.DISPLAY_CLEAR        ;
; -1.285 ; 1.000        ; 2.285          ; Min Period       ; CLK_400HZ ; Rise       ; state.DISPLAY_OFF          ;
; -1.285 ; 1.000        ; 2.285          ; Min Period       ; CLK_400HZ ; Rise       ; state.DISPLAY_ON           ;
; -1.285 ; 1.000        ; 2.285          ; Min Period       ; CLK_400HZ ; Rise       ; state.DROP_LCD_E           ;
; -1.285 ; 1.000        ; 2.285          ; Min Period       ; CLK_400HZ ; Rise       ; state.FUNC_SET             ;
; -1.285 ; 1.000        ; 2.285          ; Min Period       ; CLK_400HZ ; Rise       ; state.HOLD                 ;
; -1.285 ; 1.000        ; 2.285          ; Min Period       ; CLK_400HZ ; Rise       ; state.LINE2                ;
; -1.285 ; 1.000        ; 2.285          ; Min Period       ; CLK_400HZ ; Rise       ; state.MODE_SET             ;
; -1.285 ; 1.000        ; 2.285          ; Min Period       ; CLK_400HZ ; Rise       ; state.Print_String         ;
; -1.285 ; 1.000        ; 2.285          ; Min Period       ; CLK_400HZ ; Rise       ; state.RESET1               ;
; -1.285 ; 1.000        ; 2.285          ; Min Period       ; CLK_400HZ ; Rise       ; state.RESET2               ;
; -1.285 ; 1.000        ; 2.285          ; Min Period       ; CLK_400HZ ; Rise       ; state.RESET3               ;
; -1.285 ; 1.000        ; 2.285          ; Min Period       ; CLK_400HZ ; Rise       ; state.RETURN_HOME          ;
; 0.259  ; 0.479        ; 0.220          ; High Pulse Width ; CLK_400HZ ; Rise       ; next_command.LINE2         ;
; 0.272  ; 0.492        ; 0.220          ; High Pulse Width ; CLK_400HZ ; Rise       ; CHAR_COUNT[0]              ;
; 0.272  ; 0.492        ; 0.220          ; High Pulse Width ; CLK_400HZ ; Rise       ; CHAR_COUNT[1]              ;
; 0.272  ; 0.492        ; 0.220          ; High Pulse Width ; CLK_400HZ ; Rise       ; CHAR_COUNT[2]              ;
; 0.272  ; 0.492        ; 0.220          ; High Pulse Width ; CLK_400HZ ; Rise       ; CHAR_COUNT[3]              ;
; 0.272  ; 0.492        ; 0.220          ; High Pulse Width ; CLK_400HZ ; Rise       ; CHAR_COUNT[4]              ;
; 0.272  ; 0.492        ; 0.220          ; High Pulse Width ; CLK_400HZ ; Rise       ; DATA_BUS_VALUE[0]          ;
; 0.272  ; 0.492        ; 0.220          ; High Pulse Width ; CLK_400HZ ; Rise       ; DATA_BUS_VALUE[1]          ;
; 0.272  ; 0.492        ; 0.220          ; High Pulse Width ; CLK_400HZ ; Rise       ; DATA_BUS_VALUE[2]          ;
; 0.272  ; 0.492        ; 0.220          ; High Pulse Width ; CLK_400HZ ; Rise       ; DATA_BUS_VALUE[3]          ;
; 0.272  ; 0.492        ; 0.220          ; High Pulse Width ; CLK_400HZ ; Rise       ; DATA_BUS_VALUE[4]          ;
; 0.272  ; 0.492        ; 0.220          ; High Pulse Width ; CLK_400HZ ; Rise       ; DATA_BUS_VALUE[5]          ;
; 0.272  ; 0.492        ; 0.220          ; High Pulse Width ; CLK_400HZ ; Rise       ; DATA_BUS_VALUE[6]          ;
; 0.272  ; 0.492        ; 0.220          ; High Pulse Width ; CLK_400HZ ; Rise       ; DATA_BUS_VALUE[7]          ;
; 0.272  ; 0.492        ; 0.220          ; High Pulse Width ; CLK_400HZ ; Rise       ; E~reg0                     ;
; 0.272  ; 0.492        ; 0.220          ; High Pulse Width ; CLK_400HZ ; Rise       ; RS~reg0                    ;
; 0.272  ; 0.492        ; 0.220          ; High Pulse Width ; CLK_400HZ ; Rise       ; next_command.DISPLAY_CLEAR ;
; 0.272  ; 0.492        ; 0.220          ; High Pulse Width ; CLK_400HZ ; Rise       ; next_command.DISPLAY_OFF   ;
; 0.272  ; 0.492        ; 0.220          ; High Pulse Width ; CLK_400HZ ; Rise       ; next_command.DISPLAY_ON    ;
; 0.272  ; 0.492        ; 0.220          ; High Pulse Width ; CLK_400HZ ; Rise       ; next_command.FUNC_SET      ;
; 0.272  ; 0.492        ; 0.220          ; High Pulse Width ; CLK_400HZ ; Rise       ; next_command.MODE_SET      ;
; 0.272  ; 0.492        ; 0.220          ; High Pulse Width ; CLK_400HZ ; Rise       ; next_command.Print_String  ;
; 0.272  ; 0.492        ; 0.220          ; High Pulse Width ; CLK_400HZ ; Rise       ; next_command.RESET2        ;
; 0.272  ; 0.492        ; 0.220          ; High Pulse Width ; CLK_400HZ ; Rise       ; next_command.RESET3        ;
; 0.272  ; 0.492        ; 0.220          ; High Pulse Width ; CLK_400HZ ; Rise       ; next_command.RETURN_HOME   ;
; 0.272  ; 0.492        ; 0.220          ; High Pulse Width ; CLK_400HZ ; Rise       ; state.DISPLAY_CLEAR        ;
; 0.272  ; 0.492        ; 0.220          ; High Pulse Width ; CLK_400HZ ; Rise       ; state.DISPLAY_OFF          ;
; 0.272  ; 0.492        ; 0.220          ; High Pulse Width ; CLK_400HZ ; Rise       ; state.DISPLAY_ON           ;
; 0.272  ; 0.492        ; 0.220          ; High Pulse Width ; CLK_400HZ ; Rise       ; state.DROP_LCD_E           ;
; 0.272  ; 0.492        ; 0.220          ; High Pulse Width ; CLK_400HZ ; Rise       ; state.FUNC_SET             ;
; 0.272  ; 0.492        ; 0.220          ; High Pulse Width ; CLK_400HZ ; Rise       ; state.HOLD                 ;
; 0.272  ; 0.492        ; 0.220          ; High Pulse Width ; CLK_400HZ ; Rise       ; state.LINE2                ;
; 0.272  ; 0.492        ; 0.220          ; High Pulse Width ; CLK_400HZ ; Rise       ; state.MODE_SET             ;
; 0.272  ; 0.492        ; 0.220          ; High Pulse Width ; CLK_400HZ ; Rise       ; state.Print_String         ;
; 0.272  ; 0.492        ; 0.220          ; High Pulse Width ; CLK_400HZ ; Rise       ; state.RESET1               ;
; 0.272  ; 0.492        ; 0.220          ; High Pulse Width ; CLK_400HZ ; Rise       ; state.RESET2               ;
; 0.272  ; 0.492        ; 0.220          ; High Pulse Width ; CLK_400HZ ; Rise       ; state.RESET3               ;
; 0.272  ; 0.492        ; 0.220          ; High Pulse Width ; CLK_400HZ ; Rise       ; state.RETURN_HOME          ;
; 0.317  ; 0.505        ; 0.188          ; Low Pulse Width  ; CLK_400HZ ; Rise       ; CHAR_COUNT[0]              ;
; 0.317  ; 0.505        ; 0.188          ; Low Pulse Width  ; CLK_400HZ ; Rise       ; CHAR_COUNT[1]              ;
; 0.317  ; 0.505        ; 0.188          ; Low Pulse Width  ; CLK_400HZ ; Rise       ; CHAR_COUNT[2]              ;
; 0.317  ; 0.505        ; 0.188          ; Low Pulse Width  ; CLK_400HZ ; Rise       ; CHAR_COUNT[3]              ;
; 0.317  ; 0.505        ; 0.188          ; Low Pulse Width  ; CLK_400HZ ; Rise       ; CHAR_COUNT[4]              ;
; 0.317  ; 0.505        ; 0.188          ; Low Pulse Width  ; CLK_400HZ ; Rise       ; DATA_BUS_VALUE[4]          ;
; 0.317  ; 0.505        ; 0.188          ; Low Pulse Width  ; CLK_400HZ ; Rise       ; DATA_BUS_VALUE[5]          ;
; 0.317  ; 0.505        ; 0.188          ; Low Pulse Width  ; CLK_400HZ ; Rise       ; E~reg0                     ;
; 0.317  ; 0.505        ; 0.188          ; Low Pulse Width  ; CLK_400HZ ; Rise       ; state.DISPLAY_CLEAR        ;
; 0.317  ; 0.505        ; 0.188          ; Low Pulse Width  ; CLK_400HZ ; Rise       ; state.HOLD                 ;
; 0.317  ; 0.505        ; 0.188          ; Low Pulse Width  ; CLK_400HZ ; Rise       ; state.LINE2                ;
; 0.317  ; 0.505        ; 0.188          ; Low Pulse Width  ; CLK_400HZ ; Rise       ; state.MODE_SET             ;
; 0.317  ; 0.505        ; 0.188          ; Low Pulse Width  ; CLK_400HZ ; Rise       ; state.Print_String         ;
; 0.317  ; 0.505        ; 0.188          ; Low Pulse Width  ; CLK_400HZ ; Rise       ; state.RESET1               ;
; 0.317  ; 0.505        ; 0.188          ; Low Pulse Width  ; CLK_400HZ ; Rise       ; state.RETURN_HOME          ;
; 0.318  ; 0.506        ; 0.188          ; Low Pulse Width  ; CLK_400HZ ; Rise       ; DATA_BUS_VALUE[0]          ;
; 0.318  ; 0.506        ; 0.188          ; Low Pulse Width  ; CLK_400HZ ; Rise       ; DATA_BUS_VALUE[1]          ;
; 0.318  ; 0.506        ; 0.188          ; Low Pulse Width  ; CLK_400HZ ; Rise       ; DATA_BUS_VALUE[2]          ;
; 0.318  ; 0.506        ; 0.188          ; Low Pulse Width  ; CLK_400HZ ; Rise       ; DATA_BUS_VALUE[3]          ;
; 0.318  ; 0.506        ; 0.188          ; Low Pulse Width  ; CLK_400HZ ; Rise       ; DATA_BUS_VALUE[6]          ;
; 0.318  ; 0.506        ; 0.188          ; Low Pulse Width  ; CLK_400HZ ; Rise       ; DATA_BUS_VALUE[7]          ;
; 0.318  ; 0.506        ; 0.188          ; Low Pulse Width  ; CLK_400HZ ; Rise       ; RS~reg0                    ;
; 0.318  ; 0.506        ; 0.188          ; Low Pulse Width  ; CLK_400HZ ; Rise       ; next_command.DISPLAY_CLEAR ;
; 0.318  ; 0.506        ; 0.188          ; Low Pulse Width  ; CLK_400HZ ; Rise       ; next_command.DISPLAY_OFF   ;
+--------+--------------+----------------+------------------+-----------+------------+----------------------------+


+-----------------------------------------------------------------------+
; Setup Times                                                           ;
+-----------+------------+-------+-------+------------+-----------------+
; Data Port ; Clock Port ; Rise  ; Fall  ; Clock Edge ; Clock Reference ;
+-----------+------------+-------+-------+------------+-----------------+
; RST       ; CLK_400HZ  ; 1.887 ; 1.916 ; Rise       ; CLK_400HZ       ;
+-----------+------------+-------+-------+------------+-----------------+


+-------------------------------------------------------------------------+
; Hold Times                                                              ;
+-----------+------------+--------+--------+------------+-----------------+
; Data Port ; Clock Port ; Rise   ; Fall   ; Clock Edge ; Clock Reference ;
+-----------+------------+--------+--------+------------+-----------------+
; RST       ; CLK_400HZ  ; -0.312 ; -0.284 ; Rise       ; CLK_400HZ       ;
+-----------+------------+--------+--------+------------+-----------------+


+-----------------------------------------------------------------------+
; Clock to Output Times                                                 ;
+-----------+------------+-------+-------+------------+-----------------+
; Data Port ; Clock Port ; Rise  ; Fall  ; Clock Edge ; Clock Reference ;
+-----------+------------+-------+-------+------------+-----------------+
; DATA[*]   ; CLK_400HZ  ; 8.545 ; 8.560 ; Rise       ; CLK_400HZ       ;
;  DATA[0]  ; CLK_400HZ  ; 6.952 ; 6.890 ; Rise       ; CLK_400HZ       ;
;  DATA[1]  ; CLK_400HZ  ; 7.256 ; 7.162 ; Rise       ; CLK_400HZ       ;
;  DATA[2]  ; CLK_400HZ  ; 7.219 ; 7.133 ; Rise       ; CLK_400HZ       ;
;  DATA[3]  ; CLK_400HZ  ; 7.214 ; 7.117 ; Rise       ; CLK_400HZ       ;
;  DATA[4]  ; CLK_400HZ  ; 7.199 ; 7.112 ; Rise       ; CLK_400HZ       ;
;  DATA[5]  ; CLK_400HZ  ; 7.383 ; 7.369 ; Rise       ; CLK_400HZ       ;
;  DATA[6]  ; CLK_400HZ  ; 8.545 ; 8.560 ; Rise       ; CLK_400HZ       ;
;  DATA[7]  ; CLK_400HZ  ; 7.195 ; 7.108 ; Rise       ; CLK_400HZ       ;
; E         ; CLK_400HZ  ; 7.237 ; 7.148 ; Rise       ; CLK_400HZ       ;
; RS        ; CLK_400HZ  ; 6.748 ; 6.710 ; Rise       ; CLK_400HZ       ;
+-----------+------------+-------+-------+------------+-----------------+


+-----------------------------------------------------------------------+
; Minimum Clock to Output Times                                         ;
+-----------+------------+-------+-------+------------+-----------------+
; Data Port ; Clock Port ; Rise  ; Fall  ; Clock Edge ; Clock Reference ;
+-----------+------------+-------+-------+------------+-----------------+
; DATA[*]   ; CLK_400HZ  ; 6.690 ; 6.629 ; Rise       ; CLK_400HZ       ;
;  DATA[0]  ; CLK_400HZ  ; 6.690 ; 6.629 ; Rise       ; CLK_400HZ       ;
;  DATA[1]  ; CLK_400HZ  ; 6.984 ; 6.892 ; Rise       ; CLK_400HZ       ;
;  DATA[2]  ; CLK_400HZ  ; 6.947 ; 6.863 ; Rise       ; CLK_400HZ       ;
;  DATA[3]  ; CLK_400HZ  ; 6.942 ; 6.846 ; Rise       ; CLK_400HZ       ;
;  DATA[4]  ; CLK_400HZ  ; 6.930 ; 6.845 ; Rise       ; CLK_400HZ       ;
;  DATA[5]  ; CLK_400HZ  ; 7.105 ; 7.090 ; Rise       ; CLK_400HZ       ;
;  DATA[6]  ; CLK_400HZ  ; 8.273 ; 8.291 ; Rise       ; CLK_400HZ       ;
;  DATA[7]  ; CLK_400HZ  ; 6.925 ; 6.839 ; Rise       ; CLK_400HZ       ;
; E         ; CLK_400HZ  ; 6.967 ; 6.879 ; Rise       ; CLK_400HZ       ;
; RS        ; CLK_400HZ  ; 6.495 ; 6.458 ; Rise       ; CLK_400HZ       ;
+-----------+------------+-------+-------+------------+-----------------+


-----------------------------------------------
; Slow 1200mV 85C Model Metastability Summary ;
-----------------------------------------------
No synchronizer chains to report.


+-----------------------------------------------------------------------------------------------------------+
; Slow 1200mV 0C Model Fmax Summary                                                                         ;
+------------+-----------------+------------+---------------------------------------------------------------+
; Fmax       ; Restricted Fmax ; Clock Name ; Note                                                          ;
+------------+-----------------+------------+---------------------------------------------------------------+
; 286.29 MHz ; 250.0 MHz       ; CLK        ; limit due to minimum period restriction (max I/O toggle rate) ;
; 433.09 MHz ; 433.09 MHz      ; CLK_400HZ  ;                                                               ;
+------------+-----------------+------------+---------------------------------------------------------------+
This panel reports FMAX for every clock in the design, regardless of the user-specified clock periods.  FMAX is only computed for paths where the source and destination registers or ports are driven by the same clock.  Paths of different clocks, including generated clocks, are ignored.  For paths between a clock and its inversion, FMAX is computed as if the rising and falling edges are scaled along with FMAX, such that the duty cycle (in terms of a percentage) is maintained. Altera recommends that you always use clock constraints and other slack reports for sign-off analysis.


+------------------------------------+
; Slow 1200mV 0C Model Setup Summary ;
+-----------+--------+---------------+
; Clock     ; Slack  ; End Point TNS ;
+-----------+--------+---------------+
; CLK       ; -2.493 ; -45.487       ;
; CLK_400HZ ; -1.309 ; -21.103       ;
+-----------+--------+---------------+


+-----------------------------------+
; Slow 1200mV 0C Model Hold Summary ;
+-----------+-------+---------------+
; Clock     ; Slack ; End Point TNS ;
+-----------+-------+---------------+
; CLK_400HZ ; 0.354 ; 0.000         ;
; CLK       ; 0.371 ; 0.000         ;
+-----------+-------+---------------+


-----------------------------------------
; Slow 1200mV 0C Model Recovery Summary ;
-----------------------------------------
No paths to report.


----------------------------------------
; Slow 1200mV 0C Model Removal Summary ;
----------------------------------------
No paths to report.


+--------------------------------------------------+
; Slow 1200mV 0C Model Minimum Pulse Width Summary ;
+-----------+--------+-----------------------------+
; Clock     ; Slack  ; End Point TNS               ;
+-----------+--------+-----------------------------+
; CLK       ; -3.000 ; -29.985                     ;
; CLK_400HZ ; -1.285 ; -48.830                     ;
+-----------+--------+-----------------------------+


+--------------------------------------------------------------------------------------------------------------------------+
; Slow 1200mV 0C Model Setup: 'CLK'                                                                                        ;
+--------+---------------------+---------------------+--------------+-------------+--------------+------------+------------+
; Slack  ; From Node           ; To Node             ; Launch Clock ; Latch Clock ; Relationship ; Clock Skew ; Data Delay ;
+--------+---------------------+---------------------+--------------+-------------+--------------+------------+------------+
; -2.493 ; CLK_COUNT_400HZ[7]  ; CLK_400HZ           ; CLK          ; CLK         ; 1.000        ; -0.070     ; 3.422      ;
; -2.487 ; CLK_COUNT_400HZ[8]  ; CLK_400HZ           ; CLK          ; CLK         ; 1.000        ; -0.070     ; 3.416      ;
; -2.485 ; CLK_COUNT_400HZ[4]  ; CLK_400HZ           ; CLK          ; CLK         ; 1.000        ; -0.465     ; 3.019      ;
; -2.478 ; CLK_COUNT_400HZ[2]  ; CLK_400HZ           ; CLK          ; CLK         ; 1.000        ; -0.070     ; 3.407      ;
; -2.440 ; CLK_COUNT_400HZ[7]  ; CLK_COUNT_400HZ[2]  ; CLK          ; CLK         ; 1.000        ; -0.073     ; 3.366      ;
; -2.440 ; CLK_COUNT_400HZ[7]  ; CLK_COUNT_400HZ[3]  ; CLK          ; CLK         ; 1.000        ; -0.073     ; 3.366      ;
; -2.440 ; CLK_COUNT_400HZ[7]  ; CLK_COUNT_400HZ[5]  ; CLK          ; CLK         ; 1.000        ; -0.073     ; 3.366      ;
; -2.440 ; CLK_COUNT_400HZ[7]  ; CLK_COUNT_400HZ[6]  ; CLK          ; CLK         ; 1.000        ; -0.073     ; 3.366      ;
; -2.440 ; CLK_COUNT_400HZ[7]  ; CLK_COUNT_400HZ[9]  ; CLK          ; CLK         ; 1.000        ; -0.073     ; 3.366      ;
; -2.440 ; CLK_COUNT_400HZ[7]  ; CLK_COUNT_400HZ[7]  ; CLK          ; CLK         ; 1.000        ; -0.073     ; 3.366      ;
; -2.440 ; CLK_COUNT_400HZ[7]  ; CLK_COUNT_400HZ[8]  ; CLK          ; CLK         ; 1.000        ; -0.073     ; 3.366      ;
; -2.434 ; CLK_COUNT_400HZ[8]  ; CLK_COUNT_400HZ[2]  ; CLK          ; CLK         ; 1.000        ; -0.073     ; 3.360      ;
; -2.434 ; CLK_COUNT_400HZ[8]  ; CLK_COUNT_400HZ[3]  ; CLK          ; CLK         ; 1.000        ; -0.073     ; 3.360      ;
; -2.434 ; CLK_COUNT_400HZ[8]  ; CLK_COUNT_400HZ[5]  ; CLK          ; CLK         ; 1.000        ; -0.073     ; 3.360      ;
; -2.434 ; CLK_COUNT_400HZ[8]  ; CLK_COUNT_400HZ[6]  ; CLK          ; CLK         ; 1.000        ; -0.073     ; 3.360      ;
; -2.434 ; CLK_COUNT_400HZ[8]  ; CLK_COUNT_400HZ[9]  ; CLK          ; CLK         ; 1.000        ; -0.073     ; 3.360      ;
; -2.434 ; CLK_COUNT_400HZ[8]  ; CLK_COUNT_400HZ[7]  ; CLK          ; CLK         ; 1.000        ; -0.073     ; 3.360      ;
; -2.434 ; CLK_COUNT_400HZ[8]  ; CLK_COUNT_400HZ[8]  ; CLK          ; CLK         ; 1.000        ; -0.073     ; 3.360      ;
; -2.432 ; CLK_COUNT_400HZ[4]  ; CLK_COUNT_400HZ[2]  ; CLK          ; CLK         ; 1.000        ; -0.468     ; 2.963      ;
; -2.432 ; CLK_COUNT_400HZ[4]  ; CLK_COUNT_400HZ[3]  ; CLK          ; CLK         ; 1.000        ; -0.468     ; 2.963      ;
; -2.432 ; CLK_COUNT_400HZ[4]  ; CLK_COUNT_400HZ[5]  ; CLK          ; CLK         ; 1.000        ; -0.468     ; 2.963      ;
; -2.432 ; CLK_COUNT_400HZ[4]  ; CLK_COUNT_400HZ[6]  ; CLK          ; CLK         ; 1.000        ; -0.468     ; 2.963      ;
; -2.432 ; CLK_COUNT_400HZ[4]  ; CLK_COUNT_400HZ[9]  ; CLK          ; CLK         ; 1.000        ; -0.468     ; 2.963      ;
; -2.432 ; CLK_COUNT_400HZ[4]  ; CLK_COUNT_400HZ[7]  ; CLK          ; CLK         ; 1.000        ; -0.468     ; 2.963      ;
; -2.432 ; CLK_COUNT_400HZ[4]  ; CLK_COUNT_400HZ[8]  ; CLK          ; CLK         ; 1.000        ; -0.468     ; 2.963      ;
; -2.425 ; CLK_COUNT_400HZ[2]  ; CLK_COUNT_400HZ[2]  ; CLK          ; CLK         ; 1.000        ; -0.073     ; 3.351      ;
; -2.425 ; CLK_COUNT_400HZ[2]  ; CLK_COUNT_400HZ[3]  ; CLK          ; CLK         ; 1.000        ; -0.073     ; 3.351      ;
; -2.425 ; CLK_COUNT_400HZ[2]  ; CLK_COUNT_400HZ[5]  ; CLK          ; CLK         ; 1.000        ; -0.073     ; 3.351      ;
; -2.425 ; CLK_COUNT_400HZ[2]  ; CLK_COUNT_400HZ[6]  ; CLK          ; CLK         ; 1.000        ; -0.073     ; 3.351      ;
; -2.425 ; CLK_COUNT_400HZ[2]  ; CLK_COUNT_400HZ[9]  ; CLK          ; CLK         ; 1.000        ; -0.073     ; 3.351      ;
; -2.425 ; CLK_COUNT_400HZ[2]  ; CLK_COUNT_400HZ[7]  ; CLK          ; CLK         ; 1.000        ; -0.073     ; 3.351      ;
; -2.425 ; CLK_COUNT_400HZ[2]  ; CLK_COUNT_400HZ[8]  ; CLK          ; CLK         ; 1.000        ; -0.073     ; 3.351      ;
; -2.343 ; CLK_COUNT_400HZ[3]  ; CLK_400HZ           ; CLK          ; CLK         ; 1.000        ; -0.070     ; 3.272      ;
; -2.335 ; CLK_COUNT_400HZ[9]  ; CLK_400HZ           ; CLK          ; CLK         ; 1.000        ; -0.070     ; 3.264      ;
; -2.290 ; CLK_COUNT_400HZ[3]  ; CLK_COUNT_400HZ[2]  ; CLK          ; CLK         ; 1.000        ; -0.073     ; 3.216      ;
; -2.290 ; CLK_COUNT_400HZ[3]  ; CLK_COUNT_400HZ[3]  ; CLK          ; CLK         ; 1.000        ; -0.073     ; 3.216      ;
; -2.290 ; CLK_COUNT_400HZ[3]  ; CLK_COUNT_400HZ[5]  ; CLK          ; CLK         ; 1.000        ; -0.073     ; 3.216      ;
; -2.290 ; CLK_COUNT_400HZ[3]  ; CLK_COUNT_400HZ[6]  ; CLK          ; CLK         ; 1.000        ; -0.073     ; 3.216      ;
; -2.290 ; CLK_COUNT_400HZ[3]  ; CLK_COUNT_400HZ[9]  ; CLK          ; CLK         ; 1.000        ; -0.073     ; 3.216      ;
; -2.290 ; CLK_COUNT_400HZ[3]  ; CLK_COUNT_400HZ[7]  ; CLK          ; CLK         ; 1.000        ; -0.073     ; 3.216      ;
; -2.290 ; CLK_COUNT_400HZ[3]  ; CLK_COUNT_400HZ[8]  ; CLK          ; CLK         ; 1.000        ; -0.073     ; 3.216      ;
; -2.282 ; CLK_COUNT_400HZ[9]  ; CLK_COUNT_400HZ[2]  ; CLK          ; CLK         ; 1.000        ; -0.073     ; 3.208      ;
; -2.282 ; CLK_COUNT_400HZ[9]  ; CLK_COUNT_400HZ[3]  ; CLK          ; CLK         ; 1.000        ; -0.073     ; 3.208      ;
; -2.282 ; CLK_COUNT_400HZ[9]  ; CLK_COUNT_400HZ[5]  ; CLK          ; CLK         ; 1.000        ; -0.073     ; 3.208      ;
; -2.282 ; CLK_COUNT_400HZ[9]  ; CLK_COUNT_400HZ[6]  ; CLK          ; CLK         ; 1.000        ; -0.073     ; 3.208      ;
; -2.282 ; CLK_COUNT_400HZ[9]  ; CLK_COUNT_400HZ[9]  ; CLK          ; CLK         ; 1.000        ; -0.073     ; 3.208      ;
; -2.282 ; CLK_COUNT_400HZ[9]  ; CLK_COUNT_400HZ[7]  ; CLK          ; CLK         ; 1.000        ; -0.073     ; 3.208      ;
; -2.282 ; CLK_COUNT_400HZ[9]  ; CLK_COUNT_400HZ[8]  ; CLK          ; CLK         ; 1.000        ; -0.073     ; 3.208      ;
; -2.222 ; CLK_COUNT_400HZ[6]  ; CLK_400HZ           ; CLK          ; CLK         ; 1.000        ; -0.070     ; 3.151      ;
; -2.202 ; CLK_COUNT_400HZ[5]  ; CLK_400HZ           ; CLK          ; CLK         ; 1.000        ; -0.070     ; 3.131      ;
; -2.199 ; CLK_COUNT_400HZ[11] ; CLK_400HZ           ; CLK          ; CLK         ; 1.000        ; -0.073     ; 3.125      ;
; -2.196 ; CLK_COUNT_400HZ[11] ; CLK_COUNT_400HZ[2]  ; CLK          ; CLK         ; 1.000        ; -0.076     ; 3.119      ;
; -2.196 ; CLK_COUNT_400HZ[11] ; CLK_COUNT_400HZ[3]  ; CLK          ; CLK         ; 1.000        ; -0.076     ; 3.119      ;
; -2.196 ; CLK_COUNT_400HZ[11] ; CLK_COUNT_400HZ[5]  ; CLK          ; CLK         ; 1.000        ; -0.076     ; 3.119      ;
; -2.196 ; CLK_COUNT_400HZ[11] ; CLK_COUNT_400HZ[6]  ; CLK          ; CLK         ; 1.000        ; -0.076     ; 3.119      ;
; -2.196 ; CLK_COUNT_400HZ[11] ; CLK_COUNT_400HZ[9]  ; CLK          ; CLK         ; 1.000        ; -0.076     ; 3.119      ;
; -2.196 ; CLK_COUNT_400HZ[11] ; CLK_COUNT_400HZ[7]  ; CLK          ; CLK         ; 1.000        ; -0.076     ; 3.119      ;
; -2.196 ; CLK_COUNT_400HZ[11] ; CLK_COUNT_400HZ[8]  ; CLK          ; CLK         ; 1.000        ; -0.076     ; 3.119      ;
; -2.186 ; CLK_COUNT_400HZ[13] ; CLK_400HZ           ; CLK          ; CLK         ; 1.000        ; -0.073     ; 3.112      ;
; -2.184 ; CLK_COUNT_400HZ[13] ; CLK_COUNT_400HZ[2]  ; CLK          ; CLK         ; 1.000        ; -0.076     ; 3.107      ;
; -2.184 ; CLK_COUNT_400HZ[13] ; CLK_COUNT_400HZ[3]  ; CLK          ; CLK         ; 1.000        ; -0.076     ; 3.107      ;
; -2.184 ; CLK_COUNT_400HZ[13] ; CLK_COUNT_400HZ[5]  ; CLK          ; CLK         ; 1.000        ; -0.076     ; 3.107      ;
; -2.184 ; CLK_COUNT_400HZ[13] ; CLK_COUNT_400HZ[6]  ; CLK          ; CLK         ; 1.000        ; -0.076     ; 3.107      ;
; -2.184 ; CLK_COUNT_400HZ[13] ; CLK_COUNT_400HZ[9]  ; CLK          ; CLK         ; 1.000        ; -0.076     ; 3.107      ;
; -2.184 ; CLK_COUNT_400HZ[13] ; CLK_COUNT_400HZ[7]  ; CLK          ; CLK         ; 1.000        ; -0.076     ; 3.107      ;
; -2.184 ; CLK_COUNT_400HZ[13] ; CLK_COUNT_400HZ[8]  ; CLK          ; CLK         ; 1.000        ; -0.076     ; 3.107      ;
; -2.169 ; CLK_COUNT_400HZ[6]  ; CLK_COUNT_400HZ[2]  ; CLK          ; CLK         ; 1.000        ; -0.073     ; 3.095      ;
; -2.169 ; CLK_COUNT_400HZ[6]  ; CLK_COUNT_400HZ[3]  ; CLK          ; CLK         ; 1.000        ; -0.073     ; 3.095      ;
; -2.169 ; CLK_COUNT_400HZ[6]  ; CLK_COUNT_400HZ[5]  ; CLK          ; CLK         ; 1.000        ; -0.073     ; 3.095      ;
; -2.169 ; CLK_COUNT_400HZ[6]  ; CLK_COUNT_400HZ[6]  ; CLK          ; CLK         ; 1.000        ; -0.073     ; 3.095      ;
; -2.169 ; CLK_COUNT_400HZ[6]  ; CLK_COUNT_400HZ[9]  ; CLK          ; CLK         ; 1.000        ; -0.073     ; 3.095      ;
; -2.169 ; CLK_COUNT_400HZ[6]  ; CLK_COUNT_400HZ[7]  ; CLK          ; CLK         ; 1.000        ; -0.073     ; 3.095      ;
; -2.169 ; CLK_COUNT_400HZ[6]  ; CLK_COUNT_400HZ[8]  ; CLK          ; CLK         ; 1.000        ; -0.073     ; 3.095      ;
; -2.149 ; CLK_COUNT_400HZ[5]  ; CLK_COUNT_400HZ[2]  ; CLK          ; CLK         ; 1.000        ; -0.073     ; 3.075      ;
; -2.149 ; CLK_COUNT_400HZ[5]  ; CLK_COUNT_400HZ[3]  ; CLK          ; CLK         ; 1.000        ; -0.073     ; 3.075      ;
; -2.149 ; CLK_COUNT_400HZ[5]  ; CLK_COUNT_400HZ[5]  ; CLK          ; CLK         ; 1.000        ; -0.073     ; 3.075      ;
; -2.149 ; CLK_COUNT_400HZ[5]  ; CLK_COUNT_400HZ[6]  ; CLK          ; CLK         ; 1.000        ; -0.073     ; 3.075      ;
; -2.149 ; CLK_COUNT_400HZ[5]  ; CLK_COUNT_400HZ[9]  ; CLK          ; CLK         ; 1.000        ; -0.073     ; 3.075      ;
; -2.149 ; CLK_COUNT_400HZ[5]  ; CLK_COUNT_400HZ[7]  ; CLK          ; CLK         ; 1.000        ; -0.073     ; 3.075      ;
; -2.149 ; CLK_COUNT_400HZ[5]  ; CLK_COUNT_400HZ[8]  ; CLK          ; CLK         ; 1.000        ; -0.073     ; 3.075      ;
; -2.061 ; CLK_COUNT_400HZ[7]  ; CLK_COUNT_400HZ[4]  ; CLK          ; CLK         ; 1.000        ; 0.306      ; 3.366      ;
; -2.061 ; CLK_COUNT_400HZ[7]  ; CLK_COUNT_400HZ[0]  ; CLK          ; CLK         ; 1.000        ; 0.306      ; 3.366      ;
; -2.061 ; CLK_COUNT_400HZ[7]  ; CLK_COUNT_400HZ[1]  ; CLK          ; CLK         ; 1.000        ; 0.306      ; 3.366      ;
; -2.055 ; CLK_COUNT_400HZ[8]  ; CLK_COUNT_400HZ[4]  ; CLK          ; CLK         ; 1.000        ; 0.306      ; 3.360      ;
; -2.055 ; CLK_COUNT_400HZ[8]  ; CLK_COUNT_400HZ[0]  ; CLK          ; CLK         ; 1.000        ; 0.306      ; 3.360      ;
; -2.055 ; CLK_COUNT_400HZ[8]  ; CLK_COUNT_400HZ[1]  ; CLK          ; CLK         ; 1.000        ; 0.306      ; 3.360      ;
; -2.053 ; CLK_COUNT_400HZ[4]  ; CLK_COUNT_400HZ[4]  ; CLK          ; CLK         ; 1.000        ; -0.089     ; 2.963      ;
; -2.053 ; CLK_COUNT_400HZ[4]  ; CLK_COUNT_400HZ[0]  ; CLK          ; CLK         ; 1.000        ; -0.089     ; 2.963      ;
; -2.053 ; CLK_COUNT_400HZ[4]  ; CLK_COUNT_400HZ[1]  ; CLK          ; CLK         ; 1.000        ; -0.089     ; 2.963      ;
; -2.046 ; CLK_COUNT_400HZ[2]  ; CLK_COUNT_400HZ[4]  ; CLK          ; CLK         ; 1.000        ; 0.306      ; 3.351      ;
; -2.046 ; CLK_COUNT_400HZ[2]  ; CLK_COUNT_400HZ[0]  ; CLK          ; CLK         ; 1.000        ; 0.306      ; 3.351      ;
; -2.046 ; CLK_COUNT_400HZ[2]  ; CLK_COUNT_400HZ[1]  ; CLK          ; CLK         ; 1.000        ; 0.306      ; 3.351      ;
; -2.016 ; CLK_COUNT_400HZ[12] ; CLK_400HZ           ; CLK          ; CLK         ; 1.000        ; -0.073     ; 2.942      ;
; -2.011 ; CLK_COUNT_400HZ[7]  ; CLK_COUNT_400HZ[14] ; CLK          ; CLK         ; 1.000        ; -0.070     ; 2.940      ;
; -2.011 ; CLK_COUNT_400HZ[7]  ; CLK_COUNT_400HZ[11] ; CLK          ; CLK         ; 1.000        ; -0.070     ; 2.940      ;
; -2.011 ; CLK_COUNT_400HZ[7]  ; CLK_COUNT_400HZ[10] ; CLK          ; CLK         ; 1.000        ; -0.070     ; 2.940      ;
; -2.011 ; CLK_COUNT_400HZ[7]  ; CLK_COUNT_400HZ[12] ; CLK          ; CLK         ; 1.000        ; -0.070     ; 2.940      ;
; -2.011 ; CLK_COUNT_400HZ[7]  ; CLK_COUNT_400HZ[13] ; CLK          ; CLK         ; 1.000        ; -0.070     ; 2.940      ;
; -2.011 ; CLK_COUNT_400HZ[7]  ; CLK_COUNT_400HZ[15] ; CLK          ; CLK         ; 1.000        ; -0.070     ; 2.940      ;
; -2.011 ; CLK_COUNT_400HZ[7]  ; CLK_COUNT_400HZ[16] ; CLK          ; CLK         ; 1.000        ; -0.070     ; 2.940      ;
+--------+---------------------+---------------------+--------------+-------------+--------------+------------+------------+


+-------------------------------------------------------------------------------------------------------------------------------+
; Slow 1200mV 0C Model Setup: 'CLK_400HZ'                                                                                       ;
+--------+--------------------+---------------------------+--------------+-------------+--------------+------------+------------+
; Slack  ; From Node          ; To Node                   ; Launch Clock ; Latch Clock ; Relationship ; Clock Skew ; Data Delay ;
+--------+--------------------+---------------------------+--------------+-------------+--------------+------------+------------+
; -1.309 ; CHAR_COUNT[1]      ; next_command.Print_String ; CLK_400HZ    ; CLK_400HZ   ; 1.000        ; -0.073     ; 2.235      ;
; -1.222 ; CHAR_COUNT[2]      ; DATA_BUS_VALUE[3]         ; CLK_400HZ    ; CLK_400HZ   ; 1.000        ; -0.074     ; 2.147      ;
; -1.194 ; CHAR_COUNT[2]      ; DATA_BUS_VALUE[2]         ; CLK_400HZ    ; CLK_400HZ   ; 1.000        ; -0.073     ; 2.120      ;
; -1.187 ; CHAR_COUNT[1]      ; DATA_BUS_VALUE[0]         ; CLK_400HZ    ; CLK_400HZ   ; 1.000        ; -0.073     ; 2.113      ;
; -1.164 ; CHAR_COUNT[4]      ; DATA_BUS_VALUE[2]         ; CLK_400HZ    ; CLK_400HZ   ; 1.000        ; -0.073     ; 2.090      ;
; -1.160 ; CHAR_COUNT[3]      ; next_command.Print_String ; CLK_400HZ    ; CLK_400HZ   ; 1.000        ; -0.073     ; 2.086      ;
; -1.125 ; CHAR_COUNT[4]      ; DATA_BUS_VALUE[4]         ; CLK_400HZ    ; CLK_400HZ   ; 1.000        ; -0.072     ; 2.052      ;
; -1.087 ; CHAR_COUNT[0]      ; DATA_BUS_VALUE[0]         ; CLK_400HZ    ; CLK_400HZ   ; 1.000        ; -0.073     ; 2.013      ;
; -1.082 ; CHAR_COUNT[0]      ; next_command.Print_String ; CLK_400HZ    ; CLK_400HZ   ; 1.000        ; -0.073     ; 2.008      ;
; -1.065 ; CHAR_COUNT[3]      ; DATA_BUS_VALUE[3]         ; CLK_400HZ    ; CLK_400HZ   ; 1.000        ; -0.074     ; 1.990      ;
; -1.059 ; state.DROP_LCD_E   ; DATA_BUS_VALUE[3]         ; CLK_400HZ    ; CLK_400HZ   ; 1.000        ; -0.072     ; 1.986      ;
; -1.015 ; CHAR_COUNT[1]      ; DATA_BUS_VALUE[3]         ; CLK_400HZ    ; CLK_400HZ   ; 1.000        ; -0.074     ; 1.940      ;
; -1.000 ; CHAR_COUNT[1]      ; next_command.RETURN_HOME  ; CLK_400HZ    ; CLK_400HZ   ; 1.000        ; -0.073     ; 1.926      ;
; -0.999 ; state.FUNC_SET     ; DATA_BUS_VALUE[3]         ; CLK_400HZ    ; CLK_400HZ   ; 1.000        ; -0.072     ; 1.926      ;
; -0.992 ; CHAR_COUNT[4]      ; DATA_BUS_VALUE[6]         ; CLK_400HZ    ; CLK_400HZ   ; 1.000        ; -0.074     ; 1.917      ;
; -0.991 ; state.RESET2       ; DATA_BUS_VALUE[3]         ; CLK_400HZ    ; CLK_400HZ   ; 1.000        ; -0.072     ; 1.918      ;
; -0.979 ; state.Print_String ; DATA_BUS_VALUE[3]         ; CLK_400HZ    ; CLK_400HZ   ; 1.000        ; -0.073     ; 1.905      ;
; -0.971 ; CHAR_COUNT[2]      ; next_command.Print_String ; CLK_400HZ    ; CLK_400HZ   ; 1.000        ; -0.073     ; 1.897      ;
; -0.962 ; CHAR_COUNT[0]      ; DATA_BUS_VALUE[2]         ; CLK_400HZ    ; CLK_400HZ   ; 1.000        ; -0.073     ; 1.888      ;
; -0.958 ; CHAR_COUNT[2]      ; DATA_BUS_VALUE[6]         ; CLK_400HZ    ; CLK_400HZ   ; 1.000        ; -0.074     ; 1.883      ;
; -0.952 ; CHAR_COUNT[4]      ; DATA_BUS_VALUE[0]         ; CLK_400HZ    ; CLK_400HZ   ; 1.000        ; -0.073     ; 1.878      ;
; -0.943 ; CHAR_COUNT[4]      ; DATA_BUS_VALUE[1]         ; CLK_400HZ    ; CLK_400HZ   ; 1.000        ; -0.073     ; 1.869      ;
; -0.936 ; state.HOLD         ; DATA_BUS_VALUE[3]         ; CLK_400HZ    ; CLK_400HZ   ; 1.000        ; -0.073     ; 1.862      ;
; -0.926 ; CHAR_COUNT[2]      ; DATA_BUS_VALUE[4]         ; CLK_400HZ    ; CLK_400HZ   ; 1.000        ; -0.072     ; 1.853      ;
; -0.898 ; state.DROP_LCD_E   ; DATA_BUS_VALUE[5]         ; CLK_400HZ    ; CLK_400HZ   ; 1.000        ; -0.070     ; 1.827      ;
; -0.898 ; state.DROP_LCD_E   ; DATA_BUS_VALUE[4]         ; CLK_400HZ    ; CLK_400HZ   ; 1.000        ; -0.070     ; 1.827      ;
; -0.896 ; state.DROP_LCD_E   ; next_command.Print_String ; CLK_400HZ    ; CLK_400HZ   ; 1.000        ; -0.071     ; 1.824      ;
; -0.892 ; CHAR_COUNT[1]      ; DATA_BUS_VALUE[2]         ; CLK_400HZ    ; CLK_400HZ   ; 1.000        ; -0.073     ; 1.818      ;
; -0.891 ; CHAR_COUNT[4]      ; DATA_BUS_VALUE[5]         ; CLK_400HZ    ; CLK_400HZ   ; 1.000        ; -0.072     ; 1.818      ;
; -0.891 ; CHAR_COUNT[2]      ; DATA_BUS_VALUE[5]         ; CLK_400HZ    ; CLK_400HZ   ; 1.000        ; -0.072     ; 1.818      ;
; -0.882 ; CHAR_COUNT[1]      ; DATA_BUS_VALUE[6]         ; CLK_400HZ    ; CLK_400HZ   ; 1.000        ; -0.074     ; 1.807      ;
; -0.880 ; state.RETURN_HOME  ; DATA_BUS_VALUE[5]         ; CLK_400HZ    ; CLK_400HZ   ; 1.000        ; -0.071     ; 1.808      ;
; -0.879 ; state.RETURN_HOME  ; DATA_BUS_VALUE[4]         ; CLK_400HZ    ; CLK_400HZ   ; 1.000        ; -0.071     ; 1.807      ;
; -0.874 ; state.LINE2        ; DATA_BUS_VALUE[5]         ; CLK_400HZ    ; CLK_400HZ   ; 1.000        ; -0.071     ; 1.802      ;
; -0.873 ; state.LINE2        ; DATA_BUS_VALUE[4]         ; CLK_400HZ    ; CLK_400HZ   ; 1.000        ; -0.071     ; 1.801      ;
; -0.858 ; state.DROP_LCD_E   ; DATA_BUS_VALUE[0]         ; CLK_400HZ    ; CLK_400HZ   ; 1.000        ; -0.071     ; 1.786      ;
; -0.858 ; CHAR_COUNT[1]      ; DATA_BUS_VALUE[5]         ; CLK_400HZ    ; CLK_400HZ   ; 1.000        ; -0.072     ; 1.785      ;
; -0.856 ; state.DROP_LCD_E   ; DATA_BUS_VALUE[2]         ; CLK_400HZ    ; CLK_400HZ   ; 1.000        ; -0.071     ; 1.784      ;
; -0.851 ; state.DISPLAY_ON   ; DATA_BUS_VALUE[3]         ; CLK_400HZ    ; CLK_400HZ   ; 1.000        ; -0.072     ; 1.778      ;
; -0.850 ; CHAR_COUNT[3]      ; next_command.RETURN_HOME  ; CLK_400HZ    ; CLK_400HZ   ; 1.000        ; -0.073     ; 1.776      ;
; -0.831 ; CHAR_COUNT[2]      ; DATA_BUS_VALUE[0]         ; CLK_400HZ    ; CLK_400HZ   ; 1.000        ; -0.073     ; 1.757      ;
; -0.827 ; CHAR_COUNT[0]      ; DATA_BUS_VALUE[6]         ; CLK_400HZ    ; CLK_400HZ   ; 1.000        ; -0.074     ; 1.752      ;
; -0.807 ; CHAR_COUNT[1]      ; CHAR_COUNT[4]             ; CLK_400HZ    ; CLK_400HZ   ; 1.000        ; -0.072     ; 1.734      ;
; -0.789 ; state.Print_String ; next_command.Print_String ; CLK_400HZ    ; CLK_400HZ   ; 1.000        ; -0.072     ; 1.716      ;
; -0.787 ; state.HOLD         ; next_command.Print_String ; CLK_400HZ    ; CLK_400HZ   ; 1.000        ; -0.072     ; 1.714      ;
; -0.772 ; CHAR_COUNT[0]      ; next_command.RETURN_HOME  ; CLK_400HZ    ; CLK_400HZ   ; 1.000        ; -0.073     ; 1.698      ;
; -0.763 ; CHAR_COUNT[3]      ; DATA_BUS_VALUE[2]         ; CLK_400HZ    ; CLK_400HZ   ; 1.000        ; -0.073     ; 1.689      ;
; -0.752 ; CHAR_COUNT[2]      ; CHAR_COUNT[2]             ; CLK_400HZ    ; CLK_400HZ   ; 1.000        ; -0.072     ; 1.679      ;
; -0.752 ; state.MODE_SET     ; DATA_BUS_VALUE[1]         ; CLK_400HZ    ; CLK_400HZ   ; 1.000        ; -0.072     ; 1.679      ;
; -0.750 ; CHAR_COUNT[0]      ; DATA_BUS_VALUE[4]         ; CLK_400HZ    ; CLK_400HZ   ; 1.000        ; -0.072     ; 1.677      ;
; -0.749 ; state.RESET1       ; CHAR_COUNT[4]             ; CLK_400HZ    ; CLK_400HZ   ; 1.000        ; -0.071     ; 1.677      ;
; -0.744 ; state.DISPLAY_OFF  ; DATA_BUS_VALUE[4]         ; CLK_400HZ    ; CLK_400HZ   ; 1.000        ; -0.070     ; 1.673      ;
; -0.744 ; state.DISPLAY_OFF  ; DATA_BUS_VALUE[5]         ; CLK_400HZ    ; CLK_400HZ   ; 1.000        ; -0.070     ; 1.673      ;
; -0.740 ; CHAR_COUNT[1]      ; DATA_BUS_VALUE[1]         ; CLK_400HZ    ; CLK_400HZ   ; 1.000        ; -0.073     ; 1.666      ;
; -0.735 ; state.HOLD         ; DATA_BUS_VALUE[0]         ; CLK_400HZ    ; CLK_400HZ   ; 1.000        ; -0.072     ; 1.662      ;
; -0.733 ; state.HOLD         ; DATA_BUS_VALUE[2]         ; CLK_400HZ    ; CLK_400HZ   ; 1.000        ; -0.072     ; 1.660      ;
; -0.726 ; CHAR_COUNT[0]      ; DATA_BUS_VALUE[5]         ; CLK_400HZ    ; CLK_400HZ   ; 1.000        ; -0.072     ; 1.653      ;
; -0.720 ; state.MODE_SET     ; DATA_BUS_VALUE[5]         ; CLK_400HZ    ; CLK_400HZ   ; 1.000        ; -0.071     ; 1.648      ;
; -0.719 ; state.MODE_SET     ; DATA_BUS_VALUE[4]         ; CLK_400HZ    ; CLK_400HZ   ; 1.000        ; -0.071     ; 1.647      ;
; -0.718 ; CHAR_COUNT[0]      ; CHAR_COUNT[4]             ; CLK_400HZ    ; CLK_400HZ   ; 1.000        ; -0.072     ; 1.645      ;
; -0.706 ; state.DISPLAY_OFF  ; DATA_BUS_VALUE[3]         ; CLK_400HZ    ; CLK_400HZ   ; 1.000        ; -0.072     ; 1.633      ;
; -0.691 ; CHAR_COUNT[1]      ; CHAR_COUNT[2]             ; CLK_400HZ    ; CLK_400HZ   ; 1.000        ; -0.072     ; 1.618      ;
; -0.690 ; CHAR_COUNT[0]      ; CHAR_COUNT[3]             ; CLK_400HZ    ; CLK_400HZ   ; 1.000        ; -0.072     ; 1.617      ;
; -0.684 ; state.HOLD         ; DATA_BUS_VALUE[5]         ; CLK_400HZ    ; CLK_400HZ   ; 1.000        ; -0.071     ; 1.612      ;
; -0.684 ; state.HOLD         ; DATA_BUS_VALUE[4]         ; CLK_400HZ    ; CLK_400HZ   ; 1.000        ; -0.071     ; 1.612      ;
; -0.683 ; state.LINE2        ; DATA_BUS_VALUE[6]         ; CLK_400HZ    ; CLK_400HZ   ; 1.000        ; -0.073     ; 1.609      ;
; -0.669 ; CHAR_COUNT[3]      ; CHAR_COUNT[4]             ; CLK_400HZ    ; CLK_400HZ   ; 1.000        ; -0.072     ; 1.596      ;
; -0.667 ; state.Print_String ; DATA_BUS_VALUE[5]         ; CLK_400HZ    ; CLK_400HZ   ; 1.000        ; -0.071     ; 1.595      ;
; -0.667 ; state.HOLD         ; DATA_BUS_VALUE[1]         ; CLK_400HZ    ; CLK_400HZ   ; 1.000        ; -0.072     ; 1.594      ;
; -0.666 ; state.Print_String ; DATA_BUS_VALUE[4]         ; CLK_400HZ    ; CLK_400HZ   ; 1.000        ; -0.071     ; 1.594      ;
; -0.662 ; CHAR_COUNT[2]      ; next_command.RETURN_HOME  ; CLK_400HZ    ; CLK_400HZ   ; 1.000        ; -0.073     ; 1.588      ;
; -0.662 ; CHAR_COUNT[1]      ; CHAR_COUNT[3]             ; CLK_400HZ    ; CLK_400HZ   ; 1.000        ; -0.072     ; 1.589      ;
; -0.631 ; state.DROP_LCD_E   ; DATA_BUS_VALUE[6]         ; CLK_400HZ    ; CLK_400HZ   ; 1.000        ; -0.072     ; 1.558      ;
; -0.626 ; CHAR_COUNT[0]      ; DATA_BUS_VALUE[1]         ; CLK_400HZ    ; CLK_400HZ   ; 1.000        ; -0.073     ; 1.552      ;
; -0.624 ; state.Print_String ; DATA_BUS_VALUE[0]         ; CLK_400HZ    ; CLK_400HZ   ; 1.000        ; -0.072     ; 1.551      ;
; -0.623 ; state.DROP_LCD_E   ; DATA_BUS_VALUE[1]         ; CLK_400HZ    ; CLK_400HZ   ; 1.000        ; -0.071     ; 1.551      ;
; -0.620 ; CHAR_COUNT[2]      ; CHAR_COUNT[4]             ; CLK_400HZ    ; CLK_400HZ   ; 1.000        ; -0.072     ; 1.547      ;
; -0.620 ; state.RESET1       ; CHAR_COUNT[2]             ; CLK_400HZ    ; CLK_400HZ   ; 1.000        ; -0.071     ; 1.548      ;
; -0.619 ; state.RESET1       ; CHAR_COUNT[1]             ; CLK_400HZ    ; CLK_400HZ   ; 1.000        ; -0.071     ; 1.547      ;
; -0.613 ; state.RESET1       ; CHAR_COUNT[0]             ; CLK_400HZ    ; CLK_400HZ   ; 1.000        ; -0.071     ; 1.541      ;
; -0.612 ; state.RESET1       ; CHAR_COUNT[3]             ; CLK_400HZ    ; CLK_400HZ   ; 1.000        ; -0.071     ; 1.540      ;
; -0.604 ; state.MODE_SET     ; DATA_BUS_VALUE[2]         ; CLK_400HZ    ; CLK_400HZ   ; 1.000        ; -0.072     ; 1.531      ;
; -0.603 ; CHAR_COUNT[4]      ; CHAR_COUNT[4]             ; CLK_400HZ    ; CLK_400HZ   ; 1.000        ; -0.072     ; 1.530      ;
; -0.602 ; CHAR_COUNT[0]      ; CHAR_COUNT[2]             ; CLK_400HZ    ; CLK_400HZ   ; 1.000        ; -0.072     ; 1.529      ;
; -0.600 ; CHAR_COUNT[3]      ; DATA_BUS_VALUE[0]         ; CLK_400HZ    ; CLK_400HZ   ; 1.000        ; -0.073     ; 1.526      ;
; -0.594 ; state.HOLD         ; DATA_BUS_VALUE[6]         ; CLK_400HZ    ; CLK_400HZ   ; 1.000        ; -0.073     ; 1.520      ;
; -0.593 ; CHAR_COUNT[2]      ; CHAR_COUNT[3]             ; CLK_400HZ    ; CLK_400HZ   ; 1.000        ; -0.072     ; 1.520      ;
; -0.586 ; state.DROP_LCD_E   ; state.DROP_LCD_E          ; CLK_400HZ    ; CLK_400HZ   ; 1.000        ; -0.071     ; 1.514      ;
; -0.579 ; CHAR_COUNT[1]      ; DATA_BUS_VALUE[4]         ; CLK_400HZ    ; CLK_400HZ   ; 1.000        ; -0.072     ; 1.506      ;
; -0.575 ; state.RESET1       ; DATA_BUS_VALUE[3]         ; CLK_400HZ    ; CLK_400HZ   ; 1.000        ; -0.073     ; 1.501      ;
; -0.574 ; state.DROP_LCD_E   ; DATA_BUS_VALUE[7]         ; CLK_400HZ    ; CLK_400HZ   ; 1.000        ; -0.071     ; 1.502      ;
; -0.574 ; CHAR_COUNT[0]      ; CHAR_COUNT[1]             ; CLK_400HZ    ; CLK_400HZ   ; 1.000        ; -0.072     ; 1.501      ;
; -0.568 ; state.HOLD         ; next_command.FUNC_SET     ; CLK_400HZ    ; CLK_400HZ   ; 1.000        ; -0.073     ; 1.494      ;
; -0.561 ; DATA_BUS_VALUE[6]  ; DATA_BUS_VALUE[6]         ; CLK_400HZ    ; CLK_400HZ   ; 1.000        ; -0.072     ; 1.488      ;
; -0.543 ; state.HOLD         ; next_command.RETURN_HOME  ; CLK_400HZ    ; CLK_400HZ   ; 1.000        ; -0.072     ; 1.470      ;
; -0.536 ; state.HOLD         ; next_command.DISPLAY_OFF  ; CLK_400HZ    ; CLK_400HZ   ; 1.000        ; -0.073     ; 1.462      ;
; -0.526 ; state.HOLD         ; next_command.RESET3       ; CLK_400HZ    ; CLK_400HZ   ; 1.000        ; -0.073     ; 1.452      ;
; -0.526 ; state.Print_String ; DATA_BUS_VALUE[6]         ; CLK_400HZ    ; CLK_400HZ   ; 1.000        ; -0.073     ; 1.452      ;
; -0.523 ; CHAR_COUNT[2]      ; DATA_BUS_VALUE[1]         ; CLK_400HZ    ; CLK_400HZ   ; 1.000        ; -0.073     ; 1.449      ;
; -0.522 ; state.HOLD         ; next_command.RESET2       ; CLK_400HZ    ; CLK_400HZ   ; 1.000        ; -0.073     ; 1.448      ;
+--------+--------------------+---------------------------+--------------+-------------+--------------+------------+------------+


+---------------------------------------------------------------------------------------------------------------------------------------+
; Slow 1200mV 0C Model Hold: 'CLK_400HZ'                                                                                                ;
+-------+----------------------------+----------------------------+--------------+-------------+--------------+------------+------------+
; Slack ; From Node                  ; To Node                    ; Launch Clock ; Latch Clock ; Relationship ; Clock Skew ; Data Delay ;
+-------+----------------------------+----------------------------+--------------+-------------+--------------+------------+------------+
; 0.354 ; next_command.DISPLAY_OFF   ; next_command.DISPLAY_OFF   ; CLK_400HZ    ; CLK_400HZ   ; 0.000        ; 0.072      ; 0.597      ;
; 0.354 ; next_command.FUNC_SET      ; next_command.FUNC_SET      ; CLK_400HZ    ; CLK_400HZ   ; 0.000        ; 0.072      ; 0.597      ;
; 0.354 ; next_command.RESET3        ; next_command.RESET3        ; CLK_400HZ    ; CLK_400HZ   ; 0.000        ; 0.072      ; 0.597      ;
; 0.354 ; next_command.RESET2        ; next_command.RESET2        ; CLK_400HZ    ; CLK_400HZ   ; 0.000        ; 0.072      ; 0.597      ;
; 0.355 ; E~reg0                     ; E~reg0                     ; CLK_400HZ    ; CLK_400HZ   ; 0.000        ; 0.071      ; 0.597      ;
; 0.355 ; RS~reg0                    ; RS~reg0                    ; CLK_400HZ    ; CLK_400HZ   ; 0.000        ; 0.071      ; 0.597      ;
; 0.355 ; DATA_BUS_VALUE[7]          ; DATA_BUS_VALUE[7]          ; CLK_400HZ    ; CLK_400HZ   ; 0.000        ; 0.071      ; 0.597      ;
; 0.355 ; DATA_BUS_VALUE[2]          ; DATA_BUS_VALUE[2]          ; CLK_400HZ    ; CLK_400HZ   ; 0.000        ; 0.071      ; 0.597      ;
; 0.355 ; DATA_BUS_VALUE[0]          ; DATA_BUS_VALUE[0]          ; CLK_400HZ    ; CLK_400HZ   ; 0.000        ; 0.071      ; 0.597      ;
; 0.355 ; next_command.MODE_SET      ; next_command.MODE_SET      ; CLK_400HZ    ; CLK_400HZ   ; 0.000        ; 0.071      ; 0.597      ;
; 0.355 ; next_command.DISPLAY_ON    ; next_command.DISPLAY_ON    ; CLK_400HZ    ; CLK_400HZ   ; 0.000        ; 0.071      ; 0.597      ;
; 0.355 ; next_command.DISPLAY_CLEAR ; next_command.DISPLAY_CLEAR ; CLK_400HZ    ; CLK_400HZ   ; 0.000        ; 0.071      ; 0.597      ;
; 0.440 ; state.HOLD                 ; next_command.LINE2         ; CLK_400HZ    ; CLK_400HZ   ; 0.000        ; 0.431      ; 1.042      ;
; 0.444 ; state.HOLD                 ; E~reg0                     ; CLK_400HZ    ; CLK_400HZ   ; 0.000        ; 0.071      ; 0.686      ;
; 0.479 ; state.DROP_LCD_E           ; RS~reg0                    ; CLK_400HZ    ; CLK_400HZ   ; 0.000        ; 0.071      ; 0.721      ;
; 0.484 ; state.DROP_LCD_E           ; next_command.MODE_SET      ; CLK_400HZ    ; CLK_400HZ   ; 0.000        ; 0.071      ; 0.726      ;
; 0.508 ; CHAR_COUNT[4]              ; next_command.LINE2         ; CLK_400HZ    ; CLK_400HZ   ; 0.000        ; 0.431      ; 1.110      ;
; 0.518 ; state.Print_String         ; next_command.LINE2         ; CLK_400HZ    ; CLK_400HZ   ; 0.000        ; 0.431      ; 1.120      ;
; 0.529 ; state.RESET3               ; DATA_BUS_VALUE[3]          ; CLK_400HZ    ; CLK_400HZ   ; 0.000        ; 0.072      ; 0.772      ;
; 0.560 ; next_command.DISPLAY_CLEAR ; state.DISPLAY_CLEAR        ; CLK_400HZ    ; CLK_400HZ   ; 0.000        ; 0.072      ; 0.803      ;
; 0.563 ; next_command.RETURN_HOME   ; state.RETURN_HOME          ; CLK_400HZ    ; CLK_400HZ   ; 0.000        ; 0.072      ; 0.806      ;
; 0.564 ; next_command.MODE_SET      ; state.MODE_SET             ; CLK_400HZ    ; CLK_400HZ   ; 0.000        ; 0.072      ; 0.807      ;
; 0.564 ; state.RESET3               ; next_command.FUNC_SET      ; CLK_400HZ    ; CLK_400HZ   ; 0.000        ; 0.072      ; 0.807      ;
; 0.570 ; state.RESET2               ; next_command.RESET3        ; CLK_400HZ    ; CLK_400HZ   ; 0.000        ; 0.072      ; 0.813      ;
; 0.572 ; state.FUNC_SET             ; next_command.DISPLAY_OFF   ; CLK_400HZ    ; CLK_400HZ   ; 0.000        ; 0.072      ; 0.815      ;
; 0.578 ; CHAR_COUNT[4]              ; CHAR_COUNT[4]              ; CLK_400HZ    ; CLK_400HZ   ; 0.000        ; 0.072      ; 0.821      ;
; 0.581 ; next_command.Print_String  ; state.Print_String         ; CLK_400HZ    ; CLK_400HZ   ; 0.000        ; 0.072      ; 0.824      ;
; 0.584 ; next_command.RESET3        ; state.RESET3               ; CLK_400HZ    ; CLK_400HZ   ; 0.000        ; 0.072      ; 0.827      ;
; 0.586 ; next_command.RESET2        ; state.RESET2               ; CLK_400HZ    ; CLK_400HZ   ; 0.000        ; 0.072      ; 0.829      ;
; 0.587 ; next_command.DISPLAY_OFF   ; state.DISPLAY_OFF          ; CLK_400HZ    ; CLK_400HZ   ; 0.000        ; 0.072      ; 0.830      ;
; 0.603 ; next_command.FUNC_SET      ; state.FUNC_SET             ; CLK_400HZ    ; CLK_400HZ   ; 0.000        ; 0.072      ; 0.846      ;
; 0.617 ; CHAR_COUNT[3]              ; CHAR_COUNT[3]              ; CLK_400HZ    ; CLK_400HZ   ; 0.000        ; 0.072      ; 0.860      ;
; 0.631 ; CHAR_COUNT[1]              ; CHAR_COUNT[1]              ; CLK_400HZ    ; CLK_400HZ   ; 0.000        ; 0.072      ; 0.874      ;
; 0.637 ; state.DROP_LCD_E           ; next_command.RESET2        ; CLK_400HZ    ; CLK_400HZ   ; 0.000        ; 0.071      ; 0.879      ;
; 0.645 ; CHAR_COUNT[2]              ; CHAR_COUNT[2]              ; CLK_400HZ    ; CLK_400HZ   ; 0.000        ; 0.072      ; 0.888      ;
; 0.646 ; state.HOLD                 ; state.RETURN_HOME          ; CLK_400HZ    ; CLK_400HZ   ; 0.000        ; 0.071      ; 0.888      ;
; 0.647 ; state.HOLD                 ; state.LINE2                ; CLK_400HZ    ; CLK_400HZ   ; 0.000        ; 0.071      ; 0.889      ;
; 0.648 ; CHAR_COUNT[0]              ; CHAR_COUNT[0]              ; CLK_400HZ    ; CLK_400HZ   ; 0.000        ; 0.072      ; 0.891      ;
; 0.648 ; state.HOLD                 ; state.MODE_SET             ; CLK_400HZ    ; CLK_400HZ   ; 0.000        ; 0.071      ; 0.890      ;
; 0.649 ; state.HOLD                 ; state.DISPLAY_CLEAR        ; CLK_400HZ    ; CLK_400HZ   ; 0.000        ; 0.071      ; 0.891      ;
; 0.649 ; state.HOLD                 ; state.Print_String         ; CLK_400HZ    ; CLK_400HZ   ; 0.000        ; 0.071      ; 0.891      ;
; 0.684 ; state.Print_String         ; DATA_BUS_VALUE[5]          ; CLK_400HZ    ; CLK_400HZ   ; 0.000        ; 0.071      ; 0.926      ;
; 0.697 ; state.Print_String         ; DATA_BUS_VALUE[4]          ; CLK_400HZ    ; CLK_400HZ   ; 0.000        ; 0.071      ; 0.939      ;
; 0.702 ; CHAR_COUNT[3]              ; DATA_BUS_VALUE[4]          ; CLK_400HZ    ; CLK_400HZ   ; 0.000        ; 0.071      ; 0.944      ;
; 0.720 ; CHAR_COUNT[3]              ; DATA_BUS_VALUE[5]          ; CLK_400HZ    ; CLK_400HZ   ; 0.000        ; 0.071      ; 0.962      ;
; 0.724 ; state.DROP_LCD_E           ; next_command.DISPLAY_CLEAR ; CLK_400HZ    ; CLK_400HZ   ; 0.000        ; 0.071      ; 0.966      ;
; 0.729 ; state.DROP_LCD_E           ; next_command.DISPLAY_ON    ; CLK_400HZ    ; CLK_400HZ   ; 0.000        ; 0.071      ; 0.971      ;
; 0.743 ; CHAR_COUNT[2]              ; next_command.LINE2         ; CLK_400HZ    ; CLK_400HZ   ; 0.000        ; 0.431      ; 1.345      ;
; 0.744 ; state.MODE_SET             ; next_command.Print_String  ; CLK_400HZ    ; CLK_400HZ   ; 0.000        ; 0.070      ; 0.985      ;
; 0.769 ; state.DISPLAY_ON           ; next_command.MODE_SET      ; CLK_400HZ    ; CLK_400HZ   ; 0.000        ; 0.072      ; 1.012      ;
; 0.773 ; state.DROP_LCD_E           ; state.HOLD                 ; CLK_400HZ    ; CLK_400HZ   ; 0.000        ; 0.072      ; 1.016      ;
; 0.784 ; next_command.DISPLAY_ON    ; state.DISPLAY_ON           ; CLK_400HZ    ; CLK_400HZ   ; 0.000        ; 0.071      ; 1.026      ;
; 0.804 ; state.DISPLAY_OFF          ; next_command.DISPLAY_CLEAR ; CLK_400HZ    ; CLK_400HZ   ; 0.000        ; 0.072      ; 1.047      ;
; 0.808 ; state.DISPLAY_ON           ; DATA_BUS_VALUE[2]          ; CLK_400HZ    ; CLK_400HZ   ; 0.000        ; 0.072      ; 1.051      ;
; 0.812 ; state.HOLD                 ; next_command.DISPLAY_ON    ; CLK_400HZ    ; CLK_400HZ   ; 0.000        ; 0.070      ; 1.053      ;
; 0.813 ; state.RETURN_HOME          ; DATA_BUS_VALUE[7]          ; CLK_400HZ    ; CLK_400HZ   ; 0.000        ; 0.070      ; 1.054      ;
; 0.813 ; state.DISPLAY_CLEAR        ; DATA_BUS_VALUE[0]          ; CLK_400HZ    ; CLK_400HZ   ; 0.000        ; 0.070      ; 1.054      ;
; 0.816 ; state.HOLD                 ; next_command.DISPLAY_CLEAR ; CLK_400HZ    ; CLK_400HZ   ; 0.000        ; 0.070      ; 1.057      ;
; 0.818 ; state.Print_String         ; RS~reg0                    ; CLK_400HZ    ; CLK_400HZ   ; 0.000        ; 0.070      ; 1.059      ;
; 0.834 ; CHAR_COUNT[0]              ; next_command.LINE2         ; CLK_400HZ    ; CLK_400HZ   ; 0.000        ; 0.431      ; 1.436      ;
; 0.837 ; state.Print_String         ; DATA_BUS_VALUE[1]          ; CLK_400HZ    ; CLK_400HZ   ; 0.000        ; 0.070      ; 1.078      ;
; 0.840 ; state.HOLD                 ; RS~reg0                    ; CLK_400HZ    ; CLK_400HZ   ; 0.000        ; 0.070      ; 1.081      ;
; 0.850 ; next_command.RETURN_HOME   ; next_command.RETURN_HOME   ; CLK_400HZ    ; CLK_400HZ   ; 0.000        ; 0.071      ; 1.092      ;
; 0.858 ; state.Print_String         ; next_command.RETURN_HOME   ; CLK_400HZ    ; CLK_400HZ   ; 0.000        ; 0.070      ; 1.099      ;
; 0.867 ; state.HOLD                 ; state.RESET3               ; CLK_400HZ    ; CLK_400HZ   ; 0.000        ; 0.070      ; 1.108      ;
; 0.868 ; state.HOLD                 ; state.FUNC_SET             ; CLK_400HZ    ; CLK_400HZ   ; 0.000        ; 0.070      ; 1.109      ;
; 0.868 ; state.HOLD                 ; state.DISPLAY_OFF          ; CLK_400HZ    ; CLK_400HZ   ; 0.000        ; 0.070      ; 1.109      ;
; 0.875 ; state.HOLD                 ; state.DISPLAY_ON           ; CLK_400HZ    ; CLK_400HZ   ; 0.000        ; 0.070      ; 1.116      ;
; 0.876 ; state.DROP_LCD_E           ; next_command.DISPLAY_OFF   ; CLK_400HZ    ; CLK_400HZ   ; 0.000        ; 0.071      ; 1.118      ;
; 0.877 ; state.HOLD                 ; state.RESET2               ; CLK_400HZ    ; CLK_400HZ   ; 0.000        ; 0.070      ; 1.118      ;
; 0.881 ; state.DROP_LCD_E           ; next_command.RESET3        ; CLK_400HZ    ; CLK_400HZ   ; 0.000        ; 0.071      ; 1.123      ;
; 0.883 ; state.RETURN_HOME          ; next_command.Print_String  ; CLK_400HZ    ; CLK_400HZ   ; 0.000        ; 0.070      ; 1.124      ;
; 0.893 ; state.DROP_LCD_E           ; E~reg0                     ; CLK_400HZ    ; CLK_400HZ   ; 0.000        ; 0.072      ; 1.136      ;
; 0.904 ; CHAR_COUNT[3]              ; CHAR_COUNT[4]              ; CLK_400HZ    ; CLK_400HZ   ; 0.000        ; 0.072      ; 1.147      ;
; 0.906 ; state.DROP_LCD_E           ; next_command.FUNC_SET      ; CLK_400HZ    ; CLK_400HZ   ; 0.000        ; 0.071      ; 1.148      ;
; 0.907 ; CHAR_COUNT[3]              ; next_command.LINE2         ; CLK_400HZ    ; CLK_400HZ   ; 0.000        ; 0.431      ; 1.509      ;
; 0.910 ; state.DROP_LCD_E           ; next_command.LINE2         ; CLK_400HZ    ; CLK_400HZ   ; 0.000        ; 0.432      ; 1.513      ;
; 0.915 ; CHAR_COUNT[0]              ; CHAR_COUNT[1]              ; CLK_400HZ    ; CLK_400HZ   ; 0.000        ; 0.072      ; 1.158      ;
; 0.918 ; CHAR_COUNT[1]              ; CHAR_COUNT[2]              ; CLK_400HZ    ; CLK_400HZ   ; 0.000        ; 0.072      ; 1.161      ;
; 0.926 ; next_command.LINE2         ; state.LINE2                ; CLK_400HZ    ; CLK_400HZ   ; 0.000        ; -0.274     ; 0.823      ;
; 0.926 ; CHAR_COUNT[0]              ; CHAR_COUNT[2]              ; CLK_400HZ    ; CLK_400HZ   ; 0.000        ; 0.072      ; 1.169      ;
; 0.933 ; CHAR_COUNT[2]              ; CHAR_COUNT[3]              ; CLK_400HZ    ; CLK_400HZ   ; 0.000        ; 0.072      ; 1.176      ;
; 0.944 ; CHAR_COUNT[2]              ; CHAR_COUNT[4]              ; CLK_400HZ    ; CLK_400HZ   ; 0.000        ; 0.072      ; 1.187      ;
; 0.961 ; state.DISPLAY_CLEAR        ; next_command.DISPLAY_ON    ; CLK_400HZ    ; CLK_400HZ   ; 0.000        ; 0.070      ; 1.202      ;
; 0.962 ; DATA_BUS_VALUE[1]          ; DATA_BUS_VALUE[1]          ; CLK_400HZ    ; CLK_400HZ   ; 0.000        ; 0.071      ; 1.204      ;
; 0.967 ; next_command.Print_String  ; next_command.Print_String  ; CLK_400HZ    ; CLK_400HZ   ; 0.000        ; 0.071      ; 1.209      ;
; 0.968 ; state.RESET1               ; next_command.RESET2        ; CLK_400HZ    ; CLK_400HZ   ; 0.000        ; 0.070      ; 1.209      ;
; 0.974 ; state.LINE2                ; DATA_BUS_VALUE[7]          ; CLK_400HZ    ; CLK_400HZ   ; 0.000        ; 0.070      ; 1.215      ;
; 0.976 ; state.DISPLAY_CLEAR        ; DATA_BUS_VALUE[4]          ; CLK_400HZ    ; CLK_400HZ   ; 0.000        ; 0.071      ; 1.218      ;
; 0.976 ; state.DISPLAY_CLEAR        ; DATA_BUS_VALUE[5]          ; CLK_400HZ    ; CLK_400HZ   ; 0.000        ; 0.071      ; 1.218      ;
; 0.981 ; DATA_BUS_VALUE[3]          ; DATA_BUS_VALUE[3]          ; CLK_400HZ    ; CLK_400HZ   ; 0.000        ; 0.072      ; 1.224      ;
; 1.010 ; next_command.LINE2         ; next_command.LINE2         ; CLK_400HZ    ; CLK_400HZ   ; 0.000        ; 0.086      ; 1.267      ;
; 1.017 ; CHAR_COUNT[1]              ; CHAR_COUNT[3]              ; CLK_400HZ    ; CLK_400HZ   ; 0.000        ; 0.072      ; 1.260      ;
; 1.022 ; state.Print_String         ; CHAR_COUNT[0]              ; CLK_400HZ    ; CLK_400HZ   ; 0.000        ; 0.072      ; 1.265      ;
; 1.022 ; state.Print_String         ; CHAR_COUNT[2]              ; CLK_400HZ    ; CLK_400HZ   ; 0.000        ; 0.072      ; 1.265      ;
; 1.022 ; state.Print_String         ; CHAR_COUNT[3]              ; CLK_400HZ    ; CLK_400HZ   ; 0.000        ; 0.072      ; 1.265      ;
; 1.022 ; state.Print_String         ; CHAR_COUNT[4]              ; CLK_400HZ    ; CLK_400HZ   ; 0.000        ; 0.072      ; 1.265      ;
; 1.022 ; state.Print_String         ; CHAR_COUNT[1]              ; CLK_400HZ    ; CLK_400HZ   ; 0.000        ; 0.072      ; 1.265      ;
; 1.025 ; CHAR_COUNT[0]              ; CHAR_COUNT[3]              ; CLK_400HZ    ; CLK_400HZ   ; 0.000        ; 0.072      ; 1.268      ;
; 1.028 ; CHAR_COUNT[1]              ; CHAR_COUNT[4]              ; CLK_400HZ    ; CLK_400HZ   ; 0.000        ; 0.072      ; 1.271      ;
+-------+----------------------------+----------------------------+--------------+-------------+--------------+------------+------------+


+-------------------------------------------------------------------------------------------------------------------------+
; Slow 1200mV 0C Model Hold: 'CLK'                                                                                        ;
+-------+---------------------+---------------------+--------------+-------------+--------------+------------+------------+
; Slack ; From Node           ; To Node             ; Launch Clock ; Latch Clock ; Relationship ; Clock Skew ; Data Delay ;
+-------+---------------------+---------------------+--------------+-------------+--------------+------------+------------+
; 0.371 ; CLK_COUNT_400HZ[19] ; CLK_COUNT_400HZ[19] ; CLK          ; CLK         ; 0.000        ; 0.088      ; 0.630      ;
; 0.480 ; CLK_COUNT_400HZ[3]  ; CLK_COUNT_400HZ[4]  ; CLK          ; CLK         ; 0.000        ; 0.468      ; 1.119      ;
; 0.486 ; CLK_COUNT_400HZ[18] ; CLK_COUNT_400HZ[19] ; CLK          ; CLK         ; 0.000        ; 0.467      ; 1.124      ;
; 0.508 ; CLK_COUNT_400HZ[2]  ; CLK_COUNT_400HZ[4]  ; CLK          ; CLK         ; 0.000        ; 0.468      ; 1.147      ;
; 0.566 ; CLK_COUNT_400HZ[1]  ; CLK_COUNT_400HZ[1]  ; CLK          ; CLK         ; 0.000        ; 0.089      ; 0.826      ;
; 0.574 ; CLK_COUNT_400HZ[4]  ; CLK_COUNT_400HZ[4]  ; CLK          ; CLK         ; 0.000        ; 0.089      ; 0.834      ;
; 0.582 ; CLK_COUNT_400HZ[0]  ; CLK_COUNT_400HZ[0]  ; CLK          ; CLK         ; 0.000        ; 0.089      ; 0.842      ;
; 0.582 ; CLK_COUNT_400HZ[17] ; CLK_COUNT_400HZ[19] ; CLK          ; CLK         ; 0.000        ; 0.467      ; 1.220      ;
; 0.583 ; CLK_COUNT_400HZ[9]  ; CLK_COUNT_400HZ[9]  ; CLK          ; CLK         ; 0.000        ; 0.073      ; 0.827      ;
; 0.584 ; CLK_COUNT_400HZ[5]  ; CLK_COUNT_400HZ[5]  ; CLK          ; CLK         ; 0.000        ; 0.073      ; 0.828      ;
; 0.584 ; CLK_COUNT_400HZ[7]  ; CLK_COUNT_400HZ[7]  ; CLK          ; CLK         ; 0.000        ; 0.073      ; 0.828      ;
; 0.585 ; CLK_COUNT_400HZ[13] ; CLK_COUNT_400HZ[13] ; CLK          ; CLK         ; 0.000        ; 0.073      ; 0.829      ;
; 0.588 ; CLK_COUNT_400HZ[3]  ; CLK_COUNT_400HZ[3]  ; CLK          ; CLK         ; 0.000        ; 0.073      ; 0.832      ;
; 0.588 ; CLK_COUNT_400HZ[8]  ; CLK_COUNT_400HZ[8]  ; CLK          ; CLK         ; 0.000        ; 0.073      ; 0.832      ;
; 0.588 ; CLK_COUNT_400HZ[10] ; CLK_COUNT_400HZ[10] ; CLK          ; CLK         ; 0.000        ; 0.073      ; 0.832      ;
; 0.588 ; CLK_COUNT_400HZ[16] ; CLK_COUNT_400HZ[16] ; CLK          ; CLK         ; 0.000        ; 0.073      ; 0.832      ;
; 0.589 ; CLK_COUNT_400HZ[6]  ; CLK_COUNT_400HZ[6]  ; CLK          ; CLK         ; 0.000        ; 0.073      ; 0.833      ;
; 0.589 ; CLK_COUNT_400HZ[12] ; CLK_COUNT_400HZ[12] ; CLK          ; CLK         ; 0.000        ; 0.073      ; 0.833      ;
; 0.590 ; CLK_COUNT_400HZ[17] ; CLK_COUNT_400HZ[17] ; CLK          ; CLK         ; 0.000        ; 0.073      ; 0.834      ;
; 0.592 ; CLK_COUNT_400HZ[18] ; CLK_COUNT_400HZ[18] ; CLK          ; CLK         ; 0.000        ; 0.073      ; 0.836      ;
; 0.592 ; CLK_COUNT_400HZ[16] ; CLK_COUNT_400HZ[19] ; CLK          ; CLK         ; 0.000        ; 0.467      ; 1.230      ;
; 0.593 ; CLK_COUNT_400HZ[11] ; CLK_COUNT_400HZ[11] ; CLK          ; CLK         ; 0.000        ; 0.073      ; 0.837      ;
; 0.604 ; CLK_COUNT_400HZ[2]  ; CLK_COUNT_400HZ[2]  ; CLK          ; CLK         ; 0.000        ; 0.073      ; 0.848      ;
; 0.606 ; CLK_COUNT_400HZ[15] ; CLK_COUNT_400HZ[15] ; CLK          ; CLK         ; 0.000        ; 0.073      ; 0.850      ;
; 0.610 ; CLK_COUNT_400HZ[14] ; CLK_COUNT_400HZ[14] ; CLK          ; CLK         ; 0.000        ; 0.073      ; 0.854      ;
; 0.613 ; CLK_400HZ           ; CLK_400HZ           ; CLK_400HZ    ; CLK         ; 0.000        ; 2.824      ; 3.851      ;
; 0.707 ; CLK_COUNT_400HZ[15] ; CLK_COUNT_400HZ[19] ; CLK          ; CLK         ; 0.000        ; 0.467      ; 1.345      ;
; 0.724 ; CLK_COUNT_400HZ[14] ; CLK_COUNT_400HZ[19] ; CLK          ; CLK         ; 0.000        ; 0.467      ; 1.362      ;
; 0.796 ; CLK_COUNT_400HZ[13] ; CLK_COUNT_400HZ[19] ; CLK          ; CLK         ; 0.000        ; 0.467      ; 1.434      ;
; 0.813 ; CLK_COUNT_400HZ[12] ; CLK_COUNT_400HZ[19] ; CLK          ; CLK         ; 0.000        ; 0.467      ; 1.451      ;
; 0.851 ; CLK_COUNT_400HZ[0]  ; CLK_COUNT_400HZ[1]  ; CLK          ; CLK         ; 0.000        ; 0.089      ; 1.111      ;
; 0.866 ; CLK_COUNT_400HZ[9]  ; CLK_COUNT_400HZ[10] ; CLK          ; CLK         ; 0.000        ; 0.076      ; 1.113      ;
; 0.870 ; CLK_COUNT_400HZ[7]  ; CLK_COUNT_400HZ[8]  ; CLK          ; CLK         ; 0.000        ; 0.073      ; 1.114      ;
; 0.870 ; CLK_COUNT_400HZ[5]  ; CLK_COUNT_400HZ[6]  ; CLK          ; CLK         ; 0.000        ; 0.073      ; 1.114      ;
; 0.871 ; CLK_COUNT_400HZ[13] ; CLK_COUNT_400HZ[14] ; CLK          ; CLK         ; 0.000        ; 0.073      ; 1.115      ;
; 0.876 ; CLK_COUNT_400HZ[8]  ; CLK_COUNT_400HZ[9]  ; CLK          ; CLK         ; 0.000        ; 0.073      ; 1.120      ;
; 0.876 ; CLK_COUNT_400HZ[16] ; CLK_COUNT_400HZ[17] ; CLK          ; CLK         ; 0.000        ; 0.073      ; 1.120      ;
; 0.876 ; CLK_COUNT_400HZ[10] ; CLK_COUNT_400HZ[11] ; CLK          ; CLK         ; 0.000        ; 0.073      ; 1.120      ;
; 0.877 ; CLK_COUNT_400HZ[17] ; CLK_COUNT_400HZ[18] ; CLK          ; CLK         ; 0.000        ; 0.073      ; 1.121      ;
; 0.877 ; CLK_COUNT_400HZ[6]  ; CLK_COUNT_400HZ[7]  ; CLK          ; CLK         ; 0.000        ; 0.073      ; 1.121      ;
; 0.877 ; CLK_COUNT_400HZ[12] ; CLK_COUNT_400HZ[13] ; CLK          ; CLK         ; 0.000        ; 0.073      ; 1.121      ;
; 0.880 ; CLK_COUNT_400HZ[11] ; CLK_COUNT_400HZ[12] ; CLK          ; CLK         ; 0.000        ; 0.073      ; 1.124      ;
; 0.884 ; CLK_COUNT_400HZ[8]  ; CLK_COUNT_400HZ[10] ; CLK          ; CLK         ; 0.000        ; 0.076      ; 1.131      ;
; 0.887 ; CLK_COUNT_400HZ[16] ; CLK_COUNT_400HZ[18] ; CLK          ; CLK         ; 0.000        ; 0.073      ; 1.131      ;
; 0.887 ; CLK_COUNT_400HZ[10] ; CLK_COUNT_400HZ[12] ; CLK          ; CLK         ; 0.000        ; 0.073      ; 1.131      ;
; 0.888 ; CLK_COUNT_400HZ[6]  ; CLK_COUNT_400HZ[8]  ; CLK          ; CLK         ; 0.000        ; 0.073      ; 1.132      ;
; 0.888 ; CLK_COUNT_400HZ[12] ; CLK_COUNT_400HZ[14] ; CLK          ; CLK         ; 0.000        ; 0.073      ; 1.132      ;
; 0.892 ; CLK_COUNT_400HZ[15] ; CLK_COUNT_400HZ[16] ; CLK          ; CLK         ; 0.000        ; 0.073      ; 1.136      ;
; 0.892 ; CLK_COUNT_400HZ[2]  ; CLK_COUNT_400HZ[3]  ; CLK          ; CLK         ; 0.000        ; 0.073      ; 1.136      ;
; 0.898 ; CLK_COUNT_400HZ[14] ; CLK_COUNT_400HZ[15] ; CLK          ; CLK         ; 0.000        ; 0.073      ; 1.142      ;
; 0.909 ; CLK_COUNT_400HZ[14] ; CLK_COUNT_400HZ[16] ; CLK          ; CLK         ; 0.000        ; 0.073      ; 1.153      ;
; 0.915 ; CLK_COUNT_400HZ[11] ; CLK_COUNT_400HZ[19] ; CLK          ; CLK         ; 0.000        ; 0.467      ; 1.553      ;
; 0.922 ; CLK_COUNT_400HZ[10] ; CLK_COUNT_400HZ[19] ; CLK          ; CLK         ; 0.000        ; 0.467      ; 1.560      ;
; 0.963 ; CLK_COUNT_400HZ[1]  ; CLK_COUNT_400HZ[4]  ; CLK          ; CLK         ; 0.000        ; 0.089      ; 1.223      ;
; 0.965 ; CLK_COUNT_400HZ[9]  ; CLK_COUNT_400HZ[11] ; CLK          ; CLK         ; 0.000        ; 0.076      ; 1.212      ;
; 0.969 ; CLK_COUNT_400HZ[7]  ; CLK_COUNT_400HZ[9]  ; CLK          ; CLK         ; 0.000        ; 0.073      ; 1.213      ;
; 0.969 ; CLK_COUNT_400HZ[5]  ; CLK_COUNT_400HZ[7]  ; CLK          ; CLK         ; 0.000        ; 0.073      ; 1.213      ;
; 0.970 ; CLK_COUNT_400HZ[13] ; CLK_COUNT_400HZ[15] ; CLK          ; CLK         ; 0.000        ; 0.073      ; 1.214      ;
; 0.972 ; CLK_COUNT_400HZ[0]  ; CLK_COUNT_400HZ[4]  ; CLK          ; CLK         ; 0.000        ; 0.089      ; 1.232      ;
; 0.974 ; CLK_COUNT_400HZ[3]  ; CLK_COUNT_400HZ[5]  ; CLK          ; CLK         ; 0.000        ; 0.073      ; 1.218      ;
; 0.976 ; CLK_COUNT_400HZ[9]  ; CLK_COUNT_400HZ[12] ; CLK          ; CLK         ; 0.000        ; 0.076      ; 1.223      ;
; 0.977 ; CLK_COUNT_400HZ[7]  ; CLK_COUNT_400HZ[10] ; CLK          ; CLK         ; 0.000        ; 0.076      ; 1.224      ;
; 0.979 ; CLK_COUNT_400HZ[11] ; CLK_COUNT_400HZ[13] ; CLK          ; CLK         ; 0.000        ; 0.073      ; 1.223      ;
; 0.980 ; CLK_COUNT_400HZ[5]  ; CLK_COUNT_400HZ[8]  ; CLK          ; CLK         ; 0.000        ; 0.073      ; 1.224      ;
; 0.981 ; CLK_COUNT_400HZ[13] ; CLK_COUNT_400HZ[16] ; CLK          ; CLK         ; 0.000        ; 0.073      ; 1.225      ;
; 0.983 ; CLK_COUNT_400HZ[8]  ; CLK_COUNT_400HZ[11] ; CLK          ; CLK         ; 0.000        ; 0.076      ; 1.230      ;
; 0.985 ; CLK_COUNT_400HZ[3]  ; CLK_COUNT_400HZ[6]  ; CLK          ; CLK         ; 0.000        ; 0.073      ; 1.229      ;
; 0.986 ; CLK_COUNT_400HZ[10] ; CLK_COUNT_400HZ[13] ; CLK          ; CLK         ; 0.000        ; 0.073      ; 1.230      ;
; 0.987 ; CLK_COUNT_400HZ[6]  ; CLK_COUNT_400HZ[9]  ; CLK          ; CLK         ; 0.000        ; 0.073      ; 1.231      ;
; 0.987 ; CLK_COUNT_400HZ[12] ; CLK_COUNT_400HZ[15] ; CLK          ; CLK         ; 0.000        ; 0.073      ; 1.231      ;
; 0.990 ; CLK_COUNT_400HZ[11] ; CLK_COUNT_400HZ[14] ; CLK          ; CLK         ; 0.000        ; 0.073      ; 1.234      ;
; 0.991 ; CLK_COUNT_400HZ[15] ; CLK_COUNT_400HZ[17] ; CLK          ; CLK         ; 0.000        ; 0.073      ; 1.235      ;
; 0.994 ; CLK_COUNT_400HZ[8]  ; CLK_COUNT_400HZ[12] ; CLK          ; CLK         ; 0.000        ; 0.076      ; 1.241      ;
; 0.995 ; CLK_COUNT_400HZ[6]  ; CLK_COUNT_400HZ[10] ; CLK          ; CLK         ; 0.000        ; 0.076      ; 1.242      ;
; 0.997 ; CLK_COUNT_400HZ[10] ; CLK_COUNT_400HZ[14] ; CLK          ; CLK         ; 0.000        ; 0.073      ; 1.241      ;
; 0.998 ; CLK_COUNT_400HZ[12] ; CLK_COUNT_400HZ[16] ; CLK          ; CLK         ; 0.000        ; 0.073      ; 1.242      ;
; 1.002 ; CLK_COUNT_400HZ[15] ; CLK_COUNT_400HZ[18] ; CLK          ; CLK         ; 0.000        ; 0.073      ; 1.246      ;
; 1.002 ; CLK_COUNT_400HZ[2]  ; CLK_COUNT_400HZ[5]  ; CLK          ; CLK         ; 0.000        ; 0.073      ; 1.246      ;
; 1.008 ; CLK_COUNT_400HZ[14] ; CLK_COUNT_400HZ[17] ; CLK          ; CLK         ; 0.000        ; 0.073      ; 1.252      ;
; 1.011 ; CLK_COUNT_400HZ[9]  ; CLK_COUNT_400HZ[19] ; CLK          ; CLK         ; 0.000        ; 0.470      ; 1.652      ;
; 1.013 ; CLK_COUNT_400HZ[2]  ; CLK_COUNT_400HZ[6]  ; CLK          ; CLK         ; 0.000        ; 0.073      ; 1.257      ;
; 1.019 ; CLK_COUNT_400HZ[14] ; CLK_COUNT_400HZ[18] ; CLK          ; CLK         ; 0.000        ; 0.073      ; 1.263      ;
; 1.029 ; CLK_COUNT_400HZ[8]  ; CLK_COUNT_400HZ[19] ; CLK          ; CLK         ; 0.000        ; 0.470      ; 1.670      ;
; 1.051 ; CLK_400HZ           ; CLK_400HZ           ; CLK_400HZ    ; CLK         ; -0.500       ; 2.824      ; 3.789      ;
; 1.075 ; CLK_COUNT_400HZ[9]  ; CLK_COUNT_400HZ[13] ; CLK          ; CLK         ; 0.000        ; 0.076      ; 1.322      ;
; 1.076 ; CLK_COUNT_400HZ[7]  ; CLK_COUNT_400HZ[11] ; CLK          ; CLK         ; 0.000        ; 0.076      ; 1.323      ;
; 1.079 ; CLK_COUNT_400HZ[5]  ; CLK_COUNT_400HZ[9]  ; CLK          ; CLK         ; 0.000        ; 0.073      ; 1.323      ;
; 1.080 ; CLK_COUNT_400HZ[13] ; CLK_COUNT_400HZ[17] ; CLK          ; CLK         ; 0.000        ; 0.073      ; 1.324      ;
; 1.084 ; CLK_COUNT_400HZ[3]  ; CLK_COUNT_400HZ[7]  ; CLK          ; CLK         ; 0.000        ; 0.073      ; 1.328      ;
; 1.086 ; CLK_COUNT_400HZ[9]  ; CLK_COUNT_400HZ[14] ; CLK          ; CLK         ; 0.000        ; 0.076      ; 1.333      ;
; 1.087 ; CLK_COUNT_400HZ[7]  ; CLK_COUNT_400HZ[12] ; CLK          ; CLK         ; 0.000        ; 0.076      ; 1.334      ;
; 1.087 ; CLK_COUNT_400HZ[5]  ; CLK_COUNT_400HZ[10] ; CLK          ; CLK         ; 0.000        ; 0.076      ; 1.334      ;
; 1.089 ; CLK_COUNT_400HZ[11] ; CLK_COUNT_400HZ[15] ; CLK          ; CLK         ; 0.000        ; 0.073      ; 1.333      ;
; 1.091 ; CLK_COUNT_400HZ[13] ; CLK_COUNT_400HZ[18] ; CLK          ; CLK         ; 0.000        ; 0.073      ; 1.335      ;
; 1.093 ; CLK_COUNT_400HZ[8]  ; CLK_COUNT_400HZ[13] ; CLK          ; CLK         ; 0.000        ; 0.076      ; 1.340      ;
; 1.094 ; CLK_COUNT_400HZ[6]  ; CLK_COUNT_400HZ[11] ; CLK          ; CLK         ; 0.000        ; 0.076      ; 1.341      ;
; 1.095 ; CLK_COUNT_400HZ[3]  ; CLK_COUNT_400HZ[8]  ; CLK          ; CLK         ; 0.000        ; 0.073      ; 1.339      ;
; 1.096 ; CLK_COUNT_400HZ[10] ; CLK_COUNT_400HZ[15] ; CLK          ; CLK         ; 0.000        ; 0.073      ; 1.340      ;
; 1.097 ; CLK_COUNT_400HZ[12] ; CLK_COUNT_400HZ[17] ; CLK          ; CLK         ; 0.000        ; 0.073      ; 1.341      ;
; 1.100 ; CLK_COUNT_400HZ[11] ; CLK_COUNT_400HZ[16] ; CLK          ; CLK         ; 0.000        ; 0.073      ; 1.344      ;
+-------+---------------------+---------------------+--------------+-------------+--------------+------------+------------+


+------------------------------------------------------------------------------------------------------------+
; Slow 1200mV 0C Model Minimum Pulse Width: 'CLK'                                                            ;
+--------+--------------+----------------+------------------+-------+------------+---------------------------+
; Slack  ; Actual Width ; Required Width ; Type             ; Clock ; Clock Edge ; Target                    ;
+--------+--------------+----------------+------------------+-------+------------+---------------------------+
; -3.000 ; 1.000        ; 4.000          ; Port Rate        ; CLK   ; Rise       ; CLK                       ;
; -1.285 ; 1.000        ; 2.285          ; Min Period       ; CLK   ; Rise       ; CLK_400HZ                 ;
; -1.285 ; 1.000        ; 2.285          ; Min Period       ; CLK   ; Rise       ; CLK_COUNT_400HZ[0]        ;
; -1.285 ; 1.000        ; 2.285          ; Min Period       ; CLK   ; Rise       ; CLK_COUNT_400HZ[10]       ;
; -1.285 ; 1.000        ; 2.285          ; Min Period       ; CLK   ; Rise       ; CLK_COUNT_400HZ[11]       ;
; -1.285 ; 1.000        ; 2.285          ; Min Period       ; CLK   ; Rise       ; CLK_COUNT_400HZ[12]       ;
; -1.285 ; 1.000        ; 2.285          ; Min Period       ; CLK   ; Rise       ; CLK_COUNT_400HZ[13]       ;
; -1.285 ; 1.000        ; 2.285          ; Min Period       ; CLK   ; Rise       ; CLK_COUNT_400HZ[14]       ;
; -1.285 ; 1.000        ; 2.285          ; Min Period       ; CLK   ; Rise       ; CLK_COUNT_400HZ[15]       ;
; -1.285 ; 1.000        ; 2.285          ; Min Period       ; CLK   ; Rise       ; CLK_COUNT_400HZ[16]       ;
; -1.285 ; 1.000        ; 2.285          ; Min Period       ; CLK   ; Rise       ; CLK_COUNT_400HZ[17]       ;
; -1.285 ; 1.000        ; 2.285          ; Min Period       ; CLK   ; Rise       ; CLK_COUNT_400HZ[18]       ;
; -1.285 ; 1.000        ; 2.285          ; Min Period       ; CLK   ; Rise       ; CLK_COUNT_400HZ[19]       ;
; -1.285 ; 1.000        ; 2.285          ; Min Period       ; CLK   ; Rise       ; CLK_COUNT_400HZ[1]        ;
; -1.285 ; 1.000        ; 2.285          ; Min Period       ; CLK   ; Rise       ; CLK_COUNT_400HZ[2]        ;
; -1.285 ; 1.000        ; 2.285          ; Min Period       ; CLK   ; Rise       ; CLK_COUNT_400HZ[3]        ;
; -1.285 ; 1.000        ; 2.285          ; Min Period       ; CLK   ; Rise       ; CLK_COUNT_400HZ[4]        ;
; -1.285 ; 1.000        ; 2.285          ; Min Period       ; CLK   ; Rise       ; CLK_COUNT_400HZ[5]        ;
; -1.285 ; 1.000        ; 2.285          ; Min Period       ; CLK   ; Rise       ; CLK_COUNT_400HZ[6]        ;
; -1.285 ; 1.000        ; 2.285          ; Min Period       ; CLK   ; Rise       ; CLK_COUNT_400HZ[7]        ;
; -1.285 ; 1.000        ; 2.285          ; Min Period       ; CLK   ; Rise       ; CLK_COUNT_400HZ[8]        ;
; -1.285 ; 1.000        ; 2.285          ; Min Period       ; CLK   ; Rise       ; CLK_COUNT_400HZ[9]        ;
; 0.279  ; 0.465        ; 0.186          ; Low Pulse Width  ; CLK   ; Rise       ; CLK_COUNT_400HZ[2]        ;
; 0.279  ; 0.465        ; 0.186          ; Low Pulse Width  ; CLK   ; Rise       ; CLK_COUNT_400HZ[3]        ;
; 0.279  ; 0.465        ; 0.186          ; Low Pulse Width  ; CLK   ; Rise       ; CLK_COUNT_400HZ[5]        ;
; 0.279  ; 0.465        ; 0.186          ; Low Pulse Width  ; CLK   ; Rise       ; CLK_COUNT_400HZ[6]        ;
; 0.279  ; 0.465        ; 0.186          ; Low Pulse Width  ; CLK   ; Rise       ; CLK_COUNT_400HZ[7]        ;
; 0.279  ; 0.465        ; 0.186          ; Low Pulse Width  ; CLK   ; Rise       ; CLK_COUNT_400HZ[8]        ;
; 0.279  ; 0.465        ; 0.186          ; Low Pulse Width  ; CLK   ; Rise       ; CLK_COUNT_400HZ[9]        ;
; 0.280  ; 0.466        ; 0.186          ; Low Pulse Width  ; CLK   ; Rise       ; CLK_400HZ                 ;
; 0.280  ; 0.466        ; 0.186          ; Low Pulse Width  ; CLK   ; Rise       ; CLK_COUNT_400HZ[10]       ;
; 0.280  ; 0.466        ; 0.186          ; Low Pulse Width  ; CLK   ; Rise       ; CLK_COUNT_400HZ[11]       ;
; 0.280  ; 0.466        ; 0.186          ; Low Pulse Width  ; CLK   ; Rise       ; CLK_COUNT_400HZ[12]       ;
; 0.280  ; 0.466        ; 0.186          ; Low Pulse Width  ; CLK   ; Rise       ; CLK_COUNT_400HZ[13]       ;
; 0.280  ; 0.466        ; 0.186          ; Low Pulse Width  ; CLK   ; Rise       ; CLK_COUNT_400HZ[14]       ;
; 0.280  ; 0.466        ; 0.186          ; Low Pulse Width  ; CLK   ; Rise       ; CLK_COUNT_400HZ[15]       ;
; 0.280  ; 0.466        ; 0.186          ; Low Pulse Width  ; CLK   ; Rise       ; CLK_COUNT_400HZ[16]       ;
; 0.280  ; 0.466        ; 0.186          ; Low Pulse Width  ; CLK   ; Rise       ; CLK_COUNT_400HZ[17]       ;
; 0.280  ; 0.466        ; 0.186          ; Low Pulse Width  ; CLK   ; Rise       ; CLK_COUNT_400HZ[18]       ;
; 0.295  ; 0.481        ; 0.186          ; Low Pulse Width  ; CLK   ; Rise       ; CLK_COUNT_400HZ[0]        ;
; 0.295  ; 0.481        ; 0.186          ; Low Pulse Width  ; CLK   ; Rise       ; CLK_COUNT_400HZ[1]        ;
; 0.295  ; 0.481        ; 0.186          ; Low Pulse Width  ; CLK   ; Rise       ; CLK_COUNT_400HZ[4]        ;
; 0.296  ; 0.482        ; 0.186          ; Low Pulse Width  ; CLK   ; Rise       ; CLK_COUNT_400HZ[19]       ;
; 0.298  ; 0.516        ; 0.218          ; High Pulse Width ; CLK   ; Rise       ; CLK_COUNT_400HZ[0]        ;
; 0.298  ; 0.516        ; 0.218          ; High Pulse Width ; CLK   ; Rise       ; CLK_COUNT_400HZ[19]       ;
; 0.298  ; 0.516        ; 0.218          ; High Pulse Width ; CLK   ; Rise       ; CLK_COUNT_400HZ[1]        ;
; 0.298  ; 0.516        ; 0.218          ; High Pulse Width ; CLK   ; Rise       ; CLK_COUNT_400HZ[4]        ;
; 0.314  ; 0.532        ; 0.218          ; High Pulse Width ; CLK   ; Rise       ; CLK_400HZ                 ;
; 0.314  ; 0.532        ; 0.218          ; High Pulse Width ; CLK   ; Rise       ; CLK_COUNT_400HZ[10]       ;
; 0.314  ; 0.532        ; 0.218          ; High Pulse Width ; CLK   ; Rise       ; CLK_COUNT_400HZ[11]       ;
; 0.314  ; 0.532        ; 0.218          ; High Pulse Width ; CLK   ; Rise       ; CLK_COUNT_400HZ[12]       ;
; 0.314  ; 0.532        ; 0.218          ; High Pulse Width ; CLK   ; Rise       ; CLK_COUNT_400HZ[13]       ;
; 0.314  ; 0.532        ; 0.218          ; High Pulse Width ; CLK   ; Rise       ; CLK_COUNT_400HZ[14]       ;
; 0.314  ; 0.532        ; 0.218          ; High Pulse Width ; CLK   ; Rise       ; CLK_COUNT_400HZ[15]       ;
; 0.314  ; 0.532        ; 0.218          ; High Pulse Width ; CLK   ; Rise       ; CLK_COUNT_400HZ[16]       ;
; 0.314  ; 0.532        ; 0.218          ; High Pulse Width ; CLK   ; Rise       ; CLK_COUNT_400HZ[17]       ;
; 0.314  ; 0.532        ; 0.218          ; High Pulse Width ; CLK   ; Rise       ; CLK_COUNT_400HZ[18]       ;
; 0.315  ; 0.533        ; 0.218          ; High Pulse Width ; CLK   ; Rise       ; CLK_COUNT_400HZ[2]        ;
; 0.315  ; 0.533        ; 0.218          ; High Pulse Width ; CLK   ; Rise       ; CLK_COUNT_400HZ[3]        ;
; 0.315  ; 0.533        ; 0.218          ; High Pulse Width ; CLK   ; Rise       ; CLK_COUNT_400HZ[5]        ;
; 0.315  ; 0.533        ; 0.218          ; High Pulse Width ; CLK   ; Rise       ; CLK_COUNT_400HZ[6]        ;
; 0.315  ; 0.533        ; 0.218          ; High Pulse Width ; CLK   ; Rise       ; CLK_COUNT_400HZ[7]        ;
; 0.315  ; 0.533        ; 0.218          ; High Pulse Width ; CLK   ; Rise       ; CLK_COUNT_400HZ[8]        ;
; 0.315  ; 0.533        ; 0.218          ; High Pulse Width ; CLK   ; Rise       ; CLK_COUNT_400HZ[9]        ;
; 0.416  ; 0.416        ; 0.000          ; Low Pulse Width  ; CLK   ; Rise       ; CLK~input|o               ;
; 0.422  ; 0.422        ; 0.000          ; Low Pulse Width  ; CLK   ; Rise       ; CLK~inputclkctrl|inclk[0] ;
; 0.422  ; 0.422        ; 0.000          ; Low Pulse Width  ; CLK   ; Rise       ; CLK~inputclkctrl|outclk   ;
; 0.427  ; 0.427        ; 0.000          ; Low Pulse Width  ; CLK   ; Rise       ; CLK_COUNT_400HZ[2]|clk    ;
; 0.427  ; 0.427        ; 0.000          ; Low Pulse Width  ; CLK   ; Rise       ; CLK_COUNT_400HZ[3]|clk    ;
; 0.427  ; 0.427        ; 0.000          ; Low Pulse Width  ; CLK   ; Rise       ; CLK_COUNT_400HZ[5]|clk    ;
; 0.427  ; 0.427        ; 0.000          ; Low Pulse Width  ; CLK   ; Rise       ; CLK_COUNT_400HZ[6]|clk    ;
; 0.427  ; 0.427        ; 0.000          ; Low Pulse Width  ; CLK   ; Rise       ; CLK_COUNT_400HZ[7]|clk    ;
; 0.427  ; 0.427        ; 0.000          ; Low Pulse Width  ; CLK   ; Rise       ; CLK_COUNT_400HZ[8]|clk    ;
; 0.427  ; 0.427        ; 0.000          ; Low Pulse Width  ; CLK   ; Rise       ; CLK_COUNT_400HZ[9]|clk    ;
; 0.428  ; 0.428        ; 0.000          ; Low Pulse Width  ; CLK   ; Rise       ; CLK_400HZ|clk             ;
; 0.428  ; 0.428        ; 0.000          ; Low Pulse Width  ; CLK   ; Rise       ; CLK_COUNT_400HZ[10]|clk   ;
; 0.428  ; 0.428        ; 0.000          ; Low Pulse Width  ; CLK   ; Rise       ; CLK_COUNT_400HZ[11]|clk   ;
; 0.428  ; 0.428        ; 0.000          ; Low Pulse Width  ; CLK   ; Rise       ; CLK_COUNT_400HZ[12]|clk   ;
; 0.428  ; 0.428        ; 0.000          ; Low Pulse Width  ; CLK   ; Rise       ; CLK_COUNT_400HZ[13]|clk   ;
; 0.428  ; 0.428        ; 0.000          ; Low Pulse Width  ; CLK   ; Rise       ; CLK_COUNT_400HZ[14]|clk   ;
; 0.428  ; 0.428        ; 0.000          ; Low Pulse Width  ; CLK   ; Rise       ; CLK_COUNT_400HZ[15]|clk   ;
; 0.428  ; 0.428        ; 0.000          ; Low Pulse Width  ; CLK   ; Rise       ; CLK_COUNT_400HZ[16]|clk   ;
; 0.428  ; 0.428        ; 0.000          ; Low Pulse Width  ; CLK   ; Rise       ; CLK_COUNT_400HZ[17]|clk   ;
; 0.428  ; 0.428        ; 0.000          ; Low Pulse Width  ; CLK   ; Rise       ; CLK_COUNT_400HZ[18]|clk   ;
; 0.443  ; 0.443        ; 0.000          ; Low Pulse Width  ; CLK   ; Rise       ; CLK_COUNT_400HZ[0]|clk    ;
; 0.443  ; 0.443        ; 0.000          ; Low Pulse Width  ; CLK   ; Rise       ; CLK_COUNT_400HZ[1]|clk    ;
; 0.443  ; 0.443        ; 0.000          ; Low Pulse Width  ; CLK   ; Rise       ; CLK_COUNT_400HZ[4]|clk    ;
; 0.444  ; 0.444        ; 0.000          ; Low Pulse Width  ; CLK   ; Rise       ; CLK_COUNT_400HZ[19]|clk   ;
; 0.500  ; 0.500        ; 0.000          ; High Pulse Width ; CLK   ; Rise       ; CLK~input|i               ;
; 0.500  ; 0.500        ; 0.000          ; Low Pulse Width  ; CLK   ; Rise       ; CLK~input|i               ;
; 0.556  ; 0.556        ; 0.000          ; High Pulse Width ; CLK   ; Rise       ; CLK_COUNT_400HZ[0]|clk    ;
; 0.556  ; 0.556        ; 0.000          ; High Pulse Width ; CLK   ; Rise       ; CLK_COUNT_400HZ[19]|clk   ;
; 0.556  ; 0.556        ; 0.000          ; High Pulse Width ; CLK   ; Rise       ; CLK_COUNT_400HZ[1]|clk    ;
; 0.556  ; 0.556        ; 0.000          ; High Pulse Width ; CLK   ; Rise       ; CLK_COUNT_400HZ[4]|clk    ;
; 0.572  ; 0.572        ; 0.000          ; High Pulse Width ; CLK   ; Rise       ; CLK_400HZ|clk             ;
; 0.572  ; 0.572        ; 0.000          ; High Pulse Width ; CLK   ; Rise       ; CLK_COUNT_400HZ[10]|clk   ;
; 0.572  ; 0.572        ; 0.000          ; High Pulse Width ; CLK   ; Rise       ; CLK_COUNT_400HZ[11]|clk   ;
; 0.572  ; 0.572        ; 0.000          ; High Pulse Width ; CLK   ; Rise       ; CLK_COUNT_400HZ[12]|clk   ;
; 0.572  ; 0.572        ; 0.000          ; High Pulse Width ; CLK   ; Rise       ; CLK_COUNT_400HZ[13]|clk   ;
; 0.572  ; 0.572        ; 0.000          ; High Pulse Width ; CLK   ; Rise       ; CLK_COUNT_400HZ[14]|clk   ;
+--------+--------------+----------------+------------------+-------+------------+---------------------------+


+-----------------------------------------------------------------------------------------------------------------+
; Slow 1200mV 0C Model Minimum Pulse Width: 'CLK_400HZ'                                                           ;
+--------+--------------+----------------+------------------+-----------+------------+----------------------------+
; Slack  ; Actual Width ; Required Width ; Type             ; Clock     ; Clock Edge ; Target                     ;
+--------+--------------+----------------+------------------+-----------+------------+----------------------------+
; -1.285 ; 1.000        ; 2.285          ; Min Period       ; CLK_400HZ ; Rise       ; CHAR_COUNT[0]              ;
; -1.285 ; 1.000        ; 2.285          ; Min Period       ; CLK_400HZ ; Rise       ; CHAR_COUNT[1]              ;
; -1.285 ; 1.000        ; 2.285          ; Min Period       ; CLK_400HZ ; Rise       ; CHAR_COUNT[2]              ;
; -1.285 ; 1.000        ; 2.285          ; Min Period       ; CLK_400HZ ; Rise       ; CHAR_COUNT[3]              ;
; -1.285 ; 1.000        ; 2.285          ; Min Period       ; CLK_400HZ ; Rise       ; CHAR_COUNT[4]              ;
; -1.285 ; 1.000        ; 2.285          ; Min Period       ; CLK_400HZ ; Rise       ; DATA_BUS_VALUE[0]          ;
; -1.285 ; 1.000        ; 2.285          ; Min Period       ; CLK_400HZ ; Rise       ; DATA_BUS_VALUE[1]          ;
; -1.285 ; 1.000        ; 2.285          ; Min Period       ; CLK_400HZ ; Rise       ; DATA_BUS_VALUE[2]          ;
; -1.285 ; 1.000        ; 2.285          ; Min Period       ; CLK_400HZ ; Rise       ; DATA_BUS_VALUE[3]          ;
; -1.285 ; 1.000        ; 2.285          ; Min Period       ; CLK_400HZ ; Rise       ; DATA_BUS_VALUE[4]          ;
; -1.285 ; 1.000        ; 2.285          ; Min Period       ; CLK_400HZ ; Rise       ; DATA_BUS_VALUE[5]          ;
; -1.285 ; 1.000        ; 2.285          ; Min Period       ; CLK_400HZ ; Rise       ; DATA_BUS_VALUE[6]          ;
; -1.285 ; 1.000        ; 2.285          ; Min Period       ; CLK_400HZ ; Rise       ; DATA_BUS_VALUE[7]          ;
; -1.285 ; 1.000        ; 2.285          ; Min Period       ; CLK_400HZ ; Rise       ; E~reg0                     ;
; -1.285 ; 1.000        ; 2.285          ; Min Period       ; CLK_400HZ ; Rise       ; RS~reg0                    ;
; -1.285 ; 1.000        ; 2.285          ; Min Period       ; CLK_400HZ ; Rise       ; next_command.DISPLAY_CLEAR ;
; -1.285 ; 1.000        ; 2.285          ; Min Period       ; CLK_400HZ ; Rise       ; next_command.DISPLAY_OFF   ;
; -1.285 ; 1.000        ; 2.285          ; Min Period       ; CLK_400HZ ; Rise       ; next_command.DISPLAY_ON    ;
; -1.285 ; 1.000        ; 2.285          ; Min Period       ; CLK_400HZ ; Rise       ; next_command.FUNC_SET      ;
; -1.285 ; 1.000        ; 2.285          ; Min Period       ; CLK_400HZ ; Rise       ; next_command.LINE2         ;
; -1.285 ; 1.000        ; 2.285          ; Min Period       ; CLK_400HZ ; Rise       ; next_command.MODE_SET      ;
; -1.285 ; 1.000        ; 2.285          ; Min Period       ; CLK_400HZ ; Rise       ; next_command.Print_String  ;
; -1.285 ; 1.000        ; 2.285          ; Min Period       ; CLK_400HZ ; Rise       ; next_command.RESET2        ;
; -1.285 ; 1.000        ; 2.285          ; Min Period       ; CLK_400HZ ; Rise       ; next_command.RESET3        ;
; -1.285 ; 1.000        ; 2.285          ; Min Period       ; CLK_400HZ ; Rise       ; next_command.RETURN_HOME   ;
; -1.285 ; 1.000        ; 2.285          ; Min Period       ; CLK_400HZ ; Rise       ; state.DISPLAY_CLEAR        ;
; -1.285 ; 1.000        ; 2.285          ; Min Period       ; CLK_400HZ ; Rise       ; state.DISPLAY_OFF          ;
; -1.285 ; 1.000        ; 2.285          ; Min Period       ; CLK_400HZ ; Rise       ; state.DISPLAY_ON           ;
; -1.285 ; 1.000        ; 2.285          ; Min Period       ; CLK_400HZ ; Rise       ; state.DROP_LCD_E           ;
; -1.285 ; 1.000        ; 2.285          ; Min Period       ; CLK_400HZ ; Rise       ; state.FUNC_SET             ;
; -1.285 ; 1.000        ; 2.285          ; Min Period       ; CLK_400HZ ; Rise       ; state.HOLD                 ;
; -1.285 ; 1.000        ; 2.285          ; Min Period       ; CLK_400HZ ; Rise       ; state.LINE2                ;
; -1.285 ; 1.000        ; 2.285          ; Min Period       ; CLK_400HZ ; Rise       ; state.MODE_SET             ;
; -1.285 ; 1.000        ; 2.285          ; Min Period       ; CLK_400HZ ; Rise       ; state.Print_String         ;
; -1.285 ; 1.000        ; 2.285          ; Min Period       ; CLK_400HZ ; Rise       ; state.RESET1               ;
; -1.285 ; 1.000        ; 2.285          ; Min Period       ; CLK_400HZ ; Rise       ; state.RESET2               ;
; -1.285 ; 1.000        ; 2.285          ; Min Period       ; CLK_400HZ ; Rise       ; state.RESET3               ;
; -1.285 ; 1.000        ; 2.285          ; Min Period       ; CLK_400HZ ; Rise       ; state.RETURN_HOME          ;
; 0.227  ; 0.445        ; 0.218          ; High Pulse Width ; CLK_400HZ ; Rise       ; next_command.LINE2         ;
; 0.250  ; 0.468        ; 0.218          ; High Pulse Width ; CLK_400HZ ; Rise       ; DATA_BUS_VALUE[3]          ;
; 0.250  ; 0.468        ; 0.218          ; High Pulse Width ; CLK_400HZ ; Rise       ; DATA_BUS_VALUE[6]          ;
; 0.250  ; 0.468        ; 0.218          ; High Pulse Width ; CLK_400HZ ; Rise       ; next_command.DISPLAY_OFF   ;
; 0.250  ; 0.468        ; 0.218          ; High Pulse Width ; CLK_400HZ ; Rise       ; next_command.FUNC_SET      ;
; 0.250  ; 0.468        ; 0.218          ; High Pulse Width ; CLK_400HZ ; Rise       ; next_command.RESET2        ;
; 0.250  ; 0.468        ; 0.218          ; High Pulse Width ; CLK_400HZ ; Rise       ; next_command.RESET3        ;
; 0.250  ; 0.468        ; 0.218          ; High Pulse Width ; CLK_400HZ ; Rise       ; state.DISPLAY_OFF          ;
; 0.250  ; 0.468        ; 0.218          ; High Pulse Width ; CLK_400HZ ; Rise       ; state.DISPLAY_ON           ;
; 0.250  ; 0.468        ; 0.218          ; High Pulse Width ; CLK_400HZ ; Rise       ; state.FUNC_SET             ;
; 0.250  ; 0.468        ; 0.218          ; High Pulse Width ; CLK_400HZ ; Rise       ; state.RESET2               ;
; 0.250  ; 0.468        ; 0.218          ; High Pulse Width ; CLK_400HZ ; Rise       ; state.RESET3               ;
; 0.251  ; 0.469        ; 0.218          ; High Pulse Width ; CLK_400HZ ; Rise       ; CHAR_COUNT[0]              ;
; 0.251  ; 0.469        ; 0.218          ; High Pulse Width ; CLK_400HZ ; Rise       ; CHAR_COUNT[1]              ;
; 0.251  ; 0.469        ; 0.218          ; High Pulse Width ; CLK_400HZ ; Rise       ; CHAR_COUNT[2]              ;
; 0.251  ; 0.469        ; 0.218          ; High Pulse Width ; CLK_400HZ ; Rise       ; CHAR_COUNT[3]              ;
; 0.251  ; 0.469        ; 0.218          ; High Pulse Width ; CLK_400HZ ; Rise       ; CHAR_COUNT[4]              ;
; 0.251  ; 0.469        ; 0.218          ; High Pulse Width ; CLK_400HZ ; Rise       ; DATA_BUS_VALUE[0]          ;
; 0.251  ; 0.469        ; 0.218          ; High Pulse Width ; CLK_400HZ ; Rise       ; DATA_BUS_VALUE[1]          ;
; 0.251  ; 0.469        ; 0.218          ; High Pulse Width ; CLK_400HZ ; Rise       ; DATA_BUS_VALUE[2]          ;
; 0.251  ; 0.469        ; 0.218          ; High Pulse Width ; CLK_400HZ ; Rise       ; DATA_BUS_VALUE[4]          ;
; 0.251  ; 0.469        ; 0.218          ; High Pulse Width ; CLK_400HZ ; Rise       ; DATA_BUS_VALUE[5]          ;
; 0.251  ; 0.469        ; 0.218          ; High Pulse Width ; CLK_400HZ ; Rise       ; DATA_BUS_VALUE[7]          ;
; 0.251  ; 0.469        ; 0.218          ; High Pulse Width ; CLK_400HZ ; Rise       ; E~reg0                     ;
; 0.251  ; 0.469        ; 0.218          ; High Pulse Width ; CLK_400HZ ; Rise       ; RS~reg0                    ;
; 0.251  ; 0.469        ; 0.218          ; High Pulse Width ; CLK_400HZ ; Rise       ; next_command.DISPLAY_CLEAR ;
; 0.251  ; 0.469        ; 0.218          ; High Pulse Width ; CLK_400HZ ; Rise       ; next_command.DISPLAY_ON    ;
; 0.251  ; 0.469        ; 0.218          ; High Pulse Width ; CLK_400HZ ; Rise       ; next_command.MODE_SET      ;
; 0.251  ; 0.469        ; 0.218          ; High Pulse Width ; CLK_400HZ ; Rise       ; next_command.Print_String  ;
; 0.251  ; 0.469        ; 0.218          ; High Pulse Width ; CLK_400HZ ; Rise       ; next_command.RETURN_HOME   ;
; 0.251  ; 0.469        ; 0.218          ; High Pulse Width ; CLK_400HZ ; Rise       ; state.DISPLAY_CLEAR        ;
; 0.251  ; 0.469        ; 0.218          ; High Pulse Width ; CLK_400HZ ; Rise       ; state.DROP_LCD_E           ;
; 0.251  ; 0.469        ; 0.218          ; High Pulse Width ; CLK_400HZ ; Rise       ; state.HOLD                 ;
; 0.251  ; 0.469        ; 0.218          ; High Pulse Width ; CLK_400HZ ; Rise       ; state.LINE2                ;
; 0.251  ; 0.469        ; 0.218          ; High Pulse Width ; CLK_400HZ ; Rise       ; state.MODE_SET             ;
; 0.251  ; 0.469        ; 0.218          ; High Pulse Width ; CLK_400HZ ; Rise       ; state.Print_String         ;
; 0.251  ; 0.469        ; 0.218          ; High Pulse Width ; CLK_400HZ ; Rise       ; state.RESET1               ;
; 0.251  ; 0.469        ; 0.218          ; High Pulse Width ; CLK_400HZ ; Rise       ; state.RETURN_HOME          ;
; 0.343  ; 0.529        ; 0.186          ; Low Pulse Width  ; CLK_400HZ ; Rise       ; CHAR_COUNT[0]              ;
; 0.343  ; 0.529        ; 0.186          ; Low Pulse Width  ; CLK_400HZ ; Rise       ; CHAR_COUNT[1]              ;
; 0.343  ; 0.529        ; 0.186          ; Low Pulse Width  ; CLK_400HZ ; Rise       ; CHAR_COUNT[2]              ;
; 0.343  ; 0.529        ; 0.186          ; Low Pulse Width  ; CLK_400HZ ; Rise       ; CHAR_COUNT[3]              ;
; 0.343  ; 0.529        ; 0.186          ; Low Pulse Width  ; CLK_400HZ ; Rise       ; CHAR_COUNT[4]              ;
; 0.343  ; 0.529        ; 0.186          ; Low Pulse Width  ; CLK_400HZ ; Rise       ; DATA_BUS_VALUE[0]          ;
; 0.343  ; 0.529        ; 0.186          ; Low Pulse Width  ; CLK_400HZ ; Rise       ; DATA_BUS_VALUE[1]          ;
; 0.343  ; 0.529        ; 0.186          ; Low Pulse Width  ; CLK_400HZ ; Rise       ; DATA_BUS_VALUE[2]          ;
; 0.343  ; 0.529        ; 0.186          ; Low Pulse Width  ; CLK_400HZ ; Rise       ; DATA_BUS_VALUE[3]          ;
; 0.343  ; 0.529        ; 0.186          ; Low Pulse Width  ; CLK_400HZ ; Rise       ; DATA_BUS_VALUE[4]          ;
; 0.343  ; 0.529        ; 0.186          ; Low Pulse Width  ; CLK_400HZ ; Rise       ; DATA_BUS_VALUE[5]          ;
; 0.343  ; 0.529        ; 0.186          ; Low Pulse Width  ; CLK_400HZ ; Rise       ; DATA_BUS_VALUE[6]          ;
; 0.343  ; 0.529        ; 0.186          ; Low Pulse Width  ; CLK_400HZ ; Rise       ; DATA_BUS_VALUE[7]          ;
; 0.343  ; 0.529        ; 0.186          ; Low Pulse Width  ; CLK_400HZ ; Rise       ; E~reg0                     ;
; 0.343  ; 0.529        ; 0.186          ; Low Pulse Width  ; CLK_400HZ ; Rise       ; RS~reg0                    ;
; 0.343  ; 0.529        ; 0.186          ; Low Pulse Width  ; CLK_400HZ ; Rise       ; next_command.DISPLAY_CLEAR ;
; 0.343  ; 0.529        ; 0.186          ; Low Pulse Width  ; CLK_400HZ ; Rise       ; next_command.DISPLAY_OFF   ;
; 0.343  ; 0.529        ; 0.186          ; Low Pulse Width  ; CLK_400HZ ; Rise       ; next_command.DISPLAY_ON    ;
; 0.343  ; 0.529        ; 0.186          ; Low Pulse Width  ; CLK_400HZ ; Rise       ; next_command.FUNC_SET      ;
; 0.343  ; 0.529        ; 0.186          ; Low Pulse Width  ; CLK_400HZ ; Rise       ; next_command.MODE_SET      ;
; 0.343  ; 0.529        ; 0.186          ; Low Pulse Width  ; CLK_400HZ ; Rise       ; next_command.Print_String  ;
; 0.343  ; 0.529        ; 0.186          ; Low Pulse Width  ; CLK_400HZ ; Rise       ; next_command.RESET2        ;
; 0.343  ; 0.529        ; 0.186          ; Low Pulse Width  ; CLK_400HZ ; Rise       ; next_command.RESET3        ;
; 0.343  ; 0.529        ; 0.186          ; Low Pulse Width  ; CLK_400HZ ; Rise       ; next_command.RETURN_HOME   ;
+--------+--------------+----------------+------------------+-----------+------------+----------------------------+


+-----------------------------------------------------------------------+
; Setup Times                                                           ;
+-----------+------------+-------+-------+------------+-----------------+
; Data Port ; Clock Port ; Rise  ; Fall  ; Clock Edge ; Clock Reference ;
+-----------+------------+-------+-------+------------+-----------------+
; RST       ; CLK_400HZ  ; 1.766 ; 1.880 ; Rise       ; CLK_400HZ       ;
+-----------+------------+-------+-------+------------+-----------------+


+-------------------------------------------------------------------------+
; Hold Times                                                              ;
+-----------+------------+--------+--------+------------+-----------------+
; Data Port ; Clock Port ; Rise   ; Fall   ; Clock Edge ; Clock Reference ;
+-----------+------------+--------+--------+------------+-----------------+
; RST       ; CLK_400HZ  ; -0.338 ; -0.393 ; Rise       ; CLK_400HZ       ;
+-----------+------------+--------+--------+------------+-----------------+


+-----------------------------------------------------------------------+
; Clock to Output Times                                                 ;
+-----------+------------+-------+-------+------------+-----------------+
; Data Port ; Clock Port ; Rise  ; Fall  ; Clock Edge ; Clock Reference ;
+-----------+------------+-------+-------+------------+-----------------+
; DATA[*]   ; CLK_400HZ  ; 7.650 ; 7.595 ; Rise       ; CLK_400HZ       ;
;  DATA[0]  ; CLK_400HZ  ; 6.237 ; 6.159 ; Rise       ; CLK_400HZ       ;
;  DATA[1]  ; CLK_400HZ  ; 6.522 ; 6.407 ; Rise       ; CLK_400HZ       ;
;  DATA[2]  ; CLK_400HZ  ; 6.490 ; 6.379 ; Rise       ; CLK_400HZ       ;
;  DATA[3]  ; CLK_400HZ  ; 6.484 ; 6.363 ; Rise       ; CLK_400HZ       ;
;  DATA[4]  ; CLK_400HZ  ; 6.477 ; 6.363 ; Rise       ; CLK_400HZ       ;
;  DATA[5]  ; CLK_400HZ  ; 6.638 ; 6.588 ; Rise       ; CLK_400HZ       ;
;  DATA[6]  ; CLK_400HZ  ; 7.650 ; 7.595 ; Rise       ; CLK_400HZ       ;
;  DATA[7]  ; CLK_400HZ  ; 6.470 ; 6.357 ; Rise       ; CLK_400HZ       ;
; E         ; CLK_400HZ  ; 6.506 ; 6.395 ; Rise       ; CLK_400HZ       ;
; RS        ; CLK_400HZ  ; 6.046 ; 6.000 ; Rise       ; CLK_400HZ       ;
+-----------+------------+-------+-------+------------+-----------------+


+-----------------------------------------------------------------------+
; Minimum Clock to Output Times                                         ;
+-----------+------------+-------+-------+------------+-----------------+
; Data Port ; Clock Port ; Rise  ; Fall  ; Clock Edge ; Clock Reference ;
+-----------+------------+-------+-------+------------+-----------------+
; DATA[*]   ; CLK_400HZ  ; 5.983 ; 5.908 ; Rise       ; CLK_400HZ       ;
;  DATA[0]  ; CLK_400HZ  ; 5.983 ; 5.908 ; Rise       ; CLK_400HZ       ;
;  DATA[1]  ; CLK_400HZ  ; 6.258 ; 6.147 ; Rise       ; CLK_400HZ       ;
;  DATA[2]  ; CLK_400HZ  ; 6.226 ; 6.119 ; Rise       ; CLK_400HZ       ;
;  DATA[3]  ; CLK_400HZ  ; 6.219 ; 6.102 ; Rise       ; CLK_400HZ       ;
;  DATA[4]  ; CLK_400HZ  ; 6.216 ; 6.105 ; Rise       ; CLK_400HZ       ;
;  DATA[5]  ; CLK_400HZ  ; 6.368 ; 6.319 ; Rise       ; CLK_400HZ       ;
;  DATA[6]  ; CLK_400HZ  ; 7.386 ; 7.335 ; Rise       ; CLK_400HZ       ;
;  DATA[7]  ; CLK_400HZ  ; 6.208 ; 6.098 ; Rise       ; CLK_400HZ       ;
; E         ; CLK_400HZ  ; 6.243 ; 6.135 ; Rise       ; CLK_400HZ       ;
; RS        ; CLK_400HZ  ; 5.801 ; 5.756 ; Rise       ; CLK_400HZ       ;
+-----------+------------+-------+-------+------------+-----------------+


----------------------------------------------
; Slow 1200mV 0C Model Metastability Summary ;
----------------------------------------------
No synchronizer chains to report.


+------------------------------------+
; Fast 1200mV 0C Model Setup Summary ;
+-----------+--------+---------------+
; Clock     ; Slack  ; End Point TNS ;
+-----------+--------+---------------+
; CLK       ; -0.845 ; -13.665       ;
; CLK_400HZ ; -0.245 ; -1.152        ;
+-----------+--------+---------------+


+-----------------------------------+
; Fast 1200mV 0C Model Hold Summary ;
+-----------+-------+---------------+
; Clock     ; Slack ; End Point TNS ;
+-----------+-------+---------------+
; CLK       ; 0.101 ; 0.000         ;
; CLK_400HZ ; 0.182 ; 0.000         ;
+-----------+-------+---------------+


-----------------------------------------
; Fast 1200mV 0C Model Recovery Summary ;
-----------------------------------------
No paths to report.


----------------------------------------
; Fast 1200mV 0C Model Removal Summary ;
----------------------------------------
No paths to report.


+--------------------------------------------------+
; Fast 1200mV 0C Model Minimum Pulse Width Summary ;
+-----------+--------+-----------------------------+
; Clock     ; Slack  ; End Point TNS               ;
+-----------+--------+-----------------------------+
; CLK       ; -3.000 ; -25.390                     ;
; CLK_400HZ ; -1.000 ; -38.000                     ;
+-----------+--------+-----------------------------+


+--------------------------------------------------------------------------------------------------------------------------+
; Fast 1200mV 0C Model Setup: 'CLK'                                                                                        ;
+--------+---------------------+---------------------+--------------+-------------+--------------+------------+------------+
; Slack  ; From Node           ; To Node             ; Launch Clock ; Latch Clock ; Relationship ; Clock Skew ; Data Delay ;
+--------+---------------------+---------------------+--------------+-------------+--------------+------------+------------+
; -0.845 ; CLK_COUNT_400HZ[8]  ; CLK_400HZ           ; CLK          ; CLK         ; 1.000        ; -0.040     ; 1.792      ;
; -0.844 ; CLK_COUNT_400HZ[7]  ; CLK_400HZ           ; CLK          ; CLK         ; 1.000        ; -0.040     ; 1.791      ;
; -0.834 ; CLK_COUNT_400HZ[2]  ; CLK_400HZ           ; CLK          ; CLK         ; 1.000        ; -0.040     ; 1.781      ;
; -0.826 ; CLK_COUNT_400HZ[4]  ; CLK_400HZ           ; CLK          ; CLK         ; 1.000        ; -0.243     ; 1.570      ;
; -0.795 ; CLK_COUNT_400HZ[7]  ; CLK_COUNT_400HZ[2]  ; CLK          ; CLK         ; 1.000        ; -0.042     ; 1.740      ;
; -0.795 ; CLK_COUNT_400HZ[7]  ; CLK_COUNT_400HZ[3]  ; CLK          ; CLK         ; 1.000        ; -0.042     ; 1.740      ;
; -0.795 ; CLK_COUNT_400HZ[7]  ; CLK_COUNT_400HZ[5]  ; CLK          ; CLK         ; 1.000        ; -0.042     ; 1.740      ;
; -0.795 ; CLK_COUNT_400HZ[7]  ; CLK_COUNT_400HZ[6]  ; CLK          ; CLK         ; 1.000        ; -0.042     ; 1.740      ;
; -0.795 ; CLK_COUNT_400HZ[7]  ; CLK_COUNT_400HZ[9]  ; CLK          ; CLK         ; 1.000        ; -0.042     ; 1.740      ;
; -0.795 ; CLK_COUNT_400HZ[7]  ; CLK_COUNT_400HZ[7]  ; CLK          ; CLK         ; 1.000        ; -0.042     ; 1.740      ;
; -0.795 ; CLK_COUNT_400HZ[7]  ; CLK_COUNT_400HZ[8]  ; CLK          ; CLK         ; 1.000        ; -0.042     ; 1.740      ;
; -0.795 ; CLK_COUNT_400HZ[2]  ; CLK_COUNT_400HZ[2]  ; CLK          ; CLK         ; 1.000        ; -0.042     ; 1.740      ;
; -0.795 ; CLK_COUNT_400HZ[2]  ; CLK_COUNT_400HZ[3]  ; CLK          ; CLK         ; 1.000        ; -0.042     ; 1.740      ;
; -0.795 ; CLK_COUNT_400HZ[2]  ; CLK_COUNT_400HZ[5]  ; CLK          ; CLK         ; 1.000        ; -0.042     ; 1.740      ;
; -0.795 ; CLK_COUNT_400HZ[2]  ; CLK_COUNT_400HZ[6]  ; CLK          ; CLK         ; 1.000        ; -0.042     ; 1.740      ;
; -0.795 ; CLK_COUNT_400HZ[2]  ; CLK_COUNT_400HZ[9]  ; CLK          ; CLK         ; 1.000        ; -0.042     ; 1.740      ;
; -0.795 ; CLK_COUNT_400HZ[2]  ; CLK_COUNT_400HZ[7]  ; CLK          ; CLK         ; 1.000        ; -0.042     ; 1.740      ;
; -0.795 ; CLK_COUNT_400HZ[2]  ; CLK_COUNT_400HZ[8]  ; CLK          ; CLK         ; 1.000        ; -0.042     ; 1.740      ;
; -0.789 ; CLK_COUNT_400HZ[8]  ; CLK_COUNT_400HZ[2]  ; CLK          ; CLK         ; 1.000        ; -0.042     ; 1.734      ;
; -0.789 ; CLK_COUNT_400HZ[8]  ; CLK_COUNT_400HZ[3]  ; CLK          ; CLK         ; 1.000        ; -0.042     ; 1.734      ;
; -0.789 ; CLK_COUNT_400HZ[8]  ; CLK_COUNT_400HZ[5]  ; CLK          ; CLK         ; 1.000        ; -0.042     ; 1.734      ;
; -0.789 ; CLK_COUNT_400HZ[8]  ; CLK_COUNT_400HZ[6]  ; CLK          ; CLK         ; 1.000        ; -0.042     ; 1.734      ;
; -0.789 ; CLK_COUNT_400HZ[8]  ; CLK_COUNT_400HZ[9]  ; CLK          ; CLK         ; 1.000        ; -0.042     ; 1.734      ;
; -0.789 ; CLK_COUNT_400HZ[8]  ; CLK_COUNT_400HZ[7]  ; CLK          ; CLK         ; 1.000        ; -0.042     ; 1.734      ;
; -0.789 ; CLK_COUNT_400HZ[8]  ; CLK_COUNT_400HZ[8]  ; CLK          ; CLK         ; 1.000        ; -0.042     ; 1.734      ;
; -0.772 ; CLK_COUNT_400HZ[4]  ; CLK_COUNT_400HZ[2]  ; CLK          ; CLK         ; 1.000        ; -0.245     ; 1.514      ;
; -0.772 ; CLK_COUNT_400HZ[4]  ; CLK_COUNT_400HZ[3]  ; CLK          ; CLK         ; 1.000        ; -0.245     ; 1.514      ;
; -0.772 ; CLK_COUNT_400HZ[4]  ; CLK_COUNT_400HZ[5]  ; CLK          ; CLK         ; 1.000        ; -0.245     ; 1.514      ;
; -0.772 ; CLK_COUNT_400HZ[4]  ; CLK_COUNT_400HZ[6]  ; CLK          ; CLK         ; 1.000        ; -0.245     ; 1.514      ;
; -0.772 ; CLK_COUNT_400HZ[4]  ; CLK_COUNT_400HZ[9]  ; CLK          ; CLK         ; 1.000        ; -0.245     ; 1.514      ;
; -0.772 ; CLK_COUNT_400HZ[4]  ; CLK_COUNT_400HZ[7]  ; CLK          ; CLK         ; 1.000        ; -0.245     ; 1.514      ;
; -0.772 ; CLK_COUNT_400HZ[4]  ; CLK_COUNT_400HZ[8]  ; CLK          ; CLK         ; 1.000        ; -0.245     ; 1.514      ;
; -0.758 ; CLK_COUNT_400HZ[9]  ; CLK_400HZ           ; CLK          ; CLK         ; 1.000        ; -0.040     ; 1.705      ;
; -0.758 ; CLK_COUNT_400HZ[3]  ; CLK_400HZ           ; CLK          ; CLK         ; 1.000        ; -0.040     ; 1.705      ;
; -0.712 ; CLK_COUNT_400HZ[3]  ; CLK_COUNT_400HZ[2]  ; CLK          ; CLK         ; 1.000        ; -0.042     ; 1.657      ;
; -0.712 ; CLK_COUNT_400HZ[3]  ; CLK_COUNT_400HZ[3]  ; CLK          ; CLK         ; 1.000        ; -0.042     ; 1.657      ;
; -0.712 ; CLK_COUNT_400HZ[3]  ; CLK_COUNT_400HZ[5]  ; CLK          ; CLK         ; 1.000        ; -0.042     ; 1.657      ;
; -0.712 ; CLK_COUNT_400HZ[3]  ; CLK_COUNT_400HZ[6]  ; CLK          ; CLK         ; 1.000        ; -0.042     ; 1.657      ;
; -0.712 ; CLK_COUNT_400HZ[3]  ; CLK_COUNT_400HZ[9]  ; CLK          ; CLK         ; 1.000        ; -0.042     ; 1.657      ;
; -0.712 ; CLK_COUNT_400HZ[3]  ; CLK_COUNT_400HZ[7]  ; CLK          ; CLK         ; 1.000        ; -0.042     ; 1.657      ;
; -0.712 ; CLK_COUNT_400HZ[3]  ; CLK_COUNT_400HZ[8]  ; CLK          ; CLK         ; 1.000        ; -0.042     ; 1.657      ;
; -0.707 ; CLK_COUNT_400HZ[11] ; CLK_400HZ           ; CLK          ; CLK         ; 1.000        ; -0.042     ; 1.652      ;
; -0.700 ; CLK_COUNT_400HZ[6]  ; CLK_400HZ           ; CLK          ; CLK         ; 1.000        ; -0.040     ; 1.647      ;
; -0.696 ; CLK_COUNT_400HZ[13] ; CLK_400HZ           ; CLK          ; CLK         ; 1.000        ; -0.042     ; 1.641      ;
; -0.693 ; CLK_COUNT_400HZ[9]  ; CLK_COUNT_400HZ[2]  ; CLK          ; CLK         ; 1.000        ; -0.042     ; 1.638      ;
; -0.693 ; CLK_COUNT_400HZ[9]  ; CLK_COUNT_400HZ[3]  ; CLK          ; CLK         ; 1.000        ; -0.042     ; 1.638      ;
; -0.693 ; CLK_COUNT_400HZ[9]  ; CLK_COUNT_400HZ[5]  ; CLK          ; CLK         ; 1.000        ; -0.042     ; 1.638      ;
; -0.693 ; CLK_COUNT_400HZ[9]  ; CLK_COUNT_400HZ[6]  ; CLK          ; CLK         ; 1.000        ; -0.042     ; 1.638      ;
; -0.693 ; CLK_COUNT_400HZ[9]  ; CLK_COUNT_400HZ[9]  ; CLK          ; CLK         ; 1.000        ; -0.042     ; 1.638      ;
; -0.693 ; CLK_COUNT_400HZ[9]  ; CLK_COUNT_400HZ[7]  ; CLK          ; CLK         ; 1.000        ; -0.042     ; 1.638      ;
; -0.693 ; CLK_COUNT_400HZ[9]  ; CLK_COUNT_400HZ[8]  ; CLK          ; CLK         ; 1.000        ; -0.042     ; 1.638      ;
; -0.682 ; CLK_COUNT_400HZ[5]  ; CLK_400HZ           ; CLK          ; CLK         ; 1.000        ; -0.040     ; 1.629      ;
; -0.668 ; CLK_COUNT_400HZ[11] ; CLK_COUNT_400HZ[2]  ; CLK          ; CLK         ; 1.000        ; -0.044     ; 1.611      ;
; -0.668 ; CLK_COUNT_400HZ[11] ; CLK_COUNT_400HZ[3]  ; CLK          ; CLK         ; 1.000        ; -0.044     ; 1.611      ;
; -0.668 ; CLK_COUNT_400HZ[11] ; CLK_COUNT_400HZ[5]  ; CLK          ; CLK         ; 1.000        ; -0.044     ; 1.611      ;
; -0.668 ; CLK_COUNT_400HZ[11] ; CLK_COUNT_400HZ[6]  ; CLK          ; CLK         ; 1.000        ; -0.044     ; 1.611      ;
; -0.668 ; CLK_COUNT_400HZ[11] ; CLK_COUNT_400HZ[9]  ; CLK          ; CLK         ; 1.000        ; -0.044     ; 1.611      ;
; -0.668 ; CLK_COUNT_400HZ[11] ; CLK_COUNT_400HZ[7]  ; CLK          ; CLK         ; 1.000        ; -0.044     ; 1.611      ;
; -0.668 ; CLK_COUNT_400HZ[11] ; CLK_COUNT_400HZ[8]  ; CLK          ; CLK         ; 1.000        ; -0.044     ; 1.611      ;
; -0.657 ; CLK_COUNT_400HZ[13] ; CLK_COUNT_400HZ[2]  ; CLK          ; CLK         ; 1.000        ; -0.044     ; 1.600      ;
; -0.657 ; CLK_COUNT_400HZ[13] ; CLK_COUNT_400HZ[3]  ; CLK          ; CLK         ; 1.000        ; -0.044     ; 1.600      ;
; -0.657 ; CLK_COUNT_400HZ[13] ; CLK_COUNT_400HZ[5]  ; CLK          ; CLK         ; 1.000        ; -0.044     ; 1.600      ;
; -0.657 ; CLK_COUNT_400HZ[13] ; CLK_COUNT_400HZ[6]  ; CLK          ; CLK         ; 1.000        ; -0.044     ; 1.600      ;
; -0.657 ; CLK_COUNT_400HZ[13] ; CLK_COUNT_400HZ[9]  ; CLK          ; CLK         ; 1.000        ; -0.044     ; 1.600      ;
; -0.657 ; CLK_COUNT_400HZ[13] ; CLK_COUNT_400HZ[7]  ; CLK          ; CLK         ; 1.000        ; -0.044     ; 1.600      ;
; -0.657 ; CLK_COUNT_400HZ[13] ; CLK_COUNT_400HZ[8]  ; CLK          ; CLK         ; 1.000        ; -0.044     ; 1.600      ;
; -0.640 ; CLK_COUNT_400HZ[6]  ; CLK_COUNT_400HZ[2]  ; CLK          ; CLK         ; 1.000        ; -0.042     ; 1.585      ;
; -0.640 ; CLK_COUNT_400HZ[6]  ; CLK_COUNT_400HZ[3]  ; CLK          ; CLK         ; 1.000        ; -0.042     ; 1.585      ;
; -0.640 ; CLK_COUNT_400HZ[6]  ; CLK_COUNT_400HZ[5]  ; CLK          ; CLK         ; 1.000        ; -0.042     ; 1.585      ;
; -0.640 ; CLK_COUNT_400HZ[6]  ; CLK_COUNT_400HZ[6]  ; CLK          ; CLK         ; 1.000        ; -0.042     ; 1.585      ;
; -0.640 ; CLK_COUNT_400HZ[6]  ; CLK_COUNT_400HZ[9]  ; CLK          ; CLK         ; 1.000        ; -0.042     ; 1.585      ;
; -0.640 ; CLK_COUNT_400HZ[6]  ; CLK_COUNT_400HZ[7]  ; CLK          ; CLK         ; 1.000        ; -0.042     ; 1.585      ;
; -0.640 ; CLK_COUNT_400HZ[6]  ; CLK_COUNT_400HZ[8]  ; CLK          ; CLK         ; 1.000        ; -0.042     ; 1.585      ;
; -0.624 ; CLK_COUNT_400HZ[1]  ; CLK_COUNT_400HZ[18] ; CLK          ; CLK         ; 1.000        ; -0.243     ; 1.368      ;
; -0.621 ; CLK_COUNT_400HZ[5]  ; CLK_COUNT_400HZ[2]  ; CLK          ; CLK         ; 1.000        ; -0.042     ; 1.566      ;
; -0.621 ; CLK_COUNT_400HZ[5]  ; CLK_COUNT_400HZ[3]  ; CLK          ; CLK         ; 1.000        ; -0.042     ; 1.566      ;
; -0.621 ; CLK_COUNT_400HZ[5]  ; CLK_COUNT_400HZ[5]  ; CLK          ; CLK         ; 1.000        ; -0.042     ; 1.566      ;
; -0.621 ; CLK_COUNT_400HZ[5]  ; CLK_COUNT_400HZ[6]  ; CLK          ; CLK         ; 1.000        ; -0.042     ; 1.566      ;
; -0.621 ; CLK_COUNT_400HZ[5]  ; CLK_COUNT_400HZ[9]  ; CLK          ; CLK         ; 1.000        ; -0.042     ; 1.566      ;
; -0.621 ; CLK_COUNT_400HZ[5]  ; CLK_COUNT_400HZ[7]  ; CLK          ; CLK         ; 1.000        ; -0.042     ; 1.566      ;
; -0.621 ; CLK_COUNT_400HZ[5]  ; CLK_COUNT_400HZ[8]  ; CLK          ; CLK         ; 1.000        ; -0.042     ; 1.566      ;
; -0.603 ; CLK_COUNT_400HZ[12] ; CLK_400HZ           ; CLK          ; CLK         ; 1.000        ; -0.042     ; 1.548      ;
; -0.600 ; CLK_COUNT_400HZ[7]  ; CLK_COUNT_400HZ[4]  ; CLK          ; CLK         ; 1.000        ; 0.153      ; 1.740      ;
; -0.600 ; CLK_COUNT_400HZ[7]  ; CLK_COUNT_400HZ[0]  ; CLK          ; CLK         ; 1.000        ; 0.153      ; 1.740      ;
; -0.600 ; CLK_COUNT_400HZ[7]  ; CLK_COUNT_400HZ[1]  ; CLK          ; CLK         ; 1.000        ; 0.153      ; 1.740      ;
; -0.600 ; CLK_COUNT_400HZ[2]  ; CLK_COUNT_400HZ[4]  ; CLK          ; CLK         ; 1.000        ; 0.153      ; 1.740      ;
; -0.600 ; CLK_COUNT_400HZ[2]  ; CLK_COUNT_400HZ[0]  ; CLK          ; CLK         ; 1.000        ; 0.153      ; 1.740      ;
; -0.600 ; CLK_COUNT_400HZ[2]  ; CLK_COUNT_400HZ[1]  ; CLK          ; CLK         ; 1.000        ; 0.153      ; 1.740      ;
; -0.594 ; CLK_COUNT_400HZ[8]  ; CLK_COUNT_400HZ[4]  ; CLK          ; CLK         ; 1.000        ; 0.153      ; 1.734      ;
; -0.594 ; CLK_COUNT_400HZ[8]  ; CLK_COUNT_400HZ[0]  ; CLK          ; CLK         ; 1.000        ; 0.153      ; 1.734      ;
; -0.594 ; CLK_COUNT_400HZ[8]  ; CLK_COUNT_400HZ[1]  ; CLK          ; CLK         ; 1.000        ; 0.153      ; 1.734      ;
; -0.577 ; CLK_COUNT_400HZ[14] ; CLK_400HZ           ; CLK          ; CLK         ; 1.000        ; -0.042     ; 1.522      ;
; -0.577 ; CLK_COUNT_400HZ[4]  ; CLK_COUNT_400HZ[4]  ; CLK          ; CLK         ; 1.000        ; -0.050     ; 1.514      ;
; -0.577 ; CLK_COUNT_400HZ[4]  ; CLK_COUNT_400HZ[0]  ; CLK          ; CLK         ; 1.000        ; -0.050     ; 1.514      ;
; -0.577 ; CLK_COUNT_400HZ[4]  ; CLK_COUNT_400HZ[1]  ; CLK          ; CLK         ; 1.000        ; -0.050     ; 1.514      ;
; -0.574 ; CLK_COUNT_400HZ[0]  ; CLK_COUNT_400HZ[18] ; CLK          ; CLK         ; 1.000        ; -0.243     ; 1.318      ;
; -0.567 ; CLK_COUNT_400HZ[19] ; CLK_400HZ           ; CLK          ; CLK         ; 1.000        ; -0.245     ; 1.309      ;
; -0.560 ; CLK_COUNT_400HZ[1]  ; CLK_COUNT_400HZ[17] ; CLK          ; CLK         ; 1.000        ; -0.243     ; 1.304      ;
; -0.556 ; CLK_COUNT_400HZ[1]  ; CLK_COUNT_400HZ[16] ; CLK          ; CLK         ; 1.000        ; -0.243     ; 1.300      ;
; -0.547 ; CLK_COUNT_400HZ[8]  ; CLK_COUNT_400HZ[14] ; CLK          ; CLK         ; 1.000        ; -0.040     ; 1.494      ;
+--------+---------------------+---------------------+--------------+-------------+--------------+------------+------------+


+-------------------------------------------------------------------------------------------------------------------------------+
; Fast 1200mV 0C Model Setup: 'CLK_400HZ'                                                                                       ;
+--------+--------------------+---------------------------+--------------+-------------+--------------+------------+------------+
; Slack  ; From Node          ; To Node                   ; Launch Clock ; Latch Clock ; Relationship ; Clock Skew ; Data Delay ;
+--------+--------------------+---------------------------+--------------+-------------+--------------+------------+------------+
; -0.245 ; CHAR_COUNT[1]      ; next_command.Print_String ; CLK_400HZ    ; CLK_400HZ   ; 1.000        ; -0.043     ; 1.189      ;
; -0.176 ; CHAR_COUNT[1]      ; DATA_BUS_VALUE[0]         ; CLK_400HZ    ; CLK_400HZ   ; 1.000        ; -0.043     ; 1.120      ;
; -0.167 ; CHAR_COUNT[3]      ; next_command.Print_String ; CLK_400HZ    ; CLK_400HZ   ; 1.000        ; -0.043     ; 1.111      ;
; -0.162 ; CHAR_COUNT[2]      ; DATA_BUS_VALUE[3]         ; CLK_400HZ    ; CLK_400HZ   ; 1.000        ; -0.044     ; 1.105      ;
; -0.161 ; CHAR_COUNT[4]      ; DATA_BUS_VALUE[4]         ; CLK_400HZ    ; CLK_400HZ   ; 1.000        ; -0.042     ; 1.106      ;
; -0.156 ; CHAR_COUNT[2]      ; DATA_BUS_VALUE[2]         ; CLK_400HZ    ; CLK_400HZ   ; 1.000        ; -0.043     ; 1.100      ;
; -0.139 ; CHAR_COUNT[4]      ; DATA_BUS_VALUE[2]         ; CLK_400HZ    ; CLK_400HZ   ; 1.000        ; -0.043     ; 1.083      ;
; -0.128 ; CHAR_COUNT[1]      ; DATA_BUS_VALUE[3]         ; CLK_400HZ    ; CLK_400HZ   ; 1.000        ; -0.044     ; 1.071      ;
; -0.112 ; CHAR_COUNT[1]      ; next_command.RETURN_HOME  ; CLK_400HZ    ; CLK_400HZ   ; 1.000        ; -0.043     ; 1.056      ;
; -0.111 ; CHAR_COUNT[0]      ; next_command.Print_String ; CLK_400HZ    ; CLK_400HZ   ; 1.000        ; -0.043     ; 1.055      ;
; -0.104 ; CHAR_COUNT[0]      ; DATA_BUS_VALUE[0]         ; CLK_400HZ    ; CLK_400HZ   ; 1.000        ; -0.043     ; 1.048      ;
; -0.097 ; state.DROP_LCD_E   ; DATA_BUS_VALUE[3]         ; CLK_400HZ    ; CLK_400HZ   ; 1.000        ; -0.042     ; 1.042      ;
; -0.093 ; state.Print_String ; DATA_BUS_VALUE[3]         ; CLK_400HZ    ; CLK_400HZ   ; 1.000        ; -0.043     ; 1.037      ;
; -0.086 ; CHAR_COUNT[3]      ; DATA_BUS_VALUE[3]         ; CLK_400HZ    ; CLK_400HZ   ; 1.000        ; -0.044     ; 1.029      ;
; -0.085 ; state.FUNC_SET     ; DATA_BUS_VALUE[3]         ; CLK_400HZ    ; CLK_400HZ   ; 1.000        ; -0.041     ; 1.031      ;
; -0.078 ; state.RESET2       ; DATA_BUS_VALUE[3]         ; CLK_400HZ    ; CLK_400HZ   ; 1.000        ; -0.041     ; 1.024      ;
; -0.053 ; CHAR_COUNT[0]      ; DATA_BUS_VALUE[2]         ; CLK_400HZ    ; CLK_400HZ   ; 1.000        ; -0.043     ; 0.997      ;
; -0.051 ; CHAR_COUNT[2]      ; next_command.Print_String ; CLK_400HZ    ; CLK_400HZ   ; 1.000        ; -0.043     ; 0.995      ;
; -0.051 ; CHAR_COUNT[2]      ; DATA_BUS_VALUE[4]         ; CLK_400HZ    ; CLK_400HZ   ; 1.000        ; -0.042     ; 0.996      ;
; -0.050 ; CHAR_COUNT[2]      ; DATA_BUS_VALUE[6]         ; CLK_400HZ    ; CLK_400HZ   ; 1.000        ; -0.044     ; 0.993      ;
; -0.047 ; CHAR_COUNT[2]      ; DATA_BUS_VALUE[5]         ; CLK_400HZ    ; CLK_400HZ   ; 1.000        ; -0.042     ; 0.992      ;
; -0.043 ; CHAR_COUNT[4]      ; DATA_BUS_VALUE[1]         ; CLK_400HZ    ; CLK_400HZ   ; 1.000        ; -0.043     ; 0.987      ;
; -0.038 ; CHAR_COUNT[1]      ; DATA_BUS_VALUE[6]         ; CLK_400HZ    ; CLK_400HZ   ; 1.000        ; -0.044     ; 0.981      ;
; -0.035 ; CHAR_COUNT[1]      ; DATA_BUS_VALUE[5]         ; CLK_400HZ    ; CLK_400HZ   ; 1.000        ; -0.042     ; 0.980      ;
; -0.034 ; CHAR_COUNT[4]      ; DATA_BUS_VALUE[6]         ; CLK_400HZ    ; CLK_400HZ   ; 1.000        ; -0.044     ; 0.977      ;
; -0.034 ; state.DROP_LCD_E   ; next_command.Print_String ; CLK_400HZ    ; CLK_400HZ   ; 1.000        ; -0.041     ; 0.980      ;
; -0.034 ; CHAR_COUNT[3]      ; next_command.RETURN_HOME  ; CLK_400HZ    ; CLK_400HZ   ; 1.000        ; -0.043     ; 0.978      ;
; -0.019 ; CHAR_COUNT[4]      ; DATA_BUS_VALUE[0]         ; CLK_400HZ    ; CLK_400HZ   ; 1.000        ; -0.043     ; 0.963      ;
; -0.017 ; state.HOLD         ; DATA_BUS_VALUE[3]         ; CLK_400HZ    ; CLK_400HZ   ; 1.000        ; -0.043     ; 0.961      ;
; 0.000  ; CHAR_COUNT[4]      ; DATA_BUS_VALUE[5]         ; CLK_400HZ    ; CLK_400HZ   ; 1.000        ; -0.042     ; 0.945      ;
; 0.001  ; state.DROP_LCD_E   ; DATA_BUS_VALUE[0]         ; CLK_400HZ    ; CLK_400HZ   ; 1.000        ; -0.041     ; 0.945      ;
; 0.002  ; state.DROP_LCD_E   ; DATA_BUS_VALUE[5]         ; CLK_400HZ    ; CLK_400HZ   ; 1.000        ; -0.040     ; 0.945      ;
; 0.002  ; state.DROP_LCD_E   ; DATA_BUS_VALUE[4]         ; CLK_400HZ    ; CLK_400HZ   ; 1.000        ; -0.040     ; 0.945      ;
; 0.002  ; state.DISPLAY_ON   ; DATA_BUS_VALUE[3]         ; CLK_400HZ    ; CLK_400HZ   ; 1.000        ; -0.041     ; 0.944      ;
; 0.004  ; state.DROP_LCD_E   ; DATA_BUS_VALUE[2]         ; CLK_400HZ    ; CLK_400HZ   ; 1.000        ; -0.041     ; 0.942      ;
; 0.013  ; CHAR_COUNT[1]      ; DATA_BUS_VALUE[2]         ; CLK_400HZ    ; CLK_400HZ   ; 1.000        ; -0.043     ; 0.931      ;
; 0.016  ; CHAR_COUNT[1]      ; CHAR_COUNT[4]             ; CLK_400HZ    ; CLK_400HZ   ; 1.000        ; -0.041     ; 0.930      ;
; 0.022  ; CHAR_COUNT[0]      ; next_command.RETURN_HOME  ; CLK_400HZ    ; CLK_400HZ   ; 1.000        ; -0.043     ; 0.922      ;
; 0.023  ; state.Print_String ; next_command.Print_String ; CLK_400HZ    ; CLK_400HZ   ; 1.000        ; -0.042     ; 0.922      ;
; 0.026  ; state.RETURN_HOME  ; DATA_BUS_VALUE[4]         ; CLK_400HZ    ; CLK_400HZ   ; 1.000        ; -0.041     ; 0.920      ;
; 0.026  ; state.RETURN_HOME  ; DATA_BUS_VALUE[5]         ; CLK_400HZ    ; CLK_400HZ   ; 1.000        ; -0.041     ; 0.920      ;
; 0.028  ; CHAR_COUNT[2]      ; DATA_BUS_VALUE[0]         ; CLK_400HZ    ; CLK_400HZ   ; 1.000        ; -0.043     ; 0.916      ;
; 0.028  ; state.LINE2        ; DATA_BUS_VALUE[4]         ; CLK_400HZ    ; CLK_400HZ   ; 1.000        ; -0.041     ; 0.918      ;
; 0.028  ; state.LINE2        ; DATA_BUS_VALUE[5]         ; CLK_400HZ    ; CLK_400HZ   ; 1.000        ; -0.041     ; 0.918      ;
; 0.034  ; CHAR_COUNT[0]      ; DATA_BUS_VALUE[4]         ; CLK_400HZ    ; CLK_400HZ   ; 1.000        ; -0.042     ; 0.911      ;
; 0.034  ; CHAR_COUNT[0]      ; DATA_BUS_VALUE[6]         ; CLK_400HZ    ; CLK_400HZ   ; 1.000        ; -0.044     ; 0.909      ;
; 0.034  ; CHAR_COUNT[1]      ; DATA_BUS_VALUE[1]         ; CLK_400HZ    ; CLK_400HZ   ; 1.000        ; -0.043     ; 0.910      ;
; 0.035  ; state.MODE_SET     ; DATA_BUS_VALUE[1]         ; CLK_400HZ    ; CLK_400HZ   ; 1.000        ; -0.042     ; 0.910      ;
; 0.037  ; CHAR_COUNT[0]      ; DATA_BUS_VALUE[5]         ; CLK_400HZ    ; CLK_400HZ   ; 1.000        ; -0.042     ; 0.908      ;
; 0.044  ; CHAR_COUNT[3]      ; DATA_BUS_VALUE[2]         ; CLK_400HZ    ; CLK_400HZ   ; 1.000        ; -0.043     ; 0.900      ;
; 0.046  ; state.HOLD         ; next_command.Print_String ; CLK_400HZ    ; CLK_400HZ   ; 1.000        ; -0.042     ; 0.899      ;
; 0.050  ; state.RESET1       ; CHAR_COUNT[4]             ; CLK_400HZ    ; CLK_400HZ   ; 1.000        ; -0.040     ; 0.897      ;
; 0.063  ; CHAR_COUNT[2]      ; CHAR_COUNT[2]             ; CLK_400HZ    ; CLK_400HZ   ; 1.000        ; -0.041     ; 0.883      ;
; 0.068  ; CHAR_COUNT[0]      ; CHAR_COUNT[4]             ; CLK_400HZ    ; CLK_400HZ   ; 1.000        ; -0.041     ; 0.878      ;
; 0.068  ; state.DISPLAY_OFF  ; DATA_BUS_VALUE[4]         ; CLK_400HZ    ; CLK_400HZ   ; 1.000        ; -0.039     ; 0.880      ;
; 0.068  ; state.DISPLAY_OFF  ; DATA_BUS_VALUE[5]         ; CLK_400HZ    ; CLK_400HZ   ; 1.000        ; -0.039     ; 0.880      ;
; 0.072  ; state.DISPLAY_OFF  ; DATA_BUS_VALUE[3]         ; CLK_400HZ    ; CLK_400HZ   ; 1.000        ; -0.041     ; 0.874      ;
; 0.077  ; state.HOLD         ; DATA_BUS_VALUE[1]         ; CLK_400HZ    ; CLK_400HZ   ; 1.000        ; -0.042     ; 0.868      ;
; 0.080  ; CHAR_COUNT[1]      ; CHAR_COUNT[3]             ; CLK_400HZ    ; CLK_400HZ   ; 1.000        ; -0.041     ; 0.866      ;
; 0.080  ; state.LINE2        ; DATA_BUS_VALUE[6]         ; CLK_400HZ    ; CLK_400HZ   ; 1.000        ; -0.043     ; 0.864      ;
; 0.081  ; state.HOLD         ; DATA_BUS_VALUE[0]         ; CLK_400HZ    ; CLK_400HZ   ; 1.000        ; -0.042     ; 0.864      ;
; 0.082  ; CHAR_COUNT[2]      ; next_command.RETURN_HOME  ; CLK_400HZ    ; CLK_400HZ   ; 1.000        ; -0.043     ; 0.862      ;
; 0.084  ; CHAR_COUNT[1]      ; CHAR_COUNT[2]             ; CLK_400HZ    ; CLK_400HZ   ; 1.000        ; -0.041     ; 0.862      ;
; 0.084  ; state.HOLD         ; DATA_BUS_VALUE[2]         ; CLK_400HZ    ; CLK_400HZ   ; 1.000        ; -0.042     ; 0.861      ;
; 0.097  ; state.Print_String ; DATA_BUS_VALUE[0]         ; CLK_400HZ    ; CLK_400HZ   ; 1.000        ; -0.042     ; 0.848      ;
; 0.098  ; CHAR_COUNT[3]      ; CHAR_COUNT[4]             ; CLK_400HZ    ; CLK_400HZ   ; 1.000        ; -0.041     ; 0.848      ;
; 0.098  ; state.DROP_LCD_E   ; DATA_BUS_VALUE[6]         ; CLK_400HZ    ; CLK_400HZ   ; 1.000        ; -0.042     ; 0.847      ;
; 0.105  ; CHAR_COUNT[0]      ; CHAR_COUNT[3]             ; CLK_400HZ    ; CLK_400HZ   ; 1.000        ; -0.041     ; 0.841      ;
; 0.108  ; state.MODE_SET     ; DATA_BUS_VALUE[2]         ; CLK_400HZ    ; CLK_400HZ   ; 1.000        ; -0.042     ; 0.837      ;
; 0.108  ; state.HOLD         ; DATA_BUS_VALUE[6]         ; CLK_400HZ    ; CLK_400HZ   ; 1.000        ; -0.043     ; 0.836      ;
; 0.110  ; CHAR_COUNT[0]      ; DATA_BUS_VALUE[1]         ; CLK_400HZ    ; CLK_400HZ   ; 1.000        ; -0.043     ; 0.834      ;
; 0.114  ; state.HOLD         ; DATA_BUS_VALUE[5]         ; CLK_400HZ    ; CLK_400HZ   ; 1.000        ; -0.041     ; 0.832      ;
; 0.114  ; state.HOLD         ; DATA_BUS_VALUE[4]         ; CLK_400HZ    ; CLK_400HZ   ; 1.000        ; -0.041     ; 0.832      ;
; 0.115  ; state.MODE_SET     ; DATA_BUS_VALUE[4]         ; CLK_400HZ    ; CLK_400HZ   ; 1.000        ; -0.041     ; 0.831      ;
; 0.115  ; state.MODE_SET     ; DATA_BUS_VALUE[5]         ; CLK_400HZ    ; CLK_400HZ   ; 1.000        ; -0.041     ; 0.831      ;
; 0.119  ; state.DROP_LCD_E   ; DATA_BUS_VALUE[1]         ; CLK_400HZ    ; CLK_400HZ   ; 1.000        ; -0.041     ; 0.827      ;
; 0.123  ; CHAR_COUNT[1]      ; DATA_BUS_VALUE[4]         ; CLK_400HZ    ; CLK_400HZ   ; 1.000        ; -0.042     ; 0.822      ;
; 0.128  ; CHAR_COUNT[2]      ; CHAR_COUNT[4]             ; CLK_400HZ    ; CLK_400HZ   ; 1.000        ; -0.041     ; 0.818      ;
; 0.129  ; state.HOLD         ; next_command.RESET2       ; CLK_400HZ    ; CLK_400HZ   ; 1.000        ; -0.043     ; 0.815      ;
; 0.132  ; state.RESET1       ; CHAR_COUNT[2]             ; CLK_400HZ    ; CLK_400HZ   ; 1.000        ; -0.040     ; 0.815      ;
; 0.133  ; state.RESET1       ; CHAR_COUNT[1]             ; CLK_400HZ    ; CLK_400HZ   ; 1.000        ; -0.040     ; 0.814      ;
; 0.135  ; state.HOLD         ; next_command.FUNC_SET     ; CLK_400HZ    ; CLK_400HZ   ; 1.000        ; -0.043     ; 0.809      ;
; 0.136  ; CHAR_COUNT[0]      ; CHAR_COUNT[2]             ; CLK_400HZ    ; CLK_400HZ   ; 1.000        ; -0.041     ; 0.810      ;
; 0.137  ; state.HOLD         ; next_command.DISPLAY_OFF  ; CLK_400HZ    ; CLK_400HZ   ; 1.000        ; -0.043     ; 0.807      ;
; 0.137  ; DATA_BUS_VALUE[6]  ; DATA_BUS_VALUE[6]         ; CLK_400HZ    ; CLK_400HZ   ; 1.000        ; -0.041     ; 0.809      ;
; 0.138  ; state.RESET1       ; CHAR_COUNT[0]             ; CLK_400HZ    ; CLK_400HZ   ; 1.000        ; -0.040     ; 0.809      ;
; 0.139  ; state.RESET1       ; CHAR_COUNT[3]             ; CLK_400HZ    ; CLK_400HZ   ; 1.000        ; -0.040     ; 0.808      ;
; 0.140  ; state.DROP_LCD_E   ; DATA_BUS_VALUE[7]         ; CLK_400HZ    ; CLK_400HZ   ; 1.000        ; -0.041     ; 0.806      ;
; 0.145  ; CHAR_COUNT[4]      ; CHAR_COUNT[4]             ; CLK_400HZ    ; CLK_400HZ   ; 1.000        ; -0.041     ; 0.801      ;
; 0.146  ; state.Print_String ; DATA_BUS_VALUE[4]         ; CLK_400HZ    ; CLK_400HZ   ; 1.000        ; -0.041     ; 0.800      ;
; 0.146  ; state.Print_String ; DATA_BUS_VALUE[5]         ; CLK_400HZ    ; CLK_400HZ   ; 1.000        ; -0.041     ; 0.800      ;
; 0.149  ; state.HOLD         ; next_command.RESET3       ; CLK_400HZ    ; CLK_400HZ   ; 1.000        ; -0.043     ; 0.795      ;
; 0.149  ; state.DROP_LCD_E   ; state.DROP_LCD_E          ; CLK_400HZ    ; CLK_400HZ   ; 1.000        ; -0.041     ; 0.797      ;
; 0.155  ; state.HOLD         ; next_command.RETURN_HOME  ; CLK_400HZ    ; CLK_400HZ   ; 1.000        ; -0.042     ; 0.790      ;
; 0.157  ; CHAR_COUNT[1]      ; next_command.LINE2        ; CLK_400HZ    ; CLK_400HZ   ; 1.000        ; 0.138      ; 0.968      ;
; 0.160  ; state.Print_String ; DATA_BUS_VALUE[6]         ; CLK_400HZ    ; CLK_400HZ   ; 1.000        ; -0.043     ; 0.784      ;
; 0.162  ; CHAR_COUNT[2]      ; CHAR_COUNT[3]             ; CLK_400HZ    ; CLK_400HZ   ; 1.000        ; -0.041     ; 0.784      ;
; 0.163  ; state.RESET1       ; DATA_BUS_VALUE[3]         ; CLK_400HZ    ; CLK_400HZ   ; 1.000        ; -0.043     ; 0.781      ;
; 0.171  ; state.DROP_LCD_E   ; next_command.RETURN_HOME  ; CLK_400HZ    ; CLK_400HZ   ; 1.000        ; -0.041     ; 0.775      ;
; 0.172  ; CHAR_COUNT[3]      ; DATA_BUS_VALUE[0]         ; CLK_400HZ    ; CLK_400HZ   ; 1.000        ; -0.043     ; 0.772      ;
+--------+--------------------+---------------------------+--------------+-------------+--------------+------------+------------+


+-------------------------------------------------------------------------------------------------------------------------+
; Fast 1200mV 0C Model Hold: 'CLK'                                                                                        ;
+-------+---------------------+---------------------+--------------+-------------+--------------+------------+------------+
; Slack ; From Node           ; To Node             ; Launch Clock ; Latch Clock ; Relationship ; Clock Skew ; Data Delay ;
+-------+---------------------+---------------------+--------------+-------------+--------------+------------+------------+
; 0.101 ; CLK_400HZ           ; CLK_400HZ           ; CLK_400HZ    ; CLK         ; 0.000        ; 1.669      ; 1.989      ;
; 0.184 ; CLK_COUNT_400HZ[19] ; CLK_COUNT_400HZ[19] ; CLK          ; CLK         ; 0.000        ; 0.050      ; 0.318      ;
; 0.239 ; CLK_COUNT_400HZ[3]  ; CLK_COUNT_400HZ[4]  ; CLK          ; CLK         ; 0.000        ; 0.245      ; 0.568      ;
; 0.249 ; CLK_COUNT_400HZ[18] ; CLK_COUNT_400HZ[19] ; CLK          ; CLK         ; 0.000        ; 0.245      ; 0.578      ;
; 0.259 ; CLK_COUNT_400HZ[2]  ; CLK_COUNT_400HZ[4]  ; CLK          ; CLK         ; 0.000        ; 0.245      ; 0.588      ;
; 0.280 ; CLK_COUNT_400HZ[1]  ; CLK_COUNT_400HZ[1]  ; CLK          ; CLK         ; 0.000        ; 0.050      ; 0.414      ;
; 0.286 ; CLK_COUNT_400HZ[4]  ; CLK_COUNT_400HZ[4]  ; CLK          ; CLK         ; 0.000        ; 0.050      ; 0.420      ;
; 0.289 ; CLK_COUNT_400HZ[0]  ; CLK_COUNT_400HZ[0]  ; CLK          ; CLK         ; 0.000        ; 0.050      ; 0.423      ;
; 0.290 ; CLK_COUNT_400HZ[9]  ; CLK_COUNT_400HZ[9]  ; CLK          ; CLK         ; 0.000        ; 0.042      ; 0.416      ;
; 0.291 ; CLK_COUNT_400HZ[7]  ; CLK_COUNT_400HZ[7]  ; CLK          ; CLK         ; 0.000        ; 0.042      ; 0.417      ;
; 0.292 ; CLK_COUNT_400HZ[5]  ; CLK_COUNT_400HZ[5]  ; CLK          ; CLK         ; 0.000        ; 0.042      ; 0.418      ;
; 0.292 ; CLK_COUNT_400HZ[10] ; CLK_COUNT_400HZ[10] ; CLK          ; CLK         ; 0.000        ; 0.042      ; 0.418      ;
; 0.292 ; CLK_COUNT_400HZ[13] ; CLK_COUNT_400HZ[13] ; CLK          ; CLK         ; 0.000        ; 0.042      ; 0.418      ;
; 0.293 ; CLK_COUNT_400HZ[3]  ; CLK_COUNT_400HZ[3]  ; CLK          ; CLK         ; 0.000        ; 0.042      ; 0.419      ;
; 0.293 ; CLK_COUNT_400HZ[6]  ; CLK_COUNT_400HZ[6]  ; CLK          ; CLK         ; 0.000        ; 0.042      ; 0.419      ;
; 0.293 ; CLK_COUNT_400HZ[8]  ; CLK_COUNT_400HZ[8]  ; CLK          ; CLK         ; 0.000        ; 0.042      ; 0.419      ;
; 0.294 ; CLK_COUNT_400HZ[12] ; CLK_COUNT_400HZ[12] ; CLK          ; CLK         ; 0.000        ; 0.042      ; 0.420      ;
; 0.294 ; CLK_COUNT_400HZ[16] ; CLK_COUNT_400HZ[16] ; CLK          ; CLK         ; 0.000        ; 0.042      ; 0.420      ;
; 0.294 ; CLK_COUNT_400HZ[17] ; CLK_COUNT_400HZ[17] ; CLK          ; CLK         ; 0.000        ; 0.042      ; 0.420      ;
; 0.294 ; CLK_COUNT_400HZ[18] ; CLK_COUNT_400HZ[18] ; CLK          ; CLK         ; 0.000        ; 0.042      ; 0.420      ;
; 0.296 ; CLK_COUNT_400HZ[11] ; CLK_COUNT_400HZ[11] ; CLK          ; CLK         ; 0.000        ; 0.042      ; 0.422      ;
; 0.301 ; CLK_COUNT_400HZ[2]  ; CLK_COUNT_400HZ[2]  ; CLK          ; CLK         ; 0.000        ; 0.042      ; 0.427      ;
; 0.303 ; CLK_COUNT_400HZ[17] ; CLK_COUNT_400HZ[19] ; CLK          ; CLK         ; 0.000        ; 0.245      ; 0.632      ;
; 0.304 ; CLK_COUNT_400HZ[15] ; CLK_COUNT_400HZ[15] ; CLK          ; CLK         ; 0.000        ; 0.042      ; 0.430      ;
; 0.306 ; CLK_COUNT_400HZ[14] ; CLK_COUNT_400HZ[14] ; CLK          ; CLK         ; 0.000        ; 0.042      ; 0.432      ;
; 0.315 ; CLK_COUNT_400HZ[16] ; CLK_COUNT_400HZ[19] ; CLK          ; CLK         ; 0.000        ; 0.245      ; 0.644      ;
; 0.379 ; CLK_COUNT_400HZ[15] ; CLK_COUNT_400HZ[19] ; CLK          ; CLK         ; 0.000        ; 0.245      ; 0.708      ;
; 0.393 ; CLK_COUNT_400HZ[14] ; CLK_COUNT_400HZ[19] ; CLK          ; CLK         ; 0.000        ; 0.245      ; 0.722      ;
; 0.433 ; CLK_COUNT_400HZ[13] ; CLK_COUNT_400HZ[19] ; CLK          ; CLK         ; 0.000        ; 0.245      ; 0.762      ;
; 0.437 ; CLK_COUNT_400HZ[9]  ; CLK_COUNT_400HZ[10] ; CLK          ; CLK         ; 0.000        ; 0.044      ; 0.565      ;
; 0.438 ; CLK_COUNT_400HZ[0]  ; CLK_COUNT_400HZ[1]  ; CLK          ; CLK         ; 0.000        ; 0.050      ; 0.572      ;
; 0.440 ; CLK_COUNT_400HZ[7]  ; CLK_COUNT_400HZ[8]  ; CLK          ; CLK         ; 0.000        ; 0.042      ; 0.566      ;
; 0.441 ; CLK_COUNT_400HZ[5]  ; CLK_COUNT_400HZ[6]  ; CLK          ; CLK         ; 0.000        ; 0.042      ; 0.567      ;
; 0.441 ; CLK_COUNT_400HZ[13] ; CLK_COUNT_400HZ[14] ; CLK          ; CLK         ; 0.000        ; 0.042      ; 0.567      ;
; 0.443 ; CLK_COUNT_400HZ[17] ; CLK_COUNT_400HZ[18] ; CLK          ; CLK         ; 0.000        ; 0.042      ; 0.569      ;
; 0.445 ; CLK_COUNT_400HZ[11] ; CLK_COUNT_400HZ[12] ; CLK          ; CLK         ; 0.000        ; 0.042      ; 0.571      ;
; 0.447 ; CLK_COUNT_400HZ[12] ; CLK_COUNT_400HZ[19] ; CLK          ; CLK         ; 0.000        ; 0.245      ; 0.776      ;
; 0.450 ; CLK_COUNT_400HZ[10] ; CLK_COUNT_400HZ[11] ; CLK          ; CLK         ; 0.000        ; 0.042      ; 0.576      ;
; 0.451 ; CLK_COUNT_400HZ[8]  ; CLK_COUNT_400HZ[9]  ; CLK          ; CLK         ; 0.000        ; 0.042      ; 0.577      ;
; 0.451 ; CLK_COUNT_400HZ[6]  ; CLK_COUNT_400HZ[7]  ; CLK          ; CLK         ; 0.000        ; 0.042      ; 0.577      ;
; 0.452 ; CLK_COUNT_400HZ[12] ; CLK_COUNT_400HZ[13] ; CLK          ; CLK         ; 0.000        ; 0.042      ; 0.578      ;
; 0.452 ; CLK_COUNT_400HZ[16] ; CLK_COUNT_400HZ[17] ; CLK          ; CLK         ; 0.000        ; 0.042      ; 0.578      ;
; 0.452 ; CLK_COUNT_400HZ[8]  ; CLK_COUNT_400HZ[10] ; CLK          ; CLK         ; 0.000        ; 0.044      ; 0.580      ;
; 0.453 ; CLK_COUNT_400HZ[15] ; CLK_COUNT_400HZ[16] ; CLK          ; CLK         ; 0.000        ; 0.042      ; 0.579      ;
; 0.453 ; CLK_COUNT_400HZ[10] ; CLK_COUNT_400HZ[12] ; CLK          ; CLK         ; 0.000        ; 0.042      ; 0.579      ;
; 0.454 ; CLK_COUNT_400HZ[6]  ; CLK_COUNT_400HZ[8]  ; CLK          ; CLK         ; 0.000        ; 0.042      ; 0.580      ;
; 0.455 ; CLK_COUNT_400HZ[12] ; CLK_COUNT_400HZ[14] ; CLK          ; CLK         ; 0.000        ; 0.042      ; 0.581      ;
; 0.455 ; CLK_COUNT_400HZ[16] ; CLK_COUNT_400HZ[18] ; CLK          ; CLK         ; 0.000        ; 0.042      ; 0.581      ;
; 0.459 ; CLK_COUNT_400HZ[2]  ; CLK_COUNT_400HZ[3]  ; CLK          ; CLK         ; 0.000        ; 0.042      ; 0.585      ;
; 0.464 ; CLK_COUNT_400HZ[14] ; CLK_COUNT_400HZ[15] ; CLK          ; CLK         ; 0.000        ; 0.042      ; 0.590      ;
; 0.467 ; CLK_COUNT_400HZ[14] ; CLK_COUNT_400HZ[16] ; CLK          ; CLK         ; 0.000        ; 0.042      ; 0.593      ;
; 0.495 ; CLK_COUNT_400HZ[1]  ; CLK_COUNT_400HZ[4]  ; CLK          ; CLK         ; 0.000        ; 0.050      ; 0.629      ;
; 0.500 ; CLK_COUNT_400HZ[9]  ; CLK_COUNT_400HZ[11] ; CLK          ; CLK         ; 0.000        ; 0.044      ; 0.628      ;
; 0.503 ; CLK_COUNT_400HZ[11] ; CLK_COUNT_400HZ[19] ; CLK          ; CLK         ; 0.000        ; 0.245      ; 0.832      ;
; 0.503 ; CLK_COUNT_400HZ[7]  ; CLK_COUNT_400HZ[9]  ; CLK          ; CLK         ; 0.000        ; 0.042      ; 0.629      ;
; 0.503 ; CLK_COUNT_400HZ[9]  ; CLK_COUNT_400HZ[12] ; CLK          ; CLK         ; 0.000        ; 0.044      ; 0.631      ;
; 0.504 ; CLK_COUNT_400HZ[5]  ; CLK_COUNT_400HZ[7]  ; CLK          ; CLK         ; 0.000        ; 0.042      ; 0.630      ;
; 0.504 ; CLK_COUNT_400HZ[7]  ; CLK_COUNT_400HZ[10] ; CLK          ; CLK         ; 0.000        ; 0.044      ; 0.632      ;
; 0.504 ; CLK_COUNT_400HZ[13] ; CLK_COUNT_400HZ[15] ; CLK          ; CLK         ; 0.000        ; 0.042      ; 0.630      ;
; 0.505 ; CLK_COUNT_400HZ[3]  ; CLK_COUNT_400HZ[5]  ; CLK          ; CLK         ; 0.000        ; 0.042      ; 0.631      ;
; 0.507 ; CLK_COUNT_400HZ[5]  ; CLK_COUNT_400HZ[8]  ; CLK          ; CLK         ; 0.000        ; 0.042      ; 0.633      ;
; 0.507 ; CLK_COUNT_400HZ[13] ; CLK_COUNT_400HZ[16] ; CLK          ; CLK         ; 0.000        ; 0.042      ; 0.633      ;
; 0.507 ; CLK_COUNT_400HZ[0]  ; CLK_COUNT_400HZ[4]  ; CLK          ; CLK         ; 0.000        ; 0.050      ; 0.641      ;
; 0.508 ; CLK_COUNT_400HZ[3]  ; CLK_COUNT_400HZ[6]  ; CLK          ; CLK         ; 0.000        ; 0.042      ; 0.634      ;
; 0.508 ; CLK_COUNT_400HZ[11] ; CLK_COUNT_400HZ[13] ; CLK          ; CLK         ; 0.000        ; 0.042      ; 0.634      ;
; 0.511 ; CLK_COUNT_400HZ[11] ; CLK_COUNT_400HZ[14] ; CLK          ; CLK         ; 0.000        ; 0.042      ; 0.637      ;
; 0.511 ; CLK_COUNT_400HZ[10] ; CLK_COUNT_400HZ[19] ; CLK          ; CLK         ; 0.000        ; 0.245      ; 0.840      ;
; 0.515 ; CLK_COUNT_400HZ[8]  ; CLK_COUNT_400HZ[11] ; CLK          ; CLK         ; 0.000        ; 0.044      ; 0.643      ;
; 0.516 ; CLK_COUNT_400HZ[15] ; CLK_COUNT_400HZ[17] ; CLK          ; CLK         ; 0.000        ; 0.042      ; 0.642      ;
; 0.516 ; CLK_COUNT_400HZ[10] ; CLK_COUNT_400HZ[13] ; CLK          ; CLK         ; 0.000        ; 0.042      ; 0.642      ;
; 0.517 ; CLK_COUNT_400HZ[6]  ; CLK_COUNT_400HZ[9]  ; CLK          ; CLK         ; 0.000        ; 0.042      ; 0.643      ;
; 0.518 ; CLK_COUNT_400HZ[8]  ; CLK_COUNT_400HZ[12] ; CLK          ; CLK         ; 0.000        ; 0.044      ; 0.646      ;
; 0.518 ; CLK_COUNT_400HZ[6]  ; CLK_COUNT_400HZ[10] ; CLK          ; CLK         ; 0.000        ; 0.044      ; 0.646      ;
; 0.518 ; CLK_COUNT_400HZ[12] ; CLK_COUNT_400HZ[15] ; CLK          ; CLK         ; 0.000        ; 0.042      ; 0.644      ;
; 0.519 ; CLK_COUNT_400HZ[15] ; CLK_COUNT_400HZ[18] ; CLK          ; CLK         ; 0.000        ; 0.042      ; 0.645      ;
; 0.519 ; CLK_COUNT_400HZ[10] ; CLK_COUNT_400HZ[14] ; CLK          ; CLK         ; 0.000        ; 0.042      ; 0.645      ;
; 0.521 ; CLK_COUNT_400HZ[12] ; CLK_COUNT_400HZ[16] ; CLK          ; CLK         ; 0.000        ; 0.042      ; 0.647      ;
; 0.525 ; CLK_COUNT_400HZ[2]  ; CLK_COUNT_400HZ[5]  ; CLK          ; CLK         ; 0.000        ; 0.042      ; 0.651      ;
; 0.528 ; CLK_COUNT_400HZ[2]  ; CLK_COUNT_400HZ[6]  ; CLK          ; CLK         ; 0.000        ; 0.042      ; 0.654      ;
; 0.530 ; CLK_COUNT_400HZ[14] ; CLK_COUNT_400HZ[17] ; CLK          ; CLK         ; 0.000        ; 0.042      ; 0.656      ;
; 0.533 ; CLK_COUNT_400HZ[14] ; CLK_COUNT_400HZ[18] ; CLK          ; CLK         ; 0.000        ; 0.042      ; 0.659      ;
; 0.561 ; CLK_COUNT_400HZ[9]  ; CLK_COUNT_400HZ[19] ; CLK          ; CLK         ; 0.000        ; 0.247      ; 0.892      ;
; 0.566 ; CLK_COUNT_400HZ[9]  ; CLK_COUNT_400HZ[13] ; CLK          ; CLK         ; 0.000        ; 0.044      ; 0.694      ;
; 0.567 ; CLK_COUNT_400HZ[7]  ; CLK_COUNT_400HZ[11] ; CLK          ; CLK         ; 0.000        ; 0.044      ; 0.695      ;
; 0.569 ; CLK_COUNT_400HZ[9]  ; CLK_COUNT_400HZ[14] ; CLK          ; CLK         ; 0.000        ; 0.044      ; 0.697      ;
; 0.570 ; CLK_COUNT_400HZ[5]  ; CLK_COUNT_400HZ[9]  ; CLK          ; CLK         ; 0.000        ; 0.042      ; 0.696      ;
; 0.570 ; CLK_COUNT_400HZ[7]  ; CLK_COUNT_400HZ[12] ; CLK          ; CLK         ; 0.000        ; 0.044      ; 0.698      ;
; 0.570 ; CLK_COUNT_400HZ[13] ; CLK_COUNT_400HZ[17] ; CLK          ; CLK         ; 0.000        ; 0.042      ; 0.696      ;
; 0.571 ; CLK_COUNT_400HZ[3]  ; CLK_COUNT_400HZ[7]  ; CLK          ; CLK         ; 0.000        ; 0.042      ; 0.697      ;
; 0.571 ; CLK_COUNT_400HZ[5]  ; CLK_COUNT_400HZ[10] ; CLK          ; CLK         ; 0.000        ; 0.044      ; 0.699      ;
; 0.573 ; CLK_COUNT_400HZ[13] ; CLK_COUNT_400HZ[18] ; CLK          ; CLK         ; 0.000        ; 0.042      ; 0.699      ;
; 0.574 ; CLK_COUNT_400HZ[3]  ; CLK_COUNT_400HZ[8]  ; CLK          ; CLK         ; 0.000        ; 0.042      ; 0.700      ;
; 0.574 ; CLK_COUNT_400HZ[11] ; CLK_COUNT_400HZ[15] ; CLK          ; CLK         ; 0.000        ; 0.042      ; 0.700      ;
; 0.576 ; CLK_COUNT_400HZ[8]  ; CLK_COUNT_400HZ[19] ; CLK          ; CLK         ; 0.000        ; 0.247      ; 0.907      ;
; 0.577 ; CLK_COUNT_400HZ[11] ; CLK_COUNT_400HZ[16] ; CLK          ; CLK         ; 0.000        ; 0.042      ; 0.703      ;
; 0.581 ; CLK_COUNT_400HZ[8]  ; CLK_COUNT_400HZ[13] ; CLK          ; CLK         ; 0.000        ; 0.044      ; 0.709      ;
; 0.581 ; CLK_COUNT_400HZ[6]  ; CLK_COUNT_400HZ[11] ; CLK          ; CLK         ; 0.000        ; 0.044      ; 0.709      ;
; 0.582 ; CLK_COUNT_400HZ[10] ; CLK_COUNT_400HZ[15] ; CLK          ; CLK         ; 0.000        ; 0.042      ; 0.708      ;
; 0.584 ; CLK_COUNT_400HZ[8]  ; CLK_COUNT_400HZ[14] ; CLK          ; CLK         ; 0.000        ; 0.044      ; 0.712      ;
; 0.584 ; CLK_COUNT_400HZ[6]  ; CLK_COUNT_400HZ[12] ; CLK          ; CLK         ; 0.000        ; 0.044      ; 0.712      ;
+-------+---------------------+---------------------+--------------+-------------+--------------+------------+------------+


+---------------------------------------------------------------------------------------------------------------------------------------+
; Fast 1200mV 0C Model Hold: 'CLK_400HZ'                                                                                                ;
+-------+----------------------------+----------------------------+--------------+-------------+--------------+------------+------------+
; Slack ; From Node                  ; To Node                    ; Launch Clock ; Latch Clock ; Relationship ; Clock Skew ; Data Delay ;
+-------+----------------------------+----------------------------+--------------+-------------+--------------+------------+------------+
; 0.182 ; E~reg0                     ; E~reg0                     ; CLK_400HZ    ; CLK_400HZ   ; 0.000        ; 0.041      ; 0.307      ;
; 0.182 ; RS~reg0                    ; RS~reg0                    ; CLK_400HZ    ; CLK_400HZ   ; 0.000        ; 0.041      ; 0.307      ;
; 0.182 ; DATA_BUS_VALUE[7]          ; DATA_BUS_VALUE[7]          ; CLK_400HZ    ; CLK_400HZ   ; 0.000        ; 0.041      ; 0.307      ;
; 0.182 ; DATA_BUS_VALUE[2]          ; DATA_BUS_VALUE[2]          ; CLK_400HZ    ; CLK_400HZ   ; 0.000        ; 0.041      ; 0.307      ;
; 0.182 ; DATA_BUS_VALUE[0]          ; DATA_BUS_VALUE[0]          ; CLK_400HZ    ; CLK_400HZ   ; 0.000        ; 0.041      ; 0.307      ;
; 0.182 ; next_command.MODE_SET      ; next_command.MODE_SET      ; CLK_400HZ    ; CLK_400HZ   ; 0.000        ; 0.041      ; 0.307      ;
; 0.182 ; next_command.DISPLAY_ON    ; next_command.DISPLAY_ON    ; CLK_400HZ    ; CLK_400HZ   ; 0.000        ; 0.041      ; 0.307      ;
; 0.182 ; next_command.DISPLAY_CLEAR ; next_command.DISPLAY_CLEAR ; CLK_400HZ    ; CLK_400HZ   ; 0.000        ; 0.041      ; 0.307      ;
; 0.182 ; next_command.DISPLAY_OFF   ; next_command.DISPLAY_OFF   ; CLK_400HZ    ; CLK_400HZ   ; 0.000        ; 0.041      ; 0.307      ;
; 0.182 ; next_command.FUNC_SET      ; next_command.FUNC_SET      ; CLK_400HZ    ; CLK_400HZ   ; 0.000        ; 0.041      ; 0.307      ;
; 0.182 ; next_command.RESET3        ; next_command.RESET3        ; CLK_400HZ    ; CLK_400HZ   ; 0.000        ; 0.041      ; 0.307      ;
; 0.182 ; next_command.RESET2        ; next_command.RESET2        ; CLK_400HZ    ; CLK_400HZ   ; 0.000        ; 0.041      ; 0.307      ;
; 0.221 ; state.HOLD                 ; next_command.LINE2         ; CLK_400HZ    ; CLK_400HZ   ; 0.000        ; 0.229      ; 0.534      ;
; 0.229 ; state.HOLD                 ; E~reg0                     ; CLK_400HZ    ; CLK_400HZ   ; 0.000        ; 0.041      ; 0.354      ;
; 0.238 ; state.DROP_LCD_E           ; RS~reg0                    ; CLK_400HZ    ; CLK_400HZ   ; 0.000        ; 0.041      ; 0.363      ;
; 0.242 ; state.DROP_LCD_E           ; next_command.MODE_SET      ; CLK_400HZ    ; CLK_400HZ   ; 0.000        ; 0.041      ; 0.367      ;
; 0.243 ; CHAR_COUNT[4]              ; next_command.LINE2         ; CLK_400HZ    ; CLK_400HZ   ; 0.000        ; 0.228      ; 0.555      ;
; 0.245 ; state.Print_String         ; next_command.LINE2         ; CLK_400HZ    ; CLK_400HZ   ; 0.000        ; 0.229      ; 0.558      ;
; 0.260 ; state.RESET3               ; DATA_BUS_VALUE[3]          ; CLK_400HZ    ; CLK_400HZ   ; 0.000        ; 0.041      ; 0.385      ;
; 0.261 ; next_command.DISPLAY_CLEAR ; state.DISPLAY_CLEAR        ; CLK_400HZ    ; CLK_400HZ   ; 0.000        ; 0.042      ; 0.387      ;
; 0.264 ; next_command.MODE_SET      ; state.MODE_SET             ; CLK_400HZ    ; CLK_400HZ   ; 0.000        ; 0.042      ; 0.390      ;
; 0.265 ; next_command.RETURN_HOME   ; state.RETURN_HOME          ; CLK_400HZ    ; CLK_400HZ   ; 0.000        ; 0.042      ; 0.391      ;
; 0.269 ; state.RESET2               ; next_command.RESET3        ; CLK_400HZ    ; CLK_400HZ   ; 0.000        ; 0.041      ; 0.394      ;
; 0.273 ; state.FUNC_SET             ; next_command.DISPLAY_OFF   ; CLK_400HZ    ; CLK_400HZ   ; 0.000        ; 0.041      ; 0.398      ;
; 0.273 ; state.RESET3               ; next_command.FUNC_SET      ; CLK_400HZ    ; CLK_400HZ   ; 0.000        ; 0.041      ; 0.398      ;
; 0.274 ; next_command.Print_String  ; state.Print_String         ; CLK_400HZ    ; CLK_400HZ   ; 0.000        ; 0.042      ; 0.400      ;
; 0.281 ; CHAR_COUNT[4]              ; CHAR_COUNT[4]              ; CLK_400HZ    ; CLK_400HZ   ; 0.000        ; 0.041      ; 0.406      ;
; 0.290 ; next_command.RESET3        ; state.RESET3               ; CLK_400HZ    ; CLK_400HZ   ; 0.000        ; 0.041      ; 0.415      ;
; 0.291 ; next_command.RESET2        ; state.RESET2               ; CLK_400HZ    ; CLK_400HZ   ; 0.000        ; 0.041      ; 0.416      ;
; 0.293 ; next_command.DISPLAY_OFF   ; state.DISPLAY_OFF          ; CLK_400HZ    ; CLK_400HZ   ; 0.000        ; 0.041      ; 0.418      ;
; 0.300 ; next_command.FUNC_SET      ; state.FUNC_SET             ; CLK_400HZ    ; CLK_400HZ   ; 0.000        ; 0.041      ; 0.425      ;
; 0.304 ; state.DROP_LCD_E           ; next_command.RESET2        ; CLK_400HZ    ; CLK_400HZ   ; 0.000        ; 0.040      ; 0.428      ;
; 0.310 ; CHAR_COUNT[3]              ; CHAR_COUNT[3]              ; CLK_400HZ    ; CLK_400HZ   ; 0.000        ; 0.041      ; 0.435      ;
; 0.319 ; CHAR_COUNT[1]              ; CHAR_COUNT[1]              ; CLK_400HZ    ; CLK_400HZ   ; 0.000        ; 0.041      ; 0.444      ;
; 0.327 ; CHAR_COUNT[2]              ; CHAR_COUNT[2]              ; CLK_400HZ    ; CLK_400HZ   ; 0.000        ; 0.041      ; 0.452      ;
; 0.328 ; CHAR_COUNT[0]              ; CHAR_COUNT[0]              ; CLK_400HZ    ; CLK_400HZ   ; 0.000        ; 0.041      ; 0.453      ;
; 0.328 ; state.HOLD                 ; state.RETURN_HOME          ; CLK_400HZ    ; CLK_400HZ   ; 0.000        ; 0.041      ; 0.453      ;
; 0.329 ; state.HOLD                 ; state.LINE2                ; CLK_400HZ    ; CLK_400HZ   ; 0.000        ; 0.041      ; 0.454      ;
; 0.330 ; state.HOLD                 ; state.MODE_SET             ; CLK_400HZ    ; CLK_400HZ   ; 0.000        ; 0.041      ; 0.455      ;
; 0.331 ; state.HOLD                 ; state.Print_String         ; CLK_400HZ    ; CLK_400HZ   ; 0.000        ; 0.041      ; 0.456      ;
; 0.332 ; state.HOLD                 ; state.DISPLAY_CLEAR        ; CLK_400HZ    ; CLK_400HZ   ; 0.000        ; 0.041      ; 0.457      ;
; 0.346 ; CHAR_COUNT[3]              ; DATA_BUS_VALUE[4]          ; CLK_400HZ    ; CLK_400HZ   ; 0.000        ; 0.040      ; 0.470      ;
; 0.346 ; CHAR_COUNT[2]              ; next_command.LINE2         ; CLK_400HZ    ; CLK_400HZ   ; 0.000        ; 0.228      ; 0.658      ;
; 0.347 ; CHAR_COUNT[3]              ; DATA_BUS_VALUE[5]          ; CLK_400HZ    ; CLK_400HZ   ; 0.000        ; 0.040      ; 0.471      ;
; 0.348 ; state.Print_String         ; DATA_BUS_VALUE[5]          ; CLK_400HZ    ; CLK_400HZ   ; 0.000        ; 0.041      ; 0.473      ;
; 0.353 ; state.MODE_SET             ; next_command.Print_String  ; CLK_400HZ    ; CLK_400HZ   ; 0.000        ; 0.040      ; 0.477      ;
; 0.359 ; state.Print_String         ; DATA_BUS_VALUE[4]          ; CLK_400HZ    ; CLK_400HZ   ; 0.000        ; 0.041      ; 0.484      ;
; 0.367 ; state.DROP_LCD_E           ; state.HOLD                 ; CLK_400HZ    ; CLK_400HZ   ; 0.000        ; 0.042      ; 0.493      ;
; 0.370 ; state.DROP_LCD_E           ; next_command.DISPLAY_CLEAR ; CLK_400HZ    ; CLK_400HZ   ; 0.000        ; 0.041      ; 0.495      ;
; 0.374 ; state.DROP_LCD_E           ; next_command.DISPLAY_ON    ; CLK_400HZ    ; CLK_400HZ   ; 0.000        ; 0.041      ; 0.499      ;
; 0.375 ; state.DISPLAY_ON           ; next_command.MODE_SET      ; CLK_400HZ    ; CLK_400HZ   ; 0.000        ; 0.042      ; 0.501      ;
; 0.376 ; next_command.DISPLAY_ON    ; state.DISPLAY_ON           ; CLK_400HZ    ; CLK_400HZ   ; 0.000        ; 0.040      ; 0.500      ;
; 0.385 ; state.DISPLAY_OFF          ; next_command.DISPLAY_CLEAR ; CLK_400HZ    ; CLK_400HZ   ; 0.000        ; 0.042      ; 0.511      ;
; 0.393 ; CHAR_COUNT[0]              ; next_command.LINE2         ; CLK_400HZ    ; CLK_400HZ   ; 0.000        ; 0.228      ; 0.705      ;
; 0.396 ; state.DISPLAY_ON           ; DATA_BUS_VALUE[2]          ; CLK_400HZ    ; CLK_400HZ   ; 0.000        ; 0.042      ; 0.522      ;
; 0.397 ; state.RETURN_HOME          ; DATA_BUS_VALUE[7]          ; CLK_400HZ    ; CLK_400HZ   ; 0.000        ; 0.040      ; 0.521      ;
; 0.397 ; state.DISPLAY_CLEAR        ; DATA_BUS_VALUE[0]          ; CLK_400HZ    ; CLK_400HZ   ; 0.000        ; 0.040      ; 0.521      ;
; 0.397 ; state.HOLD                 ; next_command.DISPLAY_ON    ; CLK_400HZ    ; CLK_400HZ   ; 0.000        ; 0.040      ; 0.521      ;
; 0.401 ; state.HOLD                 ; next_command.DISPLAY_CLEAR ; CLK_400HZ    ; CLK_400HZ   ; 0.000        ; 0.040      ; 0.525      ;
; 0.403 ; state.Print_String         ; RS~reg0                    ; CLK_400HZ    ; CLK_400HZ   ; 0.000        ; 0.040      ; 0.527      ;
; 0.410 ; state.Print_String         ; DATA_BUS_VALUE[1]          ; CLK_400HZ    ; CLK_400HZ   ; 0.000        ; 0.040      ; 0.534      ;
; 0.410 ; state.HOLD                 ; RS~reg0                    ; CLK_400HZ    ; CLK_400HZ   ; 0.000        ; 0.040      ; 0.534      ;
; 0.415 ; next_command.RETURN_HOME   ; next_command.RETURN_HOME   ; CLK_400HZ    ; CLK_400HZ   ; 0.000        ; 0.041      ; 0.540      ;
; 0.425 ; state.Print_String         ; next_command.RETURN_HOME   ; CLK_400HZ    ; CLK_400HZ   ; 0.000        ; 0.040      ; 0.549      ;
; 0.427 ; state.HOLD                 ; state.RESET3               ; CLK_400HZ    ; CLK_400HZ   ; 0.000        ; 0.039      ; 0.550      ;
; 0.427 ; state.RETURN_HOME          ; next_command.Print_String  ; CLK_400HZ    ; CLK_400HZ   ; 0.000        ; 0.040      ; 0.551      ;
; 0.428 ; state.HOLD                 ; state.DISPLAY_OFF          ; CLK_400HZ    ; CLK_400HZ   ; 0.000        ; 0.039      ; 0.551      ;
; 0.428 ; state.HOLD                 ; state.FUNC_SET             ; CLK_400HZ    ; CLK_400HZ   ; 0.000        ; 0.039      ; 0.551      ;
; 0.429 ; state.DROP_LCD_E           ; next_command.DISPLAY_OFF   ; CLK_400HZ    ; CLK_400HZ   ; 0.000        ; 0.040      ; 0.553      ;
; 0.432 ; CHAR_COUNT[3]              ; next_command.LINE2         ; CLK_400HZ    ; CLK_400HZ   ; 0.000        ; 0.228      ; 0.744      ;
; 0.434 ; state.DROP_LCD_E           ; next_command.RESET3        ; CLK_400HZ    ; CLK_400HZ   ; 0.000        ; 0.040      ; 0.558      ;
; 0.434 ; state.HOLD                 ; state.DISPLAY_ON           ; CLK_400HZ    ; CLK_400HZ   ; 0.000        ; 0.039      ; 0.557      ;
; 0.436 ; state.DROP_LCD_E           ; next_command.LINE2         ; CLK_400HZ    ; CLK_400HZ   ; 0.000        ; 0.230      ; 0.750      ;
; 0.436 ; state.HOLD                 ; state.RESET2               ; CLK_400HZ    ; CLK_400HZ   ; 0.000        ; 0.039      ; 0.559      ;
; 0.442 ; state.DROP_LCD_E           ; E~reg0                     ; CLK_400HZ    ; CLK_400HZ   ; 0.000        ; 0.042      ; 0.568      ;
; 0.444 ; state.DROP_LCD_E           ; next_command.FUNC_SET      ; CLK_400HZ    ; CLK_400HZ   ; 0.000        ; 0.040      ; 0.568      ;
; 0.451 ; next_command.LINE2         ; state.LINE2                ; CLK_400HZ    ; CLK_400HZ   ; 0.000        ; -0.139     ; 0.396      ;
; 0.459 ; CHAR_COUNT[3]              ; CHAR_COUNT[4]              ; CLK_400HZ    ; CLK_400HZ   ; 0.000        ; 0.041      ; 0.584      ;
; 0.468 ; CHAR_COUNT[1]              ; CHAR_COUNT[2]              ; CLK_400HZ    ; CLK_400HZ   ; 0.000        ; 0.041      ; 0.593      ;
; 0.474 ; state.DISPLAY_CLEAR        ; next_command.DISPLAY_ON    ; CLK_400HZ    ; CLK_400HZ   ; 0.000        ; 0.040      ; 0.598      ;
; 0.474 ; DATA_BUS_VALUE[1]          ; DATA_BUS_VALUE[1]          ; CLK_400HZ    ; CLK_400HZ   ; 0.000        ; 0.041      ; 0.599      ;
; 0.475 ; CHAR_COUNT[0]              ; CHAR_COUNT[1]              ; CLK_400HZ    ; CLK_400HZ   ; 0.000        ; 0.041      ; 0.600      ;
; 0.477 ; next_command.Print_String  ; next_command.Print_String  ; CLK_400HZ    ; CLK_400HZ   ; 0.000        ; 0.041      ; 0.602      ;
; 0.478 ; CHAR_COUNT[0]              ; CHAR_COUNT[2]              ; CLK_400HZ    ; CLK_400HZ   ; 0.000        ; 0.041      ; 0.603      ;
; 0.479 ; state.RESET1               ; next_command.RESET2        ; CLK_400HZ    ; CLK_400HZ   ; 0.000        ; 0.039      ; 0.602      ;
; 0.481 ; DATA_BUS_VALUE[3]          ; DATA_BUS_VALUE[3]          ; CLK_400HZ    ; CLK_400HZ   ; 0.000        ; 0.041      ; 0.606      ;
; 0.485 ; CHAR_COUNT[2]              ; CHAR_COUNT[3]              ; CLK_400HZ    ; CLK_400HZ   ; 0.000        ; 0.041      ; 0.610      ;
; 0.486 ; state.LINE2                ; DATA_BUS_VALUE[7]          ; CLK_400HZ    ; CLK_400HZ   ; 0.000        ; 0.040      ; 0.610      ;
; 0.488 ; CHAR_COUNT[2]              ; CHAR_COUNT[4]              ; CLK_400HZ    ; CLK_400HZ   ; 0.000        ; 0.041      ; 0.613      ;
; 0.490 ; next_command.LINE2         ; next_command.LINE2         ; CLK_400HZ    ; CLK_400HZ   ; 0.000        ; 0.049      ; 0.623      ;
; 0.499 ; CHAR_COUNT[1]              ; next_command.LINE2         ; CLK_400HZ    ; CLK_400HZ   ; 0.000        ; 0.228      ; 0.811      ;
; 0.500 ; state.Print_String         ; CHAR_COUNT[0]              ; CLK_400HZ    ; CLK_400HZ   ; 0.000        ; 0.042      ; 0.626      ;
; 0.500 ; state.Print_String         ; CHAR_COUNT[2]              ; CLK_400HZ    ; CLK_400HZ   ; 0.000        ; 0.042      ; 0.626      ;
; 0.500 ; state.Print_String         ; CHAR_COUNT[3]              ; CLK_400HZ    ; CLK_400HZ   ; 0.000        ; 0.042      ; 0.626      ;
; 0.500 ; state.Print_String         ; CHAR_COUNT[4]              ; CLK_400HZ    ; CLK_400HZ   ; 0.000        ; 0.042      ; 0.626      ;
; 0.500 ; state.Print_String         ; CHAR_COUNT[1]              ; CLK_400HZ    ; CLK_400HZ   ; 0.000        ; 0.042      ; 0.626      ;
; 0.502 ; state.DISPLAY_CLEAR        ; DATA_BUS_VALUE[4]          ; CLK_400HZ    ; CLK_400HZ   ; 0.000        ; 0.041      ; 0.627      ;
; 0.502 ; state.DISPLAY_CLEAR        ; DATA_BUS_VALUE[5]          ; CLK_400HZ    ; CLK_400HZ   ; 0.000        ; 0.041      ; 0.627      ;
; 0.506 ; CHAR_COUNT[3]              ; DATA_BUS_VALUE[1]          ; CLK_400HZ    ; CLK_400HZ   ; 0.000        ; 0.039      ; 0.629      ;
; 0.512 ; state.Print_String         ; DATA_BUS_VALUE[2]          ; CLK_400HZ    ; CLK_400HZ   ; 0.000        ; 0.040      ; 0.636      ;
+-------+----------------------------+----------------------------+--------------+-------------+--------------+------------+------------+


+------------------------------------------------------------------------------------------------------------+
; Fast 1200mV 0C Model Minimum Pulse Width: 'CLK'                                                            ;
+--------+--------------+----------------+------------------+-------+------------+---------------------------+
; Slack  ; Actual Width ; Required Width ; Type             ; Clock ; Clock Edge ; Target                    ;
+--------+--------------+----------------+------------------+-------+------------+---------------------------+
; -3.000 ; 1.000        ; 4.000          ; Port Rate        ; CLK   ; Rise       ; CLK                       ;
; -1.000 ; 1.000        ; 2.000          ; Min Period       ; CLK   ; Rise       ; CLK_400HZ                 ;
; -1.000 ; 1.000        ; 2.000          ; Min Period       ; CLK   ; Rise       ; CLK_COUNT_400HZ[0]        ;
; -1.000 ; 1.000        ; 2.000          ; Min Period       ; CLK   ; Rise       ; CLK_COUNT_400HZ[10]       ;
; -1.000 ; 1.000        ; 2.000          ; Min Period       ; CLK   ; Rise       ; CLK_COUNT_400HZ[11]       ;
; -1.000 ; 1.000        ; 2.000          ; Min Period       ; CLK   ; Rise       ; CLK_COUNT_400HZ[12]       ;
; -1.000 ; 1.000        ; 2.000          ; Min Period       ; CLK   ; Rise       ; CLK_COUNT_400HZ[13]       ;
; -1.000 ; 1.000        ; 2.000          ; Min Period       ; CLK   ; Rise       ; CLK_COUNT_400HZ[14]       ;
; -1.000 ; 1.000        ; 2.000          ; Min Period       ; CLK   ; Rise       ; CLK_COUNT_400HZ[15]       ;
; -1.000 ; 1.000        ; 2.000          ; Min Period       ; CLK   ; Rise       ; CLK_COUNT_400HZ[16]       ;
; -1.000 ; 1.000        ; 2.000          ; Min Period       ; CLK   ; Rise       ; CLK_COUNT_400HZ[17]       ;
; -1.000 ; 1.000        ; 2.000          ; Min Period       ; CLK   ; Rise       ; CLK_COUNT_400HZ[18]       ;
; -1.000 ; 1.000        ; 2.000          ; Min Period       ; CLK   ; Rise       ; CLK_COUNT_400HZ[19]       ;
; -1.000 ; 1.000        ; 2.000          ; Min Period       ; CLK   ; Rise       ; CLK_COUNT_400HZ[1]        ;
; -1.000 ; 1.000        ; 2.000          ; Min Period       ; CLK   ; Rise       ; CLK_COUNT_400HZ[2]        ;
; -1.000 ; 1.000        ; 2.000          ; Min Period       ; CLK   ; Rise       ; CLK_COUNT_400HZ[3]        ;
; -1.000 ; 1.000        ; 2.000          ; Min Period       ; CLK   ; Rise       ; CLK_COUNT_400HZ[4]        ;
; -1.000 ; 1.000        ; 2.000          ; Min Period       ; CLK   ; Rise       ; CLK_COUNT_400HZ[5]        ;
; -1.000 ; 1.000        ; 2.000          ; Min Period       ; CLK   ; Rise       ; CLK_COUNT_400HZ[6]        ;
; -1.000 ; 1.000        ; 2.000          ; Min Period       ; CLK   ; Rise       ; CLK_COUNT_400HZ[7]        ;
; -1.000 ; 1.000        ; 2.000          ; Min Period       ; CLK   ; Rise       ; CLK_COUNT_400HZ[8]        ;
; -1.000 ; 1.000        ; 2.000          ; Min Period       ; CLK   ; Rise       ; CLK_COUNT_400HZ[9]        ;
; -0.084 ; 0.100        ; 0.184          ; Low Pulse Width  ; CLK   ; Rise       ; CLK_COUNT_400HZ[0]        ;
; -0.084 ; 0.100        ; 0.184          ; Low Pulse Width  ; CLK   ; Rise       ; CLK_COUNT_400HZ[19]       ;
; -0.084 ; 0.100        ; 0.184          ; Low Pulse Width  ; CLK   ; Rise       ; CLK_COUNT_400HZ[1]        ;
; -0.084 ; 0.100        ; 0.184          ; Low Pulse Width  ; CLK   ; Rise       ; CLK_COUNT_400HZ[4]        ;
; -0.062 ; 0.122        ; 0.184          ; Low Pulse Width  ; CLK   ; Rise       ; CLK_400HZ                 ;
; -0.062 ; 0.122        ; 0.184          ; Low Pulse Width  ; CLK   ; Rise       ; CLK_COUNT_400HZ[10]       ;
; -0.062 ; 0.122        ; 0.184          ; Low Pulse Width  ; CLK   ; Rise       ; CLK_COUNT_400HZ[11]       ;
; -0.062 ; 0.122        ; 0.184          ; Low Pulse Width  ; CLK   ; Rise       ; CLK_COUNT_400HZ[12]       ;
; -0.062 ; 0.122        ; 0.184          ; Low Pulse Width  ; CLK   ; Rise       ; CLK_COUNT_400HZ[13]       ;
; -0.062 ; 0.122        ; 0.184          ; Low Pulse Width  ; CLK   ; Rise       ; CLK_COUNT_400HZ[14]       ;
; -0.062 ; 0.122        ; 0.184          ; Low Pulse Width  ; CLK   ; Rise       ; CLK_COUNT_400HZ[15]       ;
; -0.062 ; 0.122        ; 0.184          ; Low Pulse Width  ; CLK   ; Rise       ; CLK_COUNT_400HZ[16]       ;
; -0.062 ; 0.122        ; 0.184          ; Low Pulse Width  ; CLK   ; Rise       ; CLK_COUNT_400HZ[17]       ;
; -0.062 ; 0.122        ; 0.184          ; Low Pulse Width  ; CLK   ; Rise       ; CLK_COUNT_400HZ[18]       ;
; -0.062 ; 0.122        ; 0.184          ; Low Pulse Width  ; CLK   ; Rise       ; CLK_COUNT_400HZ[2]        ;
; -0.062 ; 0.122        ; 0.184          ; Low Pulse Width  ; CLK   ; Rise       ; CLK_COUNT_400HZ[3]        ;
; -0.062 ; 0.122        ; 0.184          ; Low Pulse Width  ; CLK   ; Rise       ; CLK_COUNT_400HZ[5]        ;
; -0.062 ; 0.122        ; 0.184          ; Low Pulse Width  ; CLK   ; Rise       ; CLK_COUNT_400HZ[6]        ;
; -0.062 ; 0.122        ; 0.184          ; Low Pulse Width  ; CLK   ; Rise       ; CLK_COUNT_400HZ[7]        ;
; -0.062 ; 0.122        ; 0.184          ; Low Pulse Width  ; CLK   ; Rise       ; CLK_COUNT_400HZ[8]        ;
; -0.062 ; 0.122        ; 0.184          ; Low Pulse Width  ; CLK   ; Rise       ; CLK_COUNT_400HZ[9]        ;
; 0.096  ; 0.096        ; 0.000          ; Low Pulse Width  ; CLK   ; Rise       ; CLK_COUNT_400HZ[0]|clk    ;
; 0.096  ; 0.096        ; 0.000          ; Low Pulse Width  ; CLK   ; Rise       ; CLK_COUNT_400HZ[19]|clk   ;
; 0.096  ; 0.096        ; 0.000          ; Low Pulse Width  ; CLK   ; Rise       ; CLK_COUNT_400HZ[1]|clk    ;
; 0.096  ; 0.096        ; 0.000          ; Low Pulse Width  ; CLK   ; Rise       ; CLK_COUNT_400HZ[4]|clk    ;
; 0.118  ; 0.118        ; 0.000          ; Low Pulse Width  ; CLK   ; Rise       ; CLK_400HZ|clk             ;
; 0.118  ; 0.118        ; 0.000          ; Low Pulse Width  ; CLK   ; Rise       ; CLK_COUNT_400HZ[10]|clk   ;
; 0.118  ; 0.118        ; 0.000          ; Low Pulse Width  ; CLK   ; Rise       ; CLK_COUNT_400HZ[11]|clk   ;
; 0.118  ; 0.118        ; 0.000          ; Low Pulse Width  ; CLK   ; Rise       ; CLK_COUNT_400HZ[12]|clk   ;
; 0.118  ; 0.118        ; 0.000          ; Low Pulse Width  ; CLK   ; Rise       ; CLK_COUNT_400HZ[13]|clk   ;
; 0.118  ; 0.118        ; 0.000          ; Low Pulse Width  ; CLK   ; Rise       ; CLK_COUNT_400HZ[14]|clk   ;
; 0.118  ; 0.118        ; 0.000          ; Low Pulse Width  ; CLK   ; Rise       ; CLK_COUNT_400HZ[15]|clk   ;
; 0.118  ; 0.118        ; 0.000          ; Low Pulse Width  ; CLK   ; Rise       ; CLK_COUNT_400HZ[16]|clk   ;
; 0.118  ; 0.118        ; 0.000          ; Low Pulse Width  ; CLK   ; Rise       ; CLK_COUNT_400HZ[17]|clk   ;
; 0.118  ; 0.118        ; 0.000          ; Low Pulse Width  ; CLK   ; Rise       ; CLK_COUNT_400HZ[18]|clk   ;
; 0.118  ; 0.118        ; 0.000          ; Low Pulse Width  ; CLK   ; Rise       ; CLK_COUNT_400HZ[2]|clk    ;
; 0.118  ; 0.118        ; 0.000          ; Low Pulse Width  ; CLK   ; Rise       ; CLK_COUNT_400HZ[3]|clk    ;
; 0.118  ; 0.118        ; 0.000          ; Low Pulse Width  ; CLK   ; Rise       ; CLK_COUNT_400HZ[5]|clk    ;
; 0.118  ; 0.118        ; 0.000          ; Low Pulse Width  ; CLK   ; Rise       ; CLK_COUNT_400HZ[6]|clk    ;
; 0.118  ; 0.118        ; 0.000          ; Low Pulse Width  ; CLK   ; Rise       ; CLK_COUNT_400HZ[7]|clk    ;
; 0.118  ; 0.118        ; 0.000          ; Low Pulse Width  ; CLK   ; Rise       ; CLK_COUNT_400HZ[8]|clk    ;
; 0.118  ; 0.118        ; 0.000          ; Low Pulse Width  ; CLK   ; Rise       ; CLK_COUNT_400HZ[9]|clk    ;
; 0.120  ; 0.120        ; 0.000          ; Low Pulse Width  ; CLK   ; Rise       ; CLK~input|o               ;
; 0.133  ; 0.133        ; 0.000          ; Low Pulse Width  ; CLK   ; Rise       ; CLK~inputclkctrl|inclk[0] ;
; 0.133  ; 0.133        ; 0.000          ; Low Pulse Width  ; CLK   ; Rise       ; CLK~inputclkctrl|outclk   ;
; 0.500  ; 0.500        ; 0.000          ; High Pulse Width ; CLK   ; Rise       ; CLK~input|i               ;
; 0.500  ; 0.500        ; 0.000          ; Low Pulse Width  ; CLK   ; Rise       ; CLK~input|i               ;
; 0.660  ; 0.876        ; 0.216          ; High Pulse Width ; CLK   ; Rise       ; CLK_400HZ                 ;
; 0.660  ; 0.876        ; 0.216          ; High Pulse Width ; CLK   ; Rise       ; CLK_COUNT_400HZ[10]       ;
; 0.660  ; 0.876        ; 0.216          ; High Pulse Width ; CLK   ; Rise       ; CLK_COUNT_400HZ[11]       ;
; 0.660  ; 0.876        ; 0.216          ; High Pulse Width ; CLK   ; Rise       ; CLK_COUNT_400HZ[12]       ;
; 0.660  ; 0.876        ; 0.216          ; High Pulse Width ; CLK   ; Rise       ; CLK_COUNT_400HZ[13]       ;
; 0.660  ; 0.876        ; 0.216          ; High Pulse Width ; CLK   ; Rise       ; CLK_COUNT_400HZ[14]       ;
; 0.660  ; 0.876        ; 0.216          ; High Pulse Width ; CLK   ; Rise       ; CLK_COUNT_400HZ[15]       ;
; 0.660  ; 0.876        ; 0.216          ; High Pulse Width ; CLK   ; Rise       ; CLK_COUNT_400HZ[16]       ;
; 0.660  ; 0.876        ; 0.216          ; High Pulse Width ; CLK   ; Rise       ; CLK_COUNT_400HZ[17]       ;
; 0.660  ; 0.876        ; 0.216          ; High Pulse Width ; CLK   ; Rise       ; CLK_COUNT_400HZ[18]       ;
; 0.660  ; 0.876        ; 0.216          ; High Pulse Width ; CLK   ; Rise       ; CLK_COUNT_400HZ[2]        ;
; 0.660  ; 0.876        ; 0.216          ; High Pulse Width ; CLK   ; Rise       ; CLK_COUNT_400HZ[3]        ;
; 0.660  ; 0.876        ; 0.216          ; High Pulse Width ; CLK   ; Rise       ; CLK_COUNT_400HZ[5]        ;
; 0.660  ; 0.876        ; 0.216          ; High Pulse Width ; CLK   ; Rise       ; CLK_COUNT_400HZ[6]        ;
; 0.660  ; 0.876        ; 0.216          ; High Pulse Width ; CLK   ; Rise       ; CLK_COUNT_400HZ[7]        ;
; 0.660  ; 0.876        ; 0.216          ; High Pulse Width ; CLK   ; Rise       ; CLK_COUNT_400HZ[8]        ;
; 0.660  ; 0.876        ; 0.216          ; High Pulse Width ; CLK   ; Rise       ; CLK_COUNT_400HZ[9]        ;
; 0.681  ; 0.897        ; 0.216          ; High Pulse Width ; CLK   ; Rise       ; CLK_COUNT_400HZ[0]        ;
; 0.681  ; 0.897        ; 0.216          ; High Pulse Width ; CLK   ; Rise       ; CLK_COUNT_400HZ[19]       ;
; 0.681  ; 0.897        ; 0.216          ; High Pulse Width ; CLK   ; Rise       ; CLK_COUNT_400HZ[1]        ;
; 0.681  ; 0.897        ; 0.216          ; High Pulse Width ; CLK   ; Rise       ; CLK_COUNT_400HZ[4]        ;
; 0.866  ; 0.866        ; 0.000          ; High Pulse Width ; CLK   ; Rise       ; CLK~inputclkctrl|inclk[0] ;
; 0.866  ; 0.866        ; 0.000          ; High Pulse Width ; CLK   ; Rise       ; CLK~inputclkctrl|outclk   ;
; 0.880  ; 0.880        ; 0.000          ; High Pulse Width ; CLK   ; Rise       ; CLK~input|o               ;
; 0.882  ; 0.882        ; 0.000          ; High Pulse Width ; CLK   ; Rise       ; CLK_400HZ|clk             ;
; 0.882  ; 0.882        ; 0.000          ; High Pulse Width ; CLK   ; Rise       ; CLK_COUNT_400HZ[10]|clk   ;
; 0.882  ; 0.882        ; 0.000          ; High Pulse Width ; CLK   ; Rise       ; CLK_COUNT_400HZ[11]|clk   ;
; 0.882  ; 0.882        ; 0.000          ; High Pulse Width ; CLK   ; Rise       ; CLK_COUNT_400HZ[12]|clk   ;
; 0.882  ; 0.882        ; 0.000          ; High Pulse Width ; CLK   ; Rise       ; CLK_COUNT_400HZ[13]|clk   ;
; 0.882  ; 0.882        ; 0.000          ; High Pulse Width ; CLK   ; Rise       ; CLK_COUNT_400HZ[14]|clk   ;
; 0.882  ; 0.882        ; 0.000          ; High Pulse Width ; CLK   ; Rise       ; CLK_COUNT_400HZ[15]|clk   ;
+--------+--------------+----------------+------------------+-------+------------+---------------------------+


+-----------------------------------------------------------------------------------------------------------------+
; Fast 1200mV 0C Model Minimum Pulse Width: 'CLK_400HZ'                                                           ;
+--------+--------------+----------------+------------------+-----------+------------+----------------------------+
; Slack  ; Actual Width ; Required Width ; Type             ; Clock     ; Clock Edge ; Target                     ;
+--------+--------------+----------------+------------------+-----------+------------+----------------------------+
; -1.000 ; 1.000        ; 2.000          ; Min Period       ; CLK_400HZ ; Rise       ; CHAR_COUNT[0]              ;
; -1.000 ; 1.000        ; 2.000          ; Min Period       ; CLK_400HZ ; Rise       ; CHAR_COUNT[1]              ;
; -1.000 ; 1.000        ; 2.000          ; Min Period       ; CLK_400HZ ; Rise       ; CHAR_COUNT[2]              ;
; -1.000 ; 1.000        ; 2.000          ; Min Period       ; CLK_400HZ ; Rise       ; CHAR_COUNT[3]              ;
; -1.000 ; 1.000        ; 2.000          ; Min Period       ; CLK_400HZ ; Rise       ; CHAR_COUNT[4]              ;
; -1.000 ; 1.000        ; 2.000          ; Min Period       ; CLK_400HZ ; Rise       ; DATA_BUS_VALUE[0]          ;
; -1.000 ; 1.000        ; 2.000          ; Min Period       ; CLK_400HZ ; Rise       ; DATA_BUS_VALUE[1]          ;
; -1.000 ; 1.000        ; 2.000          ; Min Period       ; CLK_400HZ ; Rise       ; DATA_BUS_VALUE[2]          ;
; -1.000 ; 1.000        ; 2.000          ; Min Period       ; CLK_400HZ ; Rise       ; DATA_BUS_VALUE[3]          ;
; -1.000 ; 1.000        ; 2.000          ; Min Period       ; CLK_400HZ ; Rise       ; DATA_BUS_VALUE[4]          ;
; -1.000 ; 1.000        ; 2.000          ; Min Period       ; CLK_400HZ ; Rise       ; DATA_BUS_VALUE[5]          ;
; -1.000 ; 1.000        ; 2.000          ; Min Period       ; CLK_400HZ ; Rise       ; DATA_BUS_VALUE[6]          ;
; -1.000 ; 1.000        ; 2.000          ; Min Period       ; CLK_400HZ ; Rise       ; DATA_BUS_VALUE[7]          ;
; -1.000 ; 1.000        ; 2.000          ; Min Period       ; CLK_400HZ ; Rise       ; E~reg0                     ;
; -1.000 ; 1.000        ; 2.000          ; Min Period       ; CLK_400HZ ; Rise       ; RS~reg0                    ;
; -1.000 ; 1.000        ; 2.000          ; Min Period       ; CLK_400HZ ; Rise       ; next_command.DISPLAY_CLEAR ;
; -1.000 ; 1.000        ; 2.000          ; Min Period       ; CLK_400HZ ; Rise       ; next_command.DISPLAY_OFF   ;
; -1.000 ; 1.000        ; 2.000          ; Min Period       ; CLK_400HZ ; Rise       ; next_command.DISPLAY_ON    ;
; -1.000 ; 1.000        ; 2.000          ; Min Period       ; CLK_400HZ ; Rise       ; next_command.FUNC_SET      ;
; -1.000 ; 1.000        ; 2.000          ; Min Period       ; CLK_400HZ ; Rise       ; next_command.LINE2         ;
; -1.000 ; 1.000        ; 2.000          ; Min Period       ; CLK_400HZ ; Rise       ; next_command.MODE_SET      ;
; -1.000 ; 1.000        ; 2.000          ; Min Period       ; CLK_400HZ ; Rise       ; next_command.Print_String  ;
; -1.000 ; 1.000        ; 2.000          ; Min Period       ; CLK_400HZ ; Rise       ; next_command.RESET2        ;
; -1.000 ; 1.000        ; 2.000          ; Min Period       ; CLK_400HZ ; Rise       ; next_command.RESET3        ;
; -1.000 ; 1.000        ; 2.000          ; Min Period       ; CLK_400HZ ; Rise       ; next_command.RETURN_HOME   ;
; -1.000 ; 1.000        ; 2.000          ; Min Period       ; CLK_400HZ ; Rise       ; state.DISPLAY_CLEAR        ;
; -1.000 ; 1.000        ; 2.000          ; Min Period       ; CLK_400HZ ; Rise       ; state.DISPLAY_OFF          ;
; -1.000 ; 1.000        ; 2.000          ; Min Period       ; CLK_400HZ ; Rise       ; state.DISPLAY_ON           ;
; -1.000 ; 1.000        ; 2.000          ; Min Period       ; CLK_400HZ ; Rise       ; state.DROP_LCD_E           ;
; -1.000 ; 1.000        ; 2.000          ; Min Period       ; CLK_400HZ ; Rise       ; state.FUNC_SET             ;
; -1.000 ; 1.000        ; 2.000          ; Min Period       ; CLK_400HZ ; Rise       ; state.HOLD                 ;
; -1.000 ; 1.000        ; 2.000          ; Min Period       ; CLK_400HZ ; Rise       ; state.LINE2                ;
; -1.000 ; 1.000        ; 2.000          ; Min Period       ; CLK_400HZ ; Rise       ; state.MODE_SET             ;
; -1.000 ; 1.000        ; 2.000          ; Min Period       ; CLK_400HZ ; Rise       ; state.Print_String         ;
; -1.000 ; 1.000        ; 2.000          ; Min Period       ; CLK_400HZ ; Rise       ; state.RESET1               ;
; -1.000 ; 1.000        ; 2.000          ; Min Period       ; CLK_400HZ ; Rise       ; state.RESET2               ;
; -1.000 ; 1.000        ; 2.000          ; Min Period       ; CLK_400HZ ; Rise       ; state.RESET3               ;
; -1.000 ; 1.000        ; 2.000          ; Min Period       ; CLK_400HZ ; Rise       ; state.RETURN_HOME          ;
; 0.250  ; 0.434        ; 0.184          ; Low Pulse Width  ; CLK_400HZ ; Rise       ; next_command.LINE2         ;
; 0.261  ; 0.445        ; 0.184          ; Low Pulse Width  ; CLK_400HZ ; Rise       ; CHAR_COUNT[0]              ;
; 0.261  ; 0.445        ; 0.184          ; Low Pulse Width  ; CLK_400HZ ; Rise       ; CHAR_COUNT[1]              ;
; 0.261  ; 0.445        ; 0.184          ; Low Pulse Width  ; CLK_400HZ ; Rise       ; CHAR_COUNT[2]              ;
; 0.261  ; 0.445        ; 0.184          ; Low Pulse Width  ; CLK_400HZ ; Rise       ; CHAR_COUNT[3]              ;
; 0.261  ; 0.445        ; 0.184          ; Low Pulse Width  ; CLK_400HZ ; Rise       ; CHAR_COUNT[4]              ;
; 0.261  ; 0.445        ; 0.184          ; Low Pulse Width  ; CLK_400HZ ; Rise       ; DATA_BUS_VALUE[0]          ;
; 0.261  ; 0.445        ; 0.184          ; Low Pulse Width  ; CLK_400HZ ; Rise       ; DATA_BUS_VALUE[1]          ;
; 0.261  ; 0.445        ; 0.184          ; Low Pulse Width  ; CLK_400HZ ; Rise       ; DATA_BUS_VALUE[2]          ;
; 0.261  ; 0.445        ; 0.184          ; Low Pulse Width  ; CLK_400HZ ; Rise       ; DATA_BUS_VALUE[3]          ;
; 0.261  ; 0.445        ; 0.184          ; Low Pulse Width  ; CLK_400HZ ; Rise       ; DATA_BUS_VALUE[4]          ;
; 0.261  ; 0.445        ; 0.184          ; Low Pulse Width  ; CLK_400HZ ; Rise       ; DATA_BUS_VALUE[5]          ;
; 0.261  ; 0.445        ; 0.184          ; Low Pulse Width  ; CLK_400HZ ; Rise       ; DATA_BUS_VALUE[6]          ;
; 0.261  ; 0.445        ; 0.184          ; Low Pulse Width  ; CLK_400HZ ; Rise       ; DATA_BUS_VALUE[7]          ;
; 0.261  ; 0.445        ; 0.184          ; Low Pulse Width  ; CLK_400HZ ; Rise       ; E~reg0                     ;
; 0.261  ; 0.445        ; 0.184          ; Low Pulse Width  ; CLK_400HZ ; Rise       ; RS~reg0                    ;
; 0.261  ; 0.445        ; 0.184          ; Low Pulse Width  ; CLK_400HZ ; Rise       ; next_command.DISPLAY_CLEAR ;
; 0.261  ; 0.445        ; 0.184          ; Low Pulse Width  ; CLK_400HZ ; Rise       ; next_command.DISPLAY_OFF   ;
; 0.261  ; 0.445        ; 0.184          ; Low Pulse Width  ; CLK_400HZ ; Rise       ; next_command.DISPLAY_ON    ;
; 0.261  ; 0.445        ; 0.184          ; Low Pulse Width  ; CLK_400HZ ; Rise       ; next_command.FUNC_SET      ;
; 0.261  ; 0.445        ; 0.184          ; Low Pulse Width  ; CLK_400HZ ; Rise       ; next_command.MODE_SET      ;
; 0.261  ; 0.445        ; 0.184          ; Low Pulse Width  ; CLK_400HZ ; Rise       ; next_command.Print_String  ;
; 0.261  ; 0.445        ; 0.184          ; Low Pulse Width  ; CLK_400HZ ; Rise       ; next_command.RESET2        ;
; 0.261  ; 0.445        ; 0.184          ; Low Pulse Width  ; CLK_400HZ ; Rise       ; next_command.RESET3        ;
; 0.261  ; 0.445        ; 0.184          ; Low Pulse Width  ; CLK_400HZ ; Rise       ; next_command.RETURN_HOME   ;
; 0.261  ; 0.445        ; 0.184          ; Low Pulse Width  ; CLK_400HZ ; Rise       ; state.DISPLAY_CLEAR        ;
; 0.261  ; 0.445        ; 0.184          ; Low Pulse Width  ; CLK_400HZ ; Rise       ; state.DISPLAY_OFF          ;
; 0.261  ; 0.445        ; 0.184          ; Low Pulse Width  ; CLK_400HZ ; Rise       ; state.DISPLAY_ON           ;
; 0.261  ; 0.445        ; 0.184          ; Low Pulse Width  ; CLK_400HZ ; Rise       ; state.DROP_LCD_E           ;
; 0.261  ; 0.445        ; 0.184          ; Low Pulse Width  ; CLK_400HZ ; Rise       ; state.FUNC_SET             ;
; 0.261  ; 0.445        ; 0.184          ; Low Pulse Width  ; CLK_400HZ ; Rise       ; state.HOLD                 ;
; 0.261  ; 0.445        ; 0.184          ; Low Pulse Width  ; CLK_400HZ ; Rise       ; state.LINE2                ;
; 0.261  ; 0.445        ; 0.184          ; Low Pulse Width  ; CLK_400HZ ; Rise       ; state.MODE_SET             ;
; 0.261  ; 0.445        ; 0.184          ; Low Pulse Width  ; CLK_400HZ ; Rise       ; state.Print_String         ;
; 0.261  ; 0.445        ; 0.184          ; Low Pulse Width  ; CLK_400HZ ; Rise       ; state.RESET1               ;
; 0.261  ; 0.445        ; 0.184          ; Low Pulse Width  ; CLK_400HZ ; Rise       ; state.RESET2               ;
; 0.261  ; 0.445        ; 0.184          ; Low Pulse Width  ; CLK_400HZ ; Rise       ; state.RESET3               ;
; 0.261  ; 0.445        ; 0.184          ; Low Pulse Width  ; CLK_400HZ ; Rise       ; state.RETURN_HOME          ;
; 0.333  ; 0.549        ; 0.216          ; High Pulse Width ; CLK_400HZ ; Rise       ; CHAR_COUNT[0]              ;
; 0.333  ; 0.549        ; 0.216          ; High Pulse Width ; CLK_400HZ ; Rise       ; CHAR_COUNT[1]              ;
; 0.333  ; 0.549        ; 0.216          ; High Pulse Width ; CLK_400HZ ; Rise       ; CHAR_COUNT[2]              ;
; 0.333  ; 0.549        ; 0.216          ; High Pulse Width ; CLK_400HZ ; Rise       ; CHAR_COUNT[3]              ;
; 0.333  ; 0.549        ; 0.216          ; High Pulse Width ; CLK_400HZ ; Rise       ; CHAR_COUNT[4]              ;
; 0.333  ; 0.549        ; 0.216          ; High Pulse Width ; CLK_400HZ ; Rise       ; DATA_BUS_VALUE[0]          ;
; 0.333  ; 0.549        ; 0.216          ; High Pulse Width ; CLK_400HZ ; Rise       ; DATA_BUS_VALUE[1]          ;
; 0.333  ; 0.549        ; 0.216          ; High Pulse Width ; CLK_400HZ ; Rise       ; DATA_BUS_VALUE[2]          ;
; 0.333  ; 0.549        ; 0.216          ; High Pulse Width ; CLK_400HZ ; Rise       ; DATA_BUS_VALUE[3]          ;
; 0.333  ; 0.549        ; 0.216          ; High Pulse Width ; CLK_400HZ ; Rise       ; DATA_BUS_VALUE[4]          ;
; 0.333  ; 0.549        ; 0.216          ; High Pulse Width ; CLK_400HZ ; Rise       ; DATA_BUS_VALUE[5]          ;
; 0.333  ; 0.549        ; 0.216          ; High Pulse Width ; CLK_400HZ ; Rise       ; DATA_BUS_VALUE[6]          ;
; 0.333  ; 0.549        ; 0.216          ; High Pulse Width ; CLK_400HZ ; Rise       ; DATA_BUS_VALUE[7]          ;
; 0.333  ; 0.549        ; 0.216          ; High Pulse Width ; CLK_400HZ ; Rise       ; E~reg0                     ;
; 0.333  ; 0.549        ; 0.216          ; High Pulse Width ; CLK_400HZ ; Rise       ; RS~reg0                    ;
; 0.333  ; 0.549        ; 0.216          ; High Pulse Width ; CLK_400HZ ; Rise       ; next_command.DISPLAY_CLEAR ;
; 0.333  ; 0.549        ; 0.216          ; High Pulse Width ; CLK_400HZ ; Rise       ; next_command.DISPLAY_OFF   ;
; 0.333  ; 0.549        ; 0.216          ; High Pulse Width ; CLK_400HZ ; Rise       ; next_command.DISPLAY_ON    ;
; 0.333  ; 0.549        ; 0.216          ; High Pulse Width ; CLK_400HZ ; Rise       ; next_command.FUNC_SET      ;
; 0.333  ; 0.549        ; 0.216          ; High Pulse Width ; CLK_400HZ ; Rise       ; next_command.MODE_SET      ;
; 0.333  ; 0.549        ; 0.216          ; High Pulse Width ; CLK_400HZ ; Rise       ; next_command.Print_String  ;
; 0.333  ; 0.549        ; 0.216          ; High Pulse Width ; CLK_400HZ ; Rise       ; next_command.RESET2        ;
; 0.333  ; 0.549        ; 0.216          ; High Pulse Width ; CLK_400HZ ; Rise       ; next_command.RESET3        ;
; 0.333  ; 0.549        ; 0.216          ; High Pulse Width ; CLK_400HZ ; Rise       ; next_command.RETURN_HOME   ;
+--------+--------------+----------------+------------------+-----------+------------+----------------------------+


+-----------------------------------------------------------------------+
; Setup Times                                                           ;
+-----------+------------+-------+-------+------------+-----------------+
; Data Port ; Clock Port ; Rise  ; Fall  ; Clock Edge ; Clock Reference ;
+-----------+------------+-------+-------+------------+-----------------+
; RST       ; CLK_400HZ  ; 1.002 ; 1.197 ; Rise       ; CLK_400HZ       ;
+-----------+------------+-------+-------+------------+-----------------+


+-------------------------------------------------------------------------+
; Hold Times                                                              ;
+-----------+------------+--------+--------+------------+-----------------+
; Data Port ; Clock Port ; Rise   ; Fall   ; Clock Edge ; Clock Reference ;
+-----------+------------+--------+--------+------------+-----------------+
; RST       ; CLK_400HZ  ; -0.237 ; -0.419 ; Rise       ; CLK_400HZ       ;
+-----------+------------+--------+--------+------------+-----------------+


+-----------------------------------------------------------------------+
; Clock to Output Times                                                 ;
+-----------+------------+-------+-------+------------+-----------------+
; Data Port ; Clock Port ; Rise  ; Fall  ; Clock Edge ; Clock Reference ;
+-----------+------------+-------+-------+------------+-----------------+
; DATA[*]   ; CLK_400HZ  ; 4.665 ; 4.776 ; Rise       ; CLK_400HZ       ;
;  DATA[0]  ; CLK_400HZ  ; 3.634 ; 3.684 ; Rise       ; CLK_400HZ       ;
;  DATA[1]  ; CLK_400HZ  ; 3.787 ; 3.841 ; Rise       ; CLK_400HZ       ;
;  DATA[2]  ; CLK_400HZ  ; 3.767 ; 3.822 ; Rise       ; CLK_400HZ       ;
;  DATA[3]  ; CLK_400HZ  ; 3.745 ; 3.796 ; Rise       ; CLK_400HZ       ;
;  DATA[4]  ; CLK_400HZ  ; 3.768 ; 3.822 ; Rise       ; CLK_400HZ       ;
;  DATA[5]  ; CLK_400HZ  ; 3.859 ; 3.957 ; Rise       ; CLK_400HZ       ;
;  DATA[6]  ; CLK_400HZ  ; 4.665 ; 4.776 ; Rise       ; CLK_400HZ       ;
;  DATA[7]  ; CLK_400HZ  ; 3.756 ; 3.807 ; Rise       ; CLK_400HZ       ;
; E         ; CLK_400HZ  ; 3.783 ; 3.842 ; Rise       ; CLK_400HZ       ;
; RS        ; CLK_400HZ  ; 3.555 ; 3.597 ; Rise       ; CLK_400HZ       ;
+-----------+------------+-------+-------+------------+-----------------+


+-----------------------------------------------------------------------+
; Minimum Clock to Output Times                                         ;
+-----------+------------+-------+-------+------------+-----------------+
; Data Port ; Clock Port ; Rise  ; Fall  ; Clock Edge ; Clock Reference ;
+-----------+------------+-------+-------+------------+-----------------+
; DATA[*]   ; CLK_400HZ  ; 3.502 ; 3.549 ; Rise       ; CLK_400HZ       ;
;  DATA[0]  ; CLK_400HZ  ; 3.502 ; 3.549 ; Rise       ; CLK_400HZ       ;
;  DATA[1]  ; CLK_400HZ  ; 3.650 ; 3.702 ; Rise       ; CLK_400HZ       ;
;  DATA[2]  ; CLK_400HZ  ; 3.630 ; 3.683 ; Rise       ; CLK_400HZ       ;
;  DATA[3]  ; CLK_400HZ  ; 3.608 ; 3.657 ; Rise       ; CLK_400HZ       ;
;  DATA[4]  ; CLK_400HZ  ; 3.631 ; 3.683 ; Rise       ; CLK_400HZ       ;
;  DATA[5]  ; CLK_400HZ  ; 3.718 ; 3.812 ; Rise       ; CLK_400HZ       ;
;  DATA[6]  ; CLK_400HZ  ; 4.528 ; 4.637 ; Rise       ; CLK_400HZ       ;
;  DATA[7]  ; CLK_400HZ  ; 3.619 ; 3.669 ; Rise       ; CLK_400HZ       ;
; E         ; CLK_400HZ  ; 3.646 ; 3.703 ; Rise       ; CLK_400HZ       ;
; RS        ; CLK_400HZ  ; 3.427 ; 3.467 ; Rise       ; CLK_400HZ       ;
+-----------+------------+-------+-------+------------+-----------------+


----------------------------------------------
; Fast 1200mV 0C Model Metastability Summary ;
----------------------------------------------
No synchronizer chains to report.


+-------------------------------------------------------------------------------+
; Multicorner Timing Analysis Summary                                           ;
+------------------+---------+-------+----------+---------+---------------------+
; Clock            ; Setup   ; Hold  ; Recovery ; Removal ; Minimum Pulse Width ;
+------------------+---------+-------+----------+---------+---------------------+
; Worst-case Slack ; -2.782  ; 0.101 ; N/A      ; N/A     ; -3.000              ;
;  CLK             ; -2.782  ; 0.101 ; N/A      ; N/A     ; -3.000              ;
;  CLK_400HZ       ; -1.544  ; 0.182 ; N/A      ; N/A     ; -1.285              ;
; Design-wide TNS  ; -79.004 ; 0.0   ; 0.0      ; 0.0     ; -78.815             ;
;  CLK             ; -51.666 ; 0.000 ; N/A      ; N/A     ; -29.985             ;
;  CLK_400HZ       ; -27.338 ; 0.000 ; N/A      ; N/A     ; -48.830             ;
+------------------+---------+-------+----------+---------+---------------------+


+-----------------------------------------------------------------------+
; Setup Times                                                           ;
+-----------+------------+-------+-------+------------+-----------------+
; Data Port ; Clock Port ; Rise  ; Fall  ; Clock Edge ; Clock Reference ;
+-----------+------------+-------+-------+------------+-----------------+
; RST       ; CLK_400HZ  ; 1.887 ; 1.916 ; Rise       ; CLK_400HZ       ;
+-----------+------------+-------+-------+------------+-----------------+


+-------------------------------------------------------------------------+
; Hold Times                                                              ;
+-----------+------------+--------+--------+------------+-----------------+
; Data Port ; Clock Port ; Rise   ; Fall   ; Clock Edge ; Clock Reference ;
+-----------+------------+--------+--------+------------+-----------------+
; RST       ; CLK_400HZ  ; -0.237 ; -0.284 ; Rise       ; CLK_400HZ       ;
+-----------+------------+--------+--------+------------+-----------------+


+-----------------------------------------------------------------------+
; Clock to Output Times                                                 ;
+-----------+------------+-------+-------+------------+-----------------+
; Data Port ; Clock Port ; Rise  ; Fall  ; Clock Edge ; Clock Reference ;
+-----------+------------+-------+-------+------------+-----------------+
; DATA[*]   ; CLK_400HZ  ; 8.545 ; 8.560 ; Rise       ; CLK_400HZ       ;
;  DATA[0]  ; CLK_400HZ  ; 6.952 ; 6.890 ; Rise       ; CLK_400HZ       ;
;  DATA[1]  ; CLK_400HZ  ; 7.256 ; 7.162 ; Rise       ; CLK_400HZ       ;
;  DATA[2]  ; CLK_400HZ  ; 7.219 ; 7.133 ; Rise       ; CLK_400HZ       ;
;  DATA[3]  ; CLK_400HZ  ; 7.214 ; 7.117 ; Rise       ; CLK_400HZ       ;
;  DATA[4]  ; CLK_400HZ  ; 7.199 ; 7.112 ; Rise       ; CLK_400HZ       ;
;  DATA[5]  ; CLK_400HZ  ; 7.383 ; 7.369 ; Rise       ; CLK_400HZ       ;
;  DATA[6]  ; CLK_400HZ  ; 8.545 ; 8.560 ; Rise       ; CLK_400HZ       ;
;  DATA[7]  ; CLK_400HZ  ; 7.195 ; 7.108 ; Rise       ; CLK_400HZ       ;
; E         ; CLK_400HZ  ; 7.237 ; 7.148 ; Rise       ; CLK_400HZ       ;
; RS        ; CLK_400HZ  ; 6.748 ; 6.710 ; Rise       ; CLK_400HZ       ;
+-----------+------------+-------+-------+------------+-----------------+


+-----------------------------------------------------------------------+
; Minimum Clock to Output Times                                         ;
+-----------+------------+-------+-------+------------+-----------------+
; Data Port ; Clock Port ; Rise  ; Fall  ; Clock Edge ; Clock Reference ;
+-----------+------------+-------+-------+------------+-----------------+
; DATA[*]   ; CLK_400HZ  ; 3.502 ; 3.549 ; Rise       ; CLK_400HZ       ;
;  DATA[0]  ; CLK_400HZ  ; 3.502 ; 3.549 ; Rise       ; CLK_400HZ       ;
;  DATA[1]  ; CLK_400HZ  ; 3.650 ; 3.702 ; Rise       ; CLK_400HZ       ;
;  DATA[2]  ; CLK_400HZ  ; 3.630 ; 3.683 ; Rise       ; CLK_400HZ       ;
;  DATA[3]  ; CLK_400HZ  ; 3.608 ; 3.657 ; Rise       ; CLK_400HZ       ;
;  DATA[4]  ; CLK_400HZ  ; 3.631 ; 3.683 ; Rise       ; CLK_400HZ       ;
;  DATA[5]  ; CLK_400HZ  ; 3.718 ; 3.812 ; Rise       ; CLK_400HZ       ;
;  DATA[6]  ; CLK_400HZ  ; 4.528 ; 4.637 ; Rise       ; CLK_400HZ       ;
;  DATA[7]  ; CLK_400HZ  ; 3.619 ; 3.669 ; Rise       ; CLK_400HZ       ;
; E         ; CLK_400HZ  ; 3.646 ; 3.703 ; Rise       ; CLK_400HZ       ;
; RS        ; CLK_400HZ  ; 3.427 ; 3.467 ; Rise       ; CLK_400HZ       ;
+-----------+------------+-------+-------+------------+-----------------+


+------------------------------------------------------------------------------------------------------------------------------------------------------------------------------------------------------------------------------------------------------------------------------------------------------------------------------------------------------------------------------------------------------------------+
; Board Trace Model Assignments                                                                                                                                                                                                                                                                                                                                                                                    ;
+---------------+--------------+-------------------+-------------------------+-------------------------+---------------+---------------------+----------------+------------------+--------+------------------+------------------------+------------------------+--------------+---------------+-----------------+-------+---------------------+--------------------+---------------+-----------------+-------------+
; Pin           ; I/O Standard ; Near Tline Length ; Near Tline L per Length ; Near Tline C per Length ; Near Series R ; Near Differential R ; Near Pull-up R ; Near Pull-down R ; Near C ; Far Tline Length ; Far Tline L per Length ; Far Tline C per Length ; Far Series R ; Far Pull-up R ; Far Pull-down R ; Far C ; Termination Voltage ; Far Differential R ; EBD File Name ; EBD Signal Name ; EBD Far-end ;
+---------------+--------------+-------------------+-------------------------+-------------------------+---------------+---------------------+----------------+------------------+--------+------------------+------------------------+------------------------+--------------+---------------+-----------------+-------+---------------------+--------------------+---------------+-----------------+-------------+
; RS            ; 2.5 V        ; 0 in              ; 0 H/in                  ; 0 F/in                  ; short         ; -                   ; open           ; open             ; open   ; 0 in             ; 0 H/in                 ; 0 F/in                 ; short        ; open          ; open            ; open  ; 0 V                 ; -                  ; n/a           ; n/a             ; n/a         ;
; E             ; 2.5 V        ; 0 in              ; 0 H/in                  ; 0 F/in                  ; short         ; -                   ; open           ; open             ; open   ; 0 in             ; 0 H/in                 ; 0 F/in                 ; short        ; open          ; open            ; open  ; 0 V                 ; -                  ; n/a           ; n/a             ; n/a         ;
; RW            ; 2.5 V        ; 0 in              ; 0 H/in                  ; 0 F/in                  ; short         ; -                   ; open           ; open             ; open   ; 0 in             ; 0 H/in                 ; 0 F/in                 ; short        ; open          ; open            ; open  ; 0 V                 ; -                  ; n/a           ; n/a             ; n/a         ;
; ON            ; 2.5 V        ; 0 in              ; 0 H/in                  ; 0 F/in                  ; short         ; -                   ; open           ; open             ; open   ; 0 in             ; 0 H/in                 ; 0 F/in                 ; short        ; open          ; open            ; open  ; 0 V                 ; -                  ; n/a           ; n/a             ; n/a         ;
; DATA[0]       ; 2.5 V        ; 0 in              ; 0 H/in                  ; 0 F/in                  ; short         ; -                   ; open           ; open             ; open   ; 0 in             ; 0 H/in                 ; 0 F/in                 ; short        ; open          ; open            ; open  ; 0 V                 ; -                  ; n/a           ; n/a             ; n/a         ;
; DATA[1]       ; 2.5 V        ; 0 in              ; 0 H/in                  ; 0 F/in                  ; short         ; -                   ; open           ; open             ; open   ; 0 in             ; 0 H/in                 ; 0 F/in                 ; short        ; open          ; open            ; open  ; 0 V                 ; -                  ; n/a           ; n/a             ; n/a         ;
; DATA[2]       ; 2.5 V        ; 0 in              ; 0 H/in                  ; 0 F/in                  ; short         ; -                   ; open           ; open             ; open   ; 0 in             ; 0 H/in                 ; 0 F/in                 ; short        ; open          ; open            ; open  ; 0 V                 ; -                  ; n/a           ; n/a             ; n/a         ;
; DATA[3]       ; 2.5 V        ; 0 in              ; 0 H/in                  ; 0 F/in                  ; short         ; -                   ; open           ; open             ; open   ; 0 in             ; 0 H/in                 ; 0 F/in                 ; short        ; open          ; open            ; open  ; 0 V                 ; -                  ; n/a           ; n/a             ; n/a         ;
; DATA[4]       ; 2.5 V        ; 0 in              ; 0 H/in                  ; 0 F/in                  ; short         ; -                   ; open           ; open             ; open   ; 0 in             ; 0 H/in                 ; 0 F/in                 ; short        ; open          ; open            ; open  ; 0 V                 ; -                  ; n/a           ; n/a             ; n/a         ;
; DATA[5]       ; 2.5 V        ; 0 in              ; 0 H/in                  ; 0 F/in                  ; short         ; -                   ; open           ; open             ; open   ; 0 in             ; 0 H/in                 ; 0 F/in                 ; short        ; open          ; open            ; open  ; 0 V                 ; -                  ; n/a           ; n/a             ; n/a         ;
; DATA[6]       ; 2.5 V        ; 0 in              ; 0 H/in                  ; 0 F/in                  ; short         ; -                   ; open           ; open             ; open   ; 0 in             ; 0 H/in                 ; 0 F/in                 ; short        ; open          ; open            ; open  ; 0 V                 ; -                  ; n/a           ; n/a             ; n/a         ;
; DATA[7]       ; 2.5 V        ; 0 in              ; 0 H/in                  ; 0 F/in                  ; short         ; -                   ; open           ; open             ; open   ; 0 in             ; 0 H/in                 ; 0 F/in                 ; short        ; open          ; open            ; open  ; 0 V                 ; -                  ; n/a           ; n/a             ; n/a         ;
; ~ALTERA_DCLK~ ; 2.5 V        ; 0 in              ; 0 H/in                  ; 0 F/in                  ; short         ; -                   ; open           ; open             ; open   ; 0 in             ; 0 H/in                 ; 0 F/in                 ; short        ; open          ; open            ; open  ; 0 V                 ; -                  ; n/a           ; n/a             ; n/a         ;
; ~ALTERA_nCEO~ ; 2.5 V        ; 0 in              ; 0 H/in                  ; 0 F/in                  ; short         ; -                   ; open           ; open             ; open   ; 0 in             ; 0 H/in                 ; 0 F/in                 ; short        ; open          ; open            ; open  ; 0 V                 ; -                  ; n/a           ; n/a             ; n/a         ;
+---------------+--------------+-------------------+-------------------------+-------------------------+---------------+---------------------+----------------+------------------+--------+------------------+------------------------+------------------------+--------------+---------------+-----------------+-------+---------------------+--------------------+---------------+-----------------+-------------+


+----------------------------------------------------------------------------+
; Input Transition Times                                                     ;
+-------------------------+--------------+-----------------+-----------------+
; Pin                     ; I/O Standard ; 10-90 Rise Time ; 90-10 Fall Time ;
+-------------------------+--------------+-----------------+-----------------+
; DATA[0]                 ; 2.5 V        ; 2000 ps         ; 2000 ps         ;
; DATA[1]                 ; 2.5 V        ; 2000 ps         ; 2000 ps         ;
; DATA[2]                 ; 2.5 V        ; 2000 ps         ; 2000 ps         ;
; DATA[3]                 ; 2.5 V        ; 2000 ps         ; 2000 ps         ;
; DATA[4]                 ; 2.5 V        ; 2000 ps         ; 2000 ps         ;
; DATA[5]                 ; 2.5 V        ; 2000 ps         ; 2000 ps         ;
; DATA[6]                 ; 2.5 V        ; 2000 ps         ; 2000 ps         ;
; DATA[7]                 ; 2.5 V        ; 2000 ps         ; 2000 ps         ;
; RST                     ; 2.5 V        ; 2000 ps         ; 2000 ps         ;
; CLK                     ; 2.5 V        ; 2000 ps         ; 2000 ps         ;
; ~ALTERA_ASDO_DATA1~     ; 2.5 V        ; 2000 ps         ; 2000 ps         ;
; ~ALTERA_FLASH_nCE_nCSO~ ; 2.5 V        ; 2000 ps         ; 2000 ps         ;
; ~ALTERA_DATA0~          ; 2.5 V        ; 2000 ps         ; 2000 ps         ;
+-------------------------+--------------+-----------------+-----------------+


+--------------------------------------------------------------------------------------------------------------------------------------------------------------------------------------------------------------------------------------------------------------------------------------------------------------------------------------------------------------------------------------------------------------------------------------------------------------------------------------------------------------------------------------------------------------------------------------------------------------------------------------------------------------------------------------------+
; Signal Integrity Metrics (Slow 1200mv 0c Model)                                                                                                                                                                                                                                                                                                                                                                                                                                                                                                                                                                                                                                            ;
+---------------+--------------+---------------------+---------------------+------------------------------+------------------------------+---------------------+---------------------+--------------------------------------+--------------------------------------+-----------------------------+-----------------------------+----------------------------+----------------------------+-----------------------------+-----------------------------+--------------------+--------------------+-------------------------------------+-------------------------------------+----------------------------+----------------------------+---------------------------+---------------------------+
; Pin           ; I/O Standard ; Board Delay on Rise ; Board Delay on Fall ; Steady State Voh at FPGA Pin ; Steady State Vol at FPGA Pin ; Voh Max at FPGA Pin ; Vol Min at FPGA Pin ; Ringback Voltage on Rise at FPGA Pin ; Ringback Voltage on Fall at FPGA Pin ; 10-90 Rise Time at FPGA Pin ; 90-10 Fall Time at FPGA Pin ; Monotonic Rise at FPGA Pin ; Monotonic Fall at FPGA Pin ; Steady State Voh at Far-end ; Steady State Vol at Far-end ; Voh Max at Far-end ; Vol Min at Far-end ; Ringback Voltage on Rise at Far-end ; Ringback Voltage on Fall at Far-end ; 10-90 Rise Time at Far-end ; 90-10 Fall Time at Far-end ; Monotonic Rise at Far-end ; Monotonic Fall at Far-end ;
+---------------+--------------+---------------------+---------------------+------------------------------+------------------------------+---------------------+---------------------+--------------------------------------+--------------------------------------+-----------------------------+-----------------------------+----------------------------+----------------------------+-----------------------------+-----------------------------+--------------------+--------------------+-------------------------------------+-------------------------------------+----------------------------+----------------------------+---------------------------+---------------------------+
; RS            ; 2.5 V        ; 0 s                 ; 0 s                 ; 2.32 V                       ; 4.49e-09 V                   ; 2.38 V              ; -0.00552 V          ; 0.096 V                              ; 0.019 V                              ; 4.18e-10 s                  ; 3.59e-10 s                  ; No                         ; Yes                        ; 2.32 V                      ; 4.49e-09 V                  ; 2.38 V             ; -0.00552 V         ; 0.096 V                             ; 0.019 V                             ; 4.18e-10 s                 ; 3.59e-10 s                 ; No                        ; Yes                       ;
; E             ; 2.5 V        ; 0 s                 ; 0 s                 ; 2.32 V                       ; 4.49e-09 V                   ; 2.38 V              ; -0.00552 V          ; 0.096 V                              ; 0.019 V                              ; 4.18e-10 s                  ; 3.59e-10 s                  ; No                         ; Yes                        ; 2.32 V                      ; 4.49e-09 V                  ; 2.38 V             ; -0.00552 V         ; 0.096 V                             ; 0.019 V                             ; 4.18e-10 s                 ; 3.59e-10 s                 ; No                        ; Yes                       ;
; RW            ; 2.5 V        ; 0 s                 ; 0 s                 ; 2.32 V                       ; 4.49e-09 V                   ; 2.38 V              ; -0.00552 V          ; 0.096 V                              ; 0.019 V                              ; 4.18e-10 s                  ; 3.59e-10 s                  ; No                         ; Yes                        ; 2.32 V                      ; 4.49e-09 V                  ; 2.38 V             ; -0.00552 V         ; 0.096 V                             ; 0.019 V                             ; 4.18e-10 s                 ; 3.59e-10 s                 ; No                        ; Yes                       ;
; ON            ; 2.5 V        ; 0 s                 ; 0 s                 ; 2.32 V                       ; 4.49e-09 V                   ; 2.38 V              ; -0.00552 V          ; 0.096 V                              ; 0.019 V                              ; 4.18e-10 s                  ; 3.59e-10 s                  ; No                         ; Yes                        ; 2.32 V                      ; 4.49e-09 V                  ; 2.38 V             ; -0.00552 V         ; 0.096 V                             ; 0.019 V                             ; 4.18e-10 s                 ; 3.59e-10 s                 ; No                        ; Yes                       ;
; DATA[0]       ; 2.5 V        ; 0 s                 ; 0 s                 ; 2.32 V                       ; 4.49e-09 V                   ; 2.38 V              ; -0.00552 V          ; 0.096 V                              ; 0.019 V                              ; 4.18e-10 s                  ; 3.59e-10 s                  ; No                         ; Yes                        ; 2.32 V                      ; 4.49e-09 V                  ; 2.38 V             ; -0.00552 V         ; 0.096 V                             ; 0.019 V                             ; 4.18e-10 s                 ; 3.59e-10 s                 ; No                        ; Yes                       ;
; DATA[1]       ; 2.5 V        ; 0 s                 ; 0 s                 ; 2.32 V                       ; 4.49e-09 V                   ; 2.38 V              ; -0.00552 V          ; 0.096 V                              ; 0.019 V                              ; 4.18e-10 s                  ; 3.59e-10 s                  ; No                         ; Yes                        ; 2.32 V                      ; 4.49e-09 V                  ; 2.38 V             ; -0.00552 V         ; 0.096 V                             ; 0.019 V                             ; 4.18e-10 s                 ; 3.59e-10 s                 ; No                        ; Yes                       ;
; DATA[2]       ; 2.5 V        ; 0 s                 ; 0 s                 ; 2.32 V                       ; 4.49e-09 V                   ; 2.38 V              ; -0.00552 V          ; 0.096 V                              ; 0.019 V                              ; 4.18e-10 s                  ; 3.59e-10 s                  ; No                         ; Yes                        ; 2.32 V                      ; 4.49e-09 V                  ; 2.38 V             ; -0.00552 V         ; 0.096 V                             ; 0.019 V                             ; 4.18e-10 s                 ; 3.59e-10 s                 ; No                        ; Yes                       ;
; DATA[3]       ; 2.5 V        ; 0 s                 ; 0 s                 ; 2.32 V                       ; 4.49e-09 V                   ; 2.38 V              ; -0.00552 V          ; 0.096 V                              ; 0.019 V                              ; 4.18e-10 s                  ; 3.59e-10 s                  ; No                         ; Yes                        ; 2.32 V                      ; 4.49e-09 V                  ; 2.38 V             ; -0.00552 V         ; 0.096 V                             ; 0.019 V                             ; 4.18e-10 s                 ; 3.59e-10 s                 ; No                        ; Yes                       ;
; DATA[4]       ; 2.5 V        ; 0 s                 ; 0 s                 ; 2.32 V                       ; 4.49e-09 V                   ; 2.38 V              ; -0.00552 V          ; 0.096 V                              ; 0.019 V                              ; 4.18e-10 s                  ; 3.59e-10 s                  ; No                         ; Yes                        ; 2.32 V                      ; 4.49e-09 V                  ; 2.38 V             ; -0.00552 V         ; 0.096 V                             ; 0.019 V                             ; 4.18e-10 s                 ; 3.59e-10 s                 ; No                        ; Yes                       ;
; DATA[5]       ; 2.5 V        ; 0 s                 ; 0 s                 ; 2.32 V                       ; 4.49e-09 V                   ; 2.38 V              ; -0.00552 V          ; 0.096 V                              ; 0.019 V                              ; 4.18e-10 s                  ; 3.59e-10 s                  ; No                         ; Yes                        ; 2.32 V                      ; 4.49e-09 V                  ; 2.38 V             ; -0.00552 V         ; 0.096 V                             ; 0.019 V                             ; 4.18e-10 s                 ; 3.59e-10 s                 ; No                        ; Yes                       ;
; DATA[6]       ; 2.5 V        ; 0 s                 ; 0 s                 ; 2.32 V                       ; 4.49e-09 V                   ; 2.33 V              ; -0.00467 V          ; 0.226 V                              ; 0.087 V                              ; 2.91e-09 s                  ; 2.74e-09 s                  ; Yes                        ; Yes                        ; 2.32 V                      ; 4.49e-09 V                  ; 2.33 V             ; -0.00467 V         ; 0.226 V                             ; 0.087 V                             ; 2.91e-09 s                 ; 2.74e-09 s                 ; Yes                       ; Yes                       ;
; DATA[7]       ; 2.5 V        ; 0 s                 ; 0 s                 ; 2.32 V                       ; 4.49e-09 V                   ; 2.38 V              ; -0.00552 V          ; 0.096 V                              ; 0.019 V                              ; 4.18e-10 s                  ; 3.59e-10 s                  ; No                         ; Yes                        ; 2.32 V                      ; 4.49e-09 V                  ; 2.38 V             ; -0.00552 V         ; 0.096 V                             ; 0.019 V                             ; 4.18e-10 s                 ; 3.59e-10 s                 ; No                        ; Yes                       ;
; ~ALTERA_DCLK~ ; 2.5 V        ; 0 s                 ; 0 s                 ; 2.32 V                       ; 2.67e-09 V                   ; 2.38 V              ; -0.0485 V           ; 0.167 V                              ; 0.096 V                              ; 2.95e-10 s                  ; 2.73e-10 s                  ; Yes                        ; Yes                        ; 2.32 V                      ; 2.67e-09 V                  ; 2.38 V             ; -0.0485 V          ; 0.167 V                             ; 0.096 V                             ; 2.95e-10 s                 ; 2.73e-10 s                 ; Yes                       ; Yes                       ;
; ~ALTERA_nCEO~ ; 2.5 V        ; 0 s                 ; 0 s                 ; 2.32 V                       ; 4.18e-09 V                   ; 2.38 V              ; -0.00483 V          ; 0.152 V                              ; 0.012 V                              ; 4.81e-10 s                  ; 6.29e-10 s                  ; Yes                        ; Yes                        ; 2.32 V                      ; 4.18e-09 V                  ; 2.38 V             ; -0.00483 V         ; 0.152 V                             ; 0.012 V                             ; 4.81e-10 s                 ; 6.29e-10 s                 ; Yes                       ; Yes                       ;
+---------------+--------------+---------------------+---------------------+------------------------------+------------------------------+---------------------+---------------------+--------------------------------------+--------------------------------------+-----------------------------+-----------------------------+----------------------------+----------------------------+-----------------------------+-----------------------------+--------------------+--------------------+-------------------------------------+-------------------------------------+----------------------------+----------------------------+---------------------------+---------------------------+


+--------------------------------------------------------------------------------------------------------------------------------------------------------------------------------------------------------------------------------------------------------------------------------------------------------------------------------------------------------------------------------------------------------------------------------------------------------------------------------------------------------------------------------------------------------------------------------------------------------------------------------------------------------------------------------------------+
; Signal Integrity Metrics (Slow 1200mv 85c Model)                                                                                                                                                                                                                                                                                                                                                                                                                                                                                                                                                                                                                                           ;
+---------------+--------------+---------------------+---------------------+------------------------------+------------------------------+---------------------+---------------------+--------------------------------------+--------------------------------------+-----------------------------+-----------------------------+----------------------------+----------------------------+-----------------------------+-----------------------------+--------------------+--------------------+-------------------------------------+-------------------------------------+----------------------------+----------------------------+---------------------------+---------------------------+
; Pin           ; I/O Standard ; Board Delay on Rise ; Board Delay on Fall ; Steady State Voh at FPGA Pin ; Steady State Vol at FPGA Pin ; Voh Max at FPGA Pin ; Vol Min at FPGA Pin ; Ringback Voltage on Rise at FPGA Pin ; Ringback Voltage on Fall at FPGA Pin ; 10-90 Rise Time at FPGA Pin ; 90-10 Fall Time at FPGA Pin ; Monotonic Rise at FPGA Pin ; Monotonic Fall at FPGA Pin ; Steady State Voh at Far-end ; Steady State Vol at Far-end ; Voh Max at Far-end ; Vol Min at Far-end ; Ringback Voltage on Rise at Far-end ; Ringback Voltage on Fall at Far-end ; 10-90 Rise Time at Far-end ; 90-10 Fall Time at Far-end ; Monotonic Rise at Far-end ; Monotonic Fall at Far-end ;
+---------------+--------------+---------------------+---------------------+------------------------------+------------------------------+---------------------+---------------------+--------------------------------------+--------------------------------------+-----------------------------+-----------------------------+----------------------------+----------------------------+-----------------------------+-----------------------------+--------------------+--------------------+-------------------------------------+-------------------------------------+----------------------------+----------------------------+---------------------------+---------------------------+
; RS            ; 2.5 V        ; 0 s                 ; 0 s                 ; 2.32 V                       ; 6.92e-07 V                   ; 2.35 V              ; -0.00996 V          ; 0.121 V                              ; 0.03 V                               ; 4.64e-10 s                  ; 4.47e-10 s                  ; Yes                        ; Yes                        ; 2.32 V                      ; 6.92e-07 V                  ; 2.35 V             ; -0.00996 V         ; 0.121 V                             ; 0.03 V                              ; 4.64e-10 s                 ; 4.47e-10 s                 ; Yes                       ; Yes                       ;
; E             ; 2.5 V        ; 0 s                 ; 0 s                 ; 2.32 V                       ; 6.92e-07 V                   ; 2.35 V              ; -0.00996 V          ; 0.121 V                              ; 0.03 V                               ; 4.64e-10 s                  ; 4.47e-10 s                  ; Yes                        ; Yes                        ; 2.32 V                      ; 6.92e-07 V                  ; 2.35 V             ; -0.00996 V         ; 0.121 V                             ; 0.03 V                              ; 4.64e-10 s                 ; 4.47e-10 s                 ; Yes                       ; Yes                       ;
; RW            ; 2.5 V        ; 0 s                 ; 0 s                 ; 2.32 V                       ; 6.92e-07 V                   ; 2.35 V              ; -0.00996 V          ; 0.121 V                              ; 0.03 V                               ; 4.64e-10 s                  ; 4.47e-10 s                  ; Yes                        ; Yes                        ; 2.32 V                      ; 6.92e-07 V                  ; 2.35 V             ; -0.00996 V         ; 0.121 V                             ; 0.03 V                              ; 4.64e-10 s                 ; 4.47e-10 s                 ; Yes                       ; Yes                       ;
; ON            ; 2.5 V        ; 0 s                 ; 0 s                 ; 2.32 V                       ; 6.92e-07 V                   ; 2.35 V              ; -0.00996 V          ; 0.121 V                              ; 0.03 V                               ; 4.64e-10 s                  ; 4.47e-10 s                  ; Yes                        ; Yes                        ; 2.32 V                      ; 6.92e-07 V                  ; 2.35 V             ; -0.00996 V         ; 0.121 V                             ; 0.03 V                              ; 4.64e-10 s                 ; 4.47e-10 s                 ; Yes                       ; Yes                       ;
; DATA[0]       ; 2.5 V        ; 0 s                 ; 0 s                 ; 2.32 V                       ; 6.92e-07 V                   ; 2.35 V              ; -0.00996 V          ; 0.121 V                              ; 0.03 V                               ; 4.64e-10 s                  ; 4.47e-10 s                  ; Yes                        ; Yes                        ; 2.32 V                      ; 6.92e-07 V                  ; 2.35 V             ; -0.00996 V         ; 0.121 V                             ; 0.03 V                              ; 4.64e-10 s                 ; 4.47e-10 s                 ; Yes                       ; Yes                       ;
; DATA[1]       ; 2.5 V        ; 0 s                 ; 0 s                 ; 2.32 V                       ; 6.92e-07 V                   ; 2.35 V              ; -0.00996 V          ; 0.121 V                              ; 0.03 V                               ; 4.64e-10 s                  ; 4.47e-10 s                  ; Yes                        ; Yes                        ; 2.32 V                      ; 6.92e-07 V                  ; 2.35 V             ; -0.00996 V         ; 0.121 V                             ; 0.03 V                              ; 4.64e-10 s                 ; 4.47e-10 s                 ; Yes                       ; Yes                       ;
; DATA[2]       ; 2.5 V        ; 0 s                 ; 0 s                 ; 2.32 V                       ; 6.92e-07 V                   ; 2.35 V              ; -0.00996 V          ; 0.121 V                              ; 0.03 V                               ; 4.64e-10 s                  ; 4.47e-10 s                  ; Yes                        ; Yes                        ; 2.32 V                      ; 6.92e-07 V                  ; 2.35 V             ; -0.00996 V         ; 0.121 V                             ; 0.03 V                              ; 4.64e-10 s                 ; 4.47e-10 s                 ; Yes                       ; Yes                       ;
; DATA[3]       ; 2.5 V        ; 0 s                 ; 0 s                 ; 2.32 V                       ; 6.92e-07 V                   ; 2.35 V              ; -0.00996 V          ; 0.121 V                              ; 0.03 V                               ; 4.64e-10 s                  ; 4.47e-10 s                  ; Yes                        ; Yes                        ; 2.32 V                      ; 6.92e-07 V                  ; 2.35 V             ; -0.00996 V         ; 0.121 V                             ; 0.03 V                              ; 4.64e-10 s                 ; 4.47e-10 s                 ; Yes                       ; Yes                       ;
; DATA[4]       ; 2.5 V        ; 0 s                 ; 0 s                 ; 2.32 V                       ; 6.92e-07 V                   ; 2.35 V              ; -0.00996 V          ; 0.121 V                              ; 0.03 V                               ; 4.64e-10 s                  ; 4.47e-10 s                  ; Yes                        ; Yes                        ; 2.32 V                      ; 6.92e-07 V                  ; 2.35 V             ; -0.00996 V         ; 0.121 V                             ; 0.03 V                              ; 4.64e-10 s                 ; 4.47e-10 s                 ; Yes                       ; Yes                       ;
; DATA[5]       ; 2.5 V        ; 0 s                 ; 0 s                 ; 2.32 V                       ; 6.92e-07 V                   ; 2.35 V              ; -0.00996 V          ; 0.121 V                              ; 0.03 V                               ; 4.64e-10 s                  ; 4.47e-10 s                  ; Yes                        ; Yes                        ; 2.32 V                      ; 6.92e-07 V                  ; 2.35 V             ; -0.00996 V         ; 0.121 V                             ; 0.03 V                              ; 4.64e-10 s                 ; 4.47e-10 s                 ; Yes                       ; Yes                       ;
; DATA[6]       ; 2.5 V        ; 0 s                 ; 0 s                 ; 2.32 V                       ; 6.92e-07 V                   ; 2.33 V              ; -0.00265 V          ; 0.133 V                              ; 0.056 V                              ; 3.55e-09 s                  ; 3.31e-09 s                  ; Yes                        ; Yes                        ; 2.32 V                      ; 6.92e-07 V                  ; 2.33 V             ; -0.00265 V         ; 0.133 V                             ; 0.056 V                             ; 3.55e-09 s                 ; 3.31e-09 s                 ; Yes                       ; Yes                       ;
; DATA[7]       ; 2.5 V        ; 0 s                 ; 0 s                 ; 2.32 V                       ; 6.92e-07 V                   ; 2.35 V              ; -0.00996 V          ; 0.121 V                              ; 0.03 V                               ; 4.64e-10 s                  ; 4.47e-10 s                  ; Yes                        ; Yes                        ; 2.32 V                      ; 6.92e-07 V                  ; 2.35 V             ; -0.00996 V         ; 0.121 V                             ; 0.03 V                              ; 4.64e-10 s                 ; 4.47e-10 s                 ; Yes                       ; Yes                       ;
; ~ALTERA_DCLK~ ; 2.5 V        ; 0 s                 ; 0 s                 ; 2.32 V                       ; 3.75e-07 V                   ; 2.35 V              ; -0.0109 V           ; 0.084 V                              ; 0.027 V                              ; 4.31e-10 s                  ; 3.61e-10 s                  ; Yes                        ; Yes                        ; 2.32 V                      ; 3.75e-07 V                  ; 2.35 V             ; -0.0109 V          ; 0.084 V                             ; 0.027 V                             ; 4.31e-10 s                 ; 3.61e-10 s                 ; Yes                       ; Yes                       ;
; ~ALTERA_nCEO~ ; 2.5 V        ; 0 s                 ; 0 s                 ; 2.32 V                       ; 6.15e-07 V                   ; 2.35 V              ; -0.00712 V          ; 0.093 V                              ; 0.02 V                               ; 6.21e-10 s                  ; 7.9e-10 s                   ; Yes                        ; Yes                        ; 2.32 V                      ; 6.15e-07 V                  ; 2.35 V             ; -0.00712 V         ; 0.093 V                             ; 0.02 V                              ; 6.21e-10 s                 ; 7.9e-10 s                  ; Yes                       ; Yes                       ;
+---------------+--------------+---------------------+---------------------+------------------------------+------------------------------+---------------------+---------------------+--------------------------------------+--------------------------------------+-----------------------------+-----------------------------+----------------------------+----------------------------+-----------------------------+-----------------------------+--------------------+--------------------+-------------------------------------+-------------------------------------+----------------------------+----------------------------+---------------------------+---------------------------+


+--------------------------------------------------------------------------------------------------------------------------------------------------------------------------------------------------------------------------------------------------------------------------------------------------------------------------------------------------------------------------------------------------------------------------------------------------------------------------------------------------------------------------------------------------------------------------------------------------------------------------------------------------------------------------------------------+
; Signal Integrity Metrics (Fast 1200mv 0c Model)                                                                                                                                                                                                                                                                                                                                                                                                                                                                                                                                                                                                                                            ;
+---------------+--------------+---------------------+---------------------+------------------------------+------------------------------+---------------------+---------------------+--------------------------------------+--------------------------------------+-----------------------------+-----------------------------+----------------------------+----------------------------+-----------------------------+-----------------------------+--------------------+--------------------+-------------------------------------+-------------------------------------+----------------------------+----------------------------+---------------------------+---------------------------+
; Pin           ; I/O Standard ; Board Delay on Rise ; Board Delay on Fall ; Steady State Voh at FPGA Pin ; Steady State Vol at FPGA Pin ; Voh Max at FPGA Pin ; Vol Min at FPGA Pin ; Ringback Voltage on Rise at FPGA Pin ; Ringback Voltage on Fall at FPGA Pin ; 10-90 Rise Time at FPGA Pin ; 90-10 Fall Time at FPGA Pin ; Monotonic Rise at FPGA Pin ; Monotonic Fall at FPGA Pin ; Steady State Voh at Far-end ; Steady State Vol at Far-end ; Voh Max at Far-end ; Vol Min at Far-end ; Ringback Voltage on Rise at Far-end ; Ringback Voltage on Fall at Far-end ; 10-90 Rise Time at Far-end ; 90-10 Fall Time at Far-end ; Monotonic Rise at Far-end ; Monotonic Fall at Far-end ;
+---------------+--------------+---------------------+---------------------+------------------------------+------------------------------+---------------------+---------------------+--------------------------------------+--------------------------------------+-----------------------------+-----------------------------+----------------------------+----------------------------+-----------------------------+-----------------------------+--------------------+--------------------+-------------------------------------+-------------------------------------+----------------------------+----------------------------+---------------------------+---------------------------+
; RS            ; 2.5 V        ; 0 s                 ; 0 s                 ; 2.62 V                       ; 4.05e-08 V                   ; 2.72 V              ; -0.0349 V           ; 0.173 V                              ; 0.1 V                                ; 2.72e-10 s                  ; 2.69e-10 s                  ; Yes                        ; Yes                        ; 2.62 V                      ; 4.05e-08 V                  ; 2.72 V             ; -0.0349 V          ; 0.173 V                             ; 0.1 V                               ; 2.72e-10 s                 ; 2.69e-10 s                 ; Yes                       ; Yes                       ;
; E             ; 2.5 V        ; 0 s                 ; 0 s                 ; 2.62 V                       ; 4.05e-08 V                   ; 2.72 V              ; -0.0349 V           ; 0.173 V                              ; 0.1 V                                ; 2.72e-10 s                  ; 2.69e-10 s                  ; Yes                        ; Yes                        ; 2.62 V                      ; 4.05e-08 V                  ; 2.72 V             ; -0.0349 V          ; 0.173 V                             ; 0.1 V                               ; 2.72e-10 s                 ; 2.69e-10 s                 ; Yes                       ; Yes                       ;
; RW            ; 2.5 V        ; 0 s                 ; 0 s                 ; 2.62 V                       ; 4.05e-08 V                   ; 2.72 V              ; -0.0349 V           ; 0.173 V                              ; 0.1 V                                ; 2.72e-10 s                  ; 2.69e-10 s                  ; Yes                        ; Yes                        ; 2.62 V                      ; 4.05e-08 V                  ; 2.72 V             ; -0.0349 V          ; 0.173 V                             ; 0.1 V                               ; 2.72e-10 s                 ; 2.69e-10 s                 ; Yes                       ; Yes                       ;
; ON            ; 2.5 V        ; 0 s                 ; 0 s                 ; 2.62 V                       ; 4.05e-08 V                   ; 2.72 V              ; -0.0349 V           ; 0.173 V                              ; 0.1 V                                ; 2.72e-10 s                  ; 2.69e-10 s                  ; Yes                        ; Yes                        ; 2.62 V                      ; 4.05e-08 V                  ; 2.72 V             ; -0.0349 V          ; 0.173 V                             ; 0.1 V                               ; 2.72e-10 s                 ; 2.69e-10 s                 ; Yes                       ; Yes                       ;
; DATA[0]       ; 2.5 V        ; 0 s                 ; 0 s                 ; 2.62 V                       ; 4.05e-08 V                   ; 2.72 V              ; -0.0349 V           ; 0.173 V                              ; 0.1 V                                ; 2.72e-10 s                  ; 2.69e-10 s                  ; Yes                        ; Yes                        ; 2.62 V                      ; 4.05e-08 V                  ; 2.72 V             ; -0.0349 V          ; 0.173 V                             ; 0.1 V                               ; 2.72e-10 s                 ; 2.69e-10 s                 ; Yes                       ; Yes                       ;
; DATA[1]       ; 2.5 V        ; 0 s                 ; 0 s                 ; 2.62 V                       ; 4.05e-08 V                   ; 2.72 V              ; -0.0349 V           ; 0.173 V                              ; 0.1 V                                ; 2.72e-10 s                  ; 2.69e-10 s                  ; Yes                        ; Yes                        ; 2.62 V                      ; 4.05e-08 V                  ; 2.72 V             ; -0.0349 V          ; 0.173 V                             ; 0.1 V                               ; 2.72e-10 s                 ; 2.69e-10 s                 ; Yes                       ; Yes                       ;
; DATA[2]       ; 2.5 V        ; 0 s                 ; 0 s                 ; 2.62 V                       ; 4.05e-08 V                   ; 2.72 V              ; -0.0349 V           ; 0.173 V                              ; 0.1 V                                ; 2.72e-10 s                  ; 2.69e-10 s                  ; Yes                        ; Yes                        ; 2.62 V                      ; 4.05e-08 V                  ; 2.72 V             ; -0.0349 V          ; 0.173 V                             ; 0.1 V                               ; 2.72e-10 s                 ; 2.69e-10 s                 ; Yes                       ; Yes                       ;
; DATA[3]       ; 2.5 V        ; 0 s                 ; 0 s                 ; 2.62 V                       ; 4.05e-08 V                   ; 2.72 V              ; -0.0349 V           ; 0.173 V                              ; 0.1 V                                ; 2.72e-10 s                  ; 2.69e-10 s                  ; Yes                        ; Yes                        ; 2.62 V                      ; 4.05e-08 V                  ; 2.72 V             ; -0.0349 V          ; 0.173 V                             ; 0.1 V                               ; 2.72e-10 s                 ; 2.69e-10 s                 ; Yes                       ; Yes                       ;
; DATA[4]       ; 2.5 V        ; 0 s                 ; 0 s                 ; 2.62 V                       ; 4.05e-08 V                   ; 2.72 V              ; -0.0349 V           ; 0.173 V                              ; 0.1 V                                ; 2.72e-10 s                  ; 2.69e-10 s                  ; Yes                        ; Yes                        ; 2.62 V                      ; 4.05e-08 V                  ; 2.72 V             ; -0.0349 V          ; 0.173 V                             ; 0.1 V                               ; 2.72e-10 s                 ; 2.69e-10 s                 ; Yes                       ; Yes                       ;
; DATA[5]       ; 2.5 V        ; 0 s                 ; 0 s                 ; 2.62 V                       ; 4.05e-08 V                   ; 2.72 V              ; -0.0349 V           ; 0.173 V                              ; 0.1 V                                ; 2.72e-10 s                  ; 2.69e-10 s                  ; Yes                        ; Yes                        ; 2.62 V                      ; 4.05e-08 V                  ; 2.72 V             ; -0.0349 V          ; 0.173 V                             ; 0.1 V                               ; 2.72e-10 s                 ; 2.69e-10 s                 ; Yes                       ; Yes                       ;
; DATA[6]       ; 2.5 V        ; 0 s                 ; 0 s                 ; 2.62 V                       ; 4.05e-08 V                   ; 2.64 V              ; -0.0113 V           ; 0.208 V                              ; 0.179 V                              ; 2.38e-09 s                  ; 2.23e-09 s                  ; No                         ; Yes                        ; 2.62 V                      ; 4.05e-08 V                  ; 2.64 V             ; -0.0113 V          ; 0.208 V                             ; 0.179 V                             ; 2.38e-09 s                 ; 2.23e-09 s                 ; No                        ; Yes                       ;
; DATA[7]       ; 2.5 V        ; 0 s                 ; 0 s                 ; 2.62 V                       ; 4.05e-08 V                   ; 2.72 V              ; -0.0349 V           ; 0.173 V                              ; 0.1 V                                ; 2.72e-10 s                  ; 2.69e-10 s                  ; Yes                        ; Yes                        ; 2.62 V                      ; 4.05e-08 V                  ; 2.72 V             ; -0.0349 V          ; 0.173 V                             ; 0.1 V                               ; 2.72e-10 s                 ; 2.69e-10 s                 ; Yes                       ; Yes                       ;
; ~ALTERA_DCLK~ ; 2.5 V        ; 0 s                 ; 0 s                 ; 2.62 V                       ; 2.22e-08 V                   ; 2.74 V              ; -0.06 V             ; 0.158 V                              ; 0.08 V                               ; 2.68e-10 s                  ; 2.19e-10 s                  ; Yes                        ; Yes                        ; 2.62 V                      ; 2.22e-08 V                  ; 2.74 V             ; -0.06 V            ; 0.158 V                             ; 0.08 V                              ; 2.68e-10 s                 ; 2.19e-10 s                 ; Yes                       ; Yes                       ;
; ~ALTERA_nCEO~ ; 2.5 V        ; 0 s                 ; 0 s                 ; 2.62 V                       ; 3.54e-08 V                   ; 2.7 V               ; -0.00943 V          ; 0.276 V                              ; 0.035 V                              ; 3.19e-10 s                  ; 4.99e-10 s                  ; No                         ; Yes                        ; 2.62 V                      ; 3.54e-08 V                  ; 2.7 V              ; -0.00943 V         ; 0.276 V                             ; 0.035 V                             ; 3.19e-10 s                 ; 4.99e-10 s                 ; No                        ; Yes                       ;
+---------------+--------------+---------------------+---------------------+------------------------------+------------------------------+---------------------+---------------------+--------------------------------------+--------------------------------------+-----------------------------+-----------------------------+----------------------------+----------------------------+-----------------------------+-----------------------------+--------------------+--------------------+-------------------------------------+-------------------------------------+----------------------------+----------------------------+---------------------------+---------------------------+


+--------------------------------------------------------------------+
; Setup Transfers                                                    ;
+------------+-----------+----------+----------+----------+----------+
; From Clock ; To Clock  ; RR Paths ; FR Paths ; RF Paths ; FF Paths ;
+------------+-----------+----------+----------+----------+----------+
; CLK        ; CLK       ; 609      ; 0        ; 0        ; 0        ;
; CLK_400HZ  ; CLK       ; 1        ; 1        ; 0        ; 0        ;
; CLK_400HZ  ; CLK_400HZ ; 207      ; 0        ; 0        ; 0        ;
+------------+-----------+----------+----------+----------+----------+
Entries labeled "false path" only account for clock-to-clock false paths and not path-based false paths. As a result, actual path counts may be lower than reported.


+--------------------------------------------------------------------+
; Hold Transfers                                                     ;
+------------+-----------+----------+----------+----------+----------+
; From Clock ; To Clock  ; RR Paths ; FR Paths ; RF Paths ; FF Paths ;
+------------+-----------+----------+----------+----------+----------+
; CLK        ; CLK       ; 609      ; 0        ; 0        ; 0        ;
; CLK_400HZ  ; CLK       ; 1        ; 1        ; 0        ; 0        ;
; CLK_400HZ  ; CLK_400HZ ; 207      ; 0        ; 0        ; 0        ;
+------------+-----------+----------+----------+----------+----------+
Entries labeled "false path" only account for clock-to-clock false paths and not path-based false paths. As a result, actual path counts may be lower than reported.


---------------
; Report TCCS ;
---------------
No dedicated SERDES Transmitter circuitry present in device or used in design


---------------
; Report RSKM ;
---------------
No non-DPA dedicated SERDES Receiver circuitry present in device or used in design


+------------------------------------------------+
; Unconstrained Paths                            ;
+---------------------------------+-------+------+
; Property                        ; Setup ; Hold ;
+---------------------------------+-------+------+
; Illegal Clocks                  ; 0     ; 0    ;
; Unconstrained Clocks            ; 0     ; 0    ;
; Unconstrained Input Ports       ; 1     ; 1    ;
; Unconstrained Input Port Paths  ; 59    ; 59   ;
; Unconstrained Output Ports      ; 10    ; 10   ;
; Unconstrained Output Port Paths ; 10    ; 10   ;
+---------------------------------+-------+------+


+------------------------------------+
; TimeQuest Timing Analyzer Messages ;
+------------------------------------+
Info: *******************************************************************
Info: Running Quartus II 64-Bit TimeQuest Timing Analyzer
    Info: Version 15.0.0 Build 145 04/22/2015 SJ Web Edition
    Info: Processing started: Tue Dec 03 20:10:48 2019
Info: Command: quartus_sta random1 -c random1
Info: qsta_default_script.tcl version: #11
Warning (20028): Parallel compilation is not licensed and has been disabled
Info (21077): Low junction temperature is 0 degrees C
Info (21077): High junction temperature is 85 degrees C
Critical Warning (332012): Synopsys Design Constraints File file not found: 'random1.sdc'. A Synopsys Design Constraints File is required by the TimeQuest Timing Analyzer to get proper timing constraints. Without it, the Compiler will not properly optimize the design.
Info (332142): No user constrained base clocks found in the design. Calling "derive_clocks -period 1.0"
Info (332105): Deriving Clocks
    Info (332105): create_clock -period 1.000 -name CLK CLK
    Info (332105): create_clock -period 1.000 -name CLK_400HZ CLK_400HZ
Info (332143): No user constrained clock uncertainty found in the design. Calling "derive_clock_uncertainty"
Info (332123): Deriving Clock Uncertainty. Please refer to report_sdc in TimeQuest to see clock uncertainties.
Info: Found TIMEQUEST_REPORT_SCRIPT_INCLUDE_DEFAULT_ANALYSIS = ON
Info: Analyzing Slow 1200mV 85C Model
Critical Warning (332148): Timing requirements not met
    Info (11105): For recommendations on closing timing, run Report Timing Closure Recommendations in the TimeQuest Timing Analyzer.
Info (332146): Worst-case setup slack is -2.782
    Info (332119):     Slack       End Point TNS Clock 
    Info (332119): ========= =================== =====================
    Info (332119):    -2.782             -51.666 CLK 
    Info (332119):    -1.544             -27.338 CLK_400HZ 
Info (332146): Worst-case hold slack is 0.403
    Info (332119):     Slack       End Point TNS Clock 
    Info (332119): ========= =================== =====================
    Info (332119):     0.403               0.000 CLK_400HZ 
    Info (332119):     0.409               0.000 CLK 
Info (332140): No Recovery paths to report
Info (332140): No Removal paths to report
Info (332146): Worst-case minimum pulse width slack is -3.000
    Info (332119):     Slack       End Point TNS Clock 
    Info (332119): ========= =================== =====================
    Info (332119):    -3.000             -29.985 CLK 
    Info (332119):    -1.285             -48.830 CLK_400HZ 
Info: Analyzing Slow 1200mV 0C Model
Info (334003): Started post-fitting delay annotation
Info (334004): Delay annotation completed successfully
Info (332123): Deriving Clock Uncertainty. Please refer to report_sdc in TimeQuest to see clock uncertainties.
Critical Warning (332148): Timing requirements not met
    Info (11105): For recommendations on closing timing, run Report Timing Closure Recommendations in the TimeQuest Timing Analyzer.
Info (332146): Worst-case setup slack is -2.493
    Info (332119):     Slack       End Point TNS Clock 
    Info (332119): ========= =================== =====================
    Info (332119):    -2.493             -45.487 CLK 
    Info (332119):    -1.309             -21.103 CLK_400HZ 
Info (332146): Worst-case hold slack is 0.354
    Info (332119):     Slack       End Point TNS Clock 
    Info (332119): ========= =================== =====================
    Info (332119):     0.354               0.000 CLK_400HZ 
    Info (332119):     0.371               0.000 CLK 
Info (332140): No Recovery paths to report
Info (332140): No Removal paths to report
Info (332146): Worst-case minimum pulse width slack is -3.000
    Info (332119):     Slack       End Point TNS Clock 
    Info (332119): ========= =================== =====================
    Info (332119):    -3.000             -29.985 CLK 
    Info (332119):    -1.285             -48.830 CLK_400HZ 
Info: Analyzing Fast 1200mV 0C Model
Info (332123): Deriving Clock Uncertainty. Please refer to report_sdc in TimeQuest to see clock uncertainties.
Critical Warning (332148): Timing requirements not met
    Info (11105): For recommendations on closing timing, run Report Timing Closure Recommendations in the TimeQuest Timing Analyzer.
Info (332146): Worst-case setup slack is -0.845
    Info (332119):     Slack       End Point TNS Clock 
    Info (332119): ========= =================== =====================
    Info (332119):    -0.845             -13.665 CLK 
    Info (332119):    -0.245              -1.152 CLK_400HZ 
Info (332146): Worst-case hold slack is 0.101
    Info (332119):     Slack       End Point TNS Clock 
    Info (332119): ========= =================== =====================
    Info (332119):     0.101               0.000 CLK 
    Info (332119):     0.182               0.000 CLK_400HZ 
Info (332140): No Recovery paths to report
Info (332140): No Removal paths to report
Info (332146): Worst-case minimum pulse width slack is -3.000
    Info (332119):     Slack       End Point TNS Clock 
    Info (332119): ========= =================== =====================
    Info (332119):    -3.000             -25.390 CLK 
    Info (332119):    -1.000             -38.000 CLK_400HZ 
Info (332102): Design is not fully constrained for setup requirements
Info (332102): Design is not fully constrained for hold requirements
Info: Quartus II 64-Bit TimeQuest Timing Analyzer was successful. 0 errors, 6 warnings
    Info: Peak virtual memory: 4917 megabytes
    Info: Processing ended: Tue Dec 03 20:11:12 2019
    Info: Elapsed time: 00:00:24
    Info: Total CPU time (on all processors): 00:00:03


