Fitter report for system
Thu Dec 12 00:18:04 2019
Quartus II 64-Bit Version 15.0.0 Build 145 04/22/2015 SJ Web Edition


---------------------
; Table of Contents ;
---------------------
  1. Legal Notice
  2. Fitter Summary
  3. Fitter Settings
  4. Parallel Compilation
  5. I/O Assignment Warnings
  6. Incremental Compilation Preservation Summary
  7. Incremental Compilation Partition Settings
  8. Incremental Compilation Placement Preservation
  9. Pin-Out File
 10. Fitter Resource Usage Summary
 11. Fitter Partition Statistics
 12. Input Pins
 13. Output Pins
 14. Dual Purpose and Dedicated Pins
 15. I/O Bank Usage
 16. All Package Pins
 17. Fitter Resource Utilization by Entity
 18. Delay Chain Summary
 19. Pad To Core Delay Chain Fanout
 20. Control Signals
 21. Global & Other Fast Signals
 22. Routing Usage Summary
 23. LAB Logic Elements
 24. LAB-wide Signals
 25. LAB Signals Sourced
 26. LAB Signals Sourced Out
 27. LAB Distinct Inputs
 28. I/O Rules Summary
 29. I/O Rules Details
 30. I/O Rules Matrix
 31. Fitter Device Options
 32. Operating Settings and Conditions
 33. Estimated Delay Added for Hold Timing Summary
 34. Estimated Delay Added for Hold Timing Details
 35. Fitter Messages
 36. Fitter Suppressed Messages



----------------
; Legal Notice ;
----------------
Copyright (C) 1991-2015 Altera Corporation. All rights reserved.
Your use of Altera Corporation's design tools, logic functions 
and other software and tools, and its AMPP partner logic 
functions, and any output files from any of the foregoing 
(including device programming or simulation files), and any 
associated documentation or information are expressly subject 
to the terms and conditions of the Altera Program License 
Subscription Agreement, the Altera Quartus II License Agreement,
the Altera MegaCore Function License Agreement, or other 
applicable license agreement, including, without limitation, 
that your use is for the sole purpose of programming logic 
devices manufactured by Altera and sold by Altera or its 
authorized distributors.  Please refer to the applicable 
agreement for further details.



+---------------------------------------------------------------------------------+
; Fitter Summary                                                                  ;
+------------------------------------+--------------------------------------------+
; Fitter Status                      ; Successful - Thu Dec 12 00:18:04 2019      ;
; Quartus II 64-Bit Version          ; 15.0.0 Build 145 04/22/2015 SJ Web Edition ;
; Revision Name                      ; system                                     ;
; Top-level Entity Name              ; system                                     ;
; Family                             ; Cyclone IV E                               ;
; Device                             ; EP4CE115F29C7                              ;
; Timing Models                      ; Final                                      ;
; Total logic elements               ; 359 / 114,480 ( < 1 % )                    ;
;     Total combinational functions  ; 348 / 114,480 ( < 1 % )                    ;
;     Dedicated logic registers      ; 77 / 114,480 ( < 1 % )                     ;
; Total registers                    ; 77                                         ;
; Total pins                         ; 164 / 529 ( 31 % )                         ;
; Total virtual pins                 ; 0                                          ;
; Total memory bits                  ; 0 / 3,981,312 ( 0 % )                      ;
; Embedded Multiplier 9-bit elements ; 0 / 532 ( 0 % )                            ;
; Total PLLs                         ; 0 / 4 ( 0 % )                              ;
+------------------------------------+--------------------------------------------+


+------------------------------------------------------------------------------------------------------------------------------------------------------------+
; Fitter Settings                                                                                                                                            ;
+----------------------------------------------------------------------------+---------------------------------------+---------------------------------------+
; Option                                                                     ; Setting                               ; Default Value                         ;
+----------------------------------------------------------------------------+---------------------------------------+---------------------------------------+
; Device                                                                     ; EP4CE115F29C7                         ;                                       ;
; Nominal Core Supply Voltage                                                ; 1.2V                                  ;                                       ;
; Minimum Core Junction Temperature                                          ; 0                                     ;                                       ;
; Maximum Core Junction Temperature                                          ; 85                                    ;                                       ;
; Fit Attempts to Skip                                                       ; 0                                     ; 0.0                                   ;
; Device I/O Standard                                                        ; 2.5 V                                 ;                                       ;
; Use smart compilation                                                      ; Off                                   ; Off                                   ;
; Enable parallel Assembler and TimeQuest Timing Analyzer during compilation ; On                                    ; On                                    ;
; Enable compact report table                                                ; Off                                   ; Off                                   ;
; Auto Merge PLLs                                                            ; On                                    ; On                                    ;
; Router Timing Optimization Level                                           ; Normal                                ; Normal                                ;
; Perform Clocking Topology Analysis During Routing                          ; Off                                   ; Off                                   ;
; Placement Effort Multiplier                                                ; 1.0                                   ; 1.0                                   ;
; Router Effort Multiplier                                                   ; 1.0                                   ; 1.0                                   ;
; Optimize Hold Timing                                                       ; All Paths                             ; All Paths                             ;
; Optimize Multi-Corner Timing                                               ; On                                    ; On                                    ;
; PowerPlay Power Optimization During Fitting                                ; Normal compilation                    ; Normal compilation                    ;
; SSN Optimization                                                           ; Off                                   ; Off                                   ;
; Optimize Timing                                                            ; Normal compilation                    ; Normal compilation                    ;
; Optimize Timing for ECOs                                                   ; Off                                   ; Off                                   ;
; Regenerate Full Fit Report During ECO Compiles                             ; Off                                   ; Off                                   ;
; Optimize IOC Register Placement for Timing                                 ; Normal                                ; Normal                                ;
; Limit to One Fitting Attempt                                               ; Off                                   ; Off                                   ;
; Final Placement Optimizations                                              ; Automatically                         ; Automatically                         ;
; Fitter Aggressive Routability Optimizations                                ; Automatically                         ; Automatically                         ;
; Fitter Initial Placement Seed                                              ; 1                                     ; 1                                     ;
; PCI I/O                                                                    ; Off                                   ; Off                                   ;
; Weak Pull-Up Resistor                                                      ; Off                                   ; Off                                   ;
; Enable Bus-Hold Circuitry                                                  ; Off                                   ; Off                                   ;
; Auto Packed Registers                                                      ; Auto                                  ; Auto                                  ;
; Auto Delay Chains                                                          ; On                                    ; On                                    ;
; Auto Delay Chains for High Fanout Input Pins                               ; Off                                   ; Off                                   ;
; Allow Single-ended Buffer for Differential-XSTL Input                      ; Off                                   ; Off                                   ;
; Treat Bidirectional Pin as Output Pin                                      ; Off                                   ; Off                                   ;
; Perform Physical Synthesis for Combinational Logic for Fitting             ; Off                                   ; Off                                   ;
; Perform Physical Synthesis for Combinational Logic for Performance         ; Off                                   ; Off                                   ;
; Perform Register Duplication for Performance                               ; Off                                   ; Off                                   ;
; Perform Logic to Memory Mapping for Fitting                                ; Off                                   ; Off                                   ;
; Perform Register Retiming for Performance                                  ; Off                                   ; Off                                   ;
; Perform Asynchronous Signal Pipelining                                     ; Off                                   ; Off                                   ;
; Fitter Effort                                                              ; Auto Fit                              ; Auto Fit                              ;
; Physical Synthesis Effort Level                                            ; Normal                                ; Normal                                ;
; Logic Cell Insertion - Logic Duplication                                   ; Auto                                  ; Auto                                  ;
; Auto Register Duplication                                                  ; Auto                                  ; Auto                                  ;
; Auto Global Clock                                                          ; On                                    ; On                                    ;
; Auto Global Register Control Signals                                       ; On                                    ; On                                    ;
; Reserve all unused pins                                                    ; As input tri-stated with weak pull-up ; As input tri-stated with weak pull-up ;
; Synchronizer Identification                                                ; Off                                   ; Off                                   ;
; Enable Beneficial Skew Optimization                                        ; On                                    ; On                                    ;
; Optimize Design for Metastability                                          ; On                                    ; On                                    ;
; Force Fitter to Avoid Periphery Placement Warnings                         ; Off                                   ; Off                                   ;
; Enable input tri-state on active configuration pins in user mode           ; Off                                   ; Off                                   ;
+----------------------------------------------------------------------------+---------------------------------------+---------------------------------------+


Parallel compilation was disabled, but you have multiple processors available. Enable parallel compilation to reduce compilation time.
+-------------------------------------+
; Parallel Compilation                ;
+----------------------------+--------+
; Processors                 ; Number ;
+----------------------------+--------+
; Number detected on machine ; 8      ;
; Maximum allowed            ; 1      ;
+----------------------------+--------+


+---------------------------------------------------------+
; I/O Assignment Warnings                                 ;
+------------------+--------------------------------------+
; Pin Name         ; Reason                               ;
+------------------+--------------------------------------+
; Qv[0]            ; Missing drive strength and slew rate ;
; Qv[1]            ; Missing drive strength and slew rate ;
; Qv[2]            ; Missing drive strength and slew rate ;
; Qv[3]            ; Missing drive strength and slew rate ;
; Qv[4]            ; Missing drive strength and slew rate ;
; pv[0]            ; Missing drive strength and slew rate ;
; pv[1]            ; Missing drive strength and slew rate ;
; pv[2]            ; Missing drive strength and slew rate ;
; pv[3]            ; Missing drive strength and slew rate ;
; bcdv[0]          ; Missing drive strength and slew rate ;
; bcdv[1]          ; Missing drive strength and slew rate ;
; bcdv[2]          ; Missing drive strength and slew rate ;
; bcdv[3]          ; Missing drive strength and slew rate ;
; bcdv[4]          ; Missing drive strength and slew rate ;
; bcdv[5]          ; Missing drive strength and slew rate ;
; bcdv[6]          ; Missing drive strength and slew rate ;
; bcdv[7]          ; Missing drive strength and slew rate ;
; segv[0]          ; Missing drive strength and slew rate ;
; segv[1]          ; Missing drive strength and slew rate ;
; segv[2]          ; Missing drive strength and slew rate ;
; segv[3]          ; Missing drive strength and slew rate ;
; segv[4]          ; Missing drive strength and slew rate ;
; segv[5]          ; Missing drive strength and slew rate ;
; segv[6]          ; Missing drive strength and slew rate ;
; segv1[0]         ; Missing drive strength and slew rate ;
; segv1[1]         ; Missing drive strength and slew rate ;
; segv1[2]         ; Missing drive strength and slew rate ;
; segv1[3]         ; Missing drive strength and slew rate ;
; segv1[4]         ; Missing drive strength and slew rate ;
; segv1[5]         ; Missing drive strength and slew rate ;
; segv1[6]         ; Missing drive strength and slew rate ;
; segv2[0]         ; Missing drive strength and slew rate ;
; segv2[1]         ; Missing drive strength and slew rate ;
; segv2[2]         ; Missing drive strength and slew rate ;
; segv2[3]         ; Missing drive strength and slew rate ;
; segv2[4]         ; Missing drive strength and slew rate ;
; segv2[5]         ; Missing drive strength and slew rate ;
; segv2[6]         ; Missing drive strength and slew rate ;
; segvv2[0]        ; Missing drive strength and slew rate ;
; segvv2[1]        ; Missing drive strength and slew rate ;
; segvv2[2]        ; Missing drive strength and slew rate ;
; segvv2[3]        ; Missing drive strength and slew rate ;
; segvv2[4]        ; Missing drive strength and slew rate ;
; segvv2[5]        ; Missing drive strength and slew rate ;
; segvv2[6]        ; Missing drive strength and slew rate ;
; pv2[0]           ; Missing drive strength and slew rate ;
; pv2[1]           ; Missing drive strength and slew rate ;
; pv2[2]           ; Missing drive strength and slew rate ;
; pv2[3]           ; Missing drive strength and slew rate ;
; pv3[0]           ; Missing drive strength and slew rate ;
; pv3[1]           ; Missing drive strength and slew rate ;
; pv3[2]           ; Missing drive strength and slew rate ;
; pv3[3]           ; Missing drive strength and slew rate ;
; segv3[0]         ; Missing drive strength and slew rate ;
; segv3[1]         ; Missing drive strength and slew rate ;
; segv3[2]         ; Missing drive strength and slew rate ;
; segv3[3]         ; Missing drive strength and slew rate ;
; segv3[4]         ; Missing drive strength and slew rate ;
; segv3[5]         ; Missing drive strength and slew rate ;
; segv3[6]         ; Missing drive strength and slew rate ;
; segv4[0]         ; Missing drive strength and slew rate ;
; segv4[1]         ; Missing drive strength and slew rate ;
; segv4[2]         ; Missing drive strength and slew rate ;
; segv4[3]         ; Missing drive strength and slew rate ;
; segv4[4]         ; Missing drive strength and slew rate ;
; segv4[5]         ; Missing drive strength and slew rate ;
; segv4[6]         ; Missing drive strength and slew rate ;
; segv5[0]         ; Missing drive strength and slew rate ;
; segv5[1]         ; Missing drive strength and slew rate ;
; segv5[2]         ; Missing drive strength and slew rate ;
; segv5[3]         ; Missing drive strength and slew rate ;
; segv5[4]         ; Missing drive strength and slew rate ;
; segv5[5]         ; Missing drive strength and slew rate ;
; segv5[6]         ; Missing drive strength and slew rate ;
; segv6[0]         ; Missing drive strength and slew rate ;
; segv6[1]         ; Missing drive strength and slew rate ;
; segv6[2]         ; Missing drive strength and slew rate ;
; segv6[3]         ; Missing drive strength and slew rate ;
; segv6[4]         ; Missing drive strength and slew rate ;
; segv6[5]         ; Missing drive strength and slew rate ;
; segv6[6]         ; Missing drive strength and slew rate ;
; sum12_ouvt[0]    ; Missing drive strength and slew rate ;
; sum12_ouvt[1]    ; Missing drive strength and slew rate ;
; sum12_ouvt[2]    ; Missing drive strength and slew rate ;
; sum12_ouvt[3]    ; Missing drive strength and slew rate ;
; sum12_ouvt[4]    ; Missing drive strength and slew rate ;
; sum12_ouvt[5]    ; Missing drive strength and slew rate ;
; sum12_ouvt[6]    ; Missing drive strength and slew rate ;
; sum12_ouvt[7]    ; Missing drive strength and slew rate ;
; sum12_ouvt[8]    ; Missing drive strength and slew rate ;
; sum12_ouvt[9]    ; Missing drive strength and slew rate ;
; sum12_ouvt[10]   ; Missing drive strength and slew rate ;
; sum12_ouvt[11]   ; Missing drive strength and slew rate ;
; sum8_outv[0]     ; Missing drive strength and slew rate ;
; sum8_outv[1]     ; Missing drive strength and slew rate ;
; sum8_outv[2]     ; Missing drive strength and slew rate ;
; sum8_outv[3]     ; Missing drive strength and slew rate ;
; sum8_outv[4]     ; Missing drive strength and slew rate ;
; sum8_outv[5]     ; Missing drive strength and slew rate ;
; sum8_outv[6]     ; Missing drive strength and slew rate ;
; sum8_outv[7]     ; Missing drive strength and slew rate ;
; sum12_ouvtv2[0]  ; Missing drive strength and slew rate ;
; sum12_ouvtv2[1]  ; Missing drive strength and slew rate ;
; sum12_ouvtv2[2]  ; Missing drive strength and slew rate ;
; sum12_ouvtv2[3]  ; Missing drive strength and slew rate ;
; sum12_ouvtv2[4]  ; Missing drive strength and slew rate ;
; sum12_ouvtv2[5]  ; Missing drive strength and slew rate ;
; sum12_ouvtv2[6]  ; Missing drive strength and slew rate ;
; sum12_ouvtv2[7]  ; Missing drive strength and slew rate ;
; sum12_ouvtv2[8]  ; Missing drive strength and slew rate ;
; sum12_ouvtv2[9]  ; Missing drive strength and slew rate ;
; sum12_ouvtv2[10] ; Missing drive strength and slew rate ;
; sum12_ouvtv2[11] ; Missing drive strength and slew rate ;
; sum8_outv2[0]    ; Missing drive strength and slew rate ;
; sum8_outv2[1]    ; Missing drive strength and slew rate ;
; sum8_outv2[2]    ; Missing drive strength and slew rate ;
; sum8_outv2[3]    ; Missing drive strength and slew rate ;
; sum8_outv2[4]    ; Missing drive strength and slew rate ;
; sum8_outv2[5]    ; Missing drive strength and slew rate ;
; sum8_outv2[6]    ; Missing drive strength and slew rate ;
; sum8_outv2[7]    ; Missing drive strength and slew rate ;
; cout8_outv       ; Missing drive strength and slew rate ;
; av[0]            ; Missing drive strength and slew rate ;
; av[1]            ; Missing drive strength and slew rate ;
; av[2]            ; Missing drive strength and slew rate ;
; av[3]            ; Missing drive strength and slew rate ;
; bv[0]            ; Missing drive strength and slew rate ;
; bv[1]            ; Missing drive strength and slew rate ;
; bv[2]            ; Missing drive strength and slew rate ;
; bv[3]            ; Missing drive strength and slew rate ;
; Qv[0]            ; Missing location assignment          ;
; Qv[1]            ; Missing location assignment          ;
; Qv[2]            ; Missing location assignment          ;
; Qv[3]            ; Missing location assignment          ;
; Qv[4]            ; Missing location assignment          ;
; pv[0]            ; Missing location assignment          ;
; pv[1]            ; Missing location assignment          ;
; pv[2]            ; Missing location assignment          ;
; pv[3]            ; Missing location assignment          ;
; binv[0]          ; Missing location assignment          ;
; binv[1]          ; Missing location assignment          ;
; binv[2]          ; Missing location assignment          ;
; binv[3]          ; Missing location assignment          ;
; binv[4]          ; Missing location assignment          ;
; bcdv[0]          ; Missing location assignment          ;
; bcdv[1]          ; Missing location assignment          ;
; bcdv[2]          ; Missing location assignment          ;
; bcdv[3]          ; Missing location assignment          ;
; bcdv[4]          ; Missing location assignment          ;
; bcdv[5]          ; Missing location assignment          ;
; bcdv[6]          ; Missing location assignment          ;
; bcdv[7]          ; Missing location assignment          ;
; bcd1v[0]         ; Missing location assignment          ;
; bcd1v[1]         ; Missing location assignment          ;
; bcd1v[2]         ; Missing location assignment          ;
; bcd1v[3]         ; Missing location assignment          ;
; segv1[0]         ; Missing location assignment          ;
; segv1[1]         ; Missing location assignment          ;
; segv1[2]         ; Missing location assignment          ;
; segv1[3]         ; Missing location assignment          ;
; segv1[4]         ; Missing location assignment          ;
; segv1[5]         ; Missing location assignment          ;
; segv1[6]         ; Missing location assignment          ;
; segvv2[0]        ; Missing location assignment          ;
; segvv2[1]        ; Missing location assignment          ;
; segvv2[2]        ; Missing location assignment          ;
; segvv2[3]        ; Missing location assignment          ;
; segvv2[4]        ; Missing location assignment          ;
; segvv2[5]        ; Missing location assignment          ;
; segvv2[6]        ; Missing location assignment          ;
; pv2[0]           ; Missing location assignment          ;
; pv2[1]           ; Missing location assignment          ;
; pv2[2]           ; Missing location assignment          ;
; pv2[3]           ; Missing location assignment          ;
; pv3[0]           ; Missing location assignment          ;
; pv3[1]           ; Missing location assignment          ;
; pv3[2]           ; Missing location assignment          ;
; pv3[3]           ; Missing location assignment          ;
; segv4[0]         ; Missing location assignment          ;
; segv4[1]         ; Missing location assignment          ;
; segv4[2]         ; Missing location assignment          ;
; segv4[3]         ; Missing location assignment          ;
; segv4[4]         ; Missing location assignment          ;
; segv4[5]         ; Missing location assignment          ;
; segv4[6]         ; Missing location assignment          ;
; segv5[0]         ; Missing location assignment          ;
; segv5[1]         ; Missing location assignment          ;
; segv5[2]         ; Missing location assignment          ;
; segv5[3]         ; Missing location assignment          ;
; segv5[4]         ; Missing location assignment          ;
; segv5[5]         ; Missing location assignment          ;
; segv5[6]         ; Missing location assignment          ;
; segv6[0]         ; Missing location assignment          ;
; segv6[1]         ; Missing location assignment          ;
; segv6[2]         ; Missing location assignment          ;
; segv6[3]         ; Missing location assignment          ;
; segv6[4]         ; Missing location assignment          ;
; segv6[5]         ; Missing location assignment          ;
; segv6[6]         ; Missing location assignment          ;
; a8_inv[0]        ; Missing location assignment          ;
; a8_inv[1]        ; Missing location assignment          ;
; a8_inv[2]        ; Missing location assignment          ;
; a8_inv[3]        ; Missing location assignment          ;
; a8_inv[4]        ; Missing location assignment          ;
; a8_inv[5]        ; Missing location assignment          ;
; a8_inv[6]        ; Missing location assignment          ;
; a8_inv[7]        ; Missing location assignment          ;
; b8_inv[0]        ; Missing location assignment          ;
; b8_inv[1]        ; Missing location assignment          ;
; b8_inv[2]        ; Missing location assignment          ;
; b8_inv[3]        ; Missing location assignment          ;
; b8_inv[4]        ; Missing location assignment          ;
; b8_inv[5]        ; Missing location assignment          ;
; b8_inv[6]        ; Missing location assignment          ;
; b8_inv[7]        ; Missing location assignment          ;
; sum12_ouvt[0]    ; Missing location assignment          ;
; sum12_ouvt[1]    ; Missing location assignment          ;
; sum12_ouvt[2]    ; Missing location assignment          ;
; sum12_ouvt[3]    ; Missing location assignment          ;
; sum12_ouvt[4]    ; Missing location assignment          ;
; sum12_ouvt[5]    ; Missing location assignment          ;
; sum12_ouvt[6]    ; Missing location assignment          ;
; sum12_ouvt[7]    ; Missing location assignment          ;
; sum12_ouvt[8]    ; Missing location assignment          ;
; sum12_ouvt[9]    ; Missing location assignment          ;
; sum12_ouvt[10]   ; Missing location assignment          ;
; sum12_ouvt[11]   ; Missing location assignment          ;
; sum8_outv[0]     ; Missing location assignment          ;
; sum8_outv[1]     ; Missing location assignment          ;
; sum8_outv[2]     ; Missing location assignment          ;
; sum8_outv[3]     ; Missing location assignment          ;
; sum8_outv[4]     ; Missing location assignment          ;
; sum8_outv[5]     ; Missing location assignment          ;
; sum8_outv[6]     ; Missing location assignment          ;
; sum8_outv[7]     ; Missing location assignment          ;
; sum12_ouvtv2[0]  ; Missing location assignment          ;
; sum12_ouvtv2[1]  ; Missing location assignment          ;
; sum12_ouvtv2[2]  ; Missing location assignment          ;
; sum12_ouvtv2[3]  ; Missing location assignment          ;
; sum12_ouvtv2[4]  ; Missing location assignment          ;
; sum12_ouvtv2[5]  ; Missing location assignment          ;
; sum12_ouvtv2[6]  ; Missing location assignment          ;
; sum12_ouvtv2[7]  ; Missing location assignment          ;
; sum12_ouvtv2[8]  ; Missing location assignment          ;
; sum12_ouvtv2[9]  ; Missing location assignment          ;
; sum12_ouvtv2[10] ; Missing location assignment          ;
; sum12_ouvtv2[11] ; Missing location assignment          ;
; sum8_outv2[0]    ; Missing location assignment          ;
; sum8_outv2[1]    ; Missing location assignment          ;
; sum8_outv2[2]    ; Missing location assignment          ;
; sum8_outv2[3]    ; Missing location assignment          ;
; sum8_outv2[4]    ; Missing location assignment          ;
; sum8_outv2[5]    ; Missing location assignment          ;
; sum8_outv2[6]    ; Missing location assignment          ;
; sum8_outv2[7]    ; Missing location assignment          ;
; cout8_outv       ; Missing location assignment          ;
; av[0]            ; Missing location assignment          ;
; av[1]            ; Missing location assignment          ;
; av[2]            ; Missing location assignment          ;
; av[3]            ; Missing location assignment          ;
; bv[0]            ; Missing location assignment          ;
; bv[1]            ; Missing location assignment          ;
; bv[2]            ; Missing location assignment          ;
; bv[3]            ; Missing location assignment          ;
; switch2          ; Missing location assignment          ;
; cin8_inv         ; Missing location assignment          ;
+------------------+--------------------------------------+


+--------------------------------------------------------------------------------------------------+
; Incremental Compilation Preservation Summary                                                     ;
+---------------------+--------------------+----------------------------+--------------------------+
; Type                ; Total [A + B]      ; From Design Partitions [A] ; From Rapid Recompile [B] ;
+---------------------+--------------------+----------------------------+--------------------------+
; Placement (by node) ;                    ;                            ;                          ;
;     -- Requested    ; 0.00 % ( 0 / 773 ) ; 0.00 % ( 0 / 773 )         ; 0.00 % ( 0 / 773 )       ;
;     -- Achieved     ; 0.00 % ( 0 / 773 ) ; 0.00 % ( 0 / 773 )         ; 0.00 % ( 0 / 773 )       ;
;                     ;                    ;                            ;                          ;
; Routing (by net)    ;                    ;                            ;                          ;
;     -- Requested    ; 0.00 % ( 0 / 0 )   ; 0.00 % ( 0 / 0 )           ; 0.00 % ( 0 / 0 )         ;
;     -- Achieved     ; 0.00 % ( 0 / 0 )   ; 0.00 % ( 0 / 0 )           ; 0.00 % ( 0 / 0 )         ;
+---------------------+--------------------+----------------------------+--------------------------+


+----------------------------------------------------------------------------------------------------------------------------------------------------------------------------------------+
; Incremental Compilation Partition Settings                                                                                                                                             ;
+--------------------------------+----------------+-------------------+-------------------------+------------------------+------------------------------+--------------------------------+
; Partition Name                 ; Partition Type ; Netlist Type Used ; Preservation Level Used ; Netlist Type Requested ; Preservation Level Requested ; Contents                       ;
+--------------------------------+----------------+-------------------+-------------------------+------------------------+------------------------------+--------------------------------+
; Top                            ; User-created   ; Source File       ; N/A                     ; Source File            ; N/A                          ;                                ;
; hard_block:auto_generated_inst ; Auto-generated ; Source File       ; N/A                     ; Source File            ; N/A                          ; hard_block:auto_generated_inst ;
+--------------------------------+----------------+-------------------+-------------------------+------------------------+------------------------------+--------------------------------+


+------------------------------------------------------------------------------------------------------------------------------------+
; Incremental Compilation Placement Preservation                                                                                     ;
+--------------------------------+-----------------------+-------------------------+-------------------+---------------------+-------+
; Partition Name                 ; Preservation Achieved ; Preservation Level Used ; Netlist Type Used ; Preservation Method ; Notes ;
+--------------------------------+-----------------------+-------------------------+-------------------+---------------------+-------+
; Top                            ; 0.00 % ( 0 / 763 )    ; N/A                     ; Source File       ; N/A                 ;       ;
; hard_block:auto_generated_inst ; 0.00 % ( 0 / 10 )     ; N/A                     ; Source File       ; N/A                 ;       ;
+--------------------------------+-----------------------+-------------------------+-------------------+---------------------+-------+


+--------------+
; Pin-Out File ;
+--------------+
The pin-out file can be found in E:/Files for school/Digital Systems/Random test8/output_files/system.pin.


+-----------------------------------------------------------------------+
; Fitter Resource Usage Summary                                         ;
+---------------------------------------------+-------------------------+
; Resource                                    ; Usage                   ;
+---------------------------------------------+-------------------------+
; Total logic elements                        ; 359 / 114,480 ( < 1 % ) ;
;     -- Combinational with no register       ; 282                     ;
;     -- Register only                        ; 11                      ;
;     -- Combinational with a register        ; 66                      ;
;                                             ;                         ;
; Logic element usage by number of LUT inputs ;                         ;
;     -- 4 input functions                    ; 172                     ;
;     -- 3 input functions                    ; 86                      ;
;     -- <=2 input functions                  ; 90                      ;
;     -- Register only                        ; 11                      ;
;                                             ;                         ;
; Logic elements by mode                      ;                         ;
;     -- normal mode                          ; 293                     ;
;     -- arithmetic mode                      ; 55                      ;
;                                             ;                         ;
; Total registers*                            ; 77 / 117,053 ( < 1 % )  ;
;     -- Dedicated logic registers            ; 77 / 114,480 ( < 1 % )  ;
;     -- I/O registers                        ; 0 / 2,573 ( 0 % )       ;
;                                             ;                         ;
; Total LABs:  partially or completely used   ; 28 / 7,155 ( < 1 % )    ;
; Virtual pins                                ; 0                       ;
; I/O pins                                    ; 164 / 529 ( 31 % )      ;
;     -- Clock pins                           ; 2 / 7 ( 29 % )          ;
;     -- Dedicated input pins                 ; 0 / 9 ( 0 % )           ;
;                                             ;                         ;
; Global signals                              ; 9                       ;
; M9Ks                                        ; 0 / 432 ( 0 % )         ;
; Total block memory bits                     ; 0 / 3,981,312 ( 0 % )   ;
; Total block memory implementation bits      ; 0 / 3,981,312 ( 0 % )   ;
; Embedded Multiplier 9-bit elements          ; 0 / 532 ( 0 % )         ;
; PLLs                                        ; 0 / 4 ( 0 % )           ;
; Global clocks                               ; 9 / 20 ( 45 % )         ;
; JTAGs                                       ; 0 / 1 ( 0 % )           ;
; CRC blocks                                  ; 0 / 1 ( 0 % )           ;
; ASMI blocks                                 ; 0 / 1 ( 0 % )           ;
; Oscillator blocks                           ; 0 / 1 ( 0 % )           ;
; Impedance control blocks                    ; 0 / 4 ( 0 % )           ;
; Average interconnect usage (total/H/V)      ; 0.3% / 0.3% / 0.3%      ;
; Peak interconnect usage (total/H/V)         ; 10.4% / 8.7% / 13.0%    ;
; Maximum fan-out                             ; 48                      ;
; Highest non-global fan-out                  ; 48                      ;
; Total fan-out                               ; 1519                    ;
; Average fan-out                             ; 1.94                    ;
+---------------------------------------------+-------------------------+
*  Register count does not include registers inside RAM blocks or DSP blocks.



+-------------------------------------------------------------------------------------------------------+
; Fitter Partition Statistics                                                                           ;
+---------------------------------------------+------------------------+--------------------------------+
; Statistic                                   ; Top                    ; hard_block:auto_generated_inst ;
+---------------------------------------------+------------------------+--------------------------------+
; Difficulty Clustering Region                ; Low                    ; Low                            ;
;                                             ;                        ;                                ;
; Total logic elements                        ; 359 / 114480 ( < 1 % ) ; 0 / 114480 ( 0 % )             ;
;     -- Combinational with no register       ; 282                    ; 0                              ;
;     -- Register only                        ; 11                     ; 0                              ;
;     -- Combinational with a register        ; 66                     ; 0                              ;
;                                             ;                        ;                                ;
; Logic element usage by number of LUT inputs ;                        ;                                ;
;     -- 4 input functions                    ; 172                    ; 0                              ;
;     -- 3 input functions                    ; 86                     ; 0                              ;
;     -- <=2 input functions                  ; 90                     ; 0                              ;
;     -- Register only                        ; 11                     ; 0                              ;
;                                             ;                        ;                                ;
; Logic elements by mode                      ;                        ;                                ;
;     -- normal mode                          ; 293                    ; 0                              ;
;     -- arithmetic mode                      ; 55                     ; 0                              ;
;                                             ;                        ;                                ;
; Total registers                             ; 77                     ; 0                              ;
;     -- Dedicated logic registers            ; 77 / 114480 ( < 1 % )  ; 0 / 114480 ( 0 % )             ;
;     -- I/O registers                        ; 0                      ; 0                              ;
;                                             ;                        ;                                ;
; Total LABs:  partially or completely used   ; 28 / 7155 ( < 1 % )    ; 0 / 7155 ( 0 % )               ;
;                                             ;                        ;                                ;
; Virtual pins                                ; 0                      ; 0                              ;
; I/O pins                                    ; 164                    ; 0                              ;
; Embedded Multiplier 9-bit elements          ; 0 / 532 ( 0 % )        ; 0 / 532 ( 0 % )                ;
; Total memory bits                           ; 0                      ; 0                              ;
; Total RAM block bits                        ; 0                      ; 0                              ;
; Clock control block                         ; 9 / 24 ( 37 % )        ; 0 / 24 ( 0 % )                 ;
;                                             ;                        ;                                ;
; Connections                                 ;                        ;                                ;
;     -- Input Connections                    ; 0                      ; 0                              ;
;     -- Registered Input Connections         ; 0                      ; 0                              ;
;     -- Output Connections                   ; 0                      ; 0                              ;
;     -- Registered Output Connections        ; 0                      ; 0                              ;
;                                             ;                        ;                                ;
; Internal Connections                        ;                        ;                                ;
;     -- Total Connections                    ; 1514                   ; 5                              ;
;     -- Registered Connections               ; 304                    ; 0                              ;
;                                             ;                        ;                                ;
; External Connections                        ;                        ;                                ;
;     -- Top                                  ; 0                      ; 0                              ;
;     -- hard_block:auto_generated_inst       ; 0                      ; 0                              ;
;                                             ;                        ;                                ;
; Partition Interface                         ;                        ;                                ;
;     -- Input Ports                          ; 34                     ; 0                              ;
;     -- Output Ports                         ; 130                    ; 0                              ;
;     -- Bidir Ports                          ; 0                      ; 0                              ;
;                                             ;                        ;                                ;
; Registered Ports                            ;                        ;                                ;
;     -- Registered Input Ports               ; 0                      ; 0                              ;
;     -- Registered Output Ports              ; 0                      ; 0                              ;
;                                             ;                        ;                                ;
; Port Connectivity                           ;                        ;                                ;
;     -- Input Ports driven by GND            ; 0                      ; 0                              ;
;     -- Output Ports driven by GND           ; 0                      ; 0                              ;
;     -- Input Ports driven by VCC            ; 0                      ; 0                              ;
;     -- Output Ports driven by VCC           ; 0                      ; 0                              ;
;     -- Input Ports with no Source           ; 0                      ; 0                              ;
;     -- Output Ports with no Source          ; 0                      ; 0                              ;
;     -- Input Ports with no Fanout           ; 0                      ; 0                              ;
;     -- Output Ports with no Fanout          ; 0                      ; 0                              ;
+---------------------------------------------+------------------------+--------------------------------+


+--------------------------------------------------------------------------------------------------------------------------------------------------------------------------------------------------------------------------------------------------------------------------------------------+
; Input Pins                                                                                                                                                                                                                                                                                 ;
+-----------+-------+----------+--------------+--------------+--------------+-----------------------+--------------------+--------+----------------+---------------+-----------------+----------+--------------+--------------+---------------------------+----------------------+-----------+
; Name      ; Pin # ; I/O Bank ; X coordinate ; Y coordinate ; Z coordinate ; Combinational Fan-Out ; Registered Fan-Out ; Global ; Input Register ; Power Up High ; PCI I/O Enabled ; Bus Hold ; Weak Pull Up ; I/O Standard ; Termination Control Block ; Location assigned by ; Slew Rate ;
+-----------+-------+----------+--------------+--------------+--------------+-----------------------+--------------------+--------+----------------+---------------+-----------------+----------+--------------+--------------+---------------------------+----------------------+-----------+
; Clockd    ; AG14  ; 3        ; 58           ; 0            ; 21           ; 26                    ; 0                  ; yes    ; no             ; no            ; yes             ; no       ; Off          ; 2.5 V        ; --                        ; User                 ; no        ;
; Clockv    ; Y2    ; 2        ; 0            ; 36           ; 14           ; 26                    ; 0                  ; yes    ; no             ; no            ; yes             ; no       ; Off          ; 2.5 V        ; --                        ; User                 ; no        ;
; Presetv   ; AB28  ; 5        ; 115          ; 17           ; 0            ; 14                    ; 0                  ; no     ; no             ; no            ; yes             ; no       ; Off          ; 2.5 V        ; --                        ; User                 ; no        ;
; a8_inv[0] ; Y16   ; 4        ; 96           ; 0            ; 14           ; 0                     ; 0                  ; no     ; no             ; no            ; yes             ; no       ; Off          ; 2.5 V        ; --                        ; Fitter               ; no        ;
; a8_inv[1] ; D14   ; 8        ; 52           ; 73           ; 7            ; 0                     ; 0                  ; no     ; no             ; no            ; yes             ; no       ; Off          ; 2.5 V        ; --                        ; Fitter               ; no        ;
; a8_inv[2] ; AF9   ; 3        ; 20           ; 0            ; 0            ; 0                     ; 0                  ; no     ; no             ; no            ; yes             ; no       ; Off          ; 2.5 V        ; --                        ; Fitter               ; no        ;
; a8_inv[3] ; D4    ; 8        ; 1            ; 73           ; 0            ; 0                     ; 0                  ; no     ; no             ; no            ; yes             ; no       ; Off          ; 2.5 V        ; --                        ; Fitter               ; no        ;
; a8_inv[4] ; E5    ; 8        ; 1            ; 73           ; 14           ; 0                     ; 0                  ; no     ; no             ; no            ; yes             ; no       ; Off          ; 2.5 V        ; --                        ; Fitter               ; no        ;
; a8_inv[5] ; C17   ; 7        ; 81           ; 73           ; 0            ; 0                     ; 0                  ; no     ; no             ; no            ; yes             ; no       ; Off          ; 2.5 V        ; --                        ; Fitter               ; no        ;
; a8_inv[6] ; C14   ; 8        ; 52           ; 73           ; 0            ; 0                     ; 0                  ; no     ; no             ; no            ; yes             ; no       ; Off          ; 2.5 V        ; --                        ; Fitter               ; no        ;
; a8_inv[7] ; F21   ; 7        ; 107          ; 73           ; 14           ; 0                     ; 0                  ; no     ; no             ; no            ; yes             ; no       ; Off          ; 2.5 V        ; --                        ; Fitter               ; no        ;
; addv      ; AC28  ; 5        ; 115          ; 14           ; 0            ; 30                    ; 0                  ; no     ; no             ; no            ; yes             ; no       ; Off          ; 2.5 V        ; --                        ; User                 ; no        ;
; b8_inv[0] ; G11   ; 8        ; 25           ; 73           ; 14           ; 0                     ; 0                  ; no     ; no             ; no            ; yes             ; no       ; Off          ; 2.5 V        ; --                        ; Fitter               ; no        ;
; b8_inv[1] ; N21   ; 6        ; 115          ; 42           ; 14           ; 0                     ; 0                  ; no     ; no             ; no            ; yes             ; no       ; Off          ; 2.5 V        ; --                        ; Fitter               ; no        ;
; b8_inv[2] ; D11   ; 8        ; 23           ; 73           ; 7            ; 0                     ; 0                  ; no     ; no             ; no            ; yes             ; no       ; Off          ; 2.5 V        ; --                        ; Fitter               ; no        ;
; b8_inv[3] ; F17   ; 7        ; 67           ; 73           ; 14           ; 0                     ; 0                  ; no     ; no             ; no            ; yes             ; no       ; Off          ; 2.5 V        ; --                        ; Fitter               ; no        ;
; b8_inv[4] ; AB21  ; 4        ; 109          ; 0            ; 7            ; 0                     ; 0                  ; no     ; no             ; no            ; yes             ; no       ; Off          ; 2.5 V        ; --                        ; Fitter               ; no        ;
; b8_inv[5] ; D8    ; 8        ; 16           ; 73           ; 14           ; 0                     ; 0                  ; no     ; no             ; no            ; yes             ; no       ; Off          ; 2.5 V        ; --                        ; Fitter               ; no        ;
; b8_inv[6] ; P27   ; 6        ; 115          ; 44           ; 7            ; 0                     ; 0                  ; no     ; no             ; no            ; yes             ; no       ; Off          ; 2.5 V        ; --                        ; Fitter               ; no        ;
; b8_inv[7] ; L5    ; 1        ; 0            ; 58           ; 14           ; 0                     ; 0                  ; no     ; no             ; no            ; yes             ; no       ; Off          ; 2.5 V        ; --                        ; Fitter               ; no        ;
; bcd1v[0]  ; E18   ; 7        ; 87           ; 73           ; 7            ; 0                     ; 0                  ; no     ; no             ; no            ; yes             ; no       ; Off          ; 2.5 V        ; --                        ; Fitter               ; no        ;
; bcd1v[1]  ; AG10  ; 3        ; 31           ; 0            ; 7            ; 0                     ; 0                  ; no     ; no             ; no            ; yes             ; no       ; Off          ; 2.5 V        ; --                        ; Fitter               ; no        ;
; bcd1v[2]  ; AA12  ; 3        ; 52           ; 0            ; 14           ; 0                     ; 0                  ; no     ; no             ; no            ; yes             ; no       ; Off          ; 2.5 V        ; --                        ; Fitter               ; no        ;
; bcd1v[3]  ; C22   ; 7        ; 96           ; 73           ; 14           ; 0                     ; 0                  ; no     ; no             ; no            ; yes             ; no       ; Off          ; 2.5 V        ; --                        ; Fitter               ; no        ;
; binv[0]   ; W8    ; 2        ; 0            ; 11           ; 14           ; 0                     ; 0                  ; no     ; no             ; no            ; yes             ; no       ; Off          ; 2.5 V        ; --                        ; Fitter               ; no        ;
; binv[1]   ; C19   ; 7        ; 83           ; 73           ; 7            ; 0                     ; 0                  ; no     ; no             ; no            ; yes             ; no       ; Off          ; 2.5 V        ; --                        ; Fitter               ; no        ;
; binv[2]   ; D12   ; 8        ; 52           ; 73           ; 21           ; 0                     ; 0                  ; no     ; no             ; no            ; yes             ; no       ; Off          ; 2.5 V        ; --                        ; Fitter               ; no        ;
; binv[3]   ; AD5   ; 3        ; 1            ; 0            ; 21           ; 0                     ; 0                  ; no     ; no             ; no            ; yes             ; no       ; Off          ; 2.5 V        ; --                        ; Fitter               ; no        ;
; binv[4]   ; AG11  ; 3        ; 40           ; 0            ; 21           ; 0                     ; 0                  ; no     ; no             ; no            ; yes             ; no       ; Off          ; 2.5 V        ; --                        ; Fitter               ; no        ;
; cin8_inv  ; AB24  ; 5        ; 115          ; 5            ; 14           ; 3                     ; 0                  ; no     ; no             ; no            ; yes             ; no       ; Off          ; 2.5 V        ; --                        ; Fitter               ; no        ;
; sw4       ; AB27  ; 5        ; 115          ; 18           ; 7            ; 48                    ; 0                  ; no     ; no             ; no            ; yes             ; no       ; Off          ; 2.5 V        ; --                        ; User                 ; no        ;
; switch    ; AC27  ; 5        ; 115          ; 15           ; 7            ; 32                    ; 0                  ; no     ; no             ; no            ; yes             ; no       ; Off          ; 2.5 V        ; --                        ; User                 ; no        ;
; switch2   ; A3    ; 8        ; 5            ; 73           ; 7            ; 0                     ; 0                  ; no     ; no             ; no            ; yes             ; no       ; Off          ; 2.5 V        ; --                        ; Fitter               ; no        ;
; switch3   ; AD27  ; 5        ; 115          ; 13           ; 7            ; 19                    ; 0                  ; no     ; no             ; no            ; yes             ; no       ; Off          ; 2.5 V        ; --                        ; User                 ; no        ;
+-----------+-------+----------+--------------+--------------+--------------+-----------------------+--------------------+--------+----------------+---------------+-----------------+----------+--------------+--------------+---------------------------+----------------------+-----------+


+-------------------------------------------------------------------------------------------------------------------------------------------------------------------------------------------------------------------------------------------------------------------------------------------------------------------------------------------------------------------------------------------------------------------------------------------------------------------+
; Output Pins                                                                                                                                                                                                                                                                                                                                                                                                                                                       ;
+------------------+-------+----------+--------------+--------------+--------------+-----------------+------------------------+---------------+-----------+-----------------+------------+---------------+----------+--------------+--------------+------------------+-----------------------------------+---------------------------+----------------------------+-----------------------------+----------------------+----------------------+---------------------+
; Name             ; Pin # ; I/O Bank ; X coordinate ; Y coordinate ; Z coordinate ; Output Register ; Output Enable Register ; Power Up High ; Slew Rate ; PCI I/O Enabled ; Open Drain ; TRI Primitive ; Bus Hold ; Weak Pull Up ; I/O Standard ; Current Strength ; Termination                       ; Termination Control Block ; Output Buffer Pre-emphasis ; Voltage Output Differential ; Location assigned by ; Output Enable Source ; Output Enable Group ;
+------------------+-------+----------+--------------+--------------+--------------+-----------------+------------------------+---------------+-----------+-----------------+------------+---------------+----------+--------------+--------------+------------------+-----------------------------------+---------------------------+----------------------------+-----------------------------+----------------------+----------------------+---------------------+
; Qv[0]            ; AD24  ; 4        ; 105          ; 0            ; 21           ; no              ; no                     ; no            ; 2         ; no              ; no         ; no            ; no       ; Off          ; 2.5 V        ; Default          ; Series 50 Ohm without Calibration ; --                        ; no                         ; no                          ; Fitter               ; -                    ; -                   ;
; Qv[1]            ; AE23  ; 4        ; 105          ; 0            ; 14           ; no              ; no                     ; no            ; 2         ; no              ; no         ; no            ; no       ; Off          ; 2.5 V        ; Default          ; Series 50 Ohm without Calibration ; --                        ; no                         ; no                          ; Fitter               ; -                    ; -                   ;
; Qv[2]            ; AA13  ; 3        ; 52           ; 0            ; 0            ; no              ; no                     ; no            ; 2         ; no              ; no         ; no            ; no       ; Off          ; 2.5 V        ; Default          ; Series 50 Ohm without Calibration ; --                        ; no                         ; no                          ; Fitter               ; -                    ; -                   ;
; Qv[3]            ; A4    ; 8        ; 7            ; 73           ; 14           ; no              ; no                     ; no            ; 2         ; no              ; no         ; no            ; no       ; Off          ; 2.5 V        ; Default          ; Series 50 Ohm without Calibration ; --                        ; no                         ; no                          ; Fitter               ; -                    ; -                   ;
; Qv[4]            ; J3    ; 1        ; 0            ; 57           ; 21           ; no              ; no                     ; no            ; 2         ; no              ; no         ; no            ; no       ; Off          ; 2.5 V        ; Default          ; Series 50 Ohm without Calibration ; --                        ; no                         ; no                          ; Fitter               ; -                    ; -                   ;
; av[0]            ; G12   ; 8        ; 27           ; 73           ; 7            ; no              ; no                     ; no            ; 2         ; no              ; no         ; no            ; no       ; Off          ; 2.5 V        ; Default          ; Series 50 Ohm without Calibration ; --                        ; no                         ; no                          ; Fitter               ; -                    ; -                   ;
; av[1]            ; AF6   ; 3        ; 7            ; 0            ; 14           ; no              ; no                     ; no            ; 2         ; no              ; no         ; no            ; no       ; Off          ; 2.5 V        ; Default          ; Series 50 Ohm without Calibration ; --                        ; no                         ; no                          ; Fitter               ; -                    ; -                   ;
; av[2]            ; AC19  ; 4        ; 94           ; 0            ; 7            ; no              ; no                     ; no            ; 2         ; no              ; no         ; no            ; no       ; Off          ; 2.5 V        ; Default          ; Series 50 Ohm without Calibration ; --                        ; no                         ; no                          ; Fitter               ; -                    ; -                   ;
; av[3]            ; T4    ; 2        ; 0            ; 33           ; 21           ; no              ; no                     ; no            ; 2         ; no              ; no         ; no            ; no       ; Off          ; 2.5 V        ; Default          ; Series 50 Ohm without Calibration ; --                        ; no                         ; no                          ; Fitter               ; -                    ; -                   ;
; bcdv[0]          ; D15   ; 7        ; 58           ; 73           ; 21           ; no              ; no                     ; no            ; 2         ; no              ; no         ; no            ; no       ; Off          ; 2.5 V        ; Default          ; Series 50 Ohm without Calibration ; --                        ; no                         ; no                          ; Fitter               ; -                    ; -                   ;
; bcdv[1]          ; B4    ; 8        ; 7            ; 73           ; 21           ; no              ; no                     ; no            ; 2         ; no              ; no         ; no            ; no       ; Off          ; 2.5 V        ; Default          ; Series 50 Ohm without Calibration ; --                        ; no                         ; no                          ; Fitter               ; -                    ; -                   ;
; bcdv[2]          ; AB12  ; 3        ; 45           ; 0            ; 14           ; no              ; no                     ; no            ; 2         ; no              ; no         ; no            ; no       ; Off          ; 2.5 V        ; Default          ; Series 50 Ohm without Calibration ; --                        ; no                         ; no                          ; Fitter               ; -                    ; -                   ;
; bcdv[3]          ; H25   ; 6        ; 115          ; 58           ; 14           ; no              ; no                     ; no            ; 2         ; no              ; no         ; no            ; no       ; Off          ; 2.5 V        ; Default          ; Series 50 Ohm without Calibration ; --                        ; no                         ; no                          ; Fitter               ; -                    ; -                   ;
; bcdv[4]          ; AC15  ; 4        ; 60           ; 0            ; 21           ; no              ; no                     ; no            ; 2         ; no              ; no         ; no            ; no       ; Off          ; 2.5 V        ; Default          ; Series 50 Ohm without Calibration ; --                        ; no                         ; no                          ; Fitter               ; -                    ; -                   ;
; bcdv[5]          ; R22   ; 5        ; 115          ; 36           ; 14           ; no              ; no                     ; no            ; 2         ; no              ; no         ; no            ; no       ; Off          ; 2.5 V        ; Default          ; Series 50 Ohm without Calibration ; --                        ; no                         ; no                          ; Fitter               ; -                    ; -                   ;
; bcdv[6]          ; A11   ; 8        ; 42           ; 73           ; 0            ; no              ; no                     ; no            ; 2         ; no              ; no         ; no            ; no       ; Off          ; 2.5 V        ; Default          ; Series 50 Ohm without Calibration ; --                        ; no                         ; no                          ; Fitter               ; -                    ; -                   ;
; bcdv[7]          ; R26   ; 5        ; 115          ; 33           ; 7            ; no              ; no                     ; no            ; 2         ; no              ; no         ; no            ; no       ; Off          ; 2.5 V        ; Default          ; Series 50 Ohm without Calibration ; --                        ; no                         ; no                          ; Fitter               ; -                    ; -                   ;
; bv[0]            ; C3    ; 8        ; 1            ; 73           ; 21           ; no              ; no                     ; no            ; 2         ; no              ; no         ; no            ; no       ; Off          ; 2.5 V        ; Default          ; Series 50 Ohm without Calibration ; --                        ; no                         ; no                          ; Fitter               ; -                    ; -                   ;
; bv[1]            ; L7    ; 1        ; 0            ; 47           ; 14           ; no              ; no                     ; no            ; 2         ; no              ; no         ; no            ; no       ; Off          ; 2.5 V        ; Default          ; Series 50 Ohm without Calibration ; --                        ; no                         ; no                          ; Fitter               ; -                    ; -                   ;
; bv[2]            ; C5    ; 8        ; 3            ; 73           ; 7            ; no              ; no                     ; no            ; 2         ; no              ; no         ; no            ; no       ; Off          ; 2.5 V        ; Default          ; Series 50 Ohm without Calibration ; --                        ; no                         ; no                          ; Fitter               ; -                    ; -                   ;
; bv[3]            ; AF10  ; 3        ; 29           ; 0            ; 14           ; no              ; no                     ; no            ; 2         ; no              ; no         ; no            ; no       ; Off          ; 2.5 V        ; Default          ; Series 50 Ohm without Calibration ; --                        ; no                         ; no                          ; Fitter               ; -                    ; -                   ;
; cout8_outv       ; AE15  ; 4        ; 60           ; 0            ; 7            ; no              ; no                     ; no            ; 2         ; no              ; no         ; no            ; no       ; Off          ; 2.5 V        ; Default          ; Series 50 Ohm without Calibration ; --                        ; no                         ; no                          ; Fitter               ; -                    ; -                   ;
; pv2[0]           ; AB26  ; 5        ; 115          ; 15           ; 0            ; no              ; no                     ; no            ; 2         ; no              ; no         ; no            ; no       ; Off          ; 2.5 V        ; Default          ; Series 50 Ohm without Calibration ; --                        ; no                         ; no                          ; Fitter               ; -                    ; -                   ;
; pv2[1]           ; Y24   ; 5        ; 115          ; 13           ; 0            ; no              ; no                     ; no            ; 2         ; no              ; no         ; no            ; no       ; Off          ; 2.5 V        ; Default          ; Series 50 Ohm without Calibration ; --                        ; no                         ; no                          ; Fitter               ; -                    ; -                   ;
; pv2[2]           ; AD28  ; 5        ; 115          ; 12           ; 0            ; no              ; no                     ; no            ; 2         ; no              ; no         ; no            ; no       ; Off          ; 2.5 V        ; Default          ; Series 50 Ohm without Calibration ; --                        ; no                         ; no                          ; Fitter               ; -                    ; -                   ;
; pv2[3]           ; AE27  ; 5        ; 115          ; 12           ; 7            ; no              ; no                     ; no            ; 2         ; no              ; no         ; no            ; no       ; Off          ; 2.5 V        ; Default          ; Series 50 Ohm without Calibration ; --                        ; no                         ; no                          ; Fitter               ; -                    ; -                   ;
; pv3[0]           ; Y25   ; 5        ; 115          ; 19           ; 7            ; no              ; no                     ; no            ; 2         ; no              ; no         ; no            ; no       ; Off          ; 2.5 V        ; Default          ; Series 50 Ohm without Calibration ; --                        ; no                         ; no                          ; Fitter               ; -                    ; -                   ;
; pv3[1]           ; AA24  ; 5        ; 115          ; 9            ; 21           ; no              ; no                     ; no            ; 2         ; no              ; no         ; no            ; no       ; Off          ; 2.5 V        ; Default          ; Series 50 Ohm without Calibration ; --                        ; no                         ; no                          ; Fitter               ; -                    ; -                   ;
; pv3[2]           ; AF27  ; 5        ; 115          ; 8            ; 21           ; no              ; no                     ; no            ; 2         ; no              ; no         ; no            ; no       ; Off          ; 2.5 V        ; Default          ; Series 50 Ohm without Calibration ; --                        ; no                         ; no                          ; Fitter               ; -                    ; -                   ;
; pv3[3]           ; AC26  ; 5        ; 115          ; 11           ; 7            ; no              ; no                     ; no            ; 2         ; no              ; no         ; no            ; no       ; Off          ; 2.5 V        ; Default          ; Series 50 Ohm without Calibration ; --                        ; no                         ; no                          ; Fitter               ; -                    ; -                   ;
; pv[0]            ; AB25  ; 5        ; 115          ; 16           ; 7            ; no              ; no                     ; no            ; 2         ; no              ; no         ; no            ; no       ; Off          ; 2.5 V        ; Default          ; Series 50 Ohm without Calibration ; --                        ; no                         ; no                          ; Fitter               ; -                    ; -                   ;
; pv[1]            ; AA26  ; 5        ; 115          ; 16           ; 0            ; no              ; no                     ; no            ; 2         ; no              ; no         ; no            ; no       ; Off          ; 2.5 V        ; Default          ; Series 50 Ohm without Calibration ; --                        ; no                         ; no                          ; Fitter               ; -                    ; -                   ;
; pv[2]            ; W25   ; 5        ; 115          ; 20           ; 7            ; no              ; no                     ; no            ; 2         ; no              ; no         ; no            ; no       ; Off          ; 2.5 V        ; Default          ; Series 50 Ohm without Calibration ; --                        ; no                         ; no                          ; Fitter               ; -                    ; -                   ;
; pv[3]            ; AA25  ; 5        ; 115          ; 17           ; 7            ; no              ; no                     ; no            ; 2         ; no              ; no         ; no            ; no       ; Off          ; 2.5 V        ; Default          ; Series 50 Ohm without Calibration ; --                        ; no                         ; no                          ; Fitter               ; -                    ; -                   ;
; segv1[0]         ; Y14   ; 3        ; 56           ; 0            ; 7            ; no              ; no                     ; no            ; 2         ; no              ; no         ; no            ; no       ; Off          ; 2.5 V        ; Default          ; Series 50 Ohm without Calibration ; --                        ; no                         ; no                          ; Fitter               ; -                    ; -                   ;
; segv1[1]         ; B23   ; 7        ; 102          ; 73           ; 7            ; no              ; no                     ; no            ; 2         ; no              ; no         ; no            ; no       ; Off          ; 2.5 V        ; Default          ; Series 50 Ohm without Calibration ; --                        ; no                         ; no                          ; Fitter               ; -                    ; -                   ;
; segv1[2]         ; AG25  ; 4        ; 91           ; 0            ; 21           ; no              ; no                     ; no            ; 2         ; no              ; no         ; no            ; no       ; Off          ; 2.5 V        ; Default          ; Series 50 Ohm without Calibration ; --                        ; no                         ; no                          ; Fitter               ; -                    ; -                   ;
; segv1[3]         ; C12   ; 8        ; 52           ; 73           ; 14           ; no              ; no                     ; no            ; 2         ; no              ; no         ; no            ; no       ; Off          ; 2.5 V        ; Default          ; Series 50 Ohm without Calibration ; --                        ; no                         ; no                          ; Fitter               ; -                    ; -                   ;
; segv1[4]         ; C11   ; 8        ; 23           ; 73           ; 0            ; no              ; no                     ; no            ; 2         ; no              ; no         ; no            ; no       ; Off          ; 2.5 V        ; Default          ; Series 50 Ohm without Calibration ; --                        ; no                         ; no                          ; Fitter               ; -                    ; -                   ;
; segv1[5]         ; AF25  ; 4        ; 83           ; 0            ; 0            ; no              ; no                     ; no            ; 2         ; no              ; no         ; no            ; no       ; Off          ; 2.5 V        ; Default          ; Series 50 Ohm without Calibration ; --                        ; no                         ; no                          ; Fitter               ; -                    ; -                   ;
; segv1[6]         ; A6    ; 8        ; 27           ; 73           ; 14           ; no              ; no                     ; no            ; 2         ; no              ; no         ; no            ; no       ; Off          ; 2.5 V        ; Default          ; Series 50 Ohm without Calibration ; --                        ; no                         ; no                          ; Fitter               ; -                    ; -                   ;
; segv2[0]         ; AD17  ; 4        ; 74           ; 0            ; 14           ; no              ; no                     ; no            ; 2         ; no              ; no         ; no            ; no       ; Off          ; 2.5 V        ; Default          ; Series 50 Ohm without Calibration ; --                        ; no                         ; no                          ; User                 ; -                    ; -                   ;
; segv2[1]         ; AE17  ; 4        ; 67           ; 0            ; 7            ; no              ; no                     ; no            ; 2         ; no              ; no         ; no            ; no       ; Off          ; 2.5 V        ; Default          ; Series 50 Ohm without Calibration ; --                        ; no                         ; no                          ; User                 ; -                    ; -                   ;
; segv2[2]         ; AG17  ; 4        ; 62           ; 0            ; 21           ; no              ; no                     ; no            ; 2         ; no              ; no         ; no            ; no       ; Off          ; 2.5 V        ; Default          ; Series 50 Ohm without Calibration ; --                        ; no                         ; no                          ; User                 ; -                    ; -                   ;
; segv2[3]         ; AH17  ; 4        ; 62           ; 0            ; 14           ; no              ; no                     ; no            ; 2         ; no              ; no         ; no            ; no       ; Off          ; 2.5 V        ; Default          ; Series 50 Ohm without Calibration ; --                        ; no                         ; no                          ; User                 ; -                    ; -                   ;
; segv2[4]         ; AF17  ; 4        ; 67           ; 0            ; 0            ; no              ; no                     ; no            ; 2         ; no              ; no         ; no            ; no       ; Off          ; 2.5 V        ; Default          ; Series 50 Ohm without Calibration ; --                        ; no                         ; no                          ; User                 ; -                    ; -                   ;
; segv2[5]         ; AG18  ; 4        ; 69           ; 0            ; 7            ; no              ; no                     ; no            ; 2         ; no              ; no         ; no            ; no       ; Off          ; 2.5 V        ; Default          ; Series 50 Ohm without Calibration ; --                        ; no                         ; no                          ; User                 ; -                    ; -                   ;
; segv2[6]         ; AA14  ; 3        ; 54           ; 0            ; 21           ; no              ; no                     ; no            ; 2         ; no              ; no         ; no            ; no       ; Off          ; 2.5 V        ; Default          ; Series 50 Ohm without Calibration ; --                        ; no                         ; no                          ; User                 ; -                    ; -                   ;
; segv3[0]         ; AD18  ; 4        ; 85           ; 0            ; 7            ; no              ; no                     ; no            ; 2         ; no              ; no         ; no            ; no       ; Off          ; 2.5 V        ; Default          ; Series 50 Ohm without Calibration ; --                        ; no                         ; no                          ; User                 ; -                    ; -                   ;
; segv3[1]         ; AC18  ; 4        ; 87           ; 0            ; 14           ; no              ; no                     ; no            ; 2         ; no              ; no         ; no            ; no       ; Off          ; 2.5 V        ; Default          ; Series 50 Ohm without Calibration ; --                        ; no                         ; no                          ; User                 ; -                    ; -                   ;
; segv3[2]         ; AB18  ; 4        ; 98           ; 0            ; 14           ; no              ; no                     ; no            ; 2         ; no              ; no         ; no            ; no       ; Off          ; 2.5 V        ; Default          ; Series 50 Ohm without Calibration ; --                        ; no                         ; no                          ; User                 ; -                    ; -                   ;
; segv3[3]         ; AH19  ; 4        ; 72           ; 0            ; 0            ; no              ; no                     ; no            ; 2         ; no              ; no         ; no            ; no       ; Off          ; 2.5 V        ; Default          ; Series 50 Ohm without Calibration ; --                        ; no                         ; no                          ; User                 ; -                    ; -                   ;
; segv3[4]         ; AG19  ; 4        ; 72           ; 0            ; 7            ; no              ; no                     ; no            ; 2         ; no              ; no         ; no            ; no       ; Off          ; 2.5 V        ; Default          ; Series 50 Ohm without Calibration ; --                        ; no                         ; no                          ; User                 ; -                    ; -                   ;
; segv3[5]         ; AF18  ; 4        ; 79           ; 0            ; 14           ; no              ; no                     ; no            ; 2         ; no              ; no         ; no            ; no       ; Off          ; 2.5 V        ; Default          ; Series 50 Ohm without Calibration ; --                        ; no                         ; no                          ; User                 ; -                    ; -                   ;
; segv3[6]         ; AH18  ; 4        ; 69           ; 0            ; 0            ; no              ; no                     ; no            ; 2         ; no              ; no         ; no            ; no       ; Off          ; 2.5 V        ; Default          ; Series 50 Ohm without Calibration ; --                        ; no                         ; no                          ; User                 ; -                    ; -                   ;
; segv4[0]         ; AC8   ; 3        ; 18           ; 0            ; 21           ; no              ; no                     ; no            ; 2         ; no              ; no         ; no            ; no       ; Off          ; 2.5 V        ; Default          ; Series 50 Ohm without Calibration ; --                        ; no                         ; no                          ; Fitter               ; -                    ; -                   ;
; segv4[1]         ; B10   ; 8        ; 38           ; 73           ; 7            ; no              ; no                     ; no            ; 2         ; no              ; no         ; no            ; no       ; Off          ; 2.5 V        ; Default          ; Series 50 Ohm without Calibration ; --                        ; no                         ; no                          ; Fitter               ; -                    ; -                   ;
; segv4[2]         ; AH8   ; 3        ; 20           ; 0            ; 21           ; no              ; no                     ; no            ; 2         ; no              ; no         ; no            ; no       ; Off          ; 2.5 V        ; Default          ; Series 50 Ohm without Calibration ; --                        ; no                         ; no                          ; Fitter               ; -                    ; -                   ;
; segv4[3]         ; AG4   ; 3        ; 9            ; 0            ; 21           ; no              ; no                     ; no            ; 2         ; no              ; no         ; no            ; no       ; Off          ; 2.5 V        ; Default          ; Series 50 Ohm without Calibration ; --                        ; no                         ; no                          ; Fitter               ; -                    ; -                   ;
; segv4[4]         ; J6    ; 1        ; 0            ; 50           ; 14           ; no              ; no                     ; no            ; 2         ; no              ; no         ; no            ; no       ; Off          ; 2.5 V        ; Default          ; Series 50 Ohm without Calibration ; --                        ; no                         ; no                          ; Fitter               ; -                    ; -                   ;
; segv4[5]         ; V2    ; 2        ; 0            ; 28           ; 14           ; no              ; no                     ; no            ; 2         ; no              ; no         ; no            ; no       ; Off          ; 2.5 V        ; Default          ; Series 50 Ohm without Calibration ; --                        ; no                         ; no                          ; Fitter               ; -                    ; -                   ;
; segv4[6]         ; H13   ; 8        ; 38           ; 73           ; 21           ; no              ; no                     ; no            ; 2         ; no              ; no         ; no            ; no       ; Off          ; 2.5 V        ; Default          ; Series 50 Ohm without Calibration ; --                        ; no                         ; no                          ; Fitter               ; -                    ; -                   ;
; segv5[0]         ; K27   ; 6        ; 115          ; 50           ; 7            ; no              ; no                     ; no            ; 2         ; no              ; no         ; no            ; no       ; Off          ; 2.5 V        ; Default          ; Series 50 Ohm without Calibration ; --                        ; no                         ; no                          ; Fitter               ; -                    ; -                   ;
; segv5[1]         ; C25   ; 7        ; 105          ; 73           ; 7            ; no              ; no                     ; no            ; 2         ; no              ; no         ; no            ; no       ; Off          ; 2.5 V        ; Default          ; Series 50 Ohm without Calibration ; --                        ; no                         ; no                          ; Fitter               ; -                    ; -                   ;
; segv5[2]         ; AA7   ; 2        ; 0            ; 9            ; 14           ; no              ; no                     ; no            ; 2         ; no              ; no         ; no            ; no       ; Off          ; 2.5 V        ; Default          ; Series 50 Ohm without Calibration ; --                        ; no                         ; no                          ; Fitter               ; -                    ; -                   ;
; segv5[3]         ; Y19   ; 4        ; 105          ; 0            ; 0            ; no              ; no                     ; no            ; 2         ; no              ; no         ; no            ; no       ; Off          ; 2.5 V        ; Default          ; Series 50 Ohm without Calibration ; --                        ; no                         ; no                          ; Fitter               ; -                    ; -                   ;
; segv5[4]         ; AC4   ; 2        ; 0            ; 4            ; 0            ; no              ; no                     ; no            ; 2         ; no              ; no         ; no            ; no       ; Off          ; 2.5 V        ; Default          ; Series 50 Ohm without Calibration ; --                        ; no                         ; no                          ; Fitter               ; -                    ; -                   ;
; segv5[5]         ; K28   ; 6        ; 115          ; 49           ; 0            ; no              ; no                     ; no            ; 2         ; no              ; no         ; no            ; no       ; Off          ; 2.5 V        ; Default          ; Series 50 Ohm without Calibration ; --                        ; no                         ; no                          ; Fitter               ; -                    ; -                   ;
; segv5[6]         ; AC5   ; 2        ; 0            ; 5            ; 14           ; no              ; no                     ; no            ; 2         ; no              ; no         ; no            ; no       ; Off          ; 2.5 V        ; Default          ; Series 50 Ohm without Calibration ; --                        ; no                         ; no                          ; Fitter               ; -                    ; -                   ;
; segv6[0]         ; C2    ; 1        ; 0            ; 69           ; 7            ; no              ; no                     ; no            ; 2         ; no              ; no         ; no            ; no       ; Off          ; 2.5 V        ; Default          ; Series 50 Ohm without Calibration ; --                        ; no                         ; no                          ; Fitter               ; -                    ; -                   ;
; segv6[1]         ; AF7   ; 3        ; 20           ; 0            ; 7            ; no              ; no                     ; no            ; 2         ; no              ; no         ; no            ; no       ; Off          ; 2.5 V        ; Default          ; Series 50 Ohm without Calibration ; --                        ; no                         ; no                          ; Fitter               ; -                    ; -                   ;
; segv6[2]         ; G2    ; 1        ; 0            ; 55           ; 7            ; no              ; no                     ; no            ; 2         ; no              ; no         ; no            ; no       ; Off          ; 2.5 V        ; Default          ; Series 50 Ohm without Calibration ; --                        ; no                         ; no                          ; Fitter               ; -                    ; -                   ;
; segv6[3]         ; AE13  ; 3        ; 42           ; 0            ; 21           ; no              ; no                     ; no            ; 2         ; no              ; no         ; no            ; no       ; Off          ; 2.5 V        ; Default          ; Series 50 Ohm without Calibration ; --                        ; no                         ; no                          ; Fitter               ; -                    ; -                   ;
; segv6[4]         ; A18   ; 7        ; 79           ; 73           ; 0            ; no              ; no                     ; no            ; 2         ; no              ; no         ; no            ; no       ; Off          ; 2.5 V        ; Default          ; Series 50 Ohm without Calibration ; --                        ; no                         ; no                          ; Fitter               ; -                    ; -                   ;
; segv6[5]         ; J19   ; 7        ; 72           ; 73           ; 7            ; no              ; no                     ; no            ; 2         ; no              ; no         ; no            ; no       ; Off          ; 2.5 V        ; Default          ; Series 50 Ohm without Calibration ; --                        ; no                         ; no                          ; Fitter               ; -                    ; -                   ;
; segv6[6]         ; AB11  ; 3        ; 27           ; 0            ; 7            ; no              ; no                     ; no            ; 2         ; no              ; no         ; no            ; no       ; Off          ; 2.5 V        ; Default          ; Series 50 Ohm without Calibration ; --                        ; no                         ; no                          ; Fitter               ; -                    ; -                   ;
; segv[0]          ; AA17  ; 4        ; 89           ; 0            ; 21           ; no              ; no                     ; no            ; 2         ; no              ; no         ; no            ; no       ; Off          ; 2.5 V        ; Default          ; Series 50 Ohm without Calibration ; --                        ; no                         ; no                          ; User                 ; -                    ; -                   ;
; segv[1]          ; AB16  ; 4        ; 65           ; 0            ; 0            ; no              ; no                     ; no            ; 2         ; no              ; no         ; no            ; no       ; Off          ; 2.5 V        ; Default          ; Series 50 Ohm without Calibration ; --                        ; no                         ; no                          ; User                 ; -                    ; -                   ;
; segv[2]          ; AA16  ; 4        ; 65           ; 0            ; 7            ; no              ; no                     ; no            ; 2         ; no              ; no         ; no            ; no       ; Off          ; 2.5 V        ; Default          ; Series 50 Ohm without Calibration ; --                        ; no                         ; no                          ; User                 ; -                    ; -                   ;
; segv[3]          ; AB17  ; 4        ; 89           ; 0            ; 14           ; no              ; no                     ; no            ; 2         ; no              ; no         ; no            ; no       ; Off          ; 2.5 V        ; Default          ; Series 50 Ohm without Calibration ; --                        ; no                         ; no                          ; User                 ; -                    ; -                   ;
; segv[4]          ; AB15  ; 4        ; 67           ; 0            ; 14           ; no              ; no                     ; no            ; 2         ; no              ; no         ; no            ; no       ; Off          ; 2.5 V        ; Default          ; Series 50 Ohm without Calibration ; --                        ; no                         ; no                          ; User                 ; -                    ; -                   ;
; segv[5]          ; AA15  ; 4        ; 67           ; 0            ; 21           ; no              ; no                     ; no            ; 2         ; no              ; no         ; no            ; no       ; Off          ; 2.5 V        ; Default          ; Series 50 Ohm without Calibration ; --                        ; no                         ; no                          ; User                 ; -                    ; -                   ;
; segv[6]          ; AC17  ; 4        ; 74           ; 0            ; 21           ; no              ; no                     ; no            ; 2         ; no              ; no         ; no            ; no       ; Off          ; 2.5 V        ; Default          ; Series 50 Ohm without Calibration ; --                        ; no                         ; no                          ; User                 ; -                    ; -                   ;
; segvv2[0]        ; J17   ; 7        ; 69           ; 73           ; 0            ; no              ; no                     ; no            ; 2         ; no              ; no         ; no            ; no       ; Off          ; 2.5 V        ; Default          ; Series 50 Ohm without Calibration ; --                        ; no                         ; no                          ; Fitter               ; -                    ; -                   ;
; segvv2[1]        ; L22   ; 6        ; 115          ; 62           ; 14           ; no              ; no                     ; no            ; 2         ; no              ; no         ; no            ; no       ; Off          ; 2.5 V        ; Default          ; Series 50 Ohm without Calibration ; --                        ; no                         ; no                          ; Fitter               ; -                    ; -                   ;
; segvv2[2]        ; AE7   ; 3        ; 20           ; 0            ; 14           ; no              ; no                     ; no            ; 2         ; no              ; no         ; no            ; no       ; Off          ; 2.5 V        ; Default          ; Series 50 Ohm without Calibration ; --                        ; no                         ; no                          ; Fitter               ; -                    ; -                   ;
; segvv2[3]        ; R21   ; 5        ; 115          ; 36           ; 7            ; no              ; no                     ; no            ; 2         ; no              ; no         ; no            ; no       ; Off          ; 2.5 V        ; Default          ; Series 50 Ohm without Calibration ; --                        ; no                         ; no                          ; Fitter               ; -                    ; -                   ;
; segvv2[4]        ; D22   ; 7        ; 111          ; 73           ; 0            ; no              ; no                     ; no            ; 2         ; no              ; no         ; no            ; no       ; Off          ; 2.5 V        ; Default          ; Series 50 Ohm without Calibration ; --                        ; no                         ; no                          ; Fitter               ; -                    ; -                   ;
; segvv2[5]        ; AD22  ; 4        ; 111          ; 0            ; 7            ; no              ; no                     ; no            ; 2         ; no              ; no         ; no            ; no       ; Off          ; 2.5 V        ; Default          ; Series 50 Ohm without Calibration ; --                        ; no                         ; no                          ; Fitter               ; -                    ; -                   ;
; segvv2[6]        ; D16   ; 7        ; 62           ; 73           ; 21           ; no              ; no                     ; no            ; 2         ; no              ; no         ; no            ; no       ; Off          ; 2.5 V        ; Default          ; Series 50 Ohm without Calibration ; --                        ; no                         ; no                          ; Fitter               ; -                    ; -                   ;
; sum12_ouvt[0]    ; V26   ; 5        ; 115          ; 23           ; 7            ; no              ; no                     ; no            ; 2         ; no              ; no         ; no            ; no       ; Off          ; 2.5 V        ; Default          ; Series 50 Ohm without Calibration ; --                        ; no                         ; no                          ; Fitter               ; -                    ; -                   ;
; sum12_ouvt[10]   ; AC3   ; 2        ; 0            ; 23           ; 21           ; no              ; no                     ; no            ; 2         ; no              ; no         ; no            ; no       ; Off          ; 2.5 V        ; Default          ; Series 50 Ohm without Calibration ; --                        ; no                         ; no                          ; Fitter               ; -                    ; -                   ;
; sum12_ouvt[11]   ; C10   ; 8        ; 35           ; 73           ; 14           ; no              ; no                     ; no            ; 2         ; no              ; no         ; no            ; no       ; Off          ; 2.5 V        ; Default          ; Series 50 Ohm without Calibration ; --                        ; no                         ; no                          ; Fitter               ; -                    ; -                   ;
; sum12_ouvt[1]    ; AA23  ; 5        ; 115          ; 10           ; 7            ; no              ; no                     ; no            ; 2         ; no              ; no         ; no            ; no       ; Off          ; 2.5 V        ; Default          ; Series 50 Ohm without Calibration ; --                        ; no                         ; no                          ; Fitter               ; -                    ; -                   ;
; sum12_ouvt[2]    ; Y23   ; 5        ; 115          ; 14           ; 7            ; no              ; no                     ; no            ; 2         ; no              ; no         ; no            ; no       ; Off          ; 2.5 V        ; Default          ; Series 50 Ohm without Calibration ; --                        ; no                         ; no                          ; Fitter               ; -                    ; -                   ;
; sum12_ouvt[3]    ; AB23  ; 5        ; 115          ; 7            ; 14           ; no              ; no                     ; no            ; 2         ; no              ; no         ; no            ; no       ; Off          ; 2.5 V        ; Default          ; Series 50 Ohm without Calibration ; --                        ; no                         ; no                          ; Fitter               ; -                    ; -                   ;
; sum12_ouvt[4]    ; AA22  ; 5        ; 115          ; 6            ; 14           ; no              ; no                     ; no            ; 2         ; no              ; no         ; no            ; no       ; Off          ; 2.5 V        ; Default          ; Series 50 Ohm without Calibration ; --                        ; no                         ; no                          ; Fitter               ; -                    ; -                   ;
; sum12_ouvt[5]    ; W28   ; 5        ; 115          ; 21           ; 14           ; no              ; no                     ; no            ; 2         ; no              ; no         ; no            ; no       ; Off          ; 2.5 V        ; Default          ; Series 50 Ohm without Calibration ; --                        ; no                         ; no                          ; Fitter               ; -                    ; -                   ;
; sum12_ouvt[6]    ; AH10  ; 3        ; 31           ; 0            ; 0            ; no              ; no                     ; no            ; 2         ; no              ; no         ; no            ; no       ; Off          ; 2.5 V        ; Default          ; Series 50 Ohm without Calibration ; --                        ; no                         ; no                          ; Fitter               ; -                    ; -                   ;
; sum12_ouvt[7]    ; AH25  ; 4        ; 91           ; 0            ; 14           ; no              ; no                     ; no            ; 2         ; no              ; no         ; no            ; no       ; Off          ; 2.5 V        ; Default          ; Series 50 Ohm without Calibration ; --                        ; no                         ; no                          ; Fitter               ; -                    ; -                   ;
; sum12_ouvt[8]    ; U7    ; 2        ; 0            ; 18           ; 14           ; no              ; no                     ; no            ; 2         ; no              ; no         ; no            ; no       ; Off          ; 2.5 V        ; Default          ; Series 50 Ohm without Calibration ; --                        ; no                         ; no                          ; Fitter               ; -                    ; -                   ;
; sum12_ouvt[9]    ; M4    ; 1        ; 0            ; 52           ; 21           ; no              ; no                     ; no            ; 2         ; no              ; no         ; no            ; no       ; Off          ; 2.5 V        ; Default          ; Series 50 Ohm without Calibration ; --                        ; no                         ; no                          ; Fitter               ; -                    ; -                   ;
; sum12_ouvtv2[0]  ; V23   ; 5        ; 115          ; 24           ; 0            ; no              ; no                     ; no            ; 2         ; no              ; no         ; no            ; no       ; Off          ; 2.5 V        ; Default          ; Series 50 Ohm without Calibration ; --                        ; no                         ; no                          ; Fitter               ; -                    ; -                   ;
; sum12_ouvtv2[10] ; B17   ; 7        ; 60           ; 73           ; 7            ; no              ; no                     ; no            ; 2         ; no              ; no         ; no            ; no       ; Off          ; 2.5 V        ; Default          ; Series 50 Ohm without Calibration ; --                        ; no                         ; no                          ; Fitter               ; -                    ; -                   ;
; sum12_ouvtv2[11] ; E22   ; 7        ; 111          ; 73           ; 7            ; no              ; no                     ; no            ; 2         ; no              ; no         ; no            ; no       ; Off          ; 2.5 V        ; Default          ; Series 50 Ohm without Calibration ; --                        ; no                         ; no                          ; Fitter               ; -                    ; -                   ;
; sum12_ouvtv2[1]  ; AE28  ; 5        ; 115          ; 11           ; 0            ; no              ; no                     ; no            ; 2         ; no              ; no         ; no            ; no       ; Off          ; 2.5 V        ; Default          ; Series 50 Ohm without Calibration ; --                        ; no                         ; no                          ; Fitter               ; -                    ; -                   ;
; sum12_ouvtv2[2]  ; W26   ; 5        ; 115          ; 19           ; 0            ; no              ; no                     ; no            ; 2         ; no              ; no         ; no            ; no       ; Off          ; 2.5 V        ; Default          ; Series 50 Ohm without Calibration ; --                        ; no                         ; no                          ; Fitter               ; -                    ; -                   ;
; sum12_ouvtv2[3]  ; AE26  ; 5        ; 115          ; 8            ; 14           ; no              ; no                     ; no            ; 2         ; no              ; no         ; no            ; no       ; Off          ; 2.5 V        ; Default          ; Series 50 Ohm without Calibration ; --                        ; no                         ; no                          ; Fitter               ; -                    ; -                   ;
; sum12_ouvtv2[4]  ; Y26   ; 5        ; 115          ; 18           ; 0            ; no              ; no                     ; no            ; 2         ; no              ; no         ; no            ; no       ; Off          ; 2.5 V        ; Default          ; Series 50 Ohm without Calibration ; --                        ; no                         ; no                          ; Fitter               ; -                    ; -                   ;
; sum12_ouvtv2[5]  ; AD26  ; 5        ; 115          ; 10           ; 0            ; no              ; no                     ; no            ; 2         ; no              ; no         ; no            ; no       ; Off          ; 2.5 V        ; Default          ; Series 50 Ohm without Calibration ; --                        ; no                         ; no                          ; Fitter               ; -                    ; -                   ;
; sum12_ouvtv2[6]  ; W27   ; 5        ; 115          ; 20           ; 0            ; no              ; no                     ; no            ; 2         ; no              ; no         ; no            ; no       ; Off          ; 2.5 V        ; Default          ; Series 50 Ohm without Calibration ; --                        ; no                         ; no                          ; Fitter               ; -                    ; -                   ;
; sum12_ouvtv2[7]  ; D20   ; 7        ; 85           ; 73           ; 14           ; no              ; no                     ; no            ; 2         ; no              ; no         ; no            ; no       ; Off          ; 2.5 V        ; Default          ; Series 50 Ohm without Calibration ; --                        ; no                         ; no                          ; Fitter               ; -                    ; -                   ;
; sum12_ouvtv2[8]  ; AE6   ; 3        ; 1            ; 0            ; 14           ; no              ; no                     ; no            ; 2         ; no              ; no         ; no            ; no       ; Off          ; 2.5 V        ; Default          ; Series 50 Ohm without Calibration ; --                        ; no                         ; no                          ; Fitter               ; -                    ; -                   ;
; sum12_ouvtv2[9]  ; AE19  ; 4        ; 83           ; 0            ; 21           ; no              ; no                     ; no            ; 2         ; no              ; no         ; no            ; no       ; Off          ; 2.5 V        ; Default          ; Series 50 Ohm without Calibration ; --                        ; no                         ; no                          ; Fitter               ; -                    ; -                   ;
; sum8_outv2[0]    ; V24   ; 5        ; 115          ; 24           ; 7            ; no              ; no                     ; no            ; 2         ; no              ; no         ; no            ; no       ; Off          ; 2.5 V        ; Default          ; Series 50 Ohm without Calibration ; --                        ; no                         ; no                          ; Fitter               ; -                    ; -                   ;
; sum8_outv2[1]    ; U22   ; 5        ; 115          ; 26           ; 14           ; no              ; no                     ; no            ; 2         ; no              ; no         ; no            ; no       ; Off          ; 2.5 V        ; Default          ; Series 50 Ohm without Calibration ; --                        ; no                         ; no                          ; Fitter               ; -                    ; -                   ;
; sum8_outv2[2]    ; U23   ; 5        ; 115          ; 22           ; 0            ; no              ; no                     ; no            ; 2         ; no              ; no         ; no            ; no       ; Off          ; 2.5 V        ; Default          ; Series 50 Ohm without Calibration ; --                        ; no                         ; no                          ; Fitter               ; -                    ; -                   ;
; sum8_outv2[3]    ; V27   ; 5        ; 115          ; 22           ; 14           ; no              ; no                     ; no            ; 2         ; no              ; no         ; no            ; no       ; Off          ; 2.5 V        ; Default          ; Series 50 Ohm without Calibration ; --                        ; no                         ; no                          ; Fitter               ; -                    ; -                   ;
; sum8_outv2[4]    ; V25   ; 5        ; 115          ; 23           ; 0            ; no              ; no                     ; no            ; 2         ; no              ; no         ; no            ; no       ; Off          ; 2.5 V        ; Default          ; Series 50 Ohm without Calibration ; --                        ; no                         ; no                          ; Fitter               ; -                    ; -                   ;
; sum8_outv2[5]    ; V28   ; 5        ; 115          ; 22           ; 21           ; no              ; no                     ; no            ; 2         ; no              ; no         ; no            ; no       ; Off          ; 2.5 V        ; Default          ; Series 50 Ohm without Calibration ; --                        ; no                         ; no                          ; Fitter               ; -                    ; -                   ;
; sum8_outv2[6]    ; V21   ; 5        ; 115          ; 25           ; 14           ; no              ; no                     ; no            ; 2         ; no              ; no         ; no            ; no       ; Off          ; 2.5 V        ; Default          ; Series 50 Ohm without Calibration ; --                        ; no                         ; no                          ; Fitter               ; -                    ; -                   ;
; sum8_outv2[7]    ; W21   ; 5        ; 115          ; 25           ; 21           ; no              ; no                     ; no            ; 2         ; no              ; no         ; no            ; no       ; Off          ; 2.5 V        ; Default          ; Series 50 Ohm without Calibration ; --                        ; no                         ; no                          ; Fitter               ; -                    ; -                   ;
; sum8_outv[0]     ; B25   ; 7        ; 107          ; 73           ; 0            ; no              ; no                     ; no            ; 2         ; no              ; no         ; no            ; no       ; Off          ; 2.5 V        ; Default          ; Series 50 Ohm without Calibration ; --                        ; no                         ; no                          ; Fitter               ; -                    ; -                   ;
; sum8_outv[1]     ; AE8   ; 3        ; 23           ; 0            ; 21           ; no              ; no                     ; no            ; 2         ; no              ; no         ; no            ; no       ; Off          ; 2.5 V        ; Default          ; Series 50 Ohm without Calibration ; --                        ; no                         ; no                          ; Fitter               ; -                    ; -                   ;
; sum8_outv[2]     ; AH6   ; 3        ; 11           ; 0            ; 14           ; no              ; no                     ; no            ; 2         ; no              ; no         ; no            ; no       ; Off          ; 2.5 V        ; Default          ; Series 50 Ohm without Calibration ; --                        ; no                         ; no                          ; Fitter               ; -                    ; -                   ;
; sum8_outv[3]     ; AF8   ; 3        ; 23           ; 0            ; 14           ; no              ; no                     ; no            ; 2         ; no              ; no         ; no            ; no       ; Off          ; 2.5 V        ; Default          ; Series 50 Ohm without Calibration ; --                        ; no                         ; no                          ; Fitter               ; -                    ; -                   ;
; sum8_outv[4]     ; Y4    ; 2        ; 0            ; 24           ; 7            ; no              ; no                     ; no            ; 2         ; no              ; no         ; no            ; no       ; Off          ; 2.5 V        ; Default          ; Series 50 Ohm without Calibration ; --                        ; no                         ; no                          ; Fitter               ; -                    ; -                   ;
; sum8_outv[5]     ; V5    ; 2        ; 0            ; 15           ; 14           ; no              ; no                     ; no            ; 2         ; no              ; no         ; no            ; no       ; Off          ; 2.5 V        ; Default          ; Series 50 Ohm without Calibration ; --                        ; no                         ; no                          ; Fitter               ; -                    ; -                   ;
; sum8_outv[6]     ; W4    ; 2        ; 0            ; 14           ; 7            ; no              ; no                     ; no            ; 2         ; no              ; no         ; no            ; no       ; Off          ; 2.5 V        ; Default          ; Series 50 Ohm without Calibration ; --                        ; no                         ; no                          ; Fitter               ; -                    ; -                   ;
; sum8_outv[7]     ; M28   ; 6        ; 115          ; 45           ; 14           ; no              ; no                     ; no            ; 2         ; no              ; no         ; no            ; no       ; Off          ; 2.5 V        ; Default          ; Series 50 Ohm without Calibration ; --                        ; no                         ; no                          ; Fitter               ; -                    ; -                   ;
+------------------+-------+----------+--------------+--------------+--------------+-----------------+------------------------+---------------+-----------+-----------------+------------+---------------+----------+--------------+--------------+------------------+-----------------------------------+---------------------------+----------------------------+-----------------------------+----------------------+----------------------+---------------------+


+--------------------------------------------------------------------------------------------------------------------------------------+
; Dual Purpose and Dedicated Pins                                                                                                      ;
+----------+------------------------------------------+--------------------------+-------------------------+---------------------------+
; Location ; Pin Name                                 ; Reserved As              ; User Signal Name        ; Pin Type                  ;
+----------+------------------------------------------+--------------------------+-------------------------+---------------------------+
; F4       ; DIFFIO_L5n, DATA1, ASDO                  ; As input tri-stated      ; ~ALTERA_ASDO_DATA1~     ; Dual Purpose Pin          ;
; E2       ; DIFFIO_L8p, FLASH_nCE, nCSO              ; As input tri-stated      ; ~ALTERA_FLASH_nCE_nCSO~ ; Dual Purpose Pin          ;
; M6       ; nSTATUS                                  ; -                        ; -                       ; Dedicated Programming Pin ;
; P3       ; DCLK                                     ; As output driving ground ; ~ALTERA_DCLK~           ; Dual Purpose Pin          ;
; N7       ; DATA0                                    ; As input tri-stated      ; ~ALTERA_DATA0~          ; Dual Purpose Pin          ;
; P4       ; nCONFIG                                  ; -                        ; -                       ; Dedicated Programming Pin ;
; R8       ; nCE                                      ; -                        ; -                       ; Dedicated Programming Pin ;
; P24      ; CONF_DONE                                ; -                        ; -                       ; Dedicated Programming Pin ;
; N22      ; MSEL0                                    ; -                        ; -                       ; Dedicated Programming Pin ;
; P23      ; MSEL1                                    ; -                        ; -                       ; Dedicated Programming Pin ;
; M22      ; MSEL2                                    ; -                        ; -                       ; Dedicated Programming Pin ;
; P22      ; MSEL3                                    ; -                        ; -                       ; Dedicated Programming Pin ;
; P28      ; DIFFIO_R23n, nCEO                        ; Use as programming pin   ; ~ALTERA_nCEO~           ; Dual Purpose Pin          ;
; P27      ; DIFFIO_R23p, CLKUSR                      ; Use as regular IO        ; b8_inv[6]               ; Dual Purpose Pin          ;
; C17      ; DIFFIO_T46n, PADD3                       ; Use as regular IO        ; a8_inv[5]               ; Dual Purpose Pin          ;
; A18      ; DIFFIO_T44n, PADD7                       ; Use as regular IO        ; segv6[4]                ; Dual Purpose Pin          ;
; D16      ; DIFFIO_T36p, PADD10                      ; Use as regular IO        ; segvv2[6]               ; Dual Purpose Pin          ;
; B17      ; DIFFIO_T35p, PADD12, DQS4T/CQ5T,DPCLK9   ; Use as regular IO        ; sum12_ouvtv2[10]        ; Dual Purpose Pin          ;
; D15      ; DIFFIO_T32p, PADD14                      ; Use as regular IO        ; bcdv[0]                 ; Dual Purpose Pin          ;
; D14      ; DIFFIO_T30p, PADD15                      ; Use as regular IO        ; a8_inv[1]               ; Dual Purpose Pin          ;
; C12      ; DIFFIO_T29n, PADD16                      ; Use as regular IO        ; segv1[3]                ; Dual Purpose Pin          ;
; D12      ; DIFFIO_T29p, PADD17, DQS5T/CQ5T#,DPCLK10 ; Use as regular IO        ; binv[2]                 ; Dual Purpose Pin          ;
; A11      ; DIFFIO_T25n, DATA2                       ; Use as regular IO        ; bcdv[6]                 ; Dual Purpose Pin          ;
; B10      ; DIFFIO_T23p, DATA4                       ; Use as regular IO        ; segv4[1]                ; Dual Purpose Pin          ;
; H13      ; DIFFIO_T22p, DATA15                      ; Use as regular IO        ; segv4[6]                ; Dual Purpose Pin          ;
; C11      ; DIFFIO_T15n, DATA7                       ; Use as regular IO        ; segv1[4]                ; Dual Purpose Pin          ;
; B4       ; DIFFIO_T4p, DATA12, DQS1T/CQ1T#,CDPCLK7  ; Use as regular IO        ; bcdv[1]                 ; Dual Purpose Pin          ;
+----------+------------------------------------------+--------------------------+-------------------------+---------------------------+


+------------------------------------------------------------+
; I/O Bank Usage                                             ;
+----------+------------------+---------------+--------------+
; I/O Bank ; Usage            ; VCCIO Voltage ; VREF Voltage ;
+----------+------------------+---------------+--------------+
; 1        ; 11 / 56 ( 20 % ) ; 2.5V          ; --           ;
; 2        ; 12 / 63 ( 19 % ) ; 2.5V          ; --           ;
; 3        ; 24 / 73 ( 33 % ) ; 2.5V          ; --           ;
; 4        ; 33 / 71 ( 46 % ) ; 2.5V          ; --           ;
; 5        ; 42 / 65 ( 65 % ) ; 2.5V          ; --           ;
; 6        ; 8 / 58 ( 14 % )  ; 2.5V          ; --           ;
; 7        ; 18 / 72 ( 25 % ) ; 2.5V          ; --           ;
; 8        ; 21 / 71 ( 30 % ) ; 2.5V          ; --           ;
+----------+------------------+---------------+--------------+


+-----------------------------------------------------------------------------------------------------------------------------------------------------------------------------------------+
; All Package Pins                                                                                                                                                                        ;
+----------+------------+----------+-----------------------------------------------------------+--------+--------------+---------+------------+-----------------+----------+--------------+
; Location ; Pad Number ; I/O Bank ; Pin Name/Usage                                            ; Dir.   ; I/O Standard ; Voltage ; I/O Type   ; User Assignment ; Bus Hold ; Weak Pull Up ;
+----------+------------+----------+-----------------------------------------------------------+--------+--------------+---------+------------+-----------------+----------+--------------+
; A2       ;            ; 8        ; VCCIO8                                                    ; power  ;              ; 2.5V    ; --         ;                 ; --       ; --           ;
; A3       ; 535        ; 8        ; switch2                                                   ; input  ; 2.5 V        ;         ; Column I/O ; N               ; no       ; Off          ;
; A4       ; 532        ; 8        ; Qv[3]                                                     ; output ; 2.5 V        ;         ; Column I/O ; N               ; no       ; Off          ;
; A5       ;            ; 8        ; VCCIO8                                                    ; power  ;              ; 2.5V    ; --         ;                 ; --       ; --           ;
; A6       ; 504        ; 8        ; segv1[6]                                                  ; output ; 2.5 V        ;         ; Column I/O ; N               ; no       ; Off          ;
; A7       ; 501        ; 8        ; RESERVED_INPUT_WITH_WEAK_PULLUP                           ;        ;              ;         ; Column I/O ;                 ; no       ; On           ;
; A8       ; 517        ; 8        ; RESERVED_INPUT_WITH_WEAK_PULLUP                           ;        ;              ;         ; Column I/O ;                 ; no       ; On           ;
; A9       ;            ; 8        ; VCCIO8                                                    ; power  ;              ; 2.5V    ; --         ;                 ; --       ; --           ;
; A10      ; 491        ; 8        ; RESERVED_INPUT_WITH_WEAK_PULLUP                           ;        ;              ;         ; Column I/O ;                 ; no       ; On           ;
; A11      ; 487        ; 8        ; bcdv[6]                                                   ; output ; 2.5 V        ;         ; Column I/O ; N               ; no       ; Off          ;
; A12      ; 482        ; 8        ; RESERVED_INPUT_WITH_WEAK_PULLUP                           ;        ;              ;         ; Column I/O ;                 ; no       ; On           ;
; A13      ;            ; 8        ; VCCIO8                                                    ; power  ;              ; 2.5V    ; --         ;                 ; --       ; --           ;
; A14      ; 472        ; 8        ; GND+                                                      ;        ;              ;         ; Column I/O ;                 ; --       ; --           ;
; A15      ; 470        ; 7        ; GND+                                                      ;        ;              ;         ; Column I/O ;                 ; --       ; --           ;
; A16      ;            ; 7        ; VCCIO7                                                    ; power  ;              ; 2.5V    ; --         ;                 ; --       ; --           ;
; A17      ; 462        ; 7        ; RESERVED_INPUT_WITH_WEAK_PULLUP                           ;        ;              ;         ; Column I/O ;                 ; no       ; On           ;
; A18      ; 442        ; 7        ; segv6[4]                                                  ; output ; 2.5 V        ;         ; Column I/O ; N               ; no       ; Off          ;
; A19      ; 440        ; 7        ; RESERVED_INPUT_WITH_WEAK_PULLUP                           ;        ;              ;         ; Column I/O ;                 ; no       ; On           ;
; A20      ;            ; 7        ; VCCIO7                                                    ; power  ;              ; 2.5V    ; --         ;                 ; --       ; --           ;
; A21      ; 425        ; 7        ; RESERVED_INPUT_WITH_WEAK_PULLUP                           ;        ;              ;         ; Column I/O ;                 ; no       ; On           ;
; A22      ; 423        ; 7        ; RESERVED_INPUT_WITH_WEAK_PULLUP                           ;        ;              ;         ; Column I/O ;                 ; no       ; On           ;
; A23      ; 412        ; 7        ; RESERVED_INPUT_WITH_WEAK_PULLUP                           ;        ;              ;         ; Column I/O ;                 ; no       ; On           ;
; A24      ;            ; 7        ; VCCIO7                                                    ; power  ;              ; 2.5V    ; --         ;                 ; --       ; --           ;
; A25      ; 405        ; 7        ; RESERVED_INPUT_WITH_WEAK_PULLUP                           ;        ;              ;         ; Column I/O ;                 ; no       ; On           ;
; A26      ; 404        ; 7        ; RESERVED_INPUT_WITH_WEAK_PULLUP                           ;        ;              ;         ; Column I/O ;                 ; no       ; On           ;
; A27      ;            ; 7        ; VCCIO7                                                    ; power  ;              ; 2.5V    ; --         ;                 ; --       ; --           ;
; AA1      ;            ; 2        ; VCCIO2                                                    ; power  ;              ; 2.5V    ; --         ;                 ; --       ; --           ;
; AA2      ;            ;          ; GND                                                       ; gnd    ;              ;         ; --         ;                 ; --       ; --           ;
; AA3      ; 102        ; 2        ; RESERVED_INPUT_WITH_WEAK_PULLUP                           ;        ;              ;         ; Row I/O    ;                 ; no       ; On           ;
; AA4      ; 101        ; 2        ; RESERVED_INPUT_WITH_WEAK_PULLUP                           ;        ;              ;         ; Row I/O    ;                 ; no       ; On           ;
; AA5      ; 119        ; 2        ; RESERVED_INPUT_WITH_WEAK_PULLUP                           ;        ;              ;         ; Row I/O    ;                 ; no       ; On           ;
; AA6      ; 118        ; 2        ; RESERVED_INPUT_WITH_WEAK_PULLUP                           ;        ;              ;         ; Row I/O    ;                 ; no       ; On           ;
; AA7      ; 120        ; 2        ; segv5[2]                                                  ; output ; 2.5 V        ;         ; Row I/O    ; N               ; no       ; Off          ;
; AA8      ; 154        ; 3        ; RESERVED_INPUT_WITH_WEAK_PULLUP                           ;        ;              ;         ; Column I/O ;                 ; no       ; On           ;
; AA9      ;            ;          ; GNDA1                                                     ; gnd    ;              ;         ; --         ;                 ; --       ; --           ;
; AA10     ; 155        ; 3        ; RESERVED_INPUT_WITH_WEAK_PULLUP                           ;        ;              ;         ; Column I/O ;                 ; no       ; On           ;
; AA11     ;            ; 3        ; VCCIO3                                                    ; power  ;              ; 2.5V    ; --         ;                 ; --       ; --           ;
; AA12     ; 188        ; 3        ; bcd1v[2]                                                  ; input  ; 2.5 V        ;         ; Column I/O ; N               ; no       ; Off          ;
; AA13     ; 190        ; 3        ; Qv[2]                                                     ; output ; 2.5 V        ;         ; Column I/O ; N               ; no       ; Off          ;
; AA14     ; 191        ; 3        ; segv2[6]                                                  ; output ; 2.5 V        ;         ; Column I/O ; Y               ; no       ; Off          ;
; AA15     ; 213        ; 4        ; segv[5]                                                   ; output ; 2.5 V        ;         ; Column I/O ; Y               ; no       ; Off          ;
; AA16     ; 211        ; 4        ; segv[2]                                                   ; output ; 2.5 V        ;         ; Column I/O ; Y               ; no       ; Off          ;
; AA17     ; 241        ; 4        ; segv[0]                                                   ; output ; 2.5 V        ;         ; Column I/O ; Y               ; no       ; Off          ;
; AA18     ;            ; 4        ; VCCIO4                                                    ; power  ;              ; 2.5V    ; --         ;                 ; --       ; --           ;
; AA19     ; 264        ; 4        ; RESERVED_INPUT_WITH_WEAK_PULLUP                           ;        ;              ;         ; Column I/O ;                 ; no       ; On           ;
; AA20     ;            ;          ; GNDA4                                                     ; gnd    ;              ;         ; --         ;                 ; --       ; --           ;
; AA21     ; 269        ; 4        ; RESERVED_INPUT_WITH_WEAK_PULLUP                           ;        ;              ;         ; Column I/O ;                 ; no       ; On           ;
; AA22     ; 275        ; 5        ; sum12_ouvt[4]                                             ; output ; 2.5 V        ;         ; Row I/O    ; N               ; no       ; Off          ;
; AA23     ; 280        ; 5        ; sum12_ouvt[1]                                             ; output ; 2.5 V        ;         ; Row I/O    ; N               ; no       ; Off          ;
; AA24     ; 279        ; 5        ; pv3[1]                                                    ; output ; 2.5 V        ;         ; Row I/O    ; N               ; no       ; Off          ;
; AA25     ; 294        ; 5        ; pv[3]                                                     ; output ; 2.5 V        ;         ; Row I/O    ; N               ; no       ; Off          ;
; AA26     ; 293        ; 5        ; pv[1]                                                     ; output ; 2.5 V        ;         ; Row I/O    ; N               ; no       ; Off          ;
; AA27     ;            ;          ; GND                                                       ; gnd    ;              ;         ; --         ;                 ; --       ; --           ;
; AA28     ;            ; 5        ; VCCIO5                                                    ; power  ;              ; 2.5V    ; --         ;                 ; --       ; --           ;
; AB1      ; 86         ; 2        ; RESERVED_INPUT_WITH_WEAK_PULLUP                           ;        ;              ;         ; Row I/O    ;                 ; no       ; On           ;
; AB2      ; 85         ; 2        ; RESERVED_INPUT_WITH_WEAK_PULLUP                           ;        ;              ;         ; Row I/O    ;                 ; no       ; On           ;
; AB3      ; 99         ; 2        ; RESERVED_INPUT_WITH_WEAK_PULLUP                           ;        ;              ;         ; Row I/O    ;                 ; no       ; On           ;
; AB4      ; 121        ; 2        ; RESERVED_INPUT_WITH_WEAK_PULLUP                           ;        ;              ;         ; Row I/O    ;                 ; --       ; --           ;
; AB5      ; 127        ; 2        ; RESERVED_INPUT_WITH_WEAK_PULLUP                           ;        ;              ;         ; Row I/O    ;                 ; no       ; On           ;
; AB6      ; 126        ; 2        ; RESERVED_INPUT_WITH_WEAK_PULLUP                           ;        ;              ;         ; Row I/O    ;                 ; no       ; On           ;
; AB7      ; 152        ; 3        ; RESERVED_INPUT_WITH_WEAK_PULLUP                           ;        ;              ;         ; Column I/O ;                 ; no       ; On           ;
; AB8      ; 148        ; 3        ; RESERVED_INPUT_WITH_WEAK_PULLUP                           ;        ;              ;         ; Column I/O ;                 ; no       ; On           ;
; AB9      ; 147        ; 3        ; RESERVED_INPUT_WITH_WEAK_PULLUP                           ;        ;              ;         ; Column I/O ;                 ; no       ; On           ;
; AB10     ; 173        ; 3        ; RESERVED_INPUT_WITH_WEAK_PULLUP                           ;        ;              ;         ; Column I/O ;                 ; no       ; On           ;
; AB11     ; 164        ; 3        ; segv6[6]                                                  ; output ; 2.5 V        ;         ; Column I/O ; N               ; no       ; Off          ;
; AB12     ; 180        ; 3        ; bcdv[2]                                                   ; output ; 2.5 V        ;         ; Column I/O ; N               ; no       ; Off          ;
; AB13     ; 181        ; 3        ; RESERVED_INPUT_WITH_WEAK_PULLUP                           ;        ;              ;         ; Column I/O ;                 ; --       ; --           ;
; AB14     ; 192        ; 3        ; RESERVED_INPUT_WITH_WEAK_PULLUP                           ;        ;              ;         ; Column I/O ;                 ; no       ; On           ;
; AB15     ; 214        ; 4        ; segv[4]                                                   ; output ; 2.5 V        ;         ; Column I/O ; Y               ; no       ; Off          ;
; AB16     ; 212        ; 4        ; segv[1]                                                   ; output ; 2.5 V        ;         ; Column I/O ; Y               ; no       ; Off          ;
; AB17     ; 242        ; 4        ; segv[3]                                                   ; output ; 2.5 V        ;         ; Column I/O ; Y               ; no       ; Off          ;
; AB18     ; 254        ; 4        ; segv3[2]                                                  ; output ; 2.5 V        ;         ; Column I/O ; Y               ; no       ; Off          ;
; AB19     ; 253        ; 4        ; RESERVED_INPUT_WITH_WEAK_PULLUP                           ;        ;              ;         ; Column I/O ;                 ; no       ; On           ;
; AB20     ; 257        ; 4        ; RESERVED_INPUT_WITH_WEAK_PULLUP                           ;        ;              ;         ; Column I/O ;                 ; --       ; --           ;
; AB21     ; 266        ; 4        ; b8_inv[4]                                                 ; input  ; 2.5 V        ;         ; Column I/O ; N               ; no       ; Off          ;
; AB22     ; 265        ; 4        ; RESERVED_INPUT_WITH_WEAK_PULLUP                           ;        ;              ;         ; Column I/O ;                 ; no       ; On           ;
; AB23     ; 276        ; 5        ; sum12_ouvt[3]                                             ; output ; 2.5 V        ;         ; Row I/O    ; N               ; no       ; Off          ;
; AB24     ; 274        ; 5        ; cin8_inv                                                  ; input  ; 2.5 V        ;         ; Row I/O    ; N               ; no       ; Off          ;
; AB25     ; 292        ; 5        ; pv[0]                                                     ; output ; 2.5 V        ;         ; Row I/O    ; N               ; no       ; Off          ;
; AB26     ; 291        ; 5        ; pv2[0]                                                    ; output ; 2.5 V        ;         ; Row I/O    ; N               ; no       ; Off          ;
; AB27     ; 296        ; 5        ; sw4                                                       ; input  ; 2.5 V        ;         ; Row I/O    ; Y               ; no       ; Off          ;
; AB28     ; 295        ; 5        ; Presetv                                                   ; input  ; 2.5 V        ;         ; Row I/O    ; Y               ; no       ; Off          ;
; AC1      ; 94         ; 2        ; RESERVED_INPUT_WITH_WEAK_PULLUP                           ;        ;              ;         ; Row I/O    ;                 ; no       ; On           ;
; AC2      ; 93         ; 2        ; RESERVED_INPUT_WITH_WEAK_PULLUP                           ;        ;              ;         ; Row I/O    ;                 ; no       ; On           ;
; AC3      ; 95         ; 2        ; sum12_ouvt[10]                                            ; output ; 2.5 V        ;         ; Row I/O    ; N               ; no       ; Off          ;
; AC4      ; 125        ; 2        ; segv5[4]                                                  ; output ; 2.5 V        ;         ; Row I/O    ; N               ; no       ; Off          ;
; AC5      ; 124        ; 2        ; segv5[6]                                                  ; output ; 2.5 V        ;         ; Row I/O    ; N               ; no       ; Off          ;
; AC6      ;            ;          ; GND                                                       ; gnd    ;              ;         ; --         ;                 ; --       ; --           ;
; AC7      ; 144        ; 3        ; RESERVED_INPUT_WITH_WEAK_PULLUP                           ;        ;              ;         ; Column I/O ;                 ; no       ; On           ;
; AC8      ; 153        ; 3        ; segv4[0]                                                  ; output ; 2.5 V        ;         ; Column I/O ; N               ; no       ; Off          ;
; AC9      ;            ;          ; GND                                                       ; gnd    ;              ;         ; --         ;                 ; --       ; --           ;
; AC10     ; 174        ; 3        ; RESERVED_INPUT_WITH_WEAK_PULLUP                           ;        ;              ;         ; Column I/O ;                 ; no       ; On           ;
; AC11     ; 185        ; 3        ; RESERVED_INPUT_WITH_WEAK_PULLUP                           ;        ;              ;         ; Column I/O ;                 ; no       ; On           ;
; AC12     ; 179        ; 3        ; RESERVED_INPUT_WITH_WEAK_PULLUP                           ;        ;              ;         ; Column I/O ;                 ; no       ; On           ;
; AC13     ;            ;          ; GND                                                       ; gnd    ;              ;         ; --         ;                 ; --       ; --           ;
; AC14     ; 195        ; 3        ; RESERVED_INPUT_WITH_WEAK_PULLUP                           ;        ;              ;         ; Column I/O ;                 ; no       ; On           ;
; AC15     ; 203        ; 4        ; bcdv[4]                                                   ; output ; 2.5 V        ;         ; Column I/O ; N               ; no       ; Off          ;
; AC16     ;            ;          ; GND                                                       ; gnd    ;              ;         ; --         ;                 ; --       ; --           ;
; AC17     ; 221        ; 4        ; segv[6]                                                   ; output ; 2.5 V        ;         ; Column I/O ; Y               ; no       ; Off          ;
; AC18     ; 240        ; 4        ; segv3[1]                                                  ; output ; 2.5 V        ;         ; Column I/O ; Y               ; no       ; Off          ;
; AC19     ; 247        ; 4        ; av[2]                                                     ; output ; 2.5 V        ;         ; Column I/O ; N               ; no       ; Off          ;
; AC20     ;            ;          ; GND                                                       ; gnd    ;              ;         ; --         ;                 ; --       ; --           ;
; AC21     ; 258        ; 4        ; RESERVED_INPUT_WITH_WEAK_PULLUP                           ;        ;              ;         ; Column I/O ;                 ; no       ; On           ;
; AC22     ; 267        ; 4        ; RESERVED_INPUT_WITH_WEAK_PULLUP                           ;        ;              ;         ; Column I/O ;                 ; no       ; On           ;
; AC23     ;            ;          ; GND                                                       ; gnd    ;              ;         ; --         ;                 ; --       ; --           ;
; AC24     ; 273        ; 5        ; RESERVED_INPUT_WITH_WEAK_PULLUP                           ;        ;              ;         ; Row I/O    ;                 ; no       ; On           ;
; AC25     ; 272        ; 5        ; RESERVED_INPUT_WITH_WEAK_PULLUP                           ;        ;              ;         ; Row I/O    ;                 ; no       ; On           ;
; AC26     ; 282        ; 5        ; pv3[3]                                                    ; output ; 2.5 V        ;         ; Row I/O    ; N               ; no       ; Off          ;
; AC27     ; 290        ; 5        ; switch                                                    ; input  ; 2.5 V        ;         ; Row I/O    ; Y               ; no       ; Off          ;
; AC28     ; 289        ; 5        ; addv                                                      ; input  ; 2.5 V        ;         ; Row I/O    ; Y               ; no       ; Off          ;
; AD1      ; 98         ; 2        ; RESERVED_INPUT_WITH_WEAK_PULLUP                           ;        ;              ;         ; Row I/O    ;                 ; no       ; On           ;
; AD2      ; 97         ; 2        ; RESERVED_INPUT_WITH_WEAK_PULLUP                           ;        ;              ;         ; Row I/O    ;                 ; no       ; On           ;
; AD3      ; 96         ; 2        ; RESERVED_INPUT_WITH_WEAK_PULLUP                           ;        ;              ;         ; Row I/O    ;                 ; no       ; On           ;
; AD4      ; 130        ; 3        ; RESERVED_INPUT_WITH_WEAK_PULLUP                           ;        ;              ;         ; Column I/O ;                 ; no       ; On           ;
; AD5      ; 128        ; 3        ; binv[3]                                                   ; input  ; 2.5 V        ;         ; Column I/O ; N               ; no       ; Off          ;
; AD6      ;            ; 3        ; VCCIO3                                                    ; power  ;              ; 2.5V    ; --         ;                 ; --       ; --           ;
; AD7      ; 134        ; 3        ; RESERVED_INPUT_WITH_WEAK_PULLUP                           ;        ;              ;         ; Column I/O ;                 ; no       ; On           ;
; AD8      ; 143        ; 3        ; RESERVED_INPUT_WITH_WEAK_PULLUP                           ;        ;              ;         ; Column I/O ;                 ; no       ; On           ;
; AD9      ;            ; 3        ; VCCIO3                                                    ; power  ;              ; 2.5V    ; --         ;                 ; --       ; --           ;
; AD10     ; 149        ; 3        ; RESERVED_INPUT_WITH_WEAK_PULLUP                           ;        ;              ;         ; Column I/O ;                 ; no       ; On           ;
; AD11     ; 186        ; 3        ; RESERVED_INPUT_WITH_WEAK_PULLUP                           ;        ;              ;         ; Column I/O ;                 ; no       ; On           ;
; AD12     ; 182        ; 3        ; RESERVED_INPUT_WITH_WEAK_PULLUP                           ;        ;              ;         ; Column I/O ;                 ; no       ; On           ;
; AD13     ;            ; 3        ; VCCIO3                                                    ; power  ;              ; 2.5V    ; --         ;                 ; --       ; --           ;
; AD14     ; 196        ; 3        ; RESERVED_INPUT_WITH_WEAK_PULLUP                           ;        ;              ;         ; Column I/O ;                 ; no       ; On           ;
; AD15     ; 204        ; 4        ; RESERVED_INPUT_WITH_WEAK_PULLUP                           ;        ;              ;         ; Column I/O ;                 ; no       ; On           ;
; AD16     ;            ; 4        ; VCCIO4                                                    ; power  ;              ; 2.5V    ; --         ;                 ; --       ; --           ;
; AD17     ; 222        ; 4        ; segv2[0]                                                  ; output ; 2.5 V        ;         ; Column I/O ; Y               ; no       ; Off          ;
; AD18     ; 237        ; 4        ; segv3[0]                                                  ; output ; 2.5 V        ;         ; Column I/O ; Y               ; no       ; Off          ;
; AD19     ; 248        ; 4        ; RESERVED_INPUT_WITH_WEAK_PULLUP                           ;        ;              ;         ; Column I/O ;                 ; no       ; On           ;
; AD20     ;            ; 4        ; VCCIO4                                                    ; power  ;              ; 2.5V    ; --         ;                 ; --       ; --           ;
; AD21     ; 259        ; 4        ; RESERVED_INPUT_WITH_WEAK_PULLUP                           ;        ;              ;         ; Column I/O ;                 ; no       ; On           ;
; AD22     ; 268        ; 4        ; segvv2[5]                                                 ; output ; 2.5 V        ;         ; Column I/O ; N               ; no       ; Off          ;
; AD23     ;            ; 4        ; VCCIO4                                                    ; power  ;              ; 2.5V    ; --         ;                 ; --       ; --           ;
; AD24     ; 260        ; 4        ; Qv[0]                                                     ; output ; 2.5 V        ;         ; Column I/O ; N               ; no       ; Off          ;
; AD25     ; 255        ; 4        ; RESERVED_INPUT_WITH_WEAK_PULLUP                           ;        ;              ;         ; Column I/O ;                 ; no       ; On           ;
; AD26     ; 281        ; 5        ; sum12_ouvtv2[5]                                           ; output ; 2.5 V        ;         ; Row I/O    ; N               ; no       ; Off          ;
; AD27     ; 286        ; 5        ; switch3                                                   ; input  ; 2.5 V        ;         ; Row I/O    ; Y               ; no       ; Off          ;
; AD28     ; 285        ; 5        ; pv2[2]                                                    ; output ; 2.5 V        ;         ; Row I/O    ; N               ; no       ; Off          ;
; AE1      ; 106        ; 2        ; RESERVED_INPUT_WITH_WEAK_PULLUP                           ;        ;              ;         ; Row I/O    ;                 ; no       ; On           ;
; AE2      ; 105        ; 2        ; RESERVED_INPUT_WITH_WEAK_PULLUP                           ;        ;              ;         ; Row I/O    ;                 ; no       ; On           ;
; AE3      ; 122        ; 2        ; RESERVED_INPUT_WITH_WEAK_PULLUP                           ;        ;              ;         ; Row I/O    ;                 ; no       ; On           ;
; AE4      ; 132        ; 3        ; RESERVED_INPUT_WITH_WEAK_PULLUP                           ;        ;              ;         ; Column I/O ;                 ; no       ; On           ;
; AE5      ; 135        ; 3        ; RESERVED_INPUT_WITH_WEAK_PULLUP                           ;        ;              ;         ; Column I/O ;                 ; no       ; On           ;
; AE6      ; 129        ; 3        ; sum12_ouvtv2[8]                                           ; output ; 2.5 V        ;         ; Column I/O ; N               ; no       ; Off          ;
; AE7      ; 158        ; 3        ; segvv2[2]                                                 ; output ; 2.5 V        ;         ; Column I/O ; N               ; no       ; Off          ;
; AE8      ; 161        ; 3        ; sum8_outv[1]                                              ; output ; 2.5 V        ;         ; Column I/O ; N               ; no       ; Off          ;
; AE9      ; 163        ; 3        ; RESERVED_INPUT_WITH_WEAK_PULLUP                           ;        ;              ;         ; Column I/O ;                 ; no       ; On           ;
; AE10     ; 165        ; 3        ; RESERVED_INPUT_WITH_WEAK_PULLUP                           ;        ;              ;         ; Column I/O ;                 ; no       ; On           ;
; AE11     ; 171        ; 3        ; RESERVED_INPUT_WITH_WEAK_PULLUP                           ;        ;              ;         ; Column I/O ;                 ; no       ; On           ;
; AE12     ; 169        ; 3        ; RESERVED_INPUT_WITH_WEAK_PULLUP                           ;        ;              ;         ; Column I/O ;                 ; no       ; On           ;
; AE13     ; 177        ; 3        ; segv6[3]                                                  ; output ; 2.5 V        ;         ; Column I/O ; N               ; no       ; Off          ;
; AE14     ; 183        ; 3        ; RESERVED_INPUT_WITH_WEAK_PULLUP                           ;        ;              ;         ; Column I/O ;                 ; no       ; On           ;
; AE15     ; 205        ; 4        ; cout8_outv                                                ; output ; 2.5 V        ;         ; Column I/O ; N               ; no       ; Off          ;
; AE16     ; 209        ; 4        ; RESERVED_INPUT_WITH_WEAK_PULLUP                           ;        ;              ;         ; Column I/O ;                 ; no       ; On           ;
; AE17     ; 215        ; 4        ; segv2[1]                                                  ; output ; 2.5 V        ;         ; Column I/O ; Y               ; no       ; Off          ;
; AE18     ; 225        ; 4        ; RESERVED_INPUT_WITH_WEAK_PULLUP                           ;        ;              ;         ; Column I/O ;                 ; no       ; On           ;
; AE19     ; 231        ; 4        ; sum12_ouvtv2[9]                                           ; output ; 2.5 V        ;         ; Column I/O ; N               ; no       ; Off          ;
; AE20     ; 235        ; 4        ; RESERVED_INPUT_WITH_WEAK_PULLUP                           ;        ;              ;         ; Column I/O ;                 ; no       ; On           ;
; AE21     ; 238        ; 4        ; RESERVED_INPUT_WITH_WEAK_PULLUP                           ;        ;              ;         ; Column I/O ;                 ; no       ; On           ;
; AE22     ; 251        ; 4        ; RESERVED_INPUT_WITH_WEAK_PULLUP                           ;        ;              ;         ; Column I/O ;                 ; no       ; On           ;
; AE23     ; 261        ; 4        ; Qv[1]                                                     ; output ; 2.5 V        ;         ; Column I/O ; N               ; no       ; Off          ;
; AE24     ; 256        ; 4        ; RESERVED_INPUT_WITH_WEAK_PULLUP                           ;        ;              ;         ; Column I/O ;                 ; no       ; On           ;
; AE25     ; 243        ; 4        ; RESERVED_INPUT_WITH_WEAK_PULLUP                           ;        ;              ;         ; Column I/O ;                 ; no       ; On           ;
; AE26     ; 278        ; 5        ; sum12_ouvtv2[3]                                           ; output ; 2.5 V        ;         ; Row I/O    ; N               ; no       ; Off          ;
; AE27     ; 284        ; 5        ; pv2[3]                                                    ; output ; 2.5 V        ;         ; Row I/O    ; N               ; no       ; Off          ;
; AE28     ; 283        ; 5        ; sum12_ouvtv2[1]                                           ; output ; 2.5 V        ;         ; Row I/O    ; N               ; no       ; Off          ;
; AF1      ;            ;          ; GND                                                       ; gnd    ;              ;         ; --         ;                 ; --       ; --           ;
; AF2      ; 123        ; 2        ; RESERVED_INPUT_WITH_WEAK_PULLUP                           ;        ;              ;         ; Row I/O    ;                 ; no       ; On           ;
; AF3      ; 138        ; 3        ; RESERVED_INPUT_WITH_WEAK_PULLUP                           ;        ;              ;         ; Column I/O ;                 ; no       ; On           ;
; AF4      ; 131        ; 3        ; RESERVED_INPUT_WITH_WEAK_PULLUP                           ;        ;              ;         ; Column I/O ;                 ; no       ; On           ;
; AF5      ; 136        ; 3        ; RESERVED_INPUT_WITH_WEAK_PULLUP                           ;        ;              ;         ; Column I/O ;                 ; no       ; On           ;
; AF6      ; 139        ; 3        ; av[1]                                                     ; output ; 2.5 V        ;         ; Column I/O ; N               ; no       ; Off          ;
; AF7      ; 159        ; 3        ; segv6[1]                                                  ; output ; 2.5 V        ;         ; Column I/O ; N               ; no       ; Off          ;
; AF8      ; 162        ; 3        ; sum8_outv[3]                                              ; output ; 2.5 V        ;         ; Column I/O ; N               ; no       ; Off          ;
; AF9      ; 160        ; 3        ; a8_inv[2]                                                 ; input  ; 2.5 V        ;         ; Column I/O ; N               ; no       ; Off          ;
; AF10     ; 166        ; 3        ; bv[3]                                                     ; output ; 2.5 V        ;         ; Column I/O ; N               ; no       ; Off          ;
; AF11     ; 172        ; 3        ; RESERVED_INPUT_WITH_WEAK_PULLUP                           ;        ;              ;         ; Column I/O ;                 ; no       ; On           ;
; AF12     ; 170        ; 3        ; RESERVED_INPUT_WITH_WEAK_PULLUP                           ;        ;              ;         ; Column I/O ;                 ; no       ; On           ;
; AF13     ; 178        ; 3        ; RESERVED_INPUT_WITH_WEAK_PULLUP                           ;        ;              ;         ; Column I/O ;                 ; no       ; On           ;
; AF14     ; 184        ; 3        ; RESERVED_INPUT_WITH_WEAK_PULLUP                           ;        ;              ;         ; Column I/O ;                 ; no       ; On           ;
; AF15     ; 206        ; 4        ; RESERVED_INPUT_WITH_WEAK_PULLUP                           ;        ;              ;         ; Column I/O ;                 ; no       ; On           ;
; AF16     ; 210        ; 4        ; RESERVED_INPUT_WITH_WEAK_PULLUP                           ;        ;              ;         ; Column I/O ;                 ; no       ; On           ;
; AF17     ; 216        ; 4        ; segv2[4]                                                  ; output ; 2.5 V        ;         ; Column I/O ; Y               ; no       ; Off          ;
; AF18     ; 226        ; 4        ; segv3[5]                                                  ; output ; 2.5 V        ;         ; Column I/O ; Y               ; no       ; Off          ;
; AF19     ; 232        ; 4        ; RESERVED_INPUT_WITH_WEAK_PULLUP                           ;        ;              ;         ; Column I/O ;                 ; no       ; On           ;
; AF20     ; 236        ; 4        ; RESERVED_INPUT_WITH_WEAK_PULLUP                           ;        ;              ;         ; Column I/O ;                 ; no       ; On           ;
; AF21     ; 239        ; 4        ; RESERVED_INPUT_WITH_WEAK_PULLUP                           ;        ;              ;         ; Column I/O ;                 ; no       ; On           ;
; AF22     ; 252        ; 4        ; RESERVED_INPUT_WITH_WEAK_PULLUP                           ;        ;              ;         ; Column I/O ;                 ; no       ; On           ;
; AF23     ; 262        ; 4        ; RESERVED_INPUT_WITH_WEAK_PULLUP                           ;        ;              ;         ; Column I/O ;                 ; no       ; On           ;
; AF24     ; 233        ; 4        ; RESERVED_INPUT_WITH_WEAK_PULLUP                           ;        ;              ;         ; Column I/O ;                 ; no       ; On           ;
; AF25     ; 234        ; 4        ; segv1[5]                                                  ; output ; 2.5 V        ;         ; Column I/O ; N               ; no       ; Off          ;
; AF26     ; 244        ; 4        ; RESERVED_INPUT_WITH_WEAK_PULLUP                           ;        ;              ;         ; Column I/O ;                 ; no       ; On           ;
; AF27     ; 277        ; 5        ; pv3[2]                                                    ; output ; 2.5 V        ;         ; Row I/O    ; N               ; no       ; Off          ;
; AF28     ;            ;          ; GND                                                       ; gnd    ;              ;         ; --         ;                 ; --       ; --           ;
; AG1      ;            ; 2        ; VCCIO2                                                    ; power  ;              ; 2.5V    ; --         ;                 ; --       ; --           ;
; AG2      ;            ;          ; GND                                                       ; gnd    ;              ;         ; --         ;                 ; --       ; --           ;
; AG3      ; 133        ; 3        ; RESERVED_INPUT_WITH_WEAK_PULLUP                           ;        ;              ;         ; Column I/O ;                 ; no       ; On           ;
; AG4      ; 141        ; 3        ; segv4[3]                                                  ; output ; 2.5 V        ;         ; Column I/O ; N               ; no       ; Off          ;
; AG5      ;            ;          ; GND                                                       ; gnd    ;              ;         ; --         ;                 ; --       ; --           ;
; AG6      ; 145        ; 3        ; RESERVED_INPUT_WITH_WEAK_PULLUP                           ;        ;              ;         ; Column I/O ;                 ; no       ; On           ;
; AG7      ; 150        ; 3        ; RESERVED_INPUT_WITH_WEAK_PULLUP                           ;        ;              ;         ; Column I/O ;                 ; no       ; On           ;
; AG8      ; 156        ; 3        ; RESERVED_INPUT_WITH_WEAK_PULLUP                           ;        ;              ;         ; Column I/O ;                 ; no       ; On           ;
; AG9      ;            ;          ; GND                                                       ; gnd    ;              ;         ; --         ;                 ; --       ; --           ;
; AG10     ; 167        ; 3        ; bcd1v[1]                                                  ; input  ; 2.5 V        ;         ; Column I/O ; N               ; no       ; Off          ;
; AG11     ; 175        ; 3        ; binv[4]                                                   ; input  ; 2.5 V        ;         ; Column I/O ; N               ; no       ; Off          ;
; AG12     ; 193        ; 3        ; RESERVED_INPUT_WITH_WEAK_PULLUP                           ;        ;              ;         ; Column I/O ;                 ; no       ; On           ;
; AG13     ;            ;          ; GND                                                       ; gnd    ;              ;         ; --         ;                 ; --       ; --           ;
; AG14     ; 199        ; 3        ; Clockd                                                    ; input  ; 2.5 V        ;         ; Column I/O ; Y               ; no       ; Off          ;
; AG15     ; 201        ; 4        ; GND+                                                      ;        ;              ;         ; Column I/O ;                 ; --       ; --           ;
; AG16     ;            ;          ; GND                                                       ; gnd    ;              ;         ; --         ;                 ; --       ; --           ;
; AG17     ; 207        ; 4        ; segv2[2]                                                  ; output ; 2.5 V        ;         ; Column I/O ; Y               ; no       ; Off          ;
; AG18     ; 217        ; 4        ; segv2[5]                                                  ; output ; 2.5 V        ;         ; Column I/O ; Y               ; no       ; Off          ;
; AG19     ; 219        ; 4        ; segv3[4]                                                  ; output ; 2.5 V        ;         ; Column I/O ; Y               ; no       ; Off          ;
; AG20     ;            ;          ; GND                                                       ; gnd    ;              ;         ; --         ;                 ; --       ; --           ;
; AG21     ; 223        ; 4        ; RESERVED_INPUT_WITH_WEAK_PULLUP                           ;        ;              ;         ; Column I/O ;                 ; no       ; On           ;
; AG22     ; 227        ; 4        ; RESERVED_INPUT_WITH_WEAK_PULLUP                           ;        ;              ;         ; Column I/O ;                 ; no       ; On           ;
; AG23     ; 229        ; 4        ; RESERVED_INPUT_WITH_WEAK_PULLUP                           ;        ;              ;         ; Column I/O ;                 ; no       ; On           ;
; AG24     ;            ;          ; GND                                                       ; gnd    ;              ;         ; --         ;                 ; --       ; --           ;
; AG25     ; 245        ; 4        ; segv1[2]                                                  ; output ; 2.5 V        ;         ; Column I/O ; N               ; no       ; Off          ;
; AG26     ; 270        ; 4        ; RESERVED_INPUT_WITH_WEAK_PULLUP                           ;        ;              ;         ; Column I/O ;                 ; no       ; On           ;
; AG27     ;            ;          ; GND                                                       ; gnd    ;              ;         ; --         ;                 ; --       ; --           ;
; AG28     ;            ; 5        ; VCCIO5                                                    ; power  ;              ; 2.5V    ; --         ;                 ; --       ; --           ;
; AH2      ;            ; 3        ; VCCIO3                                                    ; power  ;              ; 2.5V    ; --         ;                 ; --       ; --           ;
; AH3      ; 137        ; 3        ; RESERVED_INPUT_WITH_WEAK_PULLUP                           ;        ;              ;         ; Column I/O ;                 ; no       ; On           ;
; AH4      ; 142        ; 3        ; RESERVED_INPUT_WITH_WEAK_PULLUP                           ;        ;              ;         ; Column I/O ;                 ; no       ; On           ;
; AH5      ;            ; 3        ; VCCIO3                                                    ; power  ;              ; 2.5V    ; --         ;                 ; --       ; --           ;
; AH6      ; 146        ; 3        ; sum8_outv[2]                                              ; output ; 2.5 V        ;         ; Column I/O ; N               ; no       ; Off          ;
; AH7      ; 151        ; 3        ; RESERVED_INPUT_WITH_WEAK_PULLUP                           ;        ;              ;         ; Column I/O ;                 ; no       ; On           ;
; AH8      ; 157        ; 3        ; segv4[2]                                                  ; output ; 2.5 V        ;         ; Column I/O ; N               ; no       ; Off          ;
; AH9      ;            ; 3        ; VCCIO3                                                    ; power  ;              ; 2.5V    ; --         ;                 ; --       ; --           ;
; AH10     ; 168        ; 3        ; sum12_ouvt[6]                                             ; output ; 2.5 V        ;         ; Column I/O ; N               ; no       ; Off          ;
; AH11     ; 176        ; 3        ; RESERVED_INPUT_WITH_WEAK_PULLUP                           ;        ;              ;         ; Column I/O ;                 ; no       ; On           ;
; AH12     ; 194        ; 3        ; RESERVED_INPUT_WITH_WEAK_PULLUP                           ;        ;              ;         ; Column I/O ;                 ; no       ; On           ;
; AH13     ;            ; 3        ; VCCIO3                                                    ; power  ;              ; 2.5V    ; --         ;                 ; --       ; --           ;
; AH14     ; 200        ; 3        ; GND+                                                      ;        ;              ;         ; Column I/O ;                 ; --       ; --           ;
; AH15     ; 202        ; 4        ; GND+                                                      ;        ;              ;         ; Column I/O ;                 ; --       ; --           ;
; AH16     ;            ; 4        ; VCCIO4                                                    ; power  ;              ; 2.5V    ; --         ;                 ; --       ; --           ;
; AH17     ; 208        ; 4        ; segv2[3]                                                  ; output ; 2.5 V        ;         ; Column I/O ; Y               ; no       ; Off          ;
; AH18     ; 218        ; 4        ; segv3[6]                                                  ; output ; 2.5 V        ;         ; Column I/O ; Y               ; no       ; Off          ;
; AH19     ; 220        ; 4        ; segv3[3]                                                  ; output ; 2.5 V        ;         ; Column I/O ; Y               ; no       ; Off          ;
; AH20     ;            ; 4        ; VCCIO4                                                    ; power  ;              ; 2.5V    ; --         ;                 ; --       ; --           ;
; AH21     ; 224        ; 4        ; RESERVED_INPUT_WITH_WEAK_PULLUP                           ;        ;              ;         ; Column I/O ;                 ; no       ; On           ;
; AH22     ; 228        ; 4        ; RESERVED_INPUT_WITH_WEAK_PULLUP                           ;        ;              ;         ; Column I/O ;                 ; no       ; On           ;
; AH23     ; 230        ; 4        ; RESERVED_INPUT_WITH_WEAK_PULLUP                           ;        ;              ;         ; Column I/O ;                 ; no       ; On           ;
; AH24     ;            ; 4        ; VCCIO4                                                    ; power  ;              ; 2.5V    ; --         ;                 ; --       ; --           ;
; AH25     ; 246        ; 4        ; sum12_ouvt[7]                                             ; output ; 2.5 V        ;         ; Column I/O ; N               ; no       ; Off          ;
; AH26     ; 271        ; 4        ; RESERVED_INPUT_WITH_WEAK_PULLUP                           ;        ;              ;         ; Column I/O ;                 ; no       ; On           ;
; AH27     ;            ; 4        ; VCCIO4                                                    ; power  ;              ; 2.5V    ; --         ;                 ; --       ; --           ;
; B1       ;            ; 1        ; VCCIO1                                                    ; power  ;              ; 2.5V    ; --         ;                 ; --       ; --           ;
; B2       ;            ;          ; GND                                                       ; gnd    ;              ;         ; --         ;                 ; --       ; --           ;
; B3       ; 534        ; 8        ; RESERVED_INPUT_WITH_WEAK_PULLUP                           ;        ;              ;         ; Column I/O ;                 ; no       ; On           ;
; B4       ; 533        ; 8        ; bcdv[1]                                                   ; output ; 2.5 V        ;         ; Column I/O ; N               ; no       ; Off          ;
; B5       ;            ;          ; GND                                                       ; gnd    ;              ;         ; --         ;                 ; --       ; --           ;
; B6       ; 505        ; 8        ; RESERVED_INPUT_WITH_WEAK_PULLUP                           ;        ;              ;         ; Column I/O ;                 ; no       ; On           ;
; B7       ; 502        ; 8        ; RESERVED_INPUT_WITH_WEAK_PULLUP                           ;        ;              ;         ; Column I/O ;                 ; no       ; On           ;
; B8       ; 518        ; 8        ; RESERVED_INPUT_WITH_WEAK_PULLUP                           ;        ;              ;         ; Column I/O ;                 ; no       ; On           ;
; B9       ;            ;          ; GND                                                       ; gnd    ;              ;         ; --         ;                 ; --       ; --           ;
; B10      ; 492        ; 8        ; segv4[1]                                                  ; output ; 2.5 V        ;         ; Column I/O ; N               ; no       ; Off          ;
; B11      ; 488        ; 8        ; RESERVED_INPUT_WITH_WEAK_PULLUP                           ;        ;              ;         ; Column I/O ;                 ; no       ; On           ;
; B12      ;            ;          ; GND                                                       ; gnd    ;              ;         ; --         ;                 ; --       ; --           ;
; B13      ;            ;          ; GND                                                       ; gnd    ;              ;         ; --         ;                 ; --       ; --           ;
; B14      ; 473        ; 8        ; GND+                                                      ;        ;              ;         ; Column I/O ;                 ; --       ; --           ;
; B15      ; 471        ; 7        ; GND+                                                      ;        ;              ;         ; Column I/O ;                 ; --       ; --           ;
; B16      ;            ;          ; GND                                                       ; gnd    ;              ;         ; --         ;                 ; --       ; --           ;
; B17      ; 463        ; 7        ; sum12_ouvtv2[10]                                          ; output ; 2.5 V        ;         ; Column I/O ; N               ; no       ; Off          ;
; B18      ; 443        ; 7        ; RESERVED_INPUT_WITH_WEAK_PULLUP                           ;        ;              ;         ; Column I/O ;                 ; no       ; On           ;
; B19      ; 441        ; 7        ; RESERVED_INPUT_WITH_WEAK_PULLUP                           ;        ;              ;         ; Column I/O ;                 ; no       ; On           ;
; B20      ;            ;          ; GND                                                       ; gnd    ;              ;         ; --         ;                 ; --       ; --           ;
; B21      ; 426        ; 7        ; RESERVED_INPUT_WITH_WEAK_PULLUP                           ;        ;              ;         ; Column I/O ;                 ; no       ; On           ;
; B22      ; 424        ; 7        ; RESERVED_INPUT_WITH_WEAK_PULLUP                           ;        ;              ;         ; Column I/O ;                 ; no       ; On           ;
; B23      ; 413        ; 7        ; segv1[1]                                                  ; output ; 2.5 V        ;         ; Column I/O ; N               ; no       ; Off          ;
; B24      ;            ;          ; GND                                                       ; gnd    ;              ;         ; --         ;                 ; --       ; --           ;
; B25      ; 406        ; 7        ; sum8_outv[0]                                              ; output ; 2.5 V        ;         ; Column I/O ; N               ; no       ; Off          ;
; B26      ; 401        ; 7        ; RESERVED_INPUT_WITH_WEAK_PULLUP                           ;        ;              ;         ; Column I/O ;                 ; no       ; On           ;
; B27      ;            ;          ; GND                                                       ; gnd    ;              ;         ; --         ;                 ; --       ; --           ;
; B28      ;            ; 6        ; VCCIO6                                                    ; power  ;              ; 2.5V    ; --         ;                 ; --       ; --           ;
; C1       ;            ;          ; GND                                                       ; gnd    ;              ;         ; --         ;                 ; --       ; --           ;
; C2       ; 1          ; 1        ; segv6[0]                                                  ; output ; 2.5 V        ;         ; Row I/O    ; N               ; no       ; Off          ;
; C3       ; 543        ; 8        ; bv[0]                                                     ; output ; 2.5 V        ;         ; Column I/O ; N               ; no       ; Off          ;
; C4       ; 539        ; 8        ; RESERVED_INPUT_WITH_WEAK_PULLUP                           ;        ;              ;         ; Column I/O ;                 ; no       ; On           ;
; C5       ; 538        ; 8        ; bv[2]                                                     ; output ; 2.5 V        ;         ; Column I/O ; N               ; no       ; Off          ;
; C6       ; 536        ; 8        ; RESERVED_INPUT_WITH_WEAK_PULLUP                           ;        ;              ;         ; Column I/O ;                 ; no       ; On           ;
; C7       ; 521        ; 8        ; RESERVED_INPUT_WITH_WEAK_PULLUP                           ;        ;              ;         ; Column I/O ;                 ; no       ; On           ;
; C8       ; 519        ; 8        ; RESERVED_INPUT_WITH_WEAK_PULLUP                           ;        ;              ;         ; Column I/O ;                 ; no       ; On           ;
; C9       ; 510        ; 8        ; RESERVED_INPUT_WITH_WEAK_PULLUP                           ;        ;              ;         ; Column I/O ;                 ; no       ; On           ;
; C10      ; 495        ; 8        ; sum12_ouvt[11]                                            ; output ; 2.5 V        ;         ; Column I/O ; N               ; no       ; Off          ;
; C11      ; 508        ; 8        ; segv1[4]                                                  ; output ; 2.5 V        ;         ; Column I/O ; N               ; no       ; Off          ;
; C12      ; 478        ; 8        ; segv1[3]                                                  ; output ; 2.5 V        ;         ; Column I/O ; N               ; no       ; Off          ;
; C13      ; 474        ; 8        ; RESERVED_INPUT_WITH_WEAK_PULLUP                           ;        ;              ;         ; Column I/O ;                 ; no       ; On           ;
; C14      ; 476        ; 8        ; a8_inv[6]                                                 ; input  ; 2.5 V        ;         ; Column I/O ; N               ; no       ; Off          ;
; C15      ; 468        ; 7        ; RESERVED_INPUT_WITH_WEAK_PULLUP                           ;        ;              ;         ; Column I/O ;                 ; no       ; On           ;
; C16      ; 460        ; 7        ; RESERVED_INPUT_WITH_WEAK_PULLUP                           ;        ;              ;         ; Column I/O ;                 ; no       ; On           ;
; C17      ; 438        ; 7        ; a8_inv[5]                                                 ; input  ; 2.5 V        ;         ; Column I/O ; N               ; no       ; Off          ;
; C18      ; 429        ; 7        ; RESERVED_INPUT_WITH_WEAK_PULLUP                           ;        ;              ;         ; Column I/O ;                 ; no       ; On           ;
; C19      ; 435        ; 7        ; binv[1]                                                   ; input  ; 2.5 V        ;         ; Column I/O ; N               ; no       ; Off          ;
; C20      ; 431        ; 7        ; RESERVED_INPUT_WITH_WEAK_PULLUP                           ;        ;              ;         ; Column I/O ;                 ; no       ; On           ;
; C21      ; 422        ; 7        ; RESERVED_INPUT_WITH_WEAK_PULLUP                           ;        ;              ;         ; Column I/O ;                 ; no       ; On           ;
; C22      ; 418        ; 7        ; bcd1v[3]                                                  ; input  ; 2.5 V        ;         ; Column I/O ; N               ; no       ; Off          ;
; C23      ; 415        ; 7        ; RESERVED_INPUT_WITH_WEAK_PULLUP                           ;        ;              ;         ; Column I/O ;                 ; no       ; On           ;
; C24      ; 416        ; 7        ; RESERVED_INPUT_WITH_WEAK_PULLUP                           ;        ;              ;         ; Column I/O ;                 ; no       ; On           ;
; C25      ; 411        ; 7        ; segv5[1]                                                  ; output ; 2.5 V        ;         ; Column I/O ; N               ; no       ; Off          ;
; C26      ; 400        ; 7        ; RESERVED_INPUT_WITH_WEAK_PULLUP                           ;        ;              ;         ; Column I/O ;                 ; no       ; On           ;
; C27      ; 382        ; 6        ; RESERVED_INPUT_WITH_WEAK_PULLUP                           ;        ;              ;         ; Row I/O    ;                 ; no       ; On           ;
; C28      ;            ;          ; GND                                                       ; gnd    ;              ;         ; --         ;                 ; --       ; --           ;
; D1       ; 3          ; 1        ; RESERVED_INPUT_WITH_WEAK_PULLUP                           ;        ;              ;         ; Row I/O    ;                 ; no       ; On           ;
; D2       ; 2          ; 1        ; RESERVED_INPUT_WITH_WEAK_PULLUP                           ;        ;              ;         ; Row I/O    ;                 ; no       ; On           ;
; D3       ;            ;          ; GND                                                       ; gnd    ;              ;         ; --         ;                 ; --       ; --           ;
; D4       ; 540        ; 8        ; a8_inv[3]                                                 ; input  ; 2.5 V        ;         ; Column I/O ; N               ; no       ; Off          ;
; D5       ; 537        ; 8        ; RESERVED_INPUT_WITH_WEAK_PULLUP                           ;        ;              ;         ; Column I/O ;                 ; no       ; On           ;
; D6       ; 524        ; 8        ; RESERVED_INPUT_WITH_WEAK_PULLUP                           ;        ;              ;         ; Column I/O ;                 ; no       ; On           ;
; D7       ; 522        ; 8        ; RESERVED_INPUT_WITH_WEAK_PULLUP                           ;        ;              ;         ; Column I/O ;                 ; no       ; On           ;
; D8       ; 520        ; 8        ; b8_inv[5]                                                 ; input  ; 2.5 V        ;         ; Column I/O ; N               ; no       ; Off          ;
; D9       ; 511        ; 8        ; RESERVED_INPUT_WITH_WEAK_PULLUP                           ;        ;              ;         ; Column I/O ;                 ; no       ; On           ;
; D10      ; 496        ; 8        ; RESERVED_INPUT_WITH_WEAK_PULLUP                           ;        ;              ;         ; Column I/O ;                 ; no       ; On           ;
; D11      ; 509        ; 8        ; b8_inv[2]                                                 ; input  ; 2.5 V        ;         ; Column I/O ; N               ; no       ; Off          ;
; D12      ; 479        ; 8        ; binv[2]                                                   ; input  ; 2.5 V        ;         ; Column I/O ; N               ; no       ; Off          ;
; D13      ; 475        ; 8        ; RESERVED_INPUT_WITH_WEAK_PULLUP                           ;        ;              ;         ; Column I/O ;                 ; no       ; On           ;
; D14      ; 477        ; 8        ; a8_inv[1]                                                 ; input  ; 2.5 V        ;         ; Column I/O ; N               ; no       ; Off          ;
; D15      ; 469        ; 7        ; bcdv[0]                                                   ; output ; 2.5 V        ;         ; Column I/O ; N               ; no       ; Off          ;
; D16      ; 461        ; 7        ; segvv2[6]                                                 ; output ; 2.5 V        ;         ; Column I/O ; N               ; no       ; Off          ;
; D17      ; 439        ; 7        ; RESERVED_INPUT_WITH_WEAK_PULLUP                           ;        ;              ;         ; Column I/O ;                 ; no       ; On           ;
; D18      ; 430        ; 7        ; RESERVED_INPUT_WITH_WEAK_PULLUP                           ;        ;              ;         ; Column I/O ;                 ; no       ; On           ;
; D19      ; 436        ; 7        ; RESERVED_INPUT_WITH_WEAK_PULLUP                           ;        ;              ;         ; Column I/O ;                 ; no       ; On           ;
; D20      ; 432        ; 7        ; sum12_ouvtv2[7]                                           ; output ; 2.5 V        ;         ; Column I/O ; N               ; no       ; Off          ;
; D21      ; 419        ; 7        ; RESERVED_INPUT_WITH_WEAK_PULLUP                           ;        ;              ;         ; Column I/O ;                 ; no       ; On           ;
; D22      ; 402        ; 7        ; segvv2[4]                                                 ; output ; 2.5 V        ;         ; Column I/O ; N               ; no       ; Off          ;
; D23      ; 414        ; 7        ; RESERVED_INPUT_WITH_WEAK_PULLUP                           ;        ;              ;         ; Column I/O ;                 ; no       ; On           ;
; D24      ; 417        ; 7        ; RESERVED_INPUT_WITH_WEAK_PULLUP                           ;        ;              ;         ; Column I/O ;                 ; no       ; On           ;
; D25      ; 410        ; 7        ; RESERVED_INPUT_WITH_WEAK_PULLUP                           ;        ;              ;         ; Column I/O ;                 ; no       ; On           ;
; D26      ; 383        ; 6        ; RESERVED_INPUT_WITH_WEAK_PULLUP                           ;        ;              ;         ; Row I/O    ;                 ; no       ; On           ;
; D27      ; 381        ; 6        ; RESERVED_INPUT_WITH_WEAK_PULLUP                           ;        ;              ;         ; Row I/O    ;                 ; no       ; On           ;
; D28      ; 380        ; 6        ; RESERVED_INPUT_WITH_WEAK_PULLUP                           ;        ;              ;         ; Row I/O    ;                 ; no       ; On           ;
; E1       ; 17         ; 1        ; RESERVED_INPUT_WITH_WEAK_PULLUP                           ;        ;              ;         ; Row I/O    ;                 ; no       ; On           ;
; E2       ; 16         ; 1        ; ~ALTERA_FLASH_nCE_nCSO~ / RESERVED_INPUT_WITH_WEAK_PULLUP ; input  ; 2.5 V        ;         ; Row I/O    ; N               ; no       ; On           ;
; E3       ; 7          ; 1        ; RESERVED_INPUT_WITH_WEAK_PULLUP                           ;        ;              ;         ; Row I/O    ;                 ; no       ; On           ;
; E4       ; 541        ; 8        ; RESERVED_INPUT_WITH_WEAK_PULLUP                           ;        ;              ;         ; Column I/O ;                 ; no       ; On           ;
; E5       ; 542        ; 8        ; a8_inv[4]                                                 ; input  ; 2.5 V        ;         ; Column I/O ; N               ; no       ; Off          ;
; E6       ;            ; 8        ; VCCIO8                                                    ; power  ;              ; 2.5V    ; --         ;                 ; --       ; --           ;
; E7       ; 523        ; 8        ; RESERVED_INPUT_WITH_WEAK_PULLUP                           ;        ;              ;         ; Column I/O ;                 ; no       ; On           ;
; E8       ; 526        ; 8        ; RESERVED_INPUT_WITH_WEAK_PULLUP                           ;        ;              ;         ; Column I/O ;                 ; no       ; On           ;
; E9       ;            ; 8        ; VCCIO8                                                    ; power  ;              ; 2.5V    ; --         ;                 ; --       ; --           ;
; E10      ; 516        ; 8        ; RESERVED_INPUT_WITH_WEAK_PULLUP                           ;        ;              ;         ; Column I/O ;                 ; no       ; On           ;
; E11      ; 499        ; 8        ; RESERVED_INPUT_WITH_WEAK_PULLUP                           ;        ;              ;         ; Column I/O ;                 ; no       ; On           ;
; E12      ; 497        ; 8        ; RESERVED_INPUT_WITH_WEAK_PULLUP                           ;        ;              ;         ; Column I/O ;                 ; no       ; On           ;
; E13      ;            ; 8        ; VCCIO8                                                    ; power  ;              ; 2.5V    ; --         ;                 ; --       ; --           ;
; E14      ; 486        ; 8        ; RESERVED_INPUT_WITH_WEAK_PULLUP                           ;        ;              ;         ; Column I/O ;                 ; no       ; On           ;
; E15      ; 467        ; 7        ; RESERVED_INPUT_WITH_WEAK_PULLUP                           ;        ;              ;         ; Column I/O ;                 ; no       ; On           ;
; E16      ;            ; 7        ; VCCIO7                                                    ; power  ;              ; 2.5V    ; --         ;                 ; --       ; --           ;
; E17      ; 456        ; 7        ; RESERVED_INPUT_WITH_WEAK_PULLUP                           ;        ;              ;         ; Column I/O ;                 ; no       ; On           ;
; E18      ; 427        ; 7        ; bcd1v[0]                                                  ; input  ; 2.5 V        ;         ; Column I/O ; N               ; no       ; Off          ;
; E19      ; 421        ; 7        ; RESERVED_INPUT_WITH_WEAK_PULLUP                           ;        ;              ;         ; Column I/O ;                 ; no       ; On           ;
; E20      ;            ; 7        ; VCCIO7                                                    ; power  ;              ; 2.5V    ; --         ;                 ; --       ; --           ;
; E21      ; 407        ; 7        ; RESERVED_INPUT_WITH_WEAK_PULLUP                           ;        ;              ;         ; Column I/O ;                 ; no       ; On           ;
; E22      ; 403        ; 7        ; sum12_ouvtv2[11]                                          ; output ; 2.5 V        ;         ; Column I/O ; N               ; no       ; Off          ;
; E23      ;            ; 7        ; VCCIO7                                                    ; power  ;              ; 2.5V    ; --         ;                 ; --       ; --           ;
; E24      ; 433        ; 7        ; RESERVED_INPUT_WITH_WEAK_PULLUP                           ;        ;              ;         ; Column I/O ;                 ; no       ; On           ;
; E25      ; 434        ; 7        ; RESERVED_INPUT_WITH_WEAK_PULLUP                           ;        ;              ;         ; Column I/O ;                 ; no       ; On           ;
; E26      ; 378        ; 6        ; RESERVED_INPUT_WITH_WEAK_PULLUP                           ;        ;              ;         ; Row I/O    ;                 ; no       ; On           ;
; E27      ; 375        ; 6        ; RESERVED_INPUT_WITH_WEAK_PULLUP                           ;        ;              ;         ; Row I/O    ;                 ; no       ; On           ;
; E28      ; 374        ; 6        ; RESERVED_INPUT_WITH_WEAK_PULLUP                           ;        ;              ;         ; Row I/O    ;                 ; no       ; On           ;
; F1       ; 19         ; 1        ; RESERVED_INPUT_WITH_WEAK_PULLUP                           ;        ;              ;         ; Row I/O    ;                 ; no       ; On           ;
; F2       ; 18         ; 1        ; RESERVED_INPUT_WITH_WEAK_PULLUP                           ;        ;              ;         ; Row I/O    ;                 ; no       ; On           ;
; F3       ; 8          ; 1        ; RESERVED_INPUT_WITH_WEAK_PULLUP                           ;        ;              ;         ; Row I/O    ;                 ; no       ; On           ;
; F4       ; 10         ; 1        ; ~ALTERA_ASDO_DATA1~ / RESERVED_INPUT_WITH_WEAK_PULLUP     ; input  ; 2.5 V        ;         ; Row I/O    ; N               ; no       ; On           ;
; F5       ; 9          ; 1        ; RESERVED_INPUT_WITH_WEAK_PULLUP                           ;        ;              ;         ; Row I/O    ;                 ; no       ; On           ;
; F6       ;            ;          ; GND                                                       ; gnd    ;              ;         ; --         ;                 ; --       ; --           ;
; F7       ; 531        ; 8        ; RESERVED_INPUT_WITH_WEAK_PULLUP                           ;        ;              ;         ; Column I/O ;                 ; no       ; On           ;
; F8       ; 527        ; 8        ; RESERVED_INPUT_WITH_WEAK_PULLUP                           ;        ;              ;         ; Column I/O ;                 ; no       ; On           ;
; F9       ;            ;          ; GND                                                       ; gnd    ;              ;         ; --         ;                 ; --       ; --           ;
; F10      ; 512        ; 8        ; RESERVED_INPUT_WITH_WEAK_PULLUP                           ;        ;              ;         ; Column I/O ;                 ; no       ; On           ;
; F11      ; 500        ; 8        ; RESERVED_INPUT_WITH_WEAK_PULLUP                           ;        ;              ;         ; Column I/O ;                 ; no       ; On           ;
; F12      ; 498        ; 8        ; RESERVED_INPUT_WITH_WEAK_PULLUP                           ;        ;              ;         ; Column I/O ;                 ; no       ; On           ;
; F13      ;            ;          ; GND                                                       ; gnd    ;              ;         ; --         ;                 ; --       ; --           ;
; F14      ; 485        ; 8        ; RESERVED_INPUT_WITH_WEAK_PULLUP                           ;        ;              ;         ; Column I/O ;                 ; no       ; On           ;
; F15      ; 466        ; 7        ; RESERVED_INPUT_WITH_WEAK_PULLUP                           ;        ;              ;         ; Column I/O ;                 ; no       ; On           ;
; F16      ;            ;          ; GND                                                       ; gnd    ;              ;         ; --         ;                 ; --       ; --           ;
; F17      ; 455        ; 7        ; b8_inv[3]                                                 ; input  ; 2.5 V        ;         ; Column I/O ; N               ; no       ; Off          ;
; F18      ; 428        ; 7        ; RESERVED_INPUT_WITH_WEAK_PULLUP                           ;        ;              ;         ; Column I/O ;                 ; no       ; On           ;
; F19      ; 420        ; 7        ; RESERVED_INPUT_WITH_WEAK_PULLUP                           ;        ;              ;         ; Column I/O ;                 ; no       ; On           ;
; F20      ;            ;          ; GND                                                       ; gnd    ;              ;         ; --         ;                 ; --       ; --           ;
; F21      ; 408        ; 7        ; a8_inv[7]                                                 ; input  ; 2.5 V        ;         ; Column I/O ; N               ; no       ; Off          ;
; F22      ; 409        ; 7        ; RESERVED_INPUT_WITH_WEAK_PULLUP                           ;        ;              ;         ; Column I/O ;                 ; --       ; --           ;
; F23      ;            ;          ; GND                                                       ; gnd    ;              ;         ; --         ;                 ; --       ; --           ;
; F24      ; 396        ; 6        ; RESERVED_INPUT_WITH_WEAK_PULLUP                           ;        ;              ;         ; Row I/O    ;                 ; no       ; On           ;
; F25      ; 395        ; 6        ; RESERVED_INPUT_WITH_WEAK_PULLUP                           ;        ;              ;         ; Row I/O    ;                 ; no       ; On           ;
; F26      ; 379        ; 6        ; RESERVED_INPUT_WITH_WEAK_PULLUP                           ;        ;              ;         ; Row I/O    ;                 ; no       ; On           ;
; F27      ; 373        ; 6        ; RESERVED_INPUT_WITH_WEAK_PULLUP                           ;        ;              ;         ; Row I/O    ;                 ; no       ; On           ;
; F28      ; 372        ; 6        ; RESERVED_INPUT_WITH_WEAK_PULLUP                           ;        ;              ;         ; Row I/O    ;                 ; no       ; On           ;
; G1       ; 26         ; 1        ; RESERVED_INPUT_WITH_WEAK_PULLUP                           ;        ;              ;         ; Row I/O    ;                 ; no       ; On           ;
; G2       ; 25         ; 1        ; segv6[2]                                                  ; output ; 2.5 V        ;         ; Row I/O    ; N               ; no       ; Off          ;
; G3       ; 13         ; 1        ; RESERVED_INPUT_WITH_WEAK_PULLUP                           ;        ;              ;         ; Row I/O    ;                 ; no       ; On           ;
; G4       ; 12         ; 1        ; RESERVED_INPUT_WITH_WEAK_PULLUP                           ;        ;              ;         ; Row I/O    ;                 ; no       ; On           ;
; G5       ; 6          ; 1        ; RESERVED_INPUT_WITH_WEAK_PULLUP                           ;        ;              ;         ; Row I/O    ;                 ; no       ; On           ;
; G6       ; 5          ; 1        ; RESERVED_INPUT_WITH_WEAK_PULLUP                           ;        ;              ;         ; Row I/O    ;                 ; no       ; On           ;
; G7       ; 530        ; 8        ; RESERVED_INPUT_WITH_WEAK_PULLUP                           ;        ;              ;         ; Column I/O ;                 ; no       ; On           ;
; G8       ; 528        ; 8        ; RESERVED_INPUT_WITH_WEAK_PULLUP                           ;        ;              ;         ; Column I/O ;                 ; no       ; On           ;
; G9       ; 525        ; 8        ; RESERVED_INPUT_WITH_WEAK_PULLUP                           ;        ;              ;         ; Column I/O ;                 ; --       ; --           ;
; G10      ; 513        ; 8        ; RESERVED_INPUT_WITH_WEAK_PULLUP                           ;        ;              ;         ; Column I/O ;                 ; no       ; On           ;
; G11      ; 506        ; 8        ; b8_inv[0]                                                 ; input  ; 2.5 V        ;         ; Column I/O ; N               ; no       ; Off          ;
; G12      ; 503        ; 8        ; av[0]                                                     ; output ; 2.5 V        ;         ; Column I/O ; N               ; no       ; Off          ;
; G13      ; 493        ; 8        ; RESERVED_INPUT_WITH_WEAK_PULLUP                           ;        ;              ;         ; Column I/O ;                 ; no       ; On           ;
; G14      ; 484        ; 8        ; RESERVED_INPUT_WITH_WEAK_PULLUP                           ;        ;              ;         ; Column I/O ;                 ; --       ; --           ;
; G15      ; 457        ; 7        ; RESERVED_INPUT_WITH_WEAK_PULLUP                           ;        ;              ;         ; Column I/O ;                 ; --       ; --           ;
; G16      ; 453        ; 7        ; RESERVED_INPUT_WITH_WEAK_PULLUP                           ;        ;              ;         ; Column I/O ;                 ; no       ; On           ;
; G17      ; 437        ; 7        ; RESERVED_INPUT_WITH_WEAK_PULLUP                           ;        ;              ;         ; Column I/O ;                 ; --       ; --           ;
; G18      ; 452        ; 7        ; RESERVED_INPUT_WITH_WEAK_PULLUP                           ;        ;              ;         ; Column I/O ;                 ; no       ; On           ;
; G19      ; 451        ; 7        ; RESERVED_INPUT_WITH_WEAK_PULLUP                           ;        ;              ;         ; Column I/O ;                 ; no       ; On           ;
; G20      ; 444        ; 7        ; RESERVED_INPUT_WITH_WEAK_PULLUP                           ;        ;              ;         ; Column I/O ;                 ; no       ; On           ;
; G21      ; 445        ; 7        ; RESERVED_INPUT_WITH_WEAK_PULLUP                           ;        ;              ;         ; Column I/O ;                 ; no       ; On           ;
; G22      ; 449        ; 7        ; RESERVED_INPUT_WITH_WEAK_PULLUP                           ;        ;              ;         ; Column I/O ;                 ; no       ; On           ;
; G23      ; 398        ; 6        ; RESERVED_INPUT_WITH_WEAK_PULLUP                           ;        ;              ;         ; Row I/O    ;                 ; no       ; On           ;
; G24      ; 397        ; 6        ; RESERVED_INPUT_WITH_WEAK_PULLUP                           ;        ;              ;         ; Row I/O    ;                 ; no       ; On           ;
; G25      ; 393        ; 6        ; RESERVED_INPUT_WITH_WEAK_PULLUP                           ;        ;              ;         ; Row I/O    ;                 ; no       ; On           ;
; G26      ; 392        ; 6        ; RESERVED_INPUT_WITH_WEAK_PULLUP                           ;        ;              ;         ; Row I/O    ;                 ; no       ; On           ;
; G27      ; 367        ; 6        ; RESERVED_INPUT_WITH_WEAK_PULLUP                           ;        ;              ;         ; Row I/O    ;                 ; no       ; On           ;
; G28      ; 366        ; 6        ; RESERVED_INPUT_WITH_WEAK_PULLUP                           ;        ;              ;         ; Row I/O    ;                 ; no       ; On           ;
; H1       ;            ; 1        ; VCCIO1                                                    ; power  ;              ; 2.5V    ; --         ;                 ; --       ; --           ;
; H2       ;            ;          ; GND                                                       ; gnd    ;              ;         ; --         ;                 ; --       ; --           ;
; H3       ; 15         ; 1        ; RESERVED_INPUT_WITH_WEAK_PULLUP                           ;        ;              ;         ; Row I/O    ;                 ; no       ; On           ;
; H4       ; 14         ; 1        ; RESERVED_INPUT_WITH_WEAK_PULLUP                           ;        ;              ;         ; Row I/O    ;                 ; no       ; On           ;
; H5       ; 20         ; 1        ; RESERVED_INPUT_WITH_WEAK_PULLUP                           ;        ;              ;         ; Row I/O    ;                 ; no       ; On           ;
; H6       ; 11         ; 1        ; RESERVED_INPUT_WITH_WEAK_PULLUP                           ;        ;              ;         ; Row I/O    ;                 ; no       ; On           ;
; H7       ; 4          ; 1        ; RESERVED_INPUT_WITH_WEAK_PULLUP                           ;        ;              ;         ; Row I/O    ;                 ; --       ; --           ;
; H8       ; 529        ; 8        ; RESERVED_INPUT_WITH_WEAK_PULLUP                           ;        ;              ;         ; Column I/O ;                 ; no       ; On           ;
; H9       ;            ;          ; GNDA3                                                     ; gnd    ;              ;         ; --         ;                 ; --       ; --           ;
; H10      ; 514        ; 8        ; RESERVED_INPUT_WITH_WEAK_PULLUP                           ;        ;              ;         ; Column I/O ;                 ; no       ; On           ;
; H11      ;            ; 8        ; VCCIO8                                                    ; power  ;              ; 2.5V    ; --         ;                 ; --       ; --           ;
; H12      ; 507        ; 8        ; RESERVED_INPUT_WITH_WEAK_PULLUP                           ;        ;              ;         ; Column I/O ;                 ; no       ; On           ;
; H13      ; 494        ; 8        ; segv4[6]                                                  ; output ; 2.5 V        ;         ; Column I/O ; N               ; no       ; Off          ;
; H14      ; 480        ; 8        ; RESERVED_INPUT_WITH_WEAK_PULLUP                           ;        ;              ;         ; Column I/O ;                 ; no       ; On           ;
; H15      ; 464        ; 7        ; RESERVED_INPUT_WITH_WEAK_PULLUP                           ;        ;              ;         ; Column I/O ;                 ; no       ; On           ;
; H16      ; 459        ; 7        ; RESERVED_INPUT_WITH_WEAK_PULLUP                           ;        ;              ;         ; Column I/O ;                 ; no       ; On           ;
; H17      ; 454        ; 7        ; RESERVED_INPUT_WITH_WEAK_PULLUP                           ;        ;              ;         ; Column I/O ;                 ; no       ; On           ;
; H18      ;            ; 7        ; VCCIO7                                                    ; power  ;              ; 2.5V    ; --         ;                 ; --       ; --           ;
; H19      ; 446        ; 7        ; RESERVED_INPUT_WITH_WEAK_PULLUP                           ;        ;              ;         ; Column I/O ;                 ; no       ; On           ;
; H20      ;            ;          ; GNDA2                                                     ; gnd    ;              ;         ; --         ;                 ; --       ; --           ;
; H21      ; 448        ; 7        ; RESERVED_INPUT_WITH_WEAK_PULLUP                           ;        ;              ;         ; Column I/O ;                 ; no       ; On           ;
; H22      ; 399        ; 6        ; RESERVED_INPUT_WITH_WEAK_PULLUP                           ;        ;              ;         ; Row I/O    ;                 ; no       ; On           ;
; H23      ; 391        ; 6        ; RESERVED_INPUT_WITH_WEAK_PULLUP                           ;        ;              ;         ; Row I/O    ;                 ; no       ; On           ;
; H24      ; 390        ; 6        ; RESERVED_INPUT_WITH_WEAK_PULLUP                           ;        ;              ;         ; Row I/O    ;                 ; no       ; On           ;
; H25      ; 377        ; 6        ; bcdv[3]                                                   ; output ; 2.5 V        ;         ; Row I/O    ; N               ; no       ; Off          ;
; H26      ; 376        ; 6        ; RESERVED_INPUT_WITH_WEAK_PULLUP                           ;        ;              ;         ; Row I/O    ;                 ; no       ; On           ;
; H27      ;            ;          ; GND                                                       ; gnd    ;              ;         ; --         ;                 ; --       ; --           ;
; H28      ;            ; 6        ; VCCIO6                                                    ; power  ;              ; 2.5V    ; --         ;                 ; --       ; --           ;
; J1       ; 64         ; 1        ; GND+                                                      ;        ;              ;         ; Row I/O    ;                 ; --       ; --           ;
; J2       ;            ;          ; GND                                                       ; gnd    ;              ;         ; --         ;                 ; --       ; --           ;
; J3       ; 23         ; 1        ; Qv[4]                                                     ; output ; 2.5 V        ;         ; Row I/O    ; N               ; no       ; Off          ;
; J4       ; 22         ; 1        ; RESERVED_INPUT_WITH_WEAK_PULLUP                           ;        ;              ;         ; Row I/O    ;                 ; no       ; On           ;
; J5       ; 36         ; 1        ; RESERVED_INPUT_WITH_WEAK_PULLUP                           ;        ;              ;         ; Row I/O    ;                 ; no       ; On           ;
; J6       ; 35         ; 1        ; segv4[4]                                                  ; output ; 2.5 V        ;         ; Row I/O    ; N               ; no       ; Off          ;
; J7       ; 37         ; 1        ; RESERVED_INPUT_WITH_WEAK_PULLUP                           ;        ;              ;         ; Row I/O    ;                 ; no       ; On           ;
; J8       ;            ; --       ; VCCA3                                                     ; power  ;              ; 2.5V    ; --         ;                 ; --       ; --           ;
; J9       ;            ;          ; VCCD_PLL3                                                 ; power  ;              ; 1.2V    ; --         ;                 ; --       ; --           ;
; J10      ; 515        ; 8        ; RESERVED_INPUT_WITH_WEAK_PULLUP                           ;        ;              ;         ; Column I/O ;                 ; no       ; On           ;
; J11      ;            ;          ; GND                                                       ; gnd    ;              ;         ; --         ;                 ; --       ; --           ;
; J12      ; 490        ; 8        ; RESERVED_INPUT_WITH_WEAK_PULLUP                           ;        ;              ;         ; Column I/O ;                 ; no       ; On           ;
; J13      ; 489        ; 8        ; RESERVED_INPUT_WITH_WEAK_PULLUP                           ;        ;              ;         ; Column I/O ;                 ; no       ; On           ;
; J14      ; 481        ; 8        ; RESERVED_INPUT_WITH_WEAK_PULLUP                           ;        ;              ;         ; Column I/O ;                 ; no       ; On           ;
; J15      ; 465        ; 7        ; RESERVED_INPUT_WITH_WEAK_PULLUP                           ;        ;              ;         ; Column I/O ;                 ; no       ; On           ;
; J16      ; 458        ; 7        ; RESERVED_INPUT_WITH_WEAK_PULLUP                           ;        ;              ;         ; Column I/O ;                 ; no       ; On           ;
; J17      ; 450        ; 7        ; segvv2[0]                                                 ; output ; 2.5 V        ;         ; Column I/O ; N               ; no       ; Off          ;
; J18      ;            ;          ; GND                                                       ; gnd    ;              ;         ; --         ;                 ; --       ; --           ;
; J19      ; 447        ; 7        ; segv6[5]                                                  ; output ; 2.5 V        ;         ; Column I/O ; N               ; no       ; Off          ;
; J20      ;            ;          ; VCCD_PLL2                                                 ; power  ;              ; 1.2V    ; --         ;                 ; --       ; --           ;
; J21      ;            ; --       ; VCCA2                                                     ; power  ;              ; 2.5V    ; --         ;                 ; --       ; --           ;
; J22      ; 394        ; 6        ; RESERVED_INPUT_WITH_WEAK_PULLUP                           ;        ;              ;         ; Row I/O    ;                 ; --       ; --           ;
; J23      ; 387        ; 6        ; RESERVED_INPUT_WITH_WEAK_PULLUP                           ;        ;              ;         ; Row I/O    ;                 ; no       ; On           ;
; J24      ; 386        ; 6        ; RESERVED_INPUT_WITH_WEAK_PULLUP                           ;        ;              ;         ; Row I/O    ;                 ; no       ; On           ;
; J25      ; 365        ; 6        ; RESERVED_INPUT_WITH_WEAK_PULLUP                           ;        ;              ;         ; Row I/O    ;                 ; no       ; On           ;
; J26      ; 364        ; 6        ; RESERVED_INPUT_WITH_WEAK_PULLUP                           ;        ;              ;         ; Row I/O    ;                 ; no       ; On           ;
; J27      ; 338        ; 6        ; GND+                                                      ;        ;              ;         ; Row I/O    ;                 ; --       ; --           ;
; J28      ; 337        ; 6        ; GND+                                                      ;        ;              ;         ; Row I/O    ;                 ; --       ; --           ;
; K1       ; 28         ; 1        ; RESERVED_INPUT_WITH_WEAK_PULLUP                           ;        ;              ;         ; Row I/O    ;                 ; no       ; On           ;
; K2       ; 27         ; 1        ; RESERVED_INPUT_WITH_WEAK_PULLUP                           ;        ;              ;         ; Row I/O    ;                 ; no       ; On           ;
; K3       ; 30         ; 1        ; RESERVED_INPUT_WITH_WEAK_PULLUP                           ;        ;              ;         ; Row I/O    ;                 ; no       ; On           ;
; K4       ; 29         ; 1        ; RESERVED_INPUT_WITH_WEAK_PULLUP                           ;        ;              ;         ; Row I/O    ;                 ; no       ; On           ;
; K5       ;            ; 1        ; VCCIO1                                                    ; power  ;              ; 2.5V    ; --         ;                 ; --       ; --           ;
; K6       ;            ;          ; GND                                                       ; gnd    ;              ;         ; --         ;                 ; --       ; --           ;
; K7       ; 38         ; 1        ; RESERVED_INPUT_WITH_WEAK_PULLUP                           ;        ;              ;         ; Row I/O    ;                 ; no       ; On           ;
; K8       ; 39         ; 1        ; RESERVED_INPUT_WITH_WEAK_PULLUP                           ;        ;              ;         ; Row I/O    ;                 ; no       ; On           ;
; K9       ;            ;          ; VCCINT                                                    ; power  ;              ; 1.2V    ; --         ;                 ; --       ; --           ;
; K10      ;            ;          ; GND                                                       ; gnd    ;              ;         ; --         ;                 ; --       ; --           ;
; K11      ;            ;          ; VCCINT                                                    ; power  ;              ; 1.2V    ; --         ;                 ; --       ; --           ;
; K12      ;            ;          ; GND                                                       ; gnd    ;              ;         ; --         ;                 ; --       ; --           ;
; K13      ;            ;          ; VCCINT                                                    ; power  ;              ; 1.2V    ; --         ;                 ; --       ; --           ;
; K14      ;            ;          ; GND                                                       ; gnd    ;              ;         ; --         ;                 ; --       ; --           ;
; K15      ;            ;          ; VCCINT                                                    ; power  ;              ; 1.2V    ; --         ;                 ; --       ; --           ;
; K16      ;            ;          ; GND                                                       ; gnd    ;              ;         ; --         ;                 ; --       ; --           ;
; K17      ;            ;          ; VCCINT                                                    ; power  ;              ; 1.2V    ; --         ;                 ; --       ; --           ;
; K18      ;            ;          ; GND                                                       ; gnd    ;              ;         ; --         ;                 ; --       ; --           ;
; K19      ;            ;          ; VCCINT                                                    ; power  ;              ; 1.2V    ; --         ;                 ; --       ; --           ;
; K20      ;            ;          ; GND                                                       ; gnd    ;              ;         ; --         ;                 ; --       ; --           ;
; K21      ; 389        ; 6        ; RESERVED_INPUT_WITH_WEAK_PULLUP                           ;        ;              ;         ; Row I/O    ;                 ; no       ; On           ;
; K22      ; 388        ; 6        ; RESERVED_INPUT_WITH_WEAK_PULLUP                           ;        ;              ;         ; Row I/O    ;                 ; no       ; On           ;
; K23      ;            ;          ; GND                                                       ; gnd    ;              ;         ; --         ;                 ; --       ; --           ;
; K24      ;            ; 6        ; VCCIO6                                                    ; power  ;              ; 2.5V    ; --         ;                 ; --       ; --           ;
; K25      ; 371        ; 6        ; RESERVED_INPUT_WITH_WEAK_PULLUP                           ;        ;              ;         ; Row I/O    ;                 ; no       ; On           ;
; K26      ; 370        ; 6        ; RESERVED_INPUT_WITH_WEAK_PULLUP                           ;        ;              ;         ; Row I/O    ;                 ; no       ; On           ;
; K27      ; 362        ; 6        ; segv5[0]                                                  ; output ; 2.5 V        ;         ; Row I/O    ; N               ; no       ; Off          ;
; K28      ; 361        ; 6        ; segv5[5]                                                  ; output ; 2.5 V        ;         ; Row I/O    ; N               ; no       ; Off          ;
; L1       ; 49         ; 1        ; RESERVED_INPUT_WITH_WEAK_PULLUP                           ;        ;              ;         ; Row I/O    ;                 ; no       ; On           ;
; L2       ; 48         ; 1        ; RESERVED_INPUT_WITH_WEAK_PULLUP                           ;        ;              ;         ; Row I/O    ;                 ; no       ; On           ;
; L3       ; 32         ; 1        ; RESERVED_INPUT_WITH_WEAK_PULLUP                           ;        ;              ;         ; Row I/O    ;                 ; no       ; On           ;
; L4       ; 31         ; 1        ; RESERVED_INPUT_WITH_WEAK_PULLUP                           ;        ;              ;         ; Row I/O    ;                 ; no       ; On           ;
; L5       ; 21         ; 1        ; b8_inv[7]                                                 ; input  ; 2.5 V        ;         ; Row I/O    ; N               ; no       ; Off          ;
; L6       ; 43         ; 1        ; RESERVED_INPUT_WITH_WEAK_PULLUP                           ;        ;              ;         ; Row I/O    ;                 ; no       ; On           ;
; L7       ; 42         ; 1        ; bv[1]                                                     ; output ; 2.5 V        ;         ; Row I/O    ; N               ; no       ; Off          ;
; L8       ; 40         ; 1        ; RESERVED_INPUT_WITH_WEAK_PULLUP                           ;        ;              ;         ; Row I/O    ;                 ; no       ; On           ;
; L9       ;            ;          ; GND                                                       ; gnd    ;              ;         ; --         ;                 ; --       ; --           ;
; L10      ;            ;          ; VCCINT                                                    ; power  ;              ; 1.2V    ; --         ;                 ; --       ; --           ;
; L11      ;            ;          ; GND                                                       ; gnd    ;              ;         ; --         ;                 ; --       ; --           ;
; L12      ;            ;          ; VCCINT                                                    ; power  ;              ; 1.2V    ; --         ;                 ; --       ; --           ;
; L13      ;            ;          ; GND                                                       ; gnd    ;              ;         ; --         ;                 ; --       ; --           ;
; L14      ;            ;          ; VCCINT                                                    ; power  ;              ; 1.2V    ; --         ;                 ; --       ; --           ;
; L15      ;            ;          ; GND                                                       ; gnd    ;              ;         ; --         ;                 ; --       ; --           ;
; L16      ;            ;          ; VCCINT                                                    ; power  ;              ; 1.2V    ; --         ;                 ; --       ; --           ;
; L17      ;            ;          ; GND                                                       ; gnd    ;              ;         ; --         ;                 ; --       ; --           ;
; L18      ;            ;          ; VCCINT                                                    ; power  ;              ; 1.2V    ; --         ;                 ; --       ; --           ;
; L19      ;            ;          ; GND                                                       ; gnd    ;              ;         ; --         ;                 ; --       ; --           ;
; L20      ;            ;          ; VCCINT                                                    ; power  ;              ; 1.2V    ; --         ;                 ; --       ; --           ;
; L21      ; 385        ; 6        ; RESERVED_INPUT_WITH_WEAK_PULLUP                           ;        ;              ;         ; Row I/O    ;                 ; no       ; On           ;
; L22      ; 384        ; 6        ; segvv2[1]                                                 ; output ; 2.5 V        ;         ; Row I/O    ; N               ; no       ; Off          ;
; L23      ; 360        ; 6        ; RESERVED_INPUT_WITH_WEAK_PULLUP                           ;        ;              ;         ; Row I/O    ;                 ; no       ; On           ;
; L24      ; 359        ; 6        ; RESERVED_INPUT_WITH_WEAK_PULLUP                           ;        ;              ;         ; Row I/O    ;                 ; no       ; On           ;
; L25      ; 369        ; 6        ; RESERVED_INPUT_WITH_WEAK_PULLUP                           ;        ;              ;         ; Row I/O    ;                 ; no       ; On           ;
; L26      ; 363        ; 6        ; RESERVED_INPUT_WITH_WEAK_PULLUP                           ;        ;              ;         ; Row I/O    ;                 ; no       ; On           ;
; L27      ; 358        ; 6        ; RESERVED_INPUT_WITH_WEAK_PULLUP                           ;        ;              ;         ; Row I/O    ;                 ; no       ; On           ;
; L28      ; 357        ; 6        ; RESERVED_INPUT_WITH_WEAK_PULLUP                           ;        ;              ;         ; Row I/O    ;                 ; no       ; On           ;
; M1       ; 51         ; 1        ; RESERVED_INPUT_WITH_WEAK_PULLUP                           ;        ;              ;         ; Row I/O    ;                 ; no       ; On           ;
; M2       ; 50         ; 1        ; RESERVED_INPUT_WITH_WEAK_PULLUP                           ;        ;              ;         ; Row I/O    ;                 ; no       ; On           ;
; M3       ; 34         ; 1        ; RESERVED_INPUT_WITH_WEAK_PULLUP                           ;        ;              ;         ; Row I/O    ;                 ; no       ; On           ;
; M4       ; 33         ; 1        ; sum12_ouvt[9]                                             ; output ; 2.5 V        ;         ; Row I/O    ; N               ; no       ; Off          ;
; M5       ; 41         ; 1        ; RESERVED_INPUT_WITH_WEAK_PULLUP                           ;        ;              ;         ; Row I/O    ;                 ; --       ; --           ;
; M6       ; 24         ; 1        ; ^nSTATUS                                                  ;        ;              ;         ; --         ;                 ; --       ; --           ;
; M7       ; 47         ; 1        ; RESERVED_INPUT_WITH_WEAK_PULLUP                           ;        ;              ;         ; Row I/O    ;                 ; no       ; On           ;
; M8       ; 46         ; 1        ; RESERVED_INPUT_WITH_WEAK_PULLUP                           ;        ;              ;         ; Row I/O    ;                 ; no       ; On           ;
; M9       ;            ;          ; VCCINT                                                    ; power  ;              ; 1.2V    ; --         ;                 ; --       ; --           ;
; M10      ;            ;          ; GND                                                       ; gnd    ;              ;         ; --         ;                 ; --       ; --           ;
; M11      ;            ;          ; VCCINT                                                    ; power  ;              ; 1.2V    ; --         ;                 ; --       ; --           ;
; M12      ;            ;          ; GND                                                       ; gnd    ;              ;         ; --         ;                 ; --       ; --           ;
; M13      ;            ;          ; VCCINT                                                    ; power  ;              ; 1.2V    ; --         ;                 ; --       ; --           ;
; M14      ;            ;          ; GND                                                       ; gnd    ;              ;         ; --         ;                 ; --       ; --           ;
; M15      ;            ;          ; VCCINT                                                    ; power  ;              ; 1.2V    ; --         ;                 ; --       ; --           ;
; M16      ;            ;          ; GND                                                       ; gnd    ;              ;         ; --         ;                 ; --       ; --           ;
; M17      ;            ;          ; VCCINT                                                    ; power  ;              ; 1.2V    ; --         ;                 ; --       ; --           ;
; M18      ;            ;          ; GND                                                       ; gnd    ;              ;         ; --         ;                 ; --       ; --           ;
; M19      ;            ;          ; VCCINT                                                    ; power  ;              ; 1.2V    ; --         ;                 ; --       ; --           ;
; M20      ;            ;          ; GND                                                       ; gnd    ;              ;         ; --         ;                 ; --       ; --           ;
; M21      ; 368        ; 6        ; RESERVED_INPUT_WITH_WEAK_PULLUP                           ;        ;              ;         ; Row I/O    ;                 ; --       ; --           ;
; M22      ; 342        ; 6        ; ^MSEL2                                                    ;        ;              ;         ; --         ;                 ; --       ; --           ;
; M23      ; 344        ; 6        ; RESERVED_INPUT_WITH_WEAK_PULLUP                           ;        ;              ;         ; Row I/O    ;                 ; no       ; On           ;
; M24      ; 347        ; 6        ; RESERVED_INPUT_WITH_WEAK_PULLUP                           ;        ;              ;         ; Row I/O    ;                 ; no       ; On           ;
; M25      ; 356        ; 6        ; RESERVED_INPUT_WITH_WEAK_PULLUP                           ;        ;              ;         ; Row I/O    ;                 ; no       ; On           ;
; M26      ; 355        ; 6        ; RESERVED_INPUT_WITH_WEAK_PULLUP                           ;        ;              ;         ; Row I/O    ;                 ; no       ; On           ;
; M27      ; 354        ; 6        ; RESERVED_INPUT_WITH_WEAK_PULLUP                           ;        ;              ;         ; Row I/O    ;                 ; no       ; On           ;
; M28      ; 353        ; 6        ; sum8_outv[7]                                              ; output ; 2.5 V        ;         ; Row I/O    ; N               ; no       ; Off          ;
; N1       ;            ; 1        ; VCCIO1                                                    ; power  ;              ; 2.5V    ; --         ;                 ; --       ; --           ;
; N2       ;            ;          ; GND                                                       ; gnd    ;              ;         ; --         ;                 ; --       ; --           ;
; N3       ; 45         ; 1        ; RESERVED_INPUT_WITH_WEAK_PULLUP                           ;        ;              ;         ; Row I/O    ;                 ; no       ; On           ;
; N4       ; 44         ; 1        ; RESERVED_INPUT_WITH_WEAK_PULLUP                           ;        ;              ;         ; Row I/O    ;                 ; no       ; On           ;
; N5       ;            ; 1        ; VCCIO1                                                    ; power  ;              ; 2.5V    ; --         ;                 ; --       ; --           ;
; N6       ;            ;          ; GND                                                       ; gnd    ;              ;         ; --         ;                 ; --       ; --           ;
; N7       ; 56         ; 1        ; ~ALTERA_DATA0~ / RESERVED_INPUT_WITH_WEAK_PULLUP          ; input  ; 2.5 V        ;         ; Row I/O    ; N               ; no       ; On           ;
; N8       ; 54         ; 1        ; RESERVED_INPUT_WITH_WEAK_PULLUP                           ;        ;              ;         ; Row I/O    ;                 ; no       ; On           ;
; N9       ;            ;          ; GND                                                       ; gnd    ;              ;         ; --         ;                 ; --       ; --           ;
; N10      ;            ;          ; VCCINT                                                    ; power  ;              ; 1.2V    ; --         ;                 ; --       ; --           ;
; N11      ;            ;          ; GND                                                       ; gnd    ;              ;         ; --         ;                 ; --       ; --           ;
; N12      ;            ;          ; VCCINT                                                    ; power  ;              ; 1.2V    ; --         ;                 ; --       ; --           ;
; N13      ;            ;          ; GND                                                       ; gnd    ;              ;         ; --         ;                 ; --       ; --           ;
; N14      ;            ;          ; VCCINT                                                    ; power  ;              ; 1.2V    ; --         ;                 ; --       ; --           ;
; N15      ;            ;          ; GND                                                       ; gnd    ;              ;         ; --         ;                 ; --       ; --           ;
; N16      ;            ;          ; VCCINT                                                    ; power  ;              ; 1.2V    ; --         ;                 ; --       ; --           ;
; N17      ;            ;          ; GND                                                       ; gnd    ;              ;         ; --         ;                 ; --       ; --           ;
; N18      ;            ;          ; VCCINT                                                    ; power  ;              ; 1.2V    ; --         ;                 ; --       ; --           ;
; N19      ;            ;          ; GND                                                       ; gnd    ;              ;         ; --         ;                 ; --       ; --           ;
; N20      ;            ;          ; VCCINT                                                    ; power  ;              ; 1.2V    ; --         ;                 ; --       ; --           ;
; N21      ; 348        ; 6        ; b8_inv[1]                                                 ; input  ; 2.5 V        ;         ; Row I/O    ; N               ; no       ; Off          ;
; N22      ; 340        ; 6        ; ^MSEL0                                                    ;        ;              ;         ; --         ;                 ; --       ; --           ;
; N23      ;            ;          ; GND                                                       ; gnd    ;              ;         ; --         ;                 ; --       ; --           ;
; N24      ;            ; 6        ; VCCIO6                                                    ; power  ;              ; 2.5V    ; --         ;                 ; --       ; --           ;
; N25      ; 352        ; 6        ; RESERVED_INPUT_WITH_WEAK_PULLUP                           ;        ;              ;         ; Row I/O    ;                 ; no       ; On           ;
; N26      ; 351        ; 6        ; RESERVED_INPUT_WITH_WEAK_PULLUP                           ;        ;              ;         ; Row I/O    ;                 ; no       ; On           ;
; N27      ;            ;          ; GND                                                       ; gnd    ;              ;         ; --         ;                 ; --       ; --           ;
; N28      ;            ; 6        ; VCCIO6                                                    ; power  ;              ; 2.5V    ; --         ;                 ; --       ; --           ;
; P1       ; 53         ; 1        ; RESERVED_INPUT_WITH_WEAK_PULLUP                           ;        ;              ;         ; Row I/O    ;                 ; no       ; On           ;
; P2       ; 52         ; 1        ; RESERVED_INPUT_WITH_WEAK_PULLUP                           ;        ;              ;         ; Row I/O    ;                 ; no       ; On           ;
; P3       ; 55         ; 1        ; ~ALTERA_DCLK~                                             ; output ; 2.5 V        ;         ; Row I/O    ; N               ; no       ; On           ;
; P4       ; 57         ; 1        ; ^nCONFIG                                                  ;        ;              ;         ; --         ;                 ; --       ; --           ;
; P5       ; 59         ; 1        ; #TCK                                                      ; input  ;              ;         ; --         ;                 ; --       ; --           ;
; P6       ; 61         ; 1        ; #TDO                                                      ; output ;              ;         ; --         ;                 ; --       ; --           ;
; P7       ; 58         ; 1        ; #TDI                                                      ; input  ;              ;         ; --         ;                 ; --       ; --           ;
; P8       ; 60         ; 1        ; #TMS                                                      ; input  ;              ;         ; --         ;                 ; --       ; --           ;
; P9       ;            ;          ; VCCINT                                                    ; power  ;              ; 1.2V    ; --         ;                 ; --       ; --           ;
; P10      ;            ;          ; GND                                                       ; gnd    ;              ;         ; --         ;                 ; --       ; --           ;
; P11      ;            ;          ; VCCINT                                                    ; power  ;              ; 1.2V    ; --         ;                 ; --       ; --           ;
; P12      ;            ;          ; GND                                                       ; gnd    ;              ;         ; --         ;                 ; --       ; --           ;
; P13      ;            ;          ; VCCINT                                                    ; power  ;              ; 1.2V    ; --         ;                 ; --       ; --           ;
; P14      ;            ;          ; GND                                                       ; gnd    ;              ;         ; --         ;                 ; --       ; --           ;
; P15      ;            ;          ; VCCINT                                                    ; power  ;              ; 1.2V    ; --         ;                 ; --       ; --           ;
; P16      ;            ;          ; GND                                                       ; gnd    ;              ;         ; --         ;                 ; --       ; --           ;
; P17      ;            ;          ; VCCINT                                                    ; power  ;              ; 1.2V    ; --         ;                 ; --       ; --           ;
; P18      ;            ;          ; GND                                                       ; gnd    ;              ;         ; --         ;                 ; --       ; --           ;
; P19      ;            ;          ; VCCINT                                                    ; power  ;              ; 1.2V    ; --         ;                 ; --       ; --           ;
; P20      ;            ;          ; GND                                                       ; gnd    ;              ;         ; --         ;                 ; --       ; --           ;
; P21      ; 334        ; 5        ; RESERVED_INPUT_WITH_WEAK_PULLUP                           ;        ;              ;         ; Row I/O    ;                 ; no       ; On           ;
; P22      ; 343        ; 6        ; ^MSEL3                                                    ;        ;              ;         ; --         ;                 ; --       ; --           ;
; P23      ; 341        ; 6        ; ^MSEL1                                                    ;        ;              ;         ; --         ;                 ; --       ; --           ;
; P24      ; 339        ; 6        ; ^CONF_DONE                                                ;        ;              ;         ; --         ;                 ; --       ; --           ;
; P25      ; 346        ; 6        ; RESERVED_INPUT_WITH_WEAK_PULLUP                           ;        ;              ;         ; Row I/O    ;                 ; no       ; On           ;
; P26      ; 345        ; 6        ; RESERVED_INPUT_WITH_WEAK_PULLUP                           ;        ;              ;         ; Row I/O    ;                 ; no       ; On           ;
; P27      ; 350        ; 6        ; b8_inv[6]                                                 ; input  ; 2.5 V        ;         ; Row I/O    ; N               ; no       ; Off          ;
; P28      ; 349        ; 6        ; ~ALTERA_nCEO~ / RESERVED_OUTPUT_OPEN_DRAIN                ; output ; 2.5 V        ;         ; Row I/O    ; N               ; no       ; Off          ;
; R1       ; 68         ; 2        ; RESERVED_INPUT_WITH_WEAK_PULLUP                           ;        ;              ;         ; Row I/O    ;                 ; no       ; On           ;
; R2       ; 67         ; 2        ; RESERVED_INPUT_WITH_WEAK_PULLUP                           ;        ;              ;         ; Row I/O    ;                 ; no       ; On           ;
; R3       ; 73         ; 2        ; RESERVED_INPUT_WITH_WEAK_PULLUP                           ;        ;              ;         ; Row I/O    ;                 ; no       ; On           ;
; R4       ; 74         ; 2        ; RESERVED_INPUT_WITH_WEAK_PULLUP                           ;        ;              ;         ; Row I/O    ;                 ; no       ; On           ;
; R5       ; 77         ; 2        ; RESERVED_INPUT_WITH_WEAK_PULLUP                           ;        ;              ;         ; Row I/O    ;                 ; no       ; On           ;
; R6       ; 70         ; 2        ; RESERVED_INPUT_WITH_WEAK_PULLUP                           ;        ;              ;         ; Row I/O    ;                 ; no       ; On           ;
; R7       ; 69         ; 2        ; RESERVED_INPUT_WITH_WEAK_PULLUP                           ;        ;              ;         ; Row I/O    ;                 ; no       ; On           ;
; R8       ; 62         ; 1        ; ^nCE                                                      ;        ;              ;         ; --         ;                 ; --       ; --           ;
; R9       ;            ;          ; GND                                                       ; gnd    ;              ;         ; --         ;                 ; --       ; --           ;
; R10      ;            ;          ; VCCINT                                                    ; power  ;              ; 1.2V    ; --         ;                 ; --       ; --           ;
; R11      ;            ;          ; GND                                                       ; gnd    ;              ;         ; --         ;                 ; --       ; --           ;
; R12      ;            ;          ; VCCINT                                                    ; power  ;              ; 1.2V    ; --         ;                 ; --       ; --           ;
; R13      ;            ;          ; GND                                                       ; gnd    ;              ;         ; --         ;                 ; --       ; --           ;
; R14      ;            ;          ; VCCINT                                                    ; power  ;              ; 1.2V    ; --         ;                 ; --       ; --           ;
; R15      ;            ;          ; GND                                                       ; gnd    ;              ;         ; --         ;                 ; --       ; --           ;
; R16      ;            ;          ; VCCINT                                                    ; power  ;              ; 1.2V    ; --         ;                 ; --       ; --           ;
; R17      ;            ;          ; GND                                                       ; gnd    ;              ;         ; --         ;                 ; --       ; --           ;
; R18      ;            ;          ; VCCINT                                                    ; power  ;              ; 1.2V    ; --         ;                 ; --       ; --           ;
; R19      ;            ;          ; GND                                                       ; gnd    ;              ;         ; --         ;                 ; --       ; --           ;
; R20      ;            ;          ; VCCINT                                                    ; power  ;              ; 1.2V    ; --         ;                 ; --       ; --           ;
; R21      ; 333        ; 5        ; segvv2[3]                                                 ; output ; 2.5 V        ;         ; Row I/O    ; N               ; no       ; Off          ;
; R22      ; 332        ; 5        ; bcdv[5]                                                   ; output ; 2.5 V        ;         ; Row I/O    ; N               ; no       ; Off          ;
; R23      ; 331        ; 5        ; RESERVED_INPUT_WITH_WEAK_PULLUP                           ;        ;              ;         ; Row I/O    ;                 ; no       ; On           ;
; R24      ; 330        ; 5        ; RESERVED_INPUT_WITH_WEAK_PULLUP                           ;        ;              ;         ; Row I/O    ;                 ; no       ; On           ;
; R25      ; 327        ; 5        ; RESERVED_INPUT_WITH_WEAK_PULLUP                           ;        ;              ;         ; Row I/O    ;                 ; no       ; On           ;
; R26      ; 326        ; 5        ; bcdv[7]                                                   ; output ; 2.5 V        ;         ; Row I/O    ; N               ; no       ; Off          ;
; R27      ; 329        ; 5        ; RESERVED_INPUT_WITH_WEAK_PULLUP                           ;        ;              ;         ; Row I/O    ;                 ; no       ; On           ;
; R28      ; 328        ; 5        ; RESERVED_INPUT_WITH_WEAK_PULLUP                           ;        ;              ;         ; Row I/O    ;                 ; no       ; On           ;
; T1       ;            ; 2        ; VCCIO2                                                    ; power  ;              ; 2.5V    ; --         ;                 ; --       ; --           ;
; T2       ;            ;          ; GND                                                       ; gnd    ;              ;         ; --         ;                 ; --       ; --           ;
; T3       ; 76         ; 2        ; RESERVED_INPUT_WITH_WEAK_PULLUP                           ;        ;              ;         ; Row I/O    ;                 ; no       ; On           ;
; T4       ; 75         ; 2        ; av[3]                                                     ; output ; 2.5 V        ;         ; Row I/O    ; N               ; no       ; Off          ;
; T5       ;            ; 2        ; VCCIO2                                                    ; power  ;              ; 2.5V    ; --         ;                 ; --       ; --           ;
; T6       ;            ;          ; GND                                                       ; gnd    ;              ;         ; --         ;                 ; --       ; --           ;
; T7       ; 78         ; 2        ; RESERVED_INPUT_WITH_WEAK_PULLUP                           ;        ;              ;         ; Row I/O    ;                 ; --       ; --           ;
; T8       ; 100        ; 2        ; RESERVED_INPUT_WITH_WEAK_PULLUP                           ;        ;              ;         ; Row I/O    ;                 ; --       ; --           ;
; T9       ;            ;          ; VCCINT                                                    ; power  ;              ; 1.2V    ; --         ;                 ; --       ; --           ;
; T10      ;            ;          ; GND                                                       ; gnd    ;              ;         ; --         ;                 ; --       ; --           ;
; T11      ;            ;          ; VCCINT                                                    ; power  ;              ; 1.2V    ; --         ;                 ; --       ; --           ;
; T12      ;            ;          ; GND                                                       ; gnd    ;              ;         ; --         ;                 ; --       ; --           ;
; T13      ;            ;          ; VCCINT                                                    ; power  ;              ; 1.2V    ; --         ;                 ; --       ; --           ;
; T14      ;            ;          ; GND                                                       ; gnd    ;              ;         ; --         ;                 ; --       ; --           ;
; T15      ;            ;          ; VCCINT                                                    ; power  ;              ; 1.2V    ; --         ;                 ; --       ; --           ;
; T16      ;            ;          ; GND                                                       ; gnd    ;              ;         ; --         ;                 ; --       ; --           ;
; T17      ;            ;          ; VCCINT                                                    ; power  ;              ; 1.2V    ; --         ;                 ; --       ; --           ;
; T18      ;            ;          ; GND                                                       ; gnd    ;              ;         ; --         ;                 ; --       ; --           ;
; T19      ;            ;          ; VCCINT                                                    ; power  ;              ; 1.2V    ; --         ;                 ; --       ; --           ;
; T20      ;            ;          ; GND                                                       ; gnd    ;              ;         ; --         ;                 ; --       ; --           ;
; T21      ; 325        ; 5        ; RESERVED_INPUT_WITH_WEAK_PULLUP                           ;        ;              ;         ; Row I/O    ;                 ; no       ; On           ;
; T22      ; 324        ; 5        ; RESERVED_INPUT_WITH_WEAK_PULLUP                           ;        ;              ;         ; Row I/O    ;                 ; no       ; On           ;
; T23      ;            ;          ; GND                                                       ; gnd    ;              ;         ; --         ;                 ; --       ; --           ;
; T24      ;            ; 5        ; VCCIO5                                                    ; power  ;              ; 2.5V    ; --         ;                 ; --       ; --           ;
; T25      ; 323        ; 5        ; RESERVED_INPUT_WITH_WEAK_PULLUP                           ;        ;              ;         ; Row I/O    ;                 ; no       ; On           ;
; T26      ; 322        ; 5        ; RESERVED_INPUT_WITH_WEAK_PULLUP                           ;        ;              ;         ; Row I/O    ;                 ; no       ; On           ;
; T27      ;            ;          ; GND                                                       ; gnd    ;              ;         ; --         ;                 ; --       ; --           ;
; T28      ;            ; 5        ; VCCIO5                                                    ; power  ;              ; 2.5V    ; --         ;                 ; --       ; --           ;
; U1       ; 80         ; 2        ; RESERVED_INPUT_WITH_WEAK_PULLUP                           ;        ;              ;         ; Row I/O    ;                 ; no       ; On           ;
; U2       ; 79         ; 2        ; RESERVED_INPUT_WITH_WEAK_PULLUP                           ;        ;              ;         ; Row I/O    ;                 ; no       ; On           ;
; U3       ; 71         ; 2        ; RESERVED_INPUT_WITH_WEAK_PULLUP                           ;        ;              ;         ; Row I/O    ;                 ; no       ; On           ;
; U4       ; 72         ; 2        ; RESERVED_INPUT_WITH_WEAK_PULLUP                           ;        ;              ;         ; Row I/O    ;                 ; no       ; On           ;
; U5       ; 90         ; 2        ; RESERVED_INPUT_WITH_WEAK_PULLUP                           ;        ;              ;         ; Row I/O    ;                 ; no       ; On           ;
; U6       ; 89         ; 2        ; RESERVED_INPUT_WITH_WEAK_PULLUP                           ;        ;              ;         ; Row I/O    ;                 ; no       ; On           ;
; U7       ; 103        ; 2        ; sum12_ouvt[8]                                             ; output ; 2.5 V        ;         ; Row I/O    ; N               ; no       ; Off          ;
; U8       ; 104        ; 2        ; RESERVED_INPUT_WITH_WEAK_PULLUP                           ;        ;              ;         ; Row I/O    ;                 ; no       ; On           ;
; U9       ;            ;          ; GND                                                       ; gnd    ;              ;         ; --         ;                 ; --       ; --           ;
; U10      ;            ;          ; VCCINT                                                    ; power  ;              ; 1.2V    ; --         ;                 ; --       ; --           ;
; U11      ;            ;          ; GND                                                       ; gnd    ;              ;         ; --         ;                 ; --       ; --           ;
; U12      ;            ;          ; VCCINT                                                    ; power  ;              ; 1.2V    ; --         ;                 ; --       ; --           ;
; U13      ;            ;          ; GND                                                       ; gnd    ;              ;         ; --         ;                 ; --       ; --           ;
; U14      ;            ;          ; VCCINT                                                    ; power  ;              ; 1.2V    ; --         ;                 ; --       ; --           ;
; U15      ;            ;          ; GND                                                       ; gnd    ;              ;         ; --         ;                 ; --       ; --           ;
; U16      ;            ;          ; VCCINT                                                    ; power  ;              ; 1.2V    ; --         ;                 ; --       ; --           ;
; U17      ;            ;          ; GND                                                       ; gnd    ;              ;         ; --         ;                 ; --       ; --           ;
; U18      ;            ;          ; VCCINT                                                    ; power  ;              ; 1.2V    ; --         ;                 ; --       ; --           ;
; U19      ;            ;          ; GND                                                       ; gnd    ;              ;         ; --         ;                 ; --       ; --           ;
; U20      ;            ;          ; VCCINT                                                    ; power  ;              ; 1.2V    ; --         ;                 ; --       ; --           ;
; U21      ; 319        ; 5        ; RESERVED_INPUT_WITH_WEAK_PULLUP                           ;        ;              ;         ; Row I/O    ;                 ; no       ; On           ;
; U22      ; 313        ; 5        ; sum8_outv2[1]                                             ; output ; 2.5 V        ;         ; Row I/O    ; N               ; no       ; Off          ;
; U23      ; 305        ; 5        ; sum8_outv2[2]                                             ; output ; 2.5 V        ;         ; Row I/O    ; N               ; no       ; Off          ;
; U24      ; 316        ; 5        ; RESERVED_INPUT_WITH_WEAK_PULLUP                           ;        ;              ;         ; Row I/O    ;                 ; --       ; --           ;
; U25      ; 315        ; 5        ; RESERVED_INPUT_WITH_WEAK_PULLUP                           ;        ;              ;         ; Row I/O    ;                 ; no       ; On           ;
; U26      ; 314        ; 5        ; RESERVED_INPUT_WITH_WEAK_PULLUP                           ;        ;              ;         ; Row I/O    ;                 ; no       ; On           ;
; U27      ; 318        ; 5        ; RESERVED_INPUT_WITH_WEAK_PULLUP                           ;        ;              ;         ; Row I/O    ;                 ; no       ; On           ;
; U28      ; 317        ; 5        ; RESERVED_INPUT_WITH_WEAK_PULLUP                           ;        ;              ;         ; Row I/O    ;                 ; no       ; On           ;
; V1       ; 84         ; 2        ; RESERVED_INPUT_WITH_WEAK_PULLUP                           ;        ;              ;         ; Row I/O    ;                 ; no       ; On           ;
; V2       ; 83         ; 2        ; segv4[5]                                                  ; output ; 2.5 V        ;         ; Row I/O    ; N               ; no       ; Off          ;
; V3       ; 82         ; 2        ; RESERVED_INPUT_WITH_WEAK_PULLUP                           ;        ;              ;         ; Row I/O    ;                 ; no       ; On           ;
; V4       ; 81         ; 2        ; RESERVED_INPUT_WITH_WEAK_PULLUP                           ;        ;              ;         ; Row I/O    ;                 ; no       ; On           ;
; V5       ; 108        ; 2        ; sum8_outv[5]                                              ; output ; 2.5 V        ;         ; Row I/O    ; N               ; no       ; Off          ;
; V6       ; 107        ; 2        ; RESERVED_INPUT_WITH_WEAK_PULLUP                           ;        ;              ;         ; Row I/O    ;                 ; no       ; On           ;
; V7       ; 110        ; 2        ; RESERVED_INPUT_WITH_WEAK_PULLUP                           ;        ;              ;         ; Row I/O    ;                 ; no       ; On           ;
; V8       ; 109        ; 2        ; RESERVED_INPUT_WITH_WEAK_PULLUP                           ;        ;              ;         ; Row I/O    ;                 ; no       ; On           ;
; V9       ;            ;          ; VCCINT                                                    ; power  ;              ; 1.2V    ; --         ;                 ; --       ; --           ;
; V10      ;            ;          ; GND                                                       ; gnd    ;              ;         ; --         ;                 ; --       ; --           ;
; V11      ;            ;          ; VCCINT                                                    ; power  ;              ; 1.2V    ; --         ;                 ; --       ; --           ;
; V12      ;            ;          ; GND                                                       ; gnd    ;              ;         ; --         ;                 ; --       ; --           ;
; V13      ;            ;          ; VCCINT                                                    ; power  ;              ; 1.2V    ; --         ;                 ; --       ; --           ;
; V14      ;            ;          ; GND                                                       ; gnd    ;              ;         ; --         ;                 ; --       ; --           ;
; V15      ;            ;          ; VCCINT                                                    ; power  ;              ; 1.2V    ; --         ;                 ; --       ; --           ;
; V16      ;            ;          ; GND                                                       ; gnd    ;              ;         ; --         ;                 ; --       ; --           ;
; V17      ;            ;          ; VCCINT                                                    ; power  ;              ; 1.2V    ; --         ;                 ; --       ; --           ;
; V18      ;            ;          ; GND                                                       ; gnd    ;              ;         ; --         ;                 ; --       ; --           ;
; V19      ;            ;          ; VCCINT                                                    ; power  ;              ; 1.2V    ; --         ;                 ; --       ; --           ;
; V20      ;            ;          ; GND                                                       ; gnd    ;              ;         ; --         ;                 ; --       ; --           ;
; V21      ; 311        ; 5        ; sum8_outv2[6]                                             ; output ; 2.5 V        ;         ; Row I/O    ; N               ; no       ; Off          ;
; V22      ; 312        ; 5        ; RESERVED_INPUT_WITH_WEAK_PULLUP                           ;        ;              ;         ; Row I/O    ;                 ; no       ; On           ;
; V23      ; 309        ; 5        ; sum12_ouvtv2[0]                                           ; output ; 2.5 V        ;         ; Row I/O    ; N               ; no       ; Off          ;
; V24      ; 308        ; 5        ; sum8_outv2[0]                                             ; output ; 2.5 V        ;         ; Row I/O    ; N               ; no       ; Off          ;
; V25      ; 307        ; 5        ; sum8_outv2[4]                                             ; output ; 2.5 V        ;         ; Row I/O    ; N               ; no       ; Off          ;
; V26      ; 306        ; 5        ; sum12_ouvt[0]                                             ; output ; 2.5 V        ;         ; Row I/O    ; N               ; no       ; Off          ;
; V27      ; 304        ; 5        ; sum8_outv2[3]                                             ; output ; 2.5 V        ;         ; Row I/O    ; N               ; no       ; Off          ;
; V28      ; 303        ; 5        ; sum8_outv2[5]                                             ; output ; 2.5 V        ;         ; Row I/O    ; N               ; no       ; Off          ;
; W1       ; 88         ; 2        ; RESERVED_INPUT_WITH_WEAK_PULLUP                           ;        ;              ;         ; Row I/O    ;                 ; no       ; On           ;
; W2       ; 87         ; 2        ; RESERVED_INPUT_WITH_WEAK_PULLUP                           ;        ;              ;         ; Row I/O    ;                 ; no       ; On           ;
; W3       ; 112        ; 2        ; RESERVED_INPUT_WITH_WEAK_PULLUP                           ;        ;              ;         ; Row I/O    ;                 ; no       ; On           ;
; W4       ; 111        ; 2        ; sum8_outv[6]                                              ; output ; 2.5 V        ;         ; Row I/O    ; N               ; no       ; Off          ;
; W5       ;            ; 2        ; VCCIO2                                                    ; power  ;              ; 2.5V    ; --         ;                 ; --       ; --           ;
; W6       ;            ;          ; GND                                                       ; gnd    ;              ;         ; --         ;                 ; --       ; --           ;
; W7       ; 115        ; 2        ; RESERVED_INPUT_WITH_WEAK_PULLUP                           ;        ;              ;         ; Row I/O    ;                 ; no       ; On           ;
; W8       ; 116        ; 2        ; binv[0]                                                   ; input  ; 2.5 V        ;         ; Row I/O    ; N               ; no       ; Off          ;
; W9       ;            ;          ; GND                                                       ; gnd    ;              ;         ; --         ;                 ; --       ; --           ;
; W10      ;            ;          ; VCCINT                                                    ; power  ;              ; 1.2V    ; --         ;                 ; --       ; --           ;
; W11      ;            ;          ; GND                                                       ; gnd    ;              ;         ; --         ;                 ; --       ; --           ;
; W12      ;            ;          ; VCCINT                                                    ; power  ;              ; 1.2V    ; --         ;                 ; --       ; --           ;
; W13      ;            ;          ; GND                                                       ; gnd    ;              ;         ; --         ;                 ; --       ; --           ;
; W14      ;            ;          ; VCCINT                                                    ; power  ;              ; 1.2V    ; --         ;                 ; --       ; --           ;
; W15      ;            ;          ; GND                                                       ; gnd    ;              ;         ; --         ;                 ; --       ; --           ;
; W16      ;            ;          ; VCCINT                                                    ; power  ;              ; 1.2V    ; --         ;                 ; --       ; --           ;
; W17      ;            ;          ; GND                                                       ; gnd    ;              ;         ; --         ;                 ; --       ; --           ;
; W18      ;            ;          ; VCCINT                                                    ; power  ;              ; 1.2V    ; --         ;                 ; --       ; --           ;
; W19      ;            ;          ; GND                                                       ; gnd    ;              ;         ; --         ;                 ; --       ; --           ;
; W20      ;            ;          ; VCCINT                                                    ; power  ;              ; 1.2V    ; --         ;                 ; --       ; --           ;
; W21      ; 310        ; 5        ; sum8_outv2[7]                                             ; output ; 2.5 V        ;         ; Row I/O    ; N               ; no       ; Off          ;
; W22      ; 321        ; 5        ; RESERVED_INPUT_WITH_WEAK_PULLUP                           ;        ;              ;         ; Row I/O    ;                 ; no       ; On           ;
; W23      ;            ;          ; GND                                                       ; gnd    ;              ;         ; --         ;                 ; --       ; --           ;
; W24      ;            ; 5        ; VCCIO5                                                    ; power  ;              ; 2.5V    ; --         ;                 ; --       ; --           ;
; W25      ; 300        ; 5        ; pv[2]                                                     ; output ; 2.5 V        ;         ; Row I/O    ; N               ; no       ; Off          ;
; W26      ; 299        ; 5        ; sum12_ouvtv2[2]                                           ; output ; 2.5 V        ;         ; Row I/O    ; N               ; no       ; Off          ;
; W27      ; 301        ; 5        ; sum12_ouvtv2[6]                                           ; output ; 2.5 V        ;         ; Row I/O    ; N               ; no       ; Off          ;
; W28      ; 302        ; 5        ; sum12_ouvt[5]                                             ; output ; 2.5 V        ;         ; Row I/O    ; N               ; no       ; Off          ;
; Y1       ; 66         ; 2        ; GND+                                                      ;        ;              ;         ; Row I/O    ;                 ; --       ; --           ;
; Y2       ; 65         ; 2        ; Clockv                                                    ; input  ; 2.5 V        ;         ; Row I/O    ; Y               ; no       ; Off          ;
; Y3       ; 92         ; 2        ; RESERVED_INPUT_WITH_WEAK_PULLUP                           ;        ;              ;         ; Row I/O    ;                 ; no       ; On           ;
; Y4       ; 91         ; 2        ; sum8_outv[4]                                              ; output ; 2.5 V        ;         ; Row I/O    ; N               ; no       ; Off          ;
; Y5       ; 114        ; 2        ; RESERVED_INPUT_WITH_WEAK_PULLUP                           ;        ;              ;         ; Row I/O    ;                 ; no       ; On           ;
; Y6       ; 113        ; 2        ; RESERVED_INPUT_WITH_WEAK_PULLUP                           ;        ;              ;         ; Row I/O    ;                 ; no       ; On           ;
; Y7       ; 117        ; 2        ; RESERVED_INPUT_WITH_WEAK_PULLUP                           ;        ;              ;         ; Row I/O    ;                 ; no       ; On           ;
; Y8       ;            ; --       ; VCCA1                                                     ; power  ;              ; 2.5V    ; --         ;                 ; --       ; --           ;
; Y9       ;            ;          ; VCCD_PLL1                                                 ; power  ;              ; 1.2V    ; --         ;                 ; --       ; --           ;
; Y10      ; 140        ; 3        ; RESERVED_INPUT_WITH_WEAK_PULLUP                           ;        ;              ;         ; Column I/O ;                 ; --       ; --           ;
; Y11      ;            ;          ; GND                                                       ; gnd    ;              ;         ; --         ;                 ; --       ; --           ;
; Y12      ; 187        ; 3        ; RESERVED_INPUT_WITH_WEAK_PULLUP                           ;        ;              ;         ; Column I/O ;                 ; no       ; On           ;
; Y13      ; 189        ; 3        ; RESERVED_INPUT_WITH_WEAK_PULLUP                           ;        ;              ;         ; Column I/O ;                 ; no       ; On           ;
; Y14      ; 197        ; 3        ; segv1[0]                                                  ; output ; 2.5 V        ;         ; Column I/O ; N               ; no       ; Off          ;
; Y15      ; 198        ; 3        ; RESERVED_INPUT_WITH_WEAK_PULLUP                           ;        ;              ;         ; Column I/O ;                 ; no       ; On           ;
; Y16      ; 250        ; 4        ; a8_inv[0]                                                 ; input  ; 2.5 V        ;         ; Column I/O ; N               ; no       ; Off          ;
; Y17      ; 249        ; 4        ; RESERVED_INPUT_WITH_WEAK_PULLUP                           ;        ;              ;         ; Column I/O ;                 ; no       ; On           ;
; Y18      ;            ;          ; GND                                                       ; gnd    ;              ;         ; --         ;                 ; --       ; --           ;
; Y19      ; 263        ; 4        ; segv5[3]                                                  ; output ; 2.5 V        ;         ; Column I/O ; N               ; no       ; Off          ;
; Y20      ;            ;          ; VCCD_PLL4                                                 ; power  ;              ; 1.2V    ; --         ;                 ; --       ; --           ;
; Y21      ;            ; --       ; VCCA4                                                     ; power  ;              ; 2.5V    ; --         ;                 ; --       ; --           ;
; Y22      ; 320        ; 5        ; RESERVED_INPUT_WITH_WEAK_PULLUP                           ;        ;              ;         ; Row I/O    ;                 ; no       ; On           ;
; Y23      ; 288        ; 5        ; sum12_ouvt[2]                                             ; output ; 2.5 V        ;         ; Row I/O    ; N               ; no       ; Off          ;
; Y24      ; 287        ; 5        ; pv2[1]                                                    ; output ; 2.5 V        ;         ; Row I/O    ; N               ; no       ; Off          ;
; Y25      ; 298        ; 5        ; pv3[0]                                                    ; output ; 2.5 V        ;         ; Row I/O    ; N               ; no       ; Off          ;
; Y26      ; 297        ; 5        ; sum12_ouvtv2[4]                                           ; output ; 2.5 V        ;         ; Row I/O    ; N               ; no       ; Off          ;
; Y27      ; 336        ; 5        ; GND+                                                      ;        ;              ;         ; Row I/O    ;                 ; --       ; --           ;
; Y28      ; 335        ; 5        ; GND+                                                      ;        ;              ;         ; Row I/O    ;                 ; --       ; --           ;
+----------+------------+----------+-----------------------------------------------------------+--------+--------------+---------+------------+-----------------+----------+--------------+
Note: Pin directions (input, output or bidir) are based on device operating in user mode.


+------------------------------------------------------------------------------------------------------------------------------------------------------------------------------------------------------------------------------------------------------------------------------------------------------+
; Fitter Resource Utilization by Entity                                                                                                                                                                                                                                                                ;
+-----------------------------+-------------+---------------------------+---------------+-------------+------+--------------+---------+-----------+------+--------------+--------------+-------------------+------------------+---------------------------------------------------------+--------------+
; Compilation Hierarchy Node  ; Logic Cells ; Dedicated Logic Registers ; I/O Registers ; Memory Bits ; M9Ks ; DSP Elements ; DSP 9x9 ; DSP 18x18 ; Pins ; Virtual Pins ; LUT-Only LCs ; Register-Only LCs ; LUT/Register LCs ; Full Hierarchy Name                                     ; Library Name ;
+-----------------------------+-------------+---------------------------+---------------+-------------+------+--------------+---------+-----------+------+--------------+--------------+-------------------+------------------+---------------------------------------------------------+--------------+
; |system                     ; 359 (87)    ; 77 (52)                   ; 0 (0)         ; 0           ; 0    ; 0            ; 0       ; 0         ; 164  ; 0            ; 282 (35)     ; 11 (2)            ; 66 (50)          ; |system                                                 ; work         ;
;    |Binary2BCD:comb_3|      ; 3 (3)       ; 0 (0)                     ; 0 (0)         ; 0           ; 0    ; 0            ; 0       ; 0         ; 0    ; 0            ; 3 (3)        ; 0 (0)             ; 0 (0)            ; |system|Binary2BCD:comb_3                               ; work         ;
;    |Binary2BCD:comb_4|      ; 4 (4)       ; 0 (0)                     ; 0 (0)         ; 0           ; 0    ; 0            ; 0       ; 0         ; 0    ; 0            ; 4 (4)        ; 0 (0)             ; 0 (0)            ; |system|Binary2BCD:comb_4                               ; work         ;
;    |Binary2BCD:comb_5|      ; 3 (3)       ; 0 (0)                     ; 0 (0)         ; 0           ; 0    ; 0            ; 0       ; 0         ; 0    ; 0            ; 2 (2)        ; 0 (0)             ; 1 (1)            ; |system|Binary2BCD:comb_5                               ; work         ;
;    |bcdAdder2:add|          ; 32 (16)     ; 7 (7)                     ; 0 (0)         ; 0           ; 0    ; 0            ; 0       ; 0         ; 0    ; 0            ; 25 (10)      ; 0 (0)             ; 7 (6)            ; |system|bcdAdder2:add                                   ; work         ;
;       |fourBitAdder:fba0|   ; 8 (0)       ; 0 (0)                     ; 0 (0)         ; 0           ; 0    ; 0            ; 0       ; 0         ; 0    ; 0            ; 7 (0)        ; 0 (0)             ; 1 (0)            ; |system|bcdAdder2:add|fourBitAdder:fba0                 ; work         ;
;          |fullAdder:fa0|    ; 2 (2)       ; 0 (0)                     ; 0 (0)         ; 0           ; 0    ; 0            ; 0       ; 0         ; 0    ; 0            ; 1 (1)        ; 0 (0)             ; 1 (1)            ; |system|bcdAdder2:add|fourBitAdder:fba0|fullAdder:fa0   ; work         ;
;          |fullAdder:fa1|    ; 2 (2)       ; 0 (0)                     ; 0 (0)         ; 0           ; 0    ; 0            ; 0       ; 0         ; 0    ; 0            ; 2 (2)        ; 0 (0)             ; 0 (0)            ; |system|bcdAdder2:add|fourBitAdder:fba0|fullAdder:fa1   ; work         ;
;          |fullAdder:fa2|    ; 2 (2)       ; 0 (0)                     ; 0 (0)         ; 0           ; 0    ; 0            ; 0       ; 0         ; 0    ; 0            ; 2 (2)        ; 0 (0)             ; 0 (0)            ; |system|bcdAdder2:add|fourBitAdder:fba0|fullAdder:fa2   ; work         ;
;          |fullAdder:fa3|    ; 2 (2)       ; 0 (0)                     ; 0 (0)         ; 0           ; 0    ; 0            ; 0       ; 0         ; 0    ; 0            ; 2 (2)        ; 0 (0)             ; 0 (0)            ; |system|bcdAdder2:add|fourBitAdder:fba0|fullAdder:fa3   ; work         ;
;       |fourBitAdder:fba1|   ; 4 (0)       ; 0 (0)                     ; 0 (0)         ; 0           ; 0    ; 0            ; 0       ; 0         ; 0    ; 0            ; 4 (0)        ; 0 (0)             ; 0 (0)            ; |system|bcdAdder2:add|fourBitAdder:fba1                 ; work         ;
;          |fullAdder:fa0|    ; 2 (2)       ; 0 (0)                     ; 0 (0)         ; 0           ; 0    ; 0            ; 0       ; 0         ; 0    ; 0            ; 2 (2)        ; 0 (0)             ; 0 (0)            ; |system|bcdAdder2:add|fourBitAdder:fba1|fullAdder:fa0   ; work         ;
;          |fullAdder:fa1|    ; 2 (2)       ; 0 (0)                     ; 0 (0)         ; 0           ; 0    ; 0            ; 0       ; 0         ; 0    ; 0            ; 2 (2)        ; 0 (0)             ; 0 (0)            ; |system|bcdAdder2:add|fourBitAdder:fba1|fullAdder:fa1   ; work         ;
;       |fourBitAdder:fba2|   ; 4 (0)       ; 0 (0)                     ; 0 (0)         ; 0           ; 0    ; 0            ; 0       ; 0         ; 0    ; 0            ; 4 (0)        ; 0 (0)             ; 0 (0)            ; |system|bcdAdder2:add|fourBitAdder:fba2                 ; work         ;
;          |fullAdder:fa1|    ; 1 (1)       ; 0 (0)                     ; 0 (0)         ; 0           ; 0    ; 0            ; 0       ; 0         ; 0    ; 0            ; 1 (1)        ; 0 (0)             ; 0 (0)            ; |system|bcdAdder2:add|fourBitAdder:fba2|fullAdder:fa1   ; work         ;
;          |fullAdder:fa2|    ; 2 (2)       ; 0 (0)                     ; 0 (0)         ; 0           ; 0    ; 0            ; 0       ; 0         ; 0    ; 0            ; 2 (2)        ; 0 (0)             ; 0 (0)            ; |system|bcdAdder2:add|fourBitAdder:fba2|fullAdder:fa2   ; work         ;
;          |fullAdder:fa3|    ; 1 (1)       ; 0 (0)                     ; 0 (0)         ; 0           ; 0    ; 0            ; 0       ; 0         ; 0    ; 0            ; 1 (1)        ; 0 (0)             ; 0 (0)            ; |system|bcdAdder2:add|fourBitAdder:fba2|fullAdder:fa3   ; work         ;
;    |bcdAdder:comb_6|        ; 20 (3)      ; 6 (6)                     ; 0 (0)         ; 0           ; 0    ; 0            ; 0       ; 0         ; 0    ; 0            ; 13 (2)       ; 1 (1)             ; 6 (0)            ; |system|bcdAdder:comb_6                                 ; work         ;
;       |fourBitAdder:fba0|   ; 7 (0)       ; 0 (0)                     ; 0 (0)         ; 0           ; 0    ; 0            ; 0       ; 0         ; 0    ; 0            ; 6 (0)        ; 0 (0)             ; 1 (0)            ; |system|bcdAdder:comb_6|fourBitAdder:fba0               ; work         ;
;          |fullAdder:fa0|    ; 3 (3)       ; 0 (0)                     ; 0 (0)         ; 0           ; 0    ; 0            ; 0       ; 0         ; 0    ; 0            ; 2 (2)        ; 0 (0)             ; 1 (1)            ; |system|bcdAdder:comb_6|fourBitAdder:fba0|fullAdder:fa0 ; work         ;
;          |fullAdder:fa1|    ; 2 (2)       ; 0 (0)                     ; 0 (0)         ; 0           ; 0    ; 0            ; 0       ; 0         ; 0    ; 0            ; 2 (2)        ; 0 (0)             ; 0 (0)            ; |system|bcdAdder:comb_6|fourBitAdder:fba0|fullAdder:fa1 ; work         ;
;          |fullAdder:fa2|    ; 1 (1)       ; 0 (0)                     ; 0 (0)         ; 0           ; 0    ; 0            ; 0       ; 0         ; 0    ; 0            ; 1 (1)        ; 0 (0)             ; 0 (0)            ; |system|bcdAdder:comb_6|fourBitAdder:fba0|fullAdder:fa2 ; work         ;
;          |fullAdder:fa3|    ; 1 (1)       ; 0 (0)                     ; 0 (0)         ; 0           ; 0    ; 0            ; 0       ; 0         ; 0    ; 0            ; 1 (1)        ; 0 (0)             ; 0 (0)            ; |system|bcdAdder:comb_6|fourBitAdder:fba0|fullAdder:fa3 ; work         ;
;       |fourBitAdder:fba1|   ; 3 (0)       ; 0 (0)                     ; 0 (0)         ; 0           ; 0    ; 0            ; 0       ; 0         ; 0    ; 0            ; 1 (0)        ; 0 (0)             ; 2 (0)            ; |system|bcdAdder:comb_6|fourBitAdder:fba1               ; work         ;
;          |fullAdder:fa0|    ; 3 (3)       ; 0 (0)                     ; 0 (0)         ; 0           ; 0    ; 0            ; 0       ; 0         ; 0    ; 0            ; 1 (1)        ; 0 (0)             ; 2 (2)            ; |system|bcdAdder:comb_6|fourBitAdder:fba1|fullAdder:fa0 ; work         ;
;       |fourBitAdder:fba2|   ; 7 (0)       ; 0 (0)                     ; 0 (0)         ; 0           ; 0    ; 0            ; 0       ; 0         ; 0    ; 0            ; 4 (0)        ; 0 (0)             ; 3 (0)            ; |system|bcdAdder:comb_6|fourBitAdder:fba2               ; work         ;
;          |fullAdder:fa1|    ; 2 (2)       ; 0 (0)                     ; 0 (0)         ; 0           ; 0    ; 0            ; 0       ; 0         ; 0    ; 0            ; 1 (1)        ; 0 (0)             ; 1 (1)            ; |system|bcdAdder:comb_6|fourBitAdder:fba2|fullAdder:fa1 ; work         ;
;          |fullAdder:fa2|    ; 4 (4)       ; 0 (0)                     ; 0 (0)         ; 0           ; 0    ; 0            ; 0       ; 0         ; 0    ; 0            ; 3 (3)        ; 0 (0)             ; 1 (1)            ; |system|bcdAdder:comb_6|fourBitAdder:fba2|fullAdder:fa2 ; work         ;
;          |fullAdder:fa3|    ; 1 (1)       ; 0 (0)                     ; 0 (0)         ; 0           ; 0    ; 0            ; 0       ; 0         ; 0    ; 0            ; 0 (0)        ; 0 (0)             ; 1 (1)            ; |system|bcdAdder:comb_6|fourBitAdder:fba2|fullAdder:fa3 ; work         ;
;    |bcd_to_seven_seg2:hex6| ; 86 (86)     ; 0 (0)                     ; 0 (0)         ; 0           ; 0    ; 0            ; 0       ; 0         ; 0    ; 0            ; 83 (83)      ; 0 (0)             ; 3 (3)            ; |system|bcd_to_seven_seg2:hex6                          ; work         ;
;    |bcd_to_seven_seg2:hex7| ; 68 (68)     ; 0 (0)                     ; 0 (0)         ; 0           ; 0    ; 0            ; 0       ; 0         ; 0    ; 0            ; 67 (67)      ; 0 (0)             ; 1 (1)            ; |system|bcd_to_seven_seg2:hex7                          ; work         ;
;    |bcd_to_seven_seg:hex5|  ; 13 (13)     ; 0 (0)                     ; 0 (0)         ; 0           ; 0    ; 0            ; 0       ; 0         ; 0    ; 0            ; 12 (12)      ; 0 (0)             ; 1 (1)            ; |system|bcd_to_seven_seg:hex5                           ; work         ;
;    |random2:random2|        ; 16 (16)     ; 4 (4)                     ; 0 (0)         ; 0           ; 0    ; 0            ; 0       ; 0         ; 0    ; 0            ; 12 (12)      ; 3 (3)             ; 1 (1)            ; |system|random2:random2                                 ; work         ;
;    |random3:random3|        ; 16 (16)     ; 4 (4)                     ; 0 (0)         ; 0           ; 0    ; 0            ; 0       ; 0         ; 0    ; 0            ; 12 (12)      ; 2 (2)             ; 2 (2)            ; |system|random3:random3                                 ; work         ;
;    |random:random1|         ; 18 (18)     ; 4 (4)                     ; 0 (0)         ; 0           ; 0    ; 0            ; 0       ; 0         ; 0    ; 0            ; 14 (14)      ; 3 (3)             ; 1 (1)            ; |system|random:random1                                  ; work         ;
+-----------------------------+-------------+---------------------------+---------------+-------------+------+--------------+---------+-----------+------+--------------+--------------+-------------------+------------------+---------------------------------------------------------+--------------+
Note: For table entries with two numbers listed, the numbers in parentheses indicate the number of resources of the given type used by the specific entity alone. The numbers listed outside of parentheses indicate the total resources of the given type used by the specific entity and all of its sub-entities in the hierarchy.


+--------------------------------------------------------------------------------------------------+
; Delay Chain Summary                                                                              ;
+------------------+----------+---------------+---------------+-----------------------+-----+------+
; Name             ; Pin Type ; Pad to Core 0 ; Pad to Core 1 ; Pad to Input Register ; TCO ; TCOE ;
+------------------+----------+---------------+---------------+-----------------------+-----+------+
; Qv[0]            ; Output   ; --            ; --            ; --                    ; --  ; --   ;
; Qv[1]            ; Output   ; --            ; --            ; --                    ; --  ; --   ;
; Qv[2]            ; Output   ; --            ; --            ; --                    ; --  ; --   ;
; Qv[3]            ; Output   ; --            ; --            ; --                    ; --  ; --   ;
; Qv[4]            ; Output   ; --            ; --            ; --                    ; --  ; --   ;
; pv[0]            ; Output   ; --            ; --            ; --                    ; --  ; --   ;
; pv[1]            ; Output   ; --            ; --            ; --                    ; --  ; --   ;
; pv[2]            ; Output   ; --            ; --            ; --                    ; --  ; --   ;
; pv[3]            ; Output   ; --            ; --            ; --                    ; --  ; --   ;
; binv[0]          ; Input    ; --            ; --            ; --                    ; --  ; --   ;
; binv[1]          ; Input    ; --            ; --            ; --                    ; --  ; --   ;
; binv[2]          ; Input    ; --            ; --            ; --                    ; --  ; --   ;
; binv[3]          ; Input    ; --            ; --            ; --                    ; --  ; --   ;
; binv[4]          ; Input    ; --            ; --            ; --                    ; --  ; --   ;
; bcdv[0]          ; Output   ; --            ; --            ; --                    ; --  ; --   ;
; bcdv[1]          ; Output   ; --            ; --            ; --                    ; --  ; --   ;
; bcdv[2]          ; Output   ; --            ; --            ; --                    ; --  ; --   ;
; bcdv[3]          ; Output   ; --            ; --            ; --                    ; --  ; --   ;
; bcdv[4]          ; Output   ; --            ; --            ; --                    ; --  ; --   ;
; bcdv[5]          ; Output   ; --            ; --            ; --                    ; --  ; --   ;
; bcdv[6]          ; Output   ; --            ; --            ; --                    ; --  ; --   ;
; bcdv[7]          ; Output   ; --            ; --            ; --                    ; --  ; --   ;
; bcd1v[0]         ; Input    ; --            ; --            ; --                    ; --  ; --   ;
; bcd1v[1]         ; Input    ; --            ; --            ; --                    ; --  ; --   ;
; bcd1v[2]         ; Input    ; --            ; --            ; --                    ; --  ; --   ;
; bcd1v[3]         ; Input    ; --            ; --            ; --                    ; --  ; --   ;
; segv[0]          ; Output   ; --            ; --            ; --                    ; --  ; --   ;
; segv[1]          ; Output   ; --            ; --            ; --                    ; --  ; --   ;
; segv[2]          ; Output   ; --            ; --            ; --                    ; --  ; --   ;
; segv[3]          ; Output   ; --            ; --            ; --                    ; --  ; --   ;
; segv[4]          ; Output   ; --            ; --            ; --                    ; --  ; --   ;
; segv[5]          ; Output   ; --            ; --            ; --                    ; --  ; --   ;
; segv[6]          ; Output   ; --            ; --            ; --                    ; --  ; --   ;
; segv1[0]         ; Output   ; --            ; --            ; --                    ; --  ; --   ;
; segv1[1]         ; Output   ; --            ; --            ; --                    ; --  ; --   ;
; segv1[2]         ; Output   ; --            ; --            ; --                    ; --  ; --   ;
; segv1[3]         ; Output   ; --            ; --            ; --                    ; --  ; --   ;
; segv1[4]         ; Output   ; --            ; --            ; --                    ; --  ; --   ;
; segv1[5]         ; Output   ; --            ; --            ; --                    ; --  ; --   ;
; segv1[6]         ; Output   ; --            ; --            ; --                    ; --  ; --   ;
; segv2[0]         ; Output   ; --            ; --            ; --                    ; --  ; --   ;
; segv2[1]         ; Output   ; --            ; --            ; --                    ; --  ; --   ;
; segv2[2]         ; Output   ; --            ; --            ; --                    ; --  ; --   ;
; segv2[3]         ; Output   ; --            ; --            ; --                    ; --  ; --   ;
; segv2[4]         ; Output   ; --            ; --            ; --                    ; --  ; --   ;
; segv2[5]         ; Output   ; --            ; --            ; --                    ; --  ; --   ;
; segv2[6]         ; Output   ; --            ; --            ; --                    ; --  ; --   ;
; segvv2[0]        ; Output   ; --            ; --            ; --                    ; --  ; --   ;
; segvv2[1]        ; Output   ; --            ; --            ; --                    ; --  ; --   ;
; segvv2[2]        ; Output   ; --            ; --            ; --                    ; --  ; --   ;
; segvv2[3]        ; Output   ; --            ; --            ; --                    ; --  ; --   ;
; segvv2[4]        ; Output   ; --            ; --            ; --                    ; --  ; --   ;
; segvv2[5]        ; Output   ; --            ; --            ; --                    ; --  ; --   ;
; segvv2[6]        ; Output   ; --            ; --            ; --                    ; --  ; --   ;
; pv2[0]           ; Output   ; --            ; --            ; --                    ; --  ; --   ;
; pv2[1]           ; Output   ; --            ; --            ; --                    ; --  ; --   ;
; pv2[2]           ; Output   ; --            ; --            ; --                    ; --  ; --   ;
; pv2[3]           ; Output   ; --            ; --            ; --                    ; --  ; --   ;
; pv3[0]           ; Output   ; --            ; --            ; --                    ; --  ; --   ;
; pv3[1]           ; Output   ; --            ; --            ; --                    ; --  ; --   ;
; pv3[2]           ; Output   ; --            ; --            ; --                    ; --  ; --   ;
; pv3[3]           ; Output   ; --            ; --            ; --                    ; --  ; --   ;
; segv3[0]         ; Output   ; --            ; --            ; --                    ; --  ; --   ;
; segv3[1]         ; Output   ; --            ; --            ; --                    ; --  ; --   ;
; segv3[2]         ; Output   ; --            ; --            ; --                    ; --  ; --   ;
; segv3[3]         ; Output   ; --            ; --            ; --                    ; --  ; --   ;
; segv3[4]         ; Output   ; --            ; --            ; --                    ; --  ; --   ;
; segv3[5]         ; Output   ; --            ; --            ; --                    ; --  ; --   ;
; segv3[6]         ; Output   ; --            ; --            ; --                    ; --  ; --   ;
; segv4[0]         ; Output   ; --            ; --            ; --                    ; --  ; --   ;
; segv4[1]         ; Output   ; --            ; --            ; --                    ; --  ; --   ;
; segv4[2]         ; Output   ; --            ; --            ; --                    ; --  ; --   ;
; segv4[3]         ; Output   ; --            ; --            ; --                    ; --  ; --   ;
; segv4[4]         ; Output   ; --            ; --            ; --                    ; --  ; --   ;
; segv4[5]         ; Output   ; --            ; --            ; --                    ; --  ; --   ;
; segv4[6]         ; Output   ; --            ; --            ; --                    ; --  ; --   ;
; segv5[0]         ; Output   ; --            ; --            ; --                    ; --  ; --   ;
; segv5[1]         ; Output   ; --            ; --            ; --                    ; --  ; --   ;
; segv5[2]         ; Output   ; --            ; --            ; --                    ; --  ; --   ;
; segv5[3]         ; Output   ; --            ; --            ; --                    ; --  ; --   ;
; segv5[4]         ; Output   ; --            ; --            ; --                    ; --  ; --   ;
; segv5[5]         ; Output   ; --            ; --            ; --                    ; --  ; --   ;
; segv5[6]         ; Output   ; --            ; --            ; --                    ; --  ; --   ;
; segv6[0]         ; Output   ; --            ; --            ; --                    ; --  ; --   ;
; segv6[1]         ; Output   ; --            ; --            ; --                    ; --  ; --   ;
; segv6[2]         ; Output   ; --            ; --            ; --                    ; --  ; --   ;
; segv6[3]         ; Output   ; --            ; --            ; --                    ; --  ; --   ;
; segv6[4]         ; Output   ; --            ; --            ; --                    ; --  ; --   ;
; segv6[5]         ; Output   ; --            ; --            ; --                    ; --  ; --   ;
; segv6[6]         ; Output   ; --            ; --            ; --                    ; --  ; --   ;
; a8_inv[0]        ; Input    ; --            ; --            ; --                    ; --  ; --   ;
; a8_inv[1]        ; Input    ; --            ; --            ; --                    ; --  ; --   ;
; a8_inv[2]        ; Input    ; --            ; --            ; --                    ; --  ; --   ;
; a8_inv[3]        ; Input    ; --            ; --            ; --                    ; --  ; --   ;
; a8_inv[4]        ; Input    ; --            ; --            ; --                    ; --  ; --   ;
; a8_inv[5]        ; Input    ; --            ; --            ; --                    ; --  ; --   ;
; a8_inv[6]        ; Input    ; --            ; --            ; --                    ; --  ; --   ;
; a8_inv[7]        ; Input    ; --            ; --            ; --                    ; --  ; --   ;
; b8_inv[0]        ; Input    ; --            ; --            ; --                    ; --  ; --   ;
; b8_inv[1]        ; Input    ; --            ; --            ; --                    ; --  ; --   ;
; b8_inv[2]        ; Input    ; --            ; --            ; --                    ; --  ; --   ;
; b8_inv[3]        ; Input    ; --            ; --            ; --                    ; --  ; --   ;
; b8_inv[4]        ; Input    ; --            ; --            ; --                    ; --  ; --   ;
; b8_inv[5]        ; Input    ; --            ; --            ; --                    ; --  ; --   ;
; b8_inv[6]        ; Input    ; --            ; --            ; --                    ; --  ; --   ;
; b8_inv[7]        ; Input    ; --            ; --            ; --                    ; --  ; --   ;
; sum12_ouvt[0]    ; Output   ; --            ; --            ; --                    ; --  ; --   ;
; sum12_ouvt[1]    ; Output   ; --            ; --            ; --                    ; --  ; --   ;
; sum12_ouvt[2]    ; Output   ; --            ; --            ; --                    ; --  ; --   ;
; sum12_ouvt[3]    ; Output   ; --            ; --            ; --                    ; --  ; --   ;
; sum12_ouvt[4]    ; Output   ; --            ; --            ; --                    ; --  ; --   ;
; sum12_ouvt[5]    ; Output   ; --            ; --            ; --                    ; --  ; --   ;
; sum12_ouvt[6]    ; Output   ; --            ; --            ; --                    ; --  ; --   ;
; sum12_ouvt[7]    ; Output   ; --            ; --            ; --                    ; --  ; --   ;
; sum12_ouvt[8]    ; Output   ; --            ; --            ; --                    ; --  ; --   ;
; sum12_ouvt[9]    ; Output   ; --            ; --            ; --                    ; --  ; --   ;
; sum12_ouvt[10]   ; Output   ; --            ; --            ; --                    ; --  ; --   ;
; sum12_ouvt[11]   ; Output   ; --            ; --            ; --                    ; --  ; --   ;
; sum8_outv[0]     ; Output   ; --            ; --            ; --                    ; --  ; --   ;
; sum8_outv[1]     ; Output   ; --            ; --            ; --                    ; --  ; --   ;
; sum8_outv[2]     ; Output   ; --            ; --            ; --                    ; --  ; --   ;
; sum8_outv[3]     ; Output   ; --            ; --            ; --                    ; --  ; --   ;
; sum8_outv[4]     ; Output   ; --            ; --            ; --                    ; --  ; --   ;
; sum8_outv[5]     ; Output   ; --            ; --            ; --                    ; --  ; --   ;
; sum8_outv[6]     ; Output   ; --            ; --            ; --                    ; --  ; --   ;
; sum8_outv[7]     ; Output   ; --            ; --            ; --                    ; --  ; --   ;
; sum12_ouvtv2[0]  ; Output   ; --            ; --            ; --                    ; --  ; --   ;
; sum12_ouvtv2[1]  ; Output   ; --            ; --            ; --                    ; --  ; --   ;
; sum12_ouvtv2[2]  ; Output   ; --            ; --            ; --                    ; --  ; --   ;
; sum12_ouvtv2[3]  ; Output   ; --            ; --            ; --                    ; --  ; --   ;
; sum12_ouvtv2[4]  ; Output   ; --            ; --            ; --                    ; --  ; --   ;
; sum12_ouvtv2[5]  ; Output   ; --            ; --            ; --                    ; --  ; --   ;
; sum12_ouvtv2[6]  ; Output   ; --            ; --            ; --                    ; --  ; --   ;
; sum12_ouvtv2[7]  ; Output   ; --            ; --            ; --                    ; --  ; --   ;
; sum12_ouvtv2[8]  ; Output   ; --            ; --            ; --                    ; --  ; --   ;
; sum12_ouvtv2[9]  ; Output   ; --            ; --            ; --                    ; --  ; --   ;
; sum12_ouvtv2[10] ; Output   ; --            ; --            ; --                    ; --  ; --   ;
; sum12_ouvtv2[11] ; Output   ; --            ; --            ; --                    ; --  ; --   ;
; sum8_outv2[0]    ; Output   ; --            ; --            ; --                    ; --  ; --   ;
; sum8_outv2[1]    ; Output   ; --            ; --            ; --                    ; --  ; --   ;
; sum8_outv2[2]    ; Output   ; --            ; --            ; --                    ; --  ; --   ;
; sum8_outv2[3]    ; Output   ; --            ; --            ; --                    ; --  ; --   ;
; sum8_outv2[4]    ; Output   ; --            ; --            ; --                    ; --  ; --   ;
; sum8_outv2[5]    ; Output   ; --            ; --            ; --                    ; --  ; --   ;
; sum8_outv2[6]    ; Output   ; --            ; --            ; --                    ; --  ; --   ;
; sum8_outv2[7]    ; Output   ; --            ; --            ; --                    ; --  ; --   ;
; cout8_outv       ; Output   ; --            ; --            ; --                    ; --  ; --   ;
; av[0]            ; Output   ; --            ; --            ; --                    ; --  ; --   ;
; av[1]            ; Output   ; --            ; --            ; --                    ; --  ; --   ;
; av[2]            ; Output   ; --            ; --            ; --                    ; --  ; --   ;
; av[3]            ; Output   ; --            ; --            ; --                    ; --  ; --   ;
; bv[0]            ; Output   ; --            ; --            ; --                    ; --  ; --   ;
; bv[1]            ; Output   ; --            ; --            ; --                    ; --  ; --   ;
; bv[2]            ; Output   ; --            ; --            ; --                    ; --  ; --   ;
; bv[3]            ; Output   ; --            ; --            ; --                    ; --  ; --   ;
; switch2          ; Input    ; --            ; --            ; --                    ; --  ; --   ;
; switch3          ; Input    ; (6) 1314 ps   ; (0) 0 ps      ; --                    ; --  ; --   ;
; cin8_inv         ; Input    ; (6) 1314 ps   ; --            ; --                    ; --  ; --   ;
; Presetv          ; Input    ; (0) 0 ps      ; (0) 0 ps      ; --                    ; --  ; --   ;
; switch           ; Input    ; (0) 0 ps      ; (0) 0 ps      ; --                    ; --  ; --   ;
; addv             ; Input    ; (0) 0 ps      ; (0) 0 ps      ; --                    ; --  ; --   ;
; sw4              ; Input    ; (0) 0 ps      ; (0) 0 ps      ; --                    ; --  ; --   ;
; Clockv           ; Input    ; (0) 0 ps      ; --            ; --                    ; --  ; --   ;
; Clockd           ; Input    ; (0) 0 ps      ; --            ; --                    ; --  ; --   ;
+------------------+----------+---------------+---------------+-----------------------+-----+------+


+-------------------------------------------------------------------------------------------------+
; Pad To Core Delay Chain Fanout                                                                  ;
+-------------------------------------------------------------------+-------------------+---------+
; Source Pin / Fanout                                               ; Pad To Core Index ; Setting ;
+-------------------------------------------------------------------+-------------------+---------+
; binv[0]                                                           ;                   ;         ;
; binv[1]                                                           ;                   ;         ;
; binv[2]                                                           ;                   ;         ;
; binv[3]                                                           ;                   ;         ;
; binv[4]                                                           ;                   ;         ;
; bcd1v[0]                                                          ;                   ;         ;
; bcd1v[1]                                                          ;                   ;         ;
; bcd1v[2]                                                          ;                   ;         ;
; bcd1v[3]                                                          ;                   ;         ;
; a8_inv[0]                                                         ;                   ;         ;
; a8_inv[1]                                                         ;                   ;         ;
; a8_inv[2]                                                         ;                   ;         ;
; a8_inv[3]                                                         ;                   ;         ;
; a8_inv[4]                                                         ;                   ;         ;
; a8_inv[5]                                                         ;                   ;         ;
; a8_inv[6]                                                         ;                   ;         ;
; a8_inv[7]                                                         ;                   ;         ;
; b8_inv[0]                                                         ;                   ;         ;
; b8_inv[1]                                                         ;                   ;         ;
; b8_inv[2]                                                         ;                   ;         ;
; b8_inv[3]                                                         ;                   ;         ;
; b8_inv[4]                                                         ;                   ;         ;
; b8_inv[5]                                                         ;                   ;         ;
; b8_inv[6]                                                         ;                   ;         ;
; b8_inv[7]                                                         ;                   ;         ;
; switch2                                                           ;                   ;         ;
; switch3                                                           ;                   ;         ;
;      - bcd_to_seven_seg:hex5|segv[0]~1                            ; 0                 ; 6       ;
;      - bcd_to_seven_seg:hex5|segv[1]~2                            ; 0                 ; 6       ;
;      - bcd_to_seven_seg:hex5|segv[2]~4                            ; 0                 ; 6       ;
;      - bcd_to_seven_seg:hex5|segv[3]~6                            ; 0                 ; 6       ;
;      - bcd_to_seven_seg:hex5|segv[4]~7                            ; 0                 ; 6       ;
;      - bcd_to_seven_seg:hex5|segv[5]~9                            ; 0                 ; 6       ;
;      - bcd_to_seven_seg:hex5|segv[6]~11                           ; 0                 ; 6       ;
;      - bcdAdder2:add|a[2]                                         ; 1                 ; 0       ;
;      - bcdAdder2:add|a[0]                                         ; 1                 ; 0       ;
;      - bcdAdder2:add|a[1]                                         ; 1                 ; 0       ;
;      - bcdAdder2:add|a[3]                                         ; 1                 ; 0       ;
;      - bcdAdder2:add|b[0]                                         ; 1                 ; 0       ;
;      - bcdAdder2:add|b[2]                                         ; 1                 ; 0       ;
;      - bcdAdder2:add|b[1]                                         ; 1                 ; 0       ;
;      - random3:random3|p[3]~1                                     ; 1                 ; 0       ;
;      - random3:random3|y[3]                                       ; 1                 ; 0       ;
;      - random3:random3|y[1]                                       ; 1                 ; 0       ;
;      - random3:random3|y[2]                                       ; 1                 ; 0       ;
;      - random3:random3|y[0]                                       ; 1                 ; 0       ;
; cin8_inv                                                          ;                   ;         ;
;      - bcdAdder:comb_6|fourBitAdder:fba0|fullAdder:fa0|sum_out    ; 0                 ; 6       ;
;      - bcdAdder:comb_6|fourBitAdder:fba0|fullAdder:fa0|cout_out~0 ; 0                 ; 6       ;
;      - bcdAdder2:add|fourBitAdder:fba0|fullAdder:fa0|cout_out~0   ; 0                 ; 6       ;
; Presetv                                                           ;                   ;         ;
;      - random:random1|p[3]~1                                      ; 0                 ; 0       ;
;      - random3:random3|p[3]~1                                     ; 0                 ; 0       ;
;      - random:random1|y[3]                                        ; 0                 ; 0       ;
;      - random:random1|y[1]                                        ; 1                 ; 0       ;
;      - random:random1|y[2]                                        ; 1                 ; 0       ;
;      - random:random1|y[0]                                        ; 1                 ; 0       ;
;      - random2:random2|y[3]                                       ; 1                 ; 0       ;
;      - random2:random2|y[1]                                       ; 1                 ; 0       ;
;      - random2:random2|y[2]                                       ; 1                 ; 0       ;
;      - random2:random2|y[0]                                       ; 1                 ; 0       ;
;      - random3:random3|y[3]                                       ; 0                 ; 0       ;
;      - random3:random3|y[1]                                       ; 1                 ; 0       ;
;      - random3:random3|y[2]                                       ; 1                 ; 0       ;
;      - random3:random3|y[0]                                       ; 1                 ; 0       ;
; switch                                                            ;                   ;         ;
;      - random:random1|p[3]~1                                      ; 1                 ; 0       ;
;      - bcd_to_seven_seg2:hex6|segv[0]~6                           ; 0                 ; 0       ;
;      - bcd_to_seven_seg2:hex6|segv[6]~9                           ; 0                 ; 0       ;
;      - bcd_to_seven_seg2:hex6|segv[6]~11                          ; 1                 ; 0       ;
;      - bcd_to_seven_seg2:hex6|segv[1]~14                          ; 0                 ; 0       ;
;      - bcd_to_seven_seg2:hex6|segv[2]~19                          ; 0                 ; 0       ;
;      - bcd_to_seven_seg2:hex6|segv[3]~24                          ; 0                 ; 0       ;
;      - bcd_to_seven_seg2:hex6|segv[4]~27                          ; 0                 ; 0       ;
;      - bcd_to_seven_seg2:hex6|segv[5]~31                          ; 0                 ; 0       ;
;      - bcd_to_seven_seg2:hex6|segv[6]~35                          ; 0                 ; 0       ;
;      - bcd_to_seven_seg2:hex7|segv[0]~4                           ; 0                 ; 0       ;
;      - bcd_to_seven_seg2:hex7|segv[0]~5                           ; 0                 ; 0       ;
;      - bcd_to_seven_seg2:hex7|segv[1]~9                           ; 0                 ; 0       ;
;      - bcd_to_seven_seg2:hex7|segv[2]~13                          ; 0                 ; 0       ;
;      - bcd_to_seven_seg2:hex7|segv[2]~14                          ; 0                 ; 0       ;
;      - bcd_to_seven_seg2:hex7|segv[3]~18                          ; 0                 ; 0       ;
;      - bcd_to_seven_seg2:hex7|segv[3]~19                          ; 0                 ; 0       ;
;      - bcd_to_seven_seg2:hex7|segv[4]~22                          ; 0                 ; 0       ;
;      - bcd_to_seven_seg2:hex7|segv[4]~23                          ; 1                 ; 0       ;
;      - bcd_to_seven_seg2:hex7|segv[4]~25                          ; 0                 ; 0       ;
;      - bcd_to_seven_seg2:hex7|segv[5]~28                          ; 0                 ; 0       ;
;      - bcd_to_seven_seg2:hex7|segv[5]~30                          ; 0                 ; 0       ;
;      - bcd_to_seven_seg2:hex7|segv[6]~34                          ; 0                 ; 0       ;
;      - bcd_to_seven_seg2:hex7|segv[6]~35                          ; 0                 ; 0       ;
;      - random:random1|y[3]                                        ; 1                 ; 0       ;
;      - random:random1|y[1]                                        ; 1                 ; 0       ;
;      - random:random1|y[2]                                        ; 1                 ; 0       ;
;      - random:random1|y[0]                                        ; 1                 ; 0       ;
;      - random2:random2|y[3]                                       ; 1                 ; 0       ;
;      - random2:random2|y[1]                                       ; 1                 ; 0       ;
;      - random2:random2|y[2]                                       ; 1                 ; 0       ;
;      - random2:random2|y[0]                                       ; 1                 ; 0       ;
; addv                                                              ;                   ;         ;
;      - bcdAdder:comb_6|a[2]                                       ; 1                 ; 0       ;
;      - bcd_to_seven_seg2:hex6|segv[6]~1                           ; 0                 ; 0       ;
;      - bcdAdder:comb_6|a[0]                                       ; 1                 ; 0       ;
;      - bcd_to_seven_seg2:hex6|segv[6]~2                           ; 0                 ; 0       ;
;      - bcdAdder:comb_6|a[1]                                       ; 1                 ; 0       ;
;      - bcd_to_seven_seg2:hex6|segv[6]~3                           ; 0                 ; 0       ;
;      - bcdAdder:comb_6|a[3]                                       ; 1                 ; 0       ;
;      - bcd_to_seven_seg2:hex6|segv[6]~4                           ; 0                 ; 0       ;
;      - bcd_to_seven_seg2:hex6|segv[6]~11                          ; 1                 ; 0       ;
;      - bcd_to_seven_seg2:hex6|segv[6]~16                          ; 0                 ; 0       ;
;      - bcdAdder:comb_6|b[0]                                       ; 1                 ; 0       ;
;      - bcdAdder:comb_6|b[1]                                       ; 1                 ; 0       ;
;      - bcd_to_seven_seg2:hex7|segv[0]~1                           ; 0                 ; 0       ;
;      - bcd_to_seven_seg2:hex7|segv[0]~3                           ; 0                 ; 0       ;
;      - bcd_to_seven_seg2:hex7|segv[1]~6                           ; 0                 ; 0       ;
;      - bcd_to_seven_seg2:hex7|segv[2]~12                          ; 0                 ; 0       ;
;      - bcd_to_seven_seg2:hex7|segv[3]~17                          ; 0                 ; 0       ;
;      - bcd_to_seven_seg2:hex7|segv[4]~23                          ; 0                 ; 0       ;
;      - bcd_to_seven_seg2:hex7|segv[6]~33                          ; 0                 ; 0       ;
;      - bcd_to_seven_seg2:hex6|seg[0]~0                            ; 0                 ; 0       ;
;      - bcd_to_seven_seg2:hex6|seg[0]~2                            ; 1                 ; 0       ;
;      - bcd_to_seven_seg2:hex6|seg[1]~4                            ; 0                 ; 0       ;
;      - bcd_to_seven_seg2:hex6|seg[2]~7                            ; 0                 ; 0       ;
;      - bcd_to_seven_seg2:hex6|segv[6]~37                          ; 1                 ; 0       ;
;      - bcd_to_seven_seg2:hex6|seg[3]~10                           ; 0                 ; 0       ;
;      - bcd_to_seven_seg2:hex6|seg[4]~13                           ; 0                 ; 0       ;
;      - bcd_to_seven_seg2:hex6|seg[4]~14                           ; 0                 ; 0       ;
;      - bcd_to_seven_seg2:hex6|seg[5]~16                           ; 0                 ; 0       ;
;      - bcd_to_seven_seg2:hex6|seg[6]~18                           ; 0                 ; 0       ;
;      - bcd_to_seven_seg2:hex7|seg[2]~6                            ; 0                 ; 0       ;
; sw4                                                               ;                   ;         ;
;      - bcd_to_seven_seg2:hex6|segv[0]~6                           ; 0                 ; 0       ;
;      - bcd_to_seven_seg2:hex6|segv[6]~7                           ; 0                 ; 0       ;
;      - bcd_to_seven_seg2:hex6|segv[6]~9                           ; 0                 ; 0       ;
;      - bcd_to_seven_seg2:hex6|segv[6]~11                          ; 1                 ; 0       ;
;      - bcd_to_seven_seg2:hex6|segv[1]~14                          ; 0                 ; 0       ;
;      - bcd_to_seven_seg2:hex6|segv[6]~16                          ; 0                 ; 0       ;
;      - bcd_to_seven_seg2:hex6|segv[2]~18                          ; 0                 ; 0       ;
;      - bcd_to_seven_seg2:hex6|segv[3]~23                          ; 0                 ; 0       ;
;      - bcd_to_seven_seg2:hex6|segv[4]~27                          ; 0                 ; 0       ;
;      - bcd_to_seven_seg2:hex6|segv[5]~31                          ; 0                 ; 0       ;
;      - bcd_to_seven_seg2:hex6|segv[6]~35                          ; 0                 ; 0       ;
;      - bcd_to_seven_seg2:hex7|segv[0]~0                           ; 0                 ; 0       ;
;      - bcd_to_seven_seg2:hex7|segv[0]~4                           ; 0                 ; 0       ;
;      - bcd_to_seven_seg2:hex7|seg[0]~0                            ; 1                 ; 0       ;
;      - bcd_to_seven_seg2:hex7|segv[1]~6                           ; 1                 ; 0       ;
;      - bcd_to_seven_seg2:hex7|segv[1]~9                           ; 0                 ; 0       ;
;      - bcd_to_seven_seg2:hex7|segv[2]~10                          ; 0                 ; 0       ;
;      - bcd_to_seven_seg2:hex7|segv[2]~13                          ; 0                 ; 0       ;
;      - bcd_to_seven_seg2:hex7|segv[3]~15                          ; 0                 ; 0       ;
;      - bcd_to_seven_seg2:hex7|segv[3]~18                          ; 0                 ; 0       ;
;      - bcd_to_seven_seg2:hex7|segv[4]~20                          ; 0                 ; 0       ;
;      - bcd_to_seven_seg2:hex7|segv[4]~22                          ; 0                 ; 0       ;
;      - bcd_to_seven_seg2:hex7|segv[4]~23                          ; 1                 ; 0       ;
;      - bcd_to_seven_seg2:hex7|segv[5]~26                          ; 0                 ; 0       ;
;      - bcd_to_seven_seg2:hex7|segv[5]~28                          ; 0                 ; 0       ;
;      - bcd_to_seven_seg2:hex7|segv[6]~31                          ; 0                 ; 0       ;
;      - bcd_to_seven_seg2:hex7|segv[6]~34                          ; 0                 ; 0       ;
;      - bcd_to_seven_seg2:hex6|seg[0]~0                            ; 0                 ; 0       ;
;      - bcd_to_seven_seg2:hex6|seg[0]~1                            ; 0                 ; 0       ;
;      - bcd_to_seven_seg2:hex6|seg[0]~3                            ; 1                 ; 0       ;
;      - bcd_to_seven_seg2:hex6|seg[1]~5                            ; 0                 ; 0       ;
;      - bcd_to_seven_seg2:hex6|seg[1]~6                            ; 0                 ; 0       ;
;      - bcd_to_seven_seg2:hex6|seg[2]~9                            ; 0                 ; 0       ;
;      - bcd_to_seven_seg2:hex6|seg[3]~10                           ; 0                 ; 0       ;
;      - bcd_to_seven_seg2:hex6|seg[3]~11                           ; 0                 ; 0       ;
;      - bcd_to_seven_seg2:hex6|seg[4]~12                           ; 0                 ; 0       ;
;      - bcd_to_seven_seg2:hex6|seg[4]~15                           ; 0                 ; 0       ;
;      - bcd_to_seven_seg2:hex6|seg[5]~16                           ; 0                 ; 0       ;
;      - bcd_to_seven_seg2:hex6|seg[5]~17                           ; 0                 ; 0       ;
;      - bcd_to_seven_seg2:hex6|seg[6]~18                           ; 0                 ; 0       ;
;      - bcd_to_seven_seg2:hex6|seg[6]~19                           ; 0                 ; 0       ;
;      - bcd_to_seven_seg2:hex7|seg[0]~2                            ; 0                 ; 0       ;
;      - bcd_to_seven_seg2:hex7|seg[1]~4                            ; 0                 ; 0       ;
;      - bcd_to_seven_seg2:hex7|seg[2]~6                            ; 0                 ; 0       ;
;      - bcd_to_seven_seg2:hex7|seg[3]~9                            ; 0                 ; 0       ;
;      - bcd_to_seven_seg2:hex7|seg[0]~11                           ; 0                 ; 0       ;
;      - bcd_to_seven_seg2:hex7|seg[5]~13                           ; 0                 ; 0       ;
;      - bcd_to_seven_seg2:hex7|seg[6]~16                           ; 0                 ; 0       ;
; Clockv                                                            ;                   ;         ;
; Clockd                                                            ;                   ;         ;
+-------------------------------------------------------------------+-------------------+---------+


+------------------------------------------------------------------------------------------------------------------------------------------------------------------------+
; Control Signals                                                                                                                                                        ;
+-----------------------------------+---------------------+---------+---------------------+--------+----------------------+------------------+---------------------------+
; Name                              ; Location            ; Fan-Out ; Usage               ; Global ; Global Resource Used ; Global Line Name ; Enable Signal Source Name ;
+-----------------------------------+---------------------+---------+---------------------+--------+----------------------+------------------+---------------------------+
; Clockd                            ; PIN_AG14            ; 26      ; Clock               ; yes    ; Global Clock         ; GCLK18           ; --                        ;
; Clockv                            ; PIN_Y2              ; 26      ; Clock               ; yes    ; Global Clock         ; GCLK4            ; --                        ;
; addv                              ; PIN_AC28            ; 30      ; Clock               ; no     ; --                   ; --               ; --                        ;
; bcd_to_seven_seg2:hex6|seg[0]~3   ; LCCOMB_X114_Y15_N10 ; 7       ; Latch enable        ; yes    ; Global Clock         ; GCLK9            ; --                        ;
; bcd_to_seven_seg2:hex6|segv[6]~11 ; LCCOMB_X114_Y18_N30 ; 14      ; Latch enable        ; yes    ; Global Clock         ; GCLK8            ; --                        ;
; bcd_to_seven_seg2:hex7|seg[0]~0   ; LCCOMB_X114_Y14_N28 ; 7       ; Latch enable        ; yes    ; Global Clock         ; GCLK5            ; --                        ;
; cout                              ; FF_X43_Y1_N9        ; 8       ; Clock               ; yes    ; Global Clock         ; GCLK17           ; --                        ;
; coutd                             ; FF_X82_Y2_N1        ; 4       ; Clock               ; yes    ; Global Clock         ; GCLK19           ; --                        ;
; random3:random3|p[3]~1            ; LCCOMB_X114_Y13_N20 ; 4       ; Latch enable        ; yes    ; Global Clock         ; GCLK7            ; --                        ;
; random:random1|p[3]~1             ; LCCOMB_X114_Y15_N30 ; 8       ; Latch enable        ; yes    ; Global Clock         ; GCLK6            ; --                        ;
; switch                            ; PIN_AC27            ; 32      ; Latch enable        ; no     ; --                   ; --               ; --                        ;
; switch3                           ; PIN_AD27            ; 19      ; Clock, Latch enable ; no     ; --                   ; --               ; --                        ;
+-----------------------------------+---------------------+---------+---------------------+--------+----------------------+------------------+---------------------------+


+--------------------------------------------------------------------------------------------------------------------------------------------------------------------------------+
; Global & Other Fast Signals                                                                                                                                                    ;
+-----------------------------------+---------------------+---------+--------------------------------------+----------------------+------------------+---------------------------+
; Name                              ; Location            ; Fan-Out ; Fan-Out Using Intentional Clock Skew ; Global Resource Used ; Global Line Name ; Enable Signal Source Name ;
+-----------------------------------+---------------------+---------+--------------------------------------+----------------------+------------------+---------------------------+
; Clockd                            ; PIN_AG14            ; 26      ; 0                                    ; Global Clock         ; GCLK18           ; --                        ;
; Clockv                            ; PIN_Y2              ; 26      ; 0                                    ; Global Clock         ; GCLK4            ; --                        ;
; bcd_to_seven_seg2:hex6|seg[0]~3   ; LCCOMB_X114_Y15_N10 ; 7       ; 0                                    ; Global Clock         ; GCLK9            ; --                        ;
; bcd_to_seven_seg2:hex6|segv[6]~11 ; LCCOMB_X114_Y18_N30 ; 14      ; 0                                    ; Global Clock         ; GCLK8            ; --                        ;
; bcd_to_seven_seg2:hex7|seg[0]~0   ; LCCOMB_X114_Y14_N28 ; 7       ; 0                                    ; Global Clock         ; GCLK5            ; --                        ;
; cout                              ; FF_X43_Y1_N9        ; 8       ; 0                                    ; Global Clock         ; GCLK17           ; --                        ;
; coutd                             ; FF_X82_Y2_N1        ; 4       ; 0                                    ; Global Clock         ; GCLK19           ; --                        ;
; random3:random3|p[3]~1            ; LCCOMB_X114_Y13_N20 ; 4       ; 0                                    ; Global Clock         ; GCLK7            ; --                        ;
; random:random1|p[3]~1             ; LCCOMB_X114_Y15_N30 ; 8       ; 0                                    ; Global Clock         ; GCLK6            ; --                        ;
+-----------------------------------+---------------------+---------+--------------------------------------+----------------------+------------------+---------------------------+


+-------------------------------------------------+
; Routing Usage Summary                           ;
+-----------------------+-------------------------+
; Routing Resource Type ; Usage                   ;
+-----------------------+-------------------------+
; Block interconnects   ; 635 / 342,891 ( < 1 % ) ;
; C16 interconnects     ; 52 / 10,120 ( < 1 % )   ;
; C4 interconnects      ; 598 / 209,544 ( < 1 % ) ;
; Direct links          ; 81 / 342,891 ( < 1 % )  ;
; Global clocks         ; 9 / 20 ( 45 % )         ;
; Local interconnects   ; 189 / 119,088 ( < 1 % ) ;
; R24 interconnects     ; 57 / 9,963 ( < 1 % )    ;
; R4 interconnects      ; 596 / 289,782 ( < 1 % ) ;
+-----------------------+-------------------------+


+----------------------------------------------------------------------------+
; LAB Logic Elements                                                         ;
+---------------------------------------------+------------------------------+
; Number of Logic Elements  (Average = 12.82) ; Number of LABs  (Total = 28) ;
+---------------------------------------------+------------------------------+
; 1                                           ; 1                            ;
; 2                                           ; 0                            ;
; 3                                           ; 0                            ;
; 4                                           ; 1                            ;
; 5                                           ; 0                            ;
; 6                                           ; 0                            ;
; 7                                           ; 2                            ;
; 8                                           ; 0                            ;
; 9                                           ; 0                            ;
; 10                                          ; 1                            ;
; 11                                          ; 3                            ;
; 12                                          ; 3                            ;
; 13                                          ; 2                            ;
; 14                                          ; 1                            ;
; 15                                          ; 3                            ;
; 16                                          ; 11                           ;
+---------------------------------------------+------------------------------+


+-------------------------------------------------------------------+
; LAB-wide Signals                                                  ;
+------------------------------------+------------------------------+
; LAB-wide Signals  (Average = 0.46) ; Number of LABs  (Total = 28) ;
+------------------------------------+------------------------------+
; 1 Clock                            ; 12                           ;
; 2 Clocks                           ; 1                            ;
+------------------------------------+------------------------------+


+-----------------------------------------------------------------------------+
; LAB Signals Sourced                                                         ;
+----------------------------------------------+------------------------------+
; Number of Signals Sourced  (Average = 15.54) ; Number of LABs  (Total = 28) ;
+----------------------------------------------+------------------------------+
; 0                                            ; 0                            ;
; 1                                            ; 1                            ;
; 2                                            ; 0                            ;
; 3                                            ; 0                            ;
; 4                                            ; 1                            ;
; 5                                            ; 0                            ;
; 6                                            ; 0                            ;
; 7                                            ; 2                            ;
; 8                                            ; 0                            ;
; 9                                            ; 1                            ;
; 10                                           ; 0                            ;
; 11                                           ; 1                            ;
; 12                                           ; 1                            ;
; 13                                           ; 1                            ;
; 14                                           ; 1                            ;
; 15                                           ; 3                            ;
; 16                                           ; 7                            ;
; 17                                           ; 2                            ;
; 18                                           ; 1                            ;
; 19                                           ; 0                            ;
; 20                                           ; 1                            ;
; 21                                           ; 1                            ;
; 22                                           ; 0                            ;
; 23                                           ; 0                            ;
; 24                                           ; 0                            ;
; 25                                           ; 0                            ;
; 26                                           ; 2                            ;
; 27                                           ; 1                            ;
; 28                                           ; 1                            ;
+----------------------------------------------+------------------------------+


+--------------------------------------------------------------------------------+
; LAB Signals Sourced Out                                                        ;
+-------------------------------------------------+------------------------------+
; Number of Signals Sourced Out  (Average = 7.25) ; Number of LABs  (Total = 28) ;
+-------------------------------------------------+------------------------------+
; 0                                               ; 0                            ;
; 1                                               ; 2                            ;
; 2                                               ; 1                            ;
; 3                                               ; 1                            ;
; 4                                               ; 6                            ;
; 5                                               ; 1                            ;
; 6                                               ; 3                            ;
; 7                                               ; 3                            ;
; 8                                               ; 2                            ;
; 9                                               ; 1                            ;
; 10                                              ; 3                            ;
; 11                                              ; 1                            ;
; 12                                              ; 1                            ;
; 13                                              ; 1                            ;
; 14                                              ; 0                            ;
; 15                                              ; 0                            ;
; 16                                              ; 0                            ;
; 17                                              ; 0                            ;
; 18                                              ; 1                            ;
; 19                                              ; 1                            ;
+-------------------------------------------------+------------------------------+


+-----------------------------------------------------------------------------+
; LAB Distinct Inputs                                                         ;
+----------------------------------------------+------------------------------+
; Number of Distinct Inputs  (Average = 12.32) ; Number of LABs  (Total = 28) ;
+----------------------------------------------+------------------------------+
; 0                                            ; 0                            ;
; 1                                            ; 0                            ;
; 2                                            ; 0                            ;
; 3                                            ; 2                            ;
; 4                                            ; 3                            ;
; 5                                            ; 3                            ;
; 6                                            ; 1                            ;
; 7                                            ; 1                            ;
; 8                                            ; 1                            ;
; 9                                            ; 0                            ;
; 10                                           ; 1                            ;
; 11                                           ; 1                            ;
; 12                                           ; 1                            ;
; 13                                           ; 1                            ;
; 14                                           ; 0                            ;
; 15                                           ; 2                            ;
; 16                                           ; 1                            ;
; 17                                           ; 1                            ;
; 18                                           ; 3                            ;
; 19                                           ; 1                            ;
; 20                                           ; 1                            ;
; 21                                           ; 1                            ;
; 22                                           ; 2                            ;
; 23                                           ; 0                            ;
; 24                                           ; 1                            ;
+----------------------------------------------+------------------------------+


+------------------------------------------+
; I/O Rules Summary                        ;
+----------------------------------+-------+
; I/O Rules Statistic              ; Total ;
+----------------------------------+-------+
; Total I/O Rules                  ; 30    ;
; Number of I/O Rules Passed       ; 12    ;
; Number of I/O Rules Failed       ; 0     ;
; Number of I/O Rules Unchecked    ; 0     ;
; Number of I/O Rules Inapplicable ; 18    ;
+----------------------------------+-------+


+-----------------------------------------------------------------------------------------------------------------------------------------------------------------------------------------------------------------------------------------------------------------------------------------------------+
; I/O Rules Details                                                                                                                                                                                                                                                                                   ;
+--------------+-----------+-----------------------------------+------------------------------------------------------------------------------------------------------+----------+--------------------------------------------------------------------------+---------------------+-------------------+
; Status       ; ID        ; Category                          ; Rule Description                                                                                     ; Severity ; Information                                                              ; Area                ; Extra Information ;
+--------------+-----------+-----------------------------------+------------------------------------------------------------------------------------------------------+----------+--------------------------------------------------------------------------+---------------------+-------------------+
; Pass         ; IO_000001 ; Capacity Checks                   ; Number of pins in an I/O bank should not exceed the number of locations available.                   ; Critical ; 0 such failures found.                                                   ; I/O                 ;                   ;
; Inapplicable ; IO_000002 ; Capacity Checks                   ; Number of clocks in an I/O bank should not exceed the number of clocks available.                    ; Critical ; No Global Signal assignments found.                                      ; I/O                 ;                   ;
; Pass         ; IO_000003 ; Capacity Checks                   ; Number of pins in a Vrefgroup should not exceed the number of locations available.                   ; Critical ; 0 such failures found.                                                   ; I/O                 ;                   ;
; Inapplicable ; IO_000004 ; Voltage Compatibility Checks      ; The I/O bank should support the requested VCCIO.                                                     ; Critical ; No IOBANK_VCCIO assignments found.                                       ; I/O                 ;                   ;
; Inapplicable ; IO_000005 ; Voltage Compatibility Checks      ; The I/O bank should not have competing VREF values.                                                  ; Critical ; No VREF I/O Standard assignments found.                                  ; I/O                 ;                   ;
; Pass         ; IO_000006 ; Voltage Compatibility Checks      ; The I/O bank should not have competing VCCIO values.                                                 ; Critical ; 0 such failures found.                                                   ; I/O                 ;                   ;
; Pass         ; IO_000007 ; Valid Location Checks             ; Checks for unavailable locations.                                                                    ; Critical ; 0 such failures found.                                                   ; I/O                 ;                   ;
; Inapplicable ; IO_000008 ; Valid Location Checks             ; Checks for reserved locations.                                                                       ; Critical ; No reserved LogicLock region found.                                      ; I/O                 ;                   ;
; Pass         ; IO_000009 ; I/O Properties Checks for One I/O ; The location should support the requested I/O standard.                                              ; Critical ; 0 such failures found.                                                   ; I/O                 ;                   ;
; Pass         ; IO_000010 ; I/O Properties Checks for One I/O ; The location should support the requested I/O direction.                                             ; Critical ; 0 such failures found.                                                   ; I/O                 ;                   ;
; Inapplicable ; IO_000011 ; I/O Properties Checks for One I/O ; The location should support the requested Current Strength.                                          ; Critical ; No Current Strength assignments found.                                   ; I/O                 ;                   ;
; Pass         ; IO_000012 ; I/O Properties Checks for One I/O ; The location should support the requested On Chip Termination value.                                 ; Critical ; 0 such failures found.                                                   ; I/O                 ;                   ;
; Inapplicable ; IO_000013 ; I/O Properties Checks for One I/O ; The location should support the requested Bus Hold value.                                            ; Critical ; No Enable Bus-Hold Circuitry assignments found.                          ; I/O                 ;                   ;
; Inapplicable ; IO_000014 ; I/O Properties Checks for One I/O ; The location should support the requested Weak Pull Up value.                                        ; Critical ; No Weak Pull-Up Resistor assignments found.                              ; I/O                 ;                   ;
; Pass         ; IO_000015 ; I/O Properties Checks for One I/O ; The location should support the requested PCI Clamp Diode.                                           ; Critical ; 0 such failures found.                                                   ; I/O                 ;                   ;
; Inapplicable ; IO_000018 ; I/O Properties Checks for One I/O ; The I/O standard should support the requested Current Strength.                                      ; Critical ; No Current Strength assignments found.                                   ; I/O                 ;                   ;
; Pass         ; IO_000019 ; I/O Properties Checks for One I/O ; The I/O standard should support the requested On Chip Termination value.                             ; Critical ; 0 such failures found.                                                   ; I/O                 ;                   ;
; Pass         ; IO_000020 ; I/O Properties Checks for One I/O ; The I/O standard should support the requested PCI Clamp Diode.                                       ; Critical ; 0 such failures found.                                                   ; I/O                 ;                   ;
; Inapplicable ; IO_000021 ; I/O Properties Checks for One I/O ; The I/O standard should support the requested Weak Pull Up value.                                    ; Critical ; No Weak Pull-Up Resistor assignments found.                              ; I/O                 ;                   ;
; Inapplicable ; IO_000022 ; I/O Properties Checks for One I/O ; The I/O standard should support the requested Bus Hold value.                                        ; Critical ; No Enable Bus-Hold Circuitry assignments found.                          ; I/O                 ;                   ;
; Inapplicable ; IO_000023 ; I/O Properties Checks for One I/O ; The I/O standard should support the Open Drain value.                                                ; Critical ; No open drain assignments found.                                         ; I/O                 ;                   ;
; Pass         ; IO_000024 ; I/O Properties Checks for One I/O ; The I/O direction should support the On Chip Termination value.                                      ; Critical ; 0 such failures found.                                                   ; I/O                 ;                   ;
; Inapplicable ; IO_000026 ; I/O Properties Checks for One I/O ; On Chip Termination and Current Strength should not be used at the same time.                        ; Critical ; No Current Strength assignments found.                                   ; I/O                 ;                   ;
; Inapplicable ; IO_000027 ; I/O Properties Checks for One I/O ; Weak Pull Up and Bus Hold should not be used at the same time.                                       ; Critical ; No Enable Bus-Hold Circuitry or Weak Pull-Up Resistor assignments found. ; I/O                 ;                   ;
; Inapplicable ; IO_000045 ; I/O Properties Checks for One I/O ; The I/O standard should support the requested Slew Rate value.                                       ; Critical ; No Slew Rate assignments found.                                          ; I/O                 ;                   ;
; Inapplicable ; IO_000046 ; I/O Properties Checks for One I/O ; The location should support the requested Slew Rate value.                                           ; Critical ; No Slew Rate assignments found.                                          ; I/O                 ;                   ;
; Inapplicable ; IO_000047 ; I/O Properties Checks for One I/O ; On Chip Termination and Slew Rate should not be used at the same time.                               ; Critical ; No Slew Rate assignments found.                                          ; I/O                 ;                   ;
; Pass         ; IO_000033 ; Electromigration Checks           ; Current density for consecutive I/Os should not exceed 240mA for row I/Os and 240mA for column I/Os. ; Critical ; 0 such failures found.                                                   ; I/O                 ;                   ;
; Inapplicable ; IO_000034 ; SI Related Distance Checks        ; Single-ended outputs should be 5 LAB row(s) away from a differential I/O.                            ; High     ; No Differential I/O Standard assignments found.                          ; I/O                 ;                   ;
; Inapplicable ; IO_000042 ; SI Related SSO Limit Checks       ; No more than 20 outputs are allowed in a VREF group when VREF is being read from.                    ; High     ; No VREF I/O Standard assignments found.                                  ; I/O                 ;                   ;
; ----         ; ----      ; Disclaimer                        ; OCT rules are checked but not reported.                                                              ; None     ; ----                                                                     ; On Chip Termination ;                   ;
+--------------+-----------+-----------------------------------+------------------------------------------------------------------------------------------------------+----------+--------------------------------------------------------------------------+---------------------+-------------------+


+--------------------------------------------------------------------------------------------------------------------------------------------------------------------------------------------------------------------------------------------------------------------------------------------------------------------------------------------------------------------------------------------------------------------------------------------------------------------------+
; I/O Rules Matrix                                                                                                                                                                                                                                                                                                                                                                                                                                                         ;
+--------------------+--------------+--------------+--------------+--------------+--------------+-----------+--------------+--------------+-----------+-----------+--------------+--------------+--------------+--------------+--------------+--------------+--------------+--------------+--------------+--------------+--------------+--------------+--------------+--------------+--------------+--------------+--------------+-----------+--------------+--------------+
; Pin/Rules          ; IO_000001    ; IO_000002    ; IO_000003    ; IO_000004    ; IO_000005    ; IO_000006 ; IO_000007    ; IO_000008    ; IO_000009 ; IO_000010 ; IO_000011    ; IO_000012    ; IO_000013    ; IO_000014    ; IO_000015    ; IO_000018    ; IO_000019    ; IO_000020    ; IO_000021    ; IO_000022    ; IO_000023    ; IO_000024    ; IO_000026    ; IO_000027    ; IO_000045    ; IO_000046    ; IO_000047    ; IO_000033 ; IO_000034    ; IO_000042    ;
+--------------------+--------------+--------------+--------------+--------------+--------------+-----------+--------------+--------------+-----------+-----------+--------------+--------------+--------------+--------------+--------------+--------------+--------------+--------------+--------------+--------------+--------------+--------------+--------------+--------------+--------------+--------------+--------------+-----------+--------------+--------------+
; Total Pass         ; 28           ; 0            ; 28           ; 0            ; 0            ; 164       ; 28           ; 0            ; 164       ; 164       ; 0            ; 130          ; 0            ; 0            ; 34           ; 0            ; 130          ; 34           ; 0            ; 0            ; 0            ; 130          ; 0            ; 0            ; 0            ; 0            ; 0            ; 164       ; 0            ; 0            ;
; Total Unchecked    ; 0            ; 0            ; 0            ; 0            ; 0            ; 0         ; 0            ; 0            ; 0         ; 0         ; 0            ; 0            ; 0            ; 0            ; 0            ; 0            ; 0            ; 0            ; 0            ; 0            ; 0            ; 0            ; 0            ; 0            ; 0            ; 0            ; 0            ; 0         ; 0            ; 0            ;
; Total Inapplicable ; 136          ; 164          ; 136          ; 164          ; 164          ; 0         ; 136          ; 164          ; 0         ; 0         ; 164          ; 34           ; 164          ; 164          ; 130          ; 164          ; 34           ; 130          ; 164          ; 164          ; 164          ; 34           ; 164          ; 164          ; 164          ; 164          ; 164          ; 0         ; 164          ; 164          ;
; Total Fail         ; 0            ; 0            ; 0            ; 0            ; 0            ; 0         ; 0            ; 0            ; 0         ; 0         ; 0            ; 0            ; 0            ; 0            ; 0            ; 0            ; 0            ; 0            ; 0            ; 0            ; 0            ; 0            ; 0            ; 0            ; 0            ; 0            ; 0            ; 0         ; 0            ; 0            ;
; Qv[0]              ; Inapplicable ; Inapplicable ; Inapplicable ; Inapplicable ; Inapplicable ; Pass      ; Inapplicable ; Inapplicable ; Pass      ; Pass      ; Inapplicable ; Pass         ; Inapplicable ; Inapplicable ; Inapplicable ; Inapplicable ; Pass         ; Inapplicable ; Inapplicable ; Inapplicable ; Inapplicable ; Pass         ; Inapplicable ; Inapplicable ; Inapplicable ; Inapplicable ; Inapplicable ; Pass      ; Inapplicable ; Inapplicable ;
; Qv[1]              ; Inapplicable ; Inapplicable ; Inapplicable ; Inapplicable ; Inapplicable ; Pass      ; Inapplicable ; Inapplicable ; Pass      ; Pass      ; Inapplicable ; Pass         ; Inapplicable ; Inapplicable ; Inapplicable ; Inapplicable ; Pass         ; Inapplicable ; Inapplicable ; Inapplicable ; Inapplicable ; Pass         ; Inapplicable ; Inapplicable ; Inapplicable ; Inapplicable ; Inapplicable ; Pass      ; Inapplicable ; Inapplicable ;
; Qv[2]              ; Inapplicable ; Inapplicable ; Inapplicable ; Inapplicable ; Inapplicable ; Pass      ; Inapplicable ; Inapplicable ; Pass      ; Pass      ; Inapplicable ; Pass         ; Inapplicable ; Inapplicable ; Inapplicable ; Inapplicable ; Pass         ; Inapplicable ; Inapplicable ; Inapplicable ; Inapplicable ; Pass         ; Inapplicable ; Inapplicable ; Inapplicable ; Inapplicable ; Inapplicable ; Pass      ; Inapplicable ; Inapplicable ;
; Qv[3]              ; Inapplicable ; Inapplicable ; Inapplicable ; Inapplicable ; Inapplicable ; Pass      ; Inapplicable ; Inapplicable ; Pass      ; Pass      ; Inapplicable ; Pass         ; Inapplicable ; Inapplicable ; Inapplicable ; Inapplicable ; Pass         ; Inapplicable ; Inapplicable ; Inapplicable ; Inapplicable ; Pass         ; Inapplicable ; Inapplicable ; Inapplicable ; Inapplicable ; Inapplicable ; Pass      ; Inapplicable ; Inapplicable ;
; Qv[4]              ; Inapplicable ; Inapplicable ; Inapplicable ; Inapplicable ; Inapplicable ; Pass      ; Inapplicable ; Inapplicable ; Pass      ; Pass      ; Inapplicable ; Pass         ; Inapplicable ; Inapplicable ; Inapplicable ; Inapplicable ; Pass         ; Inapplicable ; Inapplicable ; Inapplicable ; Inapplicable ; Pass         ; Inapplicable ; Inapplicable ; Inapplicable ; Inapplicable ; Inapplicable ; Pass      ; Inapplicable ; Inapplicable ;
; pv[0]              ; Inapplicable ; Inapplicable ; Inapplicable ; Inapplicable ; Inapplicable ; Pass      ; Inapplicable ; Inapplicable ; Pass      ; Pass      ; Inapplicable ; Pass         ; Inapplicable ; Inapplicable ; Inapplicable ; Inapplicable ; Pass         ; Inapplicable ; Inapplicable ; Inapplicable ; Inapplicable ; Pass         ; Inapplicable ; Inapplicable ; Inapplicable ; Inapplicable ; Inapplicable ; Pass      ; Inapplicable ; Inapplicable ;
; pv[1]              ; Inapplicable ; Inapplicable ; Inapplicable ; Inapplicable ; Inapplicable ; Pass      ; Inapplicable ; Inapplicable ; Pass      ; Pass      ; Inapplicable ; Pass         ; Inapplicable ; Inapplicable ; Inapplicable ; Inapplicable ; Pass         ; Inapplicable ; Inapplicable ; Inapplicable ; Inapplicable ; Pass         ; Inapplicable ; Inapplicable ; Inapplicable ; Inapplicable ; Inapplicable ; Pass      ; Inapplicable ; Inapplicable ;
; pv[2]              ; Inapplicable ; Inapplicable ; Inapplicable ; Inapplicable ; Inapplicable ; Pass      ; Inapplicable ; Inapplicable ; Pass      ; Pass      ; Inapplicable ; Pass         ; Inapplicable ; Inapplicable ; Inapplicable ; Inapplicable ; Pass         ; Inapplicable ; Inapplicable ; Inapplicable ; Inapplicable ; Pass         ; Inapplicable ; Inapplicable ; Inapplicable ; Inapplicable ; Inapplicable ; Pass      ; Inapplicable ; Inapplicable ;
; pv[3]              ; Inapplicable ; Inapplicable ; Inapplicable ; Inapplicable ; Inapplicable ; Pass      ; Inapplicable ; Inapplicable ; Pass      ; Pass      ; Inapplicable ; Pass         ; Inapplicable ; Inapplicable ; Inapplicable ; Inapplicable ; Pass         ; Inapplicable ; Inapplicable ; Inapplicable ; Inapplicable ; Pass         ; Inapplicable ; Inapplicable ; Inapplicable ; Inapplicable ; Inapplicable ; Pass      ; Inapplicable ; Inapplicable ;
; binv[0]            ; Inapplicable ; Inapplicable ; Inapplicable ; Inapplicable ; Inapplicable ; Pass      ; Inapplicable ; Inapplicable ; Pass      ; Pass      ; Inapplicable ; Inapplicable ; Inapplicable ; Inapplicable ; Pass         ; Inapplicable ; Inapplicable ; Pass         ; Inapplicable ; Inapplicable ; Inapplicable ; Inapplicable ; Inapplicable ; Inapplicable ; Inapplicable ; Inapplicable ; Inapplicable ; Pass      ; Inapplicable ; Inapplicable ;
; binv[1]            ; Inapplicable ; Inapplicable ; Inapplicable ; Inapplicable ; Inapplicable ; Pass      ; Inapplicable ; Inapplicable ; Pass      ; Pass      ; Inapplicable ; Inapplicable ; Inapplicable ; Inapplicable ; Pass         ; Inapplicable ; Inapplicable ; Pass         ; Inapplicable ; Inapplicable ; Inapplicable ; Inapplicable ; Inapplicable ; Inapplicable ; Inapplicable ; Inapplicable ; Inapplicable ; Pass      ; Inapplicable ; Inapplicable ;
; binv[2]            ; Inapplicable ; Inapplicable ; Inapplicable ; Inapplicable ; Inapplicable ; Pass      ; Inapplicable ; Inapplicable ; Pass      ; Pass      ; Inapplicable ; Inapplicable ; Inapplicable ; Inapplicable ; Pass         ; Inapplicable ; Inapplicable ; Pass         ; Inapplicable ; Inapplicable ; Inapplicable ; Inapplicable ; Inapplicable ; Inapplicable ; Inapplicable ; Inapplicable ; Inapplicable ; Pass      ; Inapplicable ; Inapplicable ;
; binv[3]            ; Inapplicable ; Inapplicable ; Inapplicable ; Inapplicable ; Inapplicable ; Pass      ; Inapplicable ; Inapplicable ; Pass      ; Pass      ; Inapplicable ; Inapplicable ; Inapplicable ; Inapplicable ; Pass         ; Inapplicable ; Inapplicable ; Pass         ; Inapplicable ; Inapplicable ; Inapplicable ; Inapplicable ; Inapplicable ; Inapplicable ; Inapplicable ; Inapplicable ; Inapplicable ; Pass      ; Inapplicable ; Inapplicable ;
; binv[4]            ; Inapplicable ; Inapplicable ; Inapplicable ; Inapplicable ; Inapplicable ; Pass      ; Inapplicable ; Inapplicable ; Pass      ; Pass      ; Inapplicable ; Inapplicable ; Inapplicable ; Inapplicable ; Pass         ; Inapplicable ; Inapplicable ; Pass         ; Inapplicable ; Inapplicable ; Inapplicable ; Inapplicable ; Inapplicable ; Inapplicable ; Inapplicable ; Inapplicable ; Inapplicable ; Pass      ; Inapplicable ; Inapplicable ;
; bcdv[0]            ; Inapplicable ; Inapplicable ; Inapplicable ; Inapplicable ; Inapplicable ; Pass      ; Inapplicable ; Inapplicable ; Pass      ; Pass      ; Inapplicable ; Pass         ; Inapplicable ; Inapplicable ; Inapplicable ; Inapplicable ; Pass         ; Inapplicable ; Inapplicable ; Inapplicable ; Inapplicable ; Pass         ; Inapplicable ; Inapplicable ; Inapplicable ; Inapplicable ; Inapplicable ; Pass      ; Inapplicable ; Inapplicable ;
; bcdv[1]            ; Inapplicable ; Inapplicable ; Inapplicable ; Inapplicable ; Inapplicable ; Pass      ; Inapplicable ; Inapplicable ; Pass      ; Pass      ; Inapplicable ; Pass         ; Inapplicable ; Inapplicable ; Inapplicable ; Inapplicable ; Pass         ; Inapplicable ; Inapplicable ; Inapplicable ; Inapplicable ; Pass         ; Inapplicable ; Inapplicable ; Inapplicable ; Inapplicable ; Inapplicable ; Pass      ; Inapplicable ; Inapplicable ;
; bcdv[2]            ; Inapplicable ; Inapplicable ; Inapplicable ; Inapplicable ; Inapplicable ; Pass      ; Inapplicable ; Inapplicable ; Pass      ; Pass      ; Inapplicable ; Pass         ; Inapplicable ; Inapplicable ; Inapplicable ; Inapplicable ; Pass         ; Inapplicable ; Inapplicable ; Inapplicable ; Inapplicable ; Pass         ; Inapplicable ; Inapplicable ; Inapplicable ; Inapplicable ; Inapplicable ; Pass      ; Inapplicable ; Inapplicable ;
; bcdv[3]            ; Inapplicable ; Inapplicable ; Inapplicable ; Inapplicable ; Inapplicable ; Pass      ; Inapplicable ; Inapplicable ; Pass      ; Pass      ; Inapplicable ; Pass         ; Inapplicable ; Inapplicable ; Inapplicable ; Inapplicable ; Pass         ; Inapplicable ; Inapplicable ; Inapplicable ; Inapplicable ; Pass         ; Inapplicable ; Inapplicable ; Inapplicable ; Inapplicable ; Inapplicable ; Pass      ; Inapplicable ; Inapplicable ;
; bcdv[4]            ; Inapplicable ; Inapplicable ; Inapplicable ; Inapplicable ; Inapplicable ; Pass      ; Inapplicable ; Inapplicable ; Pass      ; Pass      ; Inapplicable ; Pass         ; Inapplicable ; Inapplicable ; Inapplicable ; Inapplicable ; Pass         ; Inapplicable ; Inapplicable ; Inapplicable ; Inapplicable ; Pass         ; Inapplicable ; Inapplicable ; Inapplicable ; Inapplicable ; Inapplicable ; Pass      ; Inapplicable ; Inapplicable ;
; bcdv[5]            ; Inapplicable ; Inapplicable ; Inapplicable ; Inapplicable ; Inapplicable ; Pass      ; Inapplicable ; Inapplicable ; Pass      ; Pass      ; Inapplicable ; Pass         ; Inapplicable ; Inapplicable ; Inapplicable ; Inapplicable ; Pass         ; Inapplicable ; Inapplicable ; Inapplicable ; Inapplicable ; Pass         ; Inapplicable ; Inapplicable ; Inapplicable ; Inapplicable ; Inapplicable ; Pass      ; Inapplicable ; Inapplicable ;
; bcdv[6]            ; Inapplicable ; Inapplicable ; Inapplicable ; Inapplicable ; Inapplicable ; Pass      ; Inapplicable ; Inapplicable ; Pass      ; Pass      ; Inapplicable ; Pass         ; Inapplicable ; Inapplicable ; Inapplicable ; Inapplicable ; Pass         ; Inapplicable ; Inapplicable ; Inapplicable ; Inapplicable ; Pass         ; Inapplicable ; Inapplicable ; Inapplicable ; Inapplicable ; Inapplicable ; Pass      ; Inapplicable ; Inapplicable ;
; bcdv[7]            ; Inapplicable ; Inapplicable ; Inapplicable ; Inapplicable ; Inapplicable ; Pass      ; Inapplicable ; Inapplicable ; Pass      ; Pass      ; Inapplicable ; Pass         ; Inapplicable ; Inapplicable ; Inapplicable ; Inapplicable ; Pass         ; Inapplicable ; Inapplicable ; Inapplicable ; Inapplicable ; Pass         ; Inapplicable ; Inapplicable ; Inapplicable ; Inapplicable ; Inapplicable ; Pass      ; Inapplicable ; Inapplicable ;
; bcd1v[0]           ; Inapplicable ; Inapplicable ; Inapplicable ; Inapplicable ; Inapplicable ; Pass      ; Inapplicable ; Inapplicable ; Pass      ; Pass      ; Inapplicable ; Inapplicable ; Inapplicable ; Inapplicable ; Pass         ; Inapplicable ; Inapplicable ; Pass         ; Inapplicable ; Inapplicable ; Inapplicable ; Inapplicable ; Inapplicable ; Inapplicable ; Inapplicable ; Inapplicable ; Inapplicable ; Pass      ; Inapplicable ; Inapplicable ;
; bcd1v[1]           ; Inapplicable ; Inapplicable ; Inapplicable ; Inapplicable ; Inapplicable ; Pass      ; Inapplicable ; Inapplicable ; Pass      ; Pass      ; Inapplicable ; Inapplicable ; Inapplicable ; Inapplicable ; Pass         ; Inapplicable ; Inapplicable ; Pass         ; Inapplicable ; Inapplicable ; Inapplicable ; Inapplicable ; Inapplicable ; Inapplicable ; Inapplicable ; Inapplicable ; Inapplicable ; Pass      ; Inapplicable ; Inapplicable ;
; bcd1v[2]           ; Inapplicable ; Inapplicable ; Inapplicable ; Inapplicable ; Inapplicable ; Pass      ; Inapplicable ; Inapplicable ; Pass      ; Pass      ; Inapplicable ; Inapplicable ; Inapplicable ; Inapplicable ; Pass         ; Inapplicable ; Inapplicable ; Pass         ; Inapplicable ; Inapplicable ; Inapplicable ; Inapplicable ; Inapplicable ; Inapplicable ; Inapplicable ; Inapplicable ; Inapplicable ; Pass      ; Inapplicable ; Inapplicable ;
; bcd1v[3]           ; Inapplicable ; Inapplicable ; Inapplicable ; Inapplicable ; Inapplicable ; Pass      ; Inapplicable ; Inapplicable ; Pass      ; Pass      ; Inapplicable ; Inapplicable ; Inapplicable ; Inapplicable ; Pass         ; Inapplicable ; Inapplicable ; Pass         ; Inapplicable ; Inapplicable ; Inapplicable ; Inapplicable ; Inapplicable ; Inapplicable ; Inapplicable ; Inapplicable ; Inapplicable ; Pass      ; Inapplicable ; Inapplicable ;
; segv[0]            ; Pass         ; Inapplicable ; Pass         ; Inapplicable ; Inapplicable ; Pass      ; Pass         ; Inapplicable ; Pass      ; Pass      ; Inapplicable ; Pass         ; Inapplicable ; Inapplicable ; Inapplicable ; Inapplicable ; Pass         ; Inapplicable ; Inapplicable ; Inapplicable ; Inapplicable ; Pass         ; Inapplicable ; Inapplicable ; Inapplicable ; Inapplicable ; Inapplicable ; Pass      ; Inapplicable ; Inapplicable ;
; segv[1]            ; Pass         ; Inapplicable ; Pass         ; Inapplicable ; Inapplicable ; Pass      ; Pass         ; Inapplicable ; Pass      ; Pass      ; Inapplicable ; Pass         ; Inapplicable ; Inapplicable ; Inapplicable ; Inapplicable ; Pass         ; Inapplicable ; Inapplicable ; Inapplicable ; Inapplicable ; Pass         ; Inapplicable ; Inapplicable ; Inapplicable ; Inapplicable ; Inapplicable ; Pass      ; Inapplicable ; Inapplicable ;
; segv[2]            ; Pass         ; Inapplicable ; Pass         ; Inapplicable ; Inapplicable ; Pass      ; Pass         ; Inapplicable ; Pass      ; Pass      ; Inapplicable ; Pass         ; Inapplicable ; Inapplicable ; Inapplicable ; Inapplicable ; Pass         ; Inapplicable ; Inapplicable ; Inapplicable ; Inapplicable ; Pass         ; Inapplicable ; Inapplicable ; Inapplicable ; Inapplicable ; Inapplicable ; Pass      ; Inapplicable ; Inapplicable ;
; segv[3]            ; Pass         ; Inapplicable ; Pass         ; Inapplicable ; Inapplicable ; Pass      ; Pass         ; Inapplicable ; Pass      ; Pass      ; Inapplicable ; Pass         ; Inapplicable ; Inapplicable ; Inapplicable ; Inapplicable ; Pass         ; Inapplicable ; Inapplicable ; Inapplicable ; Inapplicable ; Pass         ; Inapplicable ; Inapplicable ; Inapplicable ; Inapplicable ; Inapplicable ; Pass      ; Inapplicable ; Inapplicable ;
; segv[4]            ; Pass         ; Inapplicable ; Pass         ; Inapplicable ; Inapplicable ; Pass      ; Pass         ; Inapplicable ; Pass      ; Pass      ; Inapplicable ; Pass         ; Inapplicable ; Inapplicable ; Inapplicable ; Inapplicable ; Pass         ; Inapplicable ; Inapplicable ; Inapplicable ; Inapplicable ; Pass         ; Inapplicable ; Inapplicable ; Inapplicable ; Inapplicable ; Inapplicable ; Pass      ; Inapplicable ; Inapplicable ;
; segv[5]            ; Pass         ; Inapplicable ; Pass         ; Inapplicable ; Inapplicable ; Pass      ; Pass         ; Inapplicable ; Pass      ; Pass      ; Inapplicable ; Pass         ; Inapplicable ; Inapplicable ; Inapplicable ; Inapplicable ; Pass         ; Inapplicable ; Inapplicable ; Inapplicable ; Inapplicable ; Pass         ; Inapplicable ; Inapplicable ; Inapplicable ; Inapplicable ; Inapplicable ; Pass      ; Inapplicable ; Inapplicable ;
; segv[6]            ; Pass         ; Inapplicable ; Pass         ; Inapplicable ; Inapplicable ; Pass      ; Pass         ; Inapplicable ; Pass      ; Pass      ; Inapplicable ; Pass         ; Inapplicable ; Inapplicable ; Inapplicable ; Inapplicable ; Pass         ; Inapplicable ; Inapplicable ; Inapplicable ; Inapplicable ; Pass         ; Inapplicable ; Inapplicable ; Inapplicable ; Inapplicable ; Inapplicable ; Pass      ; Inapplicable ; Inapplicable ;
; segv1[0]           ; Inapplicable ; Inapplicable ; Inapplicable ; Inapplicable ; Inapplicable ; Pass      ; Inapplicable ; Inapplicable ; Pass      ; Pass      ; Inapplicable ; Pass         ; Inapplicable ; Inapplicable ; Inapplicable ; Inapplicable ; Pass         ; Inapplicable ; Inapplicable ; Inapplicable ; Inapplicable ; Pass         ; Inapplicable ; Inapplicable ; Inapplicable ; Inapplicable ; Inapplicable ; Pass      ; Inapplicable ; Inapplicable ;
; segv1[1]           ; Inapplicable ; Inapplicable ; Inapplicable ; Inapplicable ; Inapplicable ; Pass      ; Inapplicable ; Inapplicable ; Pass      ; Pass      ; Inapplicable ; Pass         ; Inapplicable ; Inapplicable ; Inapplicable ; Inapplicable ; Pass         ; Inapplicable ; Inapplicable ; Inapplicable ; Inapplicable ; Pass         ; Inapplicable ; Inapplicable ; Inapplicable ; Inapplicable ; Inapplicable ; Pass      ; Inapplicable ; Inapplicable ;
; segv1[2]           ; Inapplicable ; Inapplicable ; Inapplicable ; Inapplicable ; Inapplicable ; Pass      ; Inapplicable ; Inapplicable ; Pass      ; Pass      ; Inapplicable ; Pass         ; Inapplicable ; Inapplicable ; Inapplicable ; Inapplicable ; Pass         ; Inapplicable ; Inapplicable ; Inapplicable ; Inapplicable ; Pass         ; Inapplicable ; Inapplicable ; Inapplicable ; Inapplicable ; Inapplicable ; Pass      ; Inapplicable ; Inapplicable ;
; segv1[3]           ; Inapplicable ; Inapplicable ; Inapplicable ; Inapplicable ; Inapplicable ; Pass      ; Inapplicable ; Inapplicable ; Pass      ; Pass      ; Inapplicable ; Pass         ; Inapplicable ; Inapplicable ; Inapplicable ; Inapplicable ; Pass         ; Inapplicable ; Inapplicable ; Inapplicable ; Inapplicable ; Pass         ; Inapplicable ; Inapplicable ; Inapplicable ; Inapplicable ; Inapplicable ; Pass      ; Inapplicable ; Inapplicable ;
; segv1[4]           ; Inapplicable ; Inapplicable ; Inapplicable ; Inapplicable ; Inapplicable ; Pass      ; Inapplicable ; Inapplicable ; Pass      ; Pass      ; Inapplicable ; Pass         ; Inapplicable ; Inapplicable ; Inapplicable ; Inapplicable ; Pass         ; Inapplicable ; Inapplicable ; Inapplicable ; Inapplicable ; Pass         ; Inapplicable ; Inapplicable ; Inapplicable ; Inapplicable ; Inapplicable ; Pass      ; Inapplicable ; Inapplicable ;
; segv1[5]           ; Inapplicable ; Inapplicable ; Inapplicable ; Inapplicable ; Inapplicable ; Pass      ; Inapplicable ; Inapplicable ; Pass      ; Pass      ; Inapplicable ; Pass         ; Inapplicable ; Inapplicable ; Inapplicable ; Inapplicable ; Pass         ; Inapplicable ; Inapplicable ; Inapplicable ; Inapplicable ; Pass         ; Inapplicable ; Inapplicable ; Inapplicable ; Inapplicable ; Inapplicable ; Pass      ; Inapplicable ; Inapplicable ;
; segv1[6]           ; Inapplicable ; Inapplicable ; Inapplicable ; Inapplicable ; Inapplicable ; Pass      ; Inapplicable ; Inapplicable ; Pass      ; Pass      ; Inapplicable ; Pass         ; Inapplicable ; Inapplicable ; Inapplicable ; Inapplicable ; Pass         ; Inapplicable ; Inapplicable ; Inapplicable ; Inapplicable ; Pass         ; Inapplicable ; Inapplicable ; Inapplicable ; Inapplicable ; Inapplicable ; Pass      ; Inapplicable ; Inapplicable ;
; segv2[0]           ; Pass         ; Inapplicable ; Pass         ; Inapplicable ; Inapplicable ; Pass      ; Pass         ; Inapplicable ; Pass      ; Pass      ; Inapplicable ; Pass         ; Inapplicable ; Inapplicable ; Inapplicable ; Inapplicable ; Pass         ; Inapplicable ; Inapplicable ; Inapplicable ; Inapplicable ; Pass         ; Inapplicable ; Inapplicable ; Inapplicable ; Inapplicable ; Inapplicable ; Pass      ; Inapplicable ; Inapplicable ;
; segv2[1]           ; Pass         ; Inapplicable ; Pass         ; Inapplicable ; Inapplicable ; Pass      ; Pass         ; Inapplicable ; Pass      ; Pass      ; Inapplicable ; Pass         ; Inapplicable ; Inapplicable ; Inapplicable ; Inapplicable ; Pass         ; Inapplicable ; Inapplicable ; Inapplicable ; Inapplicable ; Pass         ; Inapplicable ; Inapplicable ; Inapplicable ; Inapplicable ; Inapplicable ; Pass      ; Inapplicable ; Inapplicable ;
; segv2[2]           ; Pass         ; Inapplicable ; Pass         ; Inapplicable ; Inapplicable ; Pass      ; Pass         ; Inapplicable ; Pass      ; Pass      ; Inapplicable ; Pass         ; Inapplicable ; Inapplicable ; Inapplicable ; Inapplicable ; Pass         ; Inapplicable ; Inapplicable ; Inapplicable ; Inapplicable ; Pass         ; Inapplicable ; Inapplicable ; Inapplicable ; Inapplicable ; Inapplicable ; Pass      ; Inapplicable ; Inapplicable ;
; segv2[3]           ; Pass         ; Inapplicable ; Pass         ; Inapplicable ; Inapplicable ; Pass      ; Pass         ; Inapplicable ; Pass      ; Pass      ; Inapplicable ; Pass         ; Inapplicable ; Inapplicable ; Inapplicable ; Inapplicable ; Pass         ; Inapplicable ; Inapplicable ; Inapplicable ; Inapplicable ; Pass         ; Inapplicable ; Inapplicable ; Inapplicable ; Inapplicable ; Inapplicable ; Pass      ; Inapplicable ; Inapplicable ;
; segv2[4]           ; Pass         ; Inapplicable ; Pass         ; Inapplicable ; Inapplicable ; Pass      ; Pass         ; Inapplicable ; Pass      ; Pass      ; Inapplicable ; Pass         ; Inapplicable ; Inapplicable ; Inapplicable ; Inapplicable ; Pass         ; Inapplicable ; Inapplicable ; Inapplicable ; Inapplicable ; Pass         ; Inapplicable ; Inapplicable ; Inapplicable ; Inapplicable ; Inapplicable ; Pass      ; Inapplicable ; Inapplicable ;
; segv2[5]           ; Pass         ; Inapplicable ; Pass         ; Inapplicable ; Inapplicable ; Pass      ; Pass         ; Inapplicable ; Pass      ; Pass      ; Inapplicable ; Pass         ; Inapplicable ; Inapplicable ; Inapplicable ; Inapplicable ; Pass         ; Inapplicable ; Inapplicable ; Inapplicable ; Inapplicable ; Pass         ; Inapplicable ; Inapplicable ; Inapplicable ; Inapplicable ; Inapplicable ; Pass      ; Inapplicable ; Inapplicable ;
; segv2[6]           ; Pass         ; Inapplicable ; Pass         ; Inapplicable ; Inapplicable ; Pass      ; Pass         ; Inapplicable ; Pass      ; Pass      ; Inapplicable ; Pass         ; Inapplicable ; Inapplicable ; Inapplicable ; Inapplicable ; Pass         ; Inapplicable ; Inapplicable ; Inapplicable ; Inapplicable ; Pass         ; Inapplicable ; Inapplicable ; Inapplicable ; Inapplicable ; Inapplicable ; Pass      ; Inapplicable ; Inapplicable ;
; segvv2[0]          ; Inapplicable ; Inapplicable ; Inapplicable ; Inapplicable ; Inapplicable ; Pass      ; Inapplicable ; Inapplicable ; Pass      ; Pass      ; Inapplicable ; Pass         ; Inapplicable ; Inapplicable ; Inapplicable ; Inapplicable ; Pass         ; Inapplicable ; Inapplicable ; Inapplicable ; Inapplicable ; Pass         ; Inapplicable ; Inapplicable ; Inapplicable ; Inapplicable ; Inapplicable ; Pass      ; Inapplicable ; Inapplicable ;
; segvv2[1]          ; Inapplicable ; Inapplicable ; Inapplicable ; Inapplicable ; Inapplicable ; Pass      ; Inapplicable ; Inapplicable ; Pass      ; Pass      ; Inapplicable ; Pass         ; Inapplicable ; Inapplicable ; Inapplicable ; Inapplicable ; Pass         ; Inapplicable ; Inapplicable ; Inapplicable ; Inapplicable ; Pass         ; Inapplicable ; Inapplicable ; Inapplicable ; Inapplicable ; Inapplicable ; Pass      ; Inapplicable ; Inapplicable ;
; segvv2[2]          ; Inapplicable ; Inapplicable ; Inapplicable ; Inapplicable ; Inapplicable ; Pass      ; Inapplicable ; Inapplicable ; Pass      ; Pass      ; Inapplicable ; Pass         ; Inapplicable ; Inapplicable ; Inapplicable ; Inapplicable ; Pass         ; Inapplicable ; Inapplicable ; Inapplicable ; Inapplicable ; Pass         ; Inapplicable ; Inapplicable ; Inapplicable ; Inapplicable ; Inapplicable ; Pass      ; Inapplicable ; Inapplicable ;
; segvv2[3]          ; Inapplicable ; Inapplicable ; Inapplicable ; Inapplicable ; Inapplicable ; Pass      ; Inapplicable ; Inapplicable ; Pass      ; Pass      ; Inapplicable ; Pass         ; Inapplicable ; Inapplicable ; Inapplicable ; Inapplicable ; Pass         ; Inapplicable ; Inapplicable ; Inapplicable ; Inapplicable ; Pass         ; Inapplicable ; Inapplicable ; Inapplicable ; Inapplicable ; Inapplicable ; Pass      ; Inapplicable ; Inapplicable ;
; segvv2[4]          ; Inapplicable ; Inapplicable ; Inapplicable ; Inapplicable ; Inapplicable ; Pass      ; Inapplicable ; Inapplicable ; Pass      ; Pass      ; Inapplicable ; Pass         ; Inapplicable ; Inapplicable ; Inapplicable ; Inapplicable ; Pass         ; Inapplicable ; Inapplicable ; Inapplicable ; Inapplicable ; Pass         ; Inapplicable ; Inapplicable ; Inapplicable ; Inapplicable ; Inapplicable ; Pass      ; Inapplicable ; Inapplicable ;
; segvv2[5]          ; Inapplicable ; Inapplicable ; Inapplicable ; Inapplicable ; Inapplicable ; Pass      ; Inapplicable ; Inapplicable ; Pass      ; Pass      ; Inapplicable ; Pass         ; Inapplicable ; Inapplicable ; Inapplicable ; Inapplicable ; Pass         ; Inapplicable ; Inapplicable ; Inapplicable ; Inapplicable ; Pass         ; Inapplicable ; Inapplicable ; Inapplicable ; Inapplicable ; Inapplicable ; Pass      ; Inapplicable ; Inapplicable ;
; segvv2[6]          ; Inapplicable ; Inapplicable ; Inapplicable ; Inapplicable ; Inapplicable ; Pass      ; Inapplicable ; Inapplicable ; Pass      ; Pass      ; Inapplicable ; Pass         ; Inapplicable ; Inapplicable ; Inapplicable ; Inapplicable ; Pass         ; Inapplicable ; Inapplicable ; Inapplicable ; Inapplicable ; Pass         ; Inapplicable ; Inapplicable ; Inapplicable ; Inapplicable ; Inapplicable ; Pass      ; Inapplicable ; Inapplicable ;
; pv2[0]             ; Inapplicable ; Inapplicable ; Inapplicable ; Inapplicable ; Inapplicable ; Pass      ; Inapplicable ; Inapplicable ; Pass      ; Pass      ; Inapplicable ; Pass         ; Inapplicable ; Inapplicable ; Inapplicable ; Inapplicable ; Pass         ; Inapplicable ; Inapplicable ; Inapplicable ; Inapplicable ; Pass         ; Inapplicable ; Inapplicable ; Inapplicable ; Inapplicable ; Inapplicable ; Pass      ; Inapplicable ; Inapplicable ;
; pv2[1]             ; Inapplicable ; Inapplicable ; Inapplicable ; Inapplicable ; Inapplicable ; Pass      ; Inapplicable ; Inapplicable ; Pass      ; Pass      ; Inapplicable ; Pass         ; Inapplicable ; Inapplicable ; Inapplicable ; Inapplicable ; Pass         ; Inapplicable ; Inapplicable ; Inapplicable ; Inapplicable ; Pass         ; Inapplicable ; Inapplicable ; Inapplicable ; Inapplicable ; Inapplicable ; Pass      ; Inapplicable ; Inapplicable ;
; pv2[2]             ; Inapplicable ; Inapplicable ; Inapplicable ; Inapplicable ; Inapplicable ; Pass      ; Inapplicable ; Inapplicable ; Pass      ; Pass      ; Inapplicable ; Pass         ; Inapplicable ; Inapplicable ; Inapplicable ; Inapplicable ; Pass         ; Inapplicable ; Inapplicable ; Inapplicable ; Inapplicable ; Pass         ; Inapplicable ; Inapplicable ; Inapplicable ; Inapplicable ; Inapplicable ; Pass      ; Inapplicable ; Inapplicable ;
; pv2[3]             ; Inapplicable ; Inapplicable ; Inapplicable ; Inapplicable ; Inapplicable ; Pass      ; Inapplicable ; Inapplicable ; Pass      ; Pass      ; Inapplicable ; Pass         ; Inapplicable ; Inapplicable ; Inapplicable ; Inapplicable ; Pass         ; Inapplicable ; Inapplicable ; Inapplicable ; Inapplicable ; Pass         ; Inapplicable ; Inapplicable ; Inapplicable ; Inapplicable ; Inapplicable ; Pass      ; Inapplicable ; Inapplicable ;
; pv3[0]             ; Inapplicable ; Inapplicable ; Inapplicable ; Inapplicable ; Inapplicable ; Pass      ; Inapplicable ; Inapplicable ; Pass      ; Pass      ; Inapplicable ; Pass         ; Inapplicable ; Inapplicable ; Inapplicable ; Inapplicable ; Pass         ; Inapplicable ; Inapplicable ; Inapplicable ; Inapplicable ; Pass         ; Inapplicable ; Inapplicable ; Inapplicable ; Inapplicable ; Inapplicable ; Pass      ; Inapplicable ; Inapplicable ;
; pv3[1]             ; Inapplicable ; Inapplicable ; Inapplicable ; Inapplicable ; Inapplicable ; Pass      ; Inapplicable ; Inapplicable ; Pass      ; Pass      ; Inapplicable ; Pass         ; Inapplicable ; Inapplicable ; Inapplicable ; Inapplicable ; Pass         ; Inapplicable ; Inapplicable ; Inapplicable ; Inapplicable ; Pass         ; Inapplicable ; Inapplicable ; Inapplicable ; Inapplicable ; Inapplicable ; Pass      ; Inapplicable ; Inapplicable ;
; pv3[2]             ; Inapplicable ; Inapplicable ; Inapplicable ; Inapplicable ; Inapplicable ; Pass      ; Inapplicable ; Inapplicable ; Pass      ; Pass      ; Inapplicable ; Pass         ; Inapplicable ; Inapplicable ; Inapplicable ; Inapplicable ; Pass         ; Inapplicable ; Inapplicable ; Inapplicable ; Inapplicable ; Pass         ; Inapplicable ; Inapplicable ; Inapplicable ; Inapplicable ; Inapplicable ; Pass      ; Inapplicable ; Inapplicable ;
; pv3[3]             ; Inapplicable ; Inapplicable ; Inapplicable ; Inapplicable ; Inapplicable ; Pass      ; Inapplicable ; Inapplicable ; Pass      ; Pass      ; Inapplicable ; Pass         ; Inapplicable ; Inapplicable ; Inapplicable ; Inapplicable ; Pass         ; Inapplicable ; Inapplicable ; Inapplicable ; Inapplicable ; Pass         ; Inapplicable ; Inapplicable ; Inapplicable ; Inapplicable ; Inapplicable ; Pass      ; Inapplicable ; Inapplicable ;
; segv3[0]           ; Pass         ; Inapplicable ; Pass         ; Inapplicable ; Inapplicable ; Pass      ; Pass         ; Inapplicable ; Pass      ; Pass      ; Inapplicable ; Pass         ; Inapplicable ; Inapplicable ; Inapplicable ; Inapplicable ; Pass         ; Inapplicable ; Inapplicable ; Inapplicable ; Inapplicable ; Pass         ; Inapplicable ; Inapplicable ; Inapplicable ; Inapplicable ; Inapplicable ; Pass      ; Inapplicable ; Inapplicable ;
; segv3[1]           ; Pass         ; Inapplicable ; Pass         ; Inapplicable ; Inapplicable ; Pass      ; Pass         ; Inapplicable ; Pass      ; Pass      ; Inapplicable ; Pass         ; Inapplicable ; Inapplicable ; Inapplicable ; Inapplicable ; Pass         ; Inapplicable ; Inapplicable ; Inapplicable ; Inapplicable ; Pass         ; Inapplicable ; Inapplicable ; Inapplicable ; Inapplicable ; Inapplicable ; Pass      ; Inapplicable ; Inapplicable ;
; segv3[2]           ; Pass         ; Inapplicable ; Pass         ; Inapplicable ; Inapplicable ; Pass      ; Pass         ; Inapplicable ; Pass      ; Pass      ; Inapplicable ; Pass         ; Inapplicable ; Inapplicable ; Inapplicable ; Inapplicable ; Pass         ; Inapplicable ; Inapplicable ; Inapplicable ; Inapplicable ; Pass         ; Inapplicable ; Inapplicable ; Inapplicable ; Inapplicable ; Inapplicable ; Pass      ; Inapplicable ; Inapplicable ;
; segv3[3]           ; Pass         ; Inapplicable ; Pass         ; Inapplicable ; Inapplicable ; Pass      ; Pass         ; Inapplicable ; Pass      ; Pass      ; Inapplicable ; Pass         ; Inapplicable ; Inapplicable ; Inapplicable ; Inapplicable ; Pass         ; Inapplicable ; Inapplicable ; Inapplicable ; Inapplicable ; Pass         ; Inapplicable ; Inapplicable ; Inapplicable ; Inapplicable ; Inapplicable ; Pass      ; Inapplicable ; Inapplicable ;
; segv3[4]           ; Pass         ; Inapplicable ; Pass         ; Inapplicable ; Inapplicable ; Pass      ; Pass         ; Inapplicable ; Pass      ; Pass      ; Inapplicable ; Pass         ; Inapplicable ; Inapplicable ; Inapplicable ; Inapplicable ; Pass         ; Inapplicable ; Inapplicable ; Inapplicable ; Inapplicable ; Pass         ; Inapplicable ; Inapplicable ; Inapplicable ; Inapplicable ; Inapplicable ; Pass      ; Inapplicable ; Inapplicable ;
; segv3[5]           ; Pass         ; Inapplicable ; Pass         ; Inapplicable ; Inapplicable ; Pass      ; Pass         ; Inapplicable ; Pass      ; Pass      ; Inapplicable ; Pass         ; Inapplicable ; Inapplicable ; Inapplicable ; Inapplicable ; Pass         ; Inapplicable ; Inapplicable ; Inapplicable ; Inapplicable ; Pass         ; Inapplicable ; Inapplicable ; Inapplicable ; Inapplicable ; Inapplicable ; Pass      ; Inapplicable ; Inapplicable ;
; segv3[6]           ; Pass         ; Inapplicable ; Pass         ; Inapplicable ; Inapplicable ; Pass      ; Pass         ; Inapplicable ; Pass      ; Pass      ; Inapplicable ; Pass         ; Inapplicable ; Inapplicable ; Inapplicable ; Inapplicable ; Pass         ; Inapplicable ; Inapplicable ; Inapplicable ; Inapplicable ; Pass         ; Inapplicable ; Inapplicable ; Inapplicable ; Inapplicable ; Inapplicable ; Pass      ; Inapplicable ; Inapplicable ;
; segv4[0]           ; Inapplicable ; Inapplicable ; Inapplicable ; Inapplicable ; Inapplicable ; Pass      ; Inapplicable ; Inapplicable ; Pass      ; Pass      ; Inapplicable ; Pass         ; Inapplicable ; Inapplicable ; Inapplicable ; Inapplicable ; Pass         ; Inapplicable ; Inapplicable ; Inapplicable ; Inapplicable ; Pass         ; Inapplicable ; Inapplicable ; Inapplicable ; Inapplicable ; Inapplicable ; Pass      ; Inapplicable ; Inapplicable ;
; segv4[1]           ; Inapplicable ; Inapplicable ; Inapplicable ; Inapplicable ; Inapplicable ; Pass      ; Inapplicable ; Inapplicable ; Pass      ; Pass      ; Inapplicable ; Pass         ; Inapplicable ; Inapplicable ; Inapplicable ; Inapplicable ; Pass         ; Inapplicable ; Inapplicable ; Inapplicable ; Inapplicable ; Pass         ; Inapplicable ; Inapplicable ; Inapplicable ; Inapplicable ; Inapplicable ; Pass      ; Inapplicable ; Inapplicable ;
; segv4[2]           ; Inapplicable ; Inapplicable ; Inapplicable ; Inapplicable ; Inapplicable ; Pass      ; Inapplicable ; Inapplicable ; Pass      ; Pass      ; Inapplicable ; Pass         ; Inapplicable ; Inapplicable ; Inapplicable ; Inapplicable ; Pass         ; Inapplicable ; Inapplicable ; Inapplicable ; Inapplicable ; Pass         ; Inapplicable ; Inapplicable ; Inapplicable ; Inapplicable ; Inapplicable ; Pass      ; Inapplicable ; Inapplicable ;
; segv4[3]           ; Inapplicable ; Inapplicable ; Inapplicable ; Inapplicable ; Inapplicable ; Pass      ; Inapplicable ; Inapplicable ; Pass      ; Pass      ; Inapplicable ; Pass         ; Inapplicable ; Inapplicable ; Inapplicable ; Inapplicable ; Pass         ; Inapplicable ; Inapplicable ; Inapplicable ; Inapplicable ; Pass         ; Inapplicable ; Inapplicable ; Inapplicable ; Inapplicable ; Inapplicable ; Pass      ; Inapplicable ; Inapplicable ;
; segv4[4]           ; Inapplicable ; Inapplicable ; Inapplicable ; Inapplicable ; Inapplicable ; Pass      ; Inapplicable ; Inapplicable ; Pass      ; Pass      ; Inapplicable ; Pass         ; Inapplicable ; Inapplicable ; Inapplicable ; Inapplicable ; Pass         ; Inapplicable ; Inapplicable ; Inapplicable ; Inapplicable ; Pass         ; Inapplicable ; Inapplicable ; Inapplicable ; Inapplicable ; Inapplicable ; Pass      ; Inapplicable ; Inapplicable ;
; segv4[5]           ; Inapplicable ; Inapplicable ; Inapplicable ; Inapplicable ; Inapplicable ; Pass      ; Inapplicable ; Inapplicable ; Pass      ; Pass      ; Inapplicable ; Pass         ; Inapplicable ; Inapplicable ; Inapplicable ; Inapplicable ; Pass         ; Inapplicable ; Inapplicable ; Inapplicable ; Inapplicable ; Pass         ; Inapplicable ; Inapplicable ; Inapplicable ; Inapplicable ; Inapplicable ; Pass      ; Inapplicable ; Inapplicable ;
; segv4[6]           ; Inapplicable ; Inapplicable ; Inapplicable ; Inapplicable ; Inapplicable ; Pass      ; Inapplicable ; Inapplicable ; Pass      ; Pass      ; Inapplicable ; Pass         ; Inapplicable ; Inapplicable ; Inapplicable ; Inapplicable ; Pass         ; Inapplicable ; Inapplicable ; Inapplicable ; Inapplicable ; Pass         ; Inapplicable ; Inapplicable ; Inapplicable ; Inapplicable ; Inapplicable ; Pass      ; Inapplicable ; Inapplicable ;
; segv5[0]           ; Inapplicable ; Inapplicable ; Inapplicable ; Inapplicable ; Inapplicable ; Pass      ; Inapplicable ; Inapplicable ; Pass      ; Pass      ; Inapplicable ; Pass         ; Inapplicable ; Inapplicable ; Inapplicable ; Inapplicable ; Pass         ; Inapplicable ; Inapplicable ; Inapplicable ; Inapplicable ; Pass         ; Inapplicable ; Inapplicable ; Inapplicable ; Inapplicable ; Inapplicable ; Pass      ; Inapplicable ; Inapplicable ;
; segv5[1]           ; Inapplicable ; Inapplicable ; Inapplicable ; Inapplicable ; Inapplicable ; Pass      ; Inapplicable ; Inapplicable ; Pass      ; Pass      ; Inapplicable ; Pass         ; Inapplicable ; Inapplicable ; Inapplicable ; Inapplicable ; Pass         ; Inapplicable ; Inapplicable ; Inapplicable ; Inapplicable ; Pass         ; Inapplicable ; Inapplicable ; Inapplicable ; Inapplicable ; Inapplicable ; Pass      ; Inapplicable ; Inapplicable ;
; segv5[2]           ; Inapplicable ; Inapplicable ; Inapplicable ; Inapplicable ; Inapplicable ; Pass      ; Inapplicable ; Inapplicable ; Pass      ; Pass      ; Inapplicable ; Pass         ; Inapplicable ; Inapplicable ; Inapplicable ; Inapplicable ; Pass         ; Inapplicable ; Inapplicable ; Inapplicable ; Inapplicable ; Pass         ; Inapplicable ; Inapplicable ; Inapplicable ; Inapplicable ; Inapplicable ; Pass      ; Inapplicable ; Inapplicable ;
; segv5[3]           ; Inapplicable ; Inapplicable ; Inapplicable ; Inapplicable ; Inapplicable ; Pass      ; Inapplicable ; Inapplicable ; Pass      ; Pass      ; Inapplicable ; Pass         ; Inapplicable ; Inapplicable ; Inapplicable ; Inapplicable ; Pass         ; Inapplicable ; Inapplicable ; Inapplicable ; Inapplicable ; Pass         ; Inapplicable ; Inapplicable ; Inapplicable ; Inapplicable ; Inapplicable ; Pass      ; Inapplicable ; Inapplicable ;
; segv5[4]           ; Inapplicable ; Inapplicable ; Inapplicable ; Inapplicable ; Inapplicable ; Pass      ; Inapplicable ; Inapplicable ; Pass      ; Pass      ; Inapplicable ; Pass         ; Inapplicable ; Inapplicable ; Inapplicable ; Inapplicable ; Pass         ; Inapplicable ; Inapplicable ; Inapplicable ; Inapplicable ; Pass         ; Inapplicable ; Inapplicable ; Inapplicable ; Inapplicable ; Inapplicable ; Pass      ; Inapplicable ; Inapplicable ;
; segv5[5]           ; Inapplicable ; Inapplicable ; Inapplicable ; Inapplicable ; Inapplicable ; Pass      ; Inapplicable ; Inapplicable ; Pass      ; Pass      ; Inapplicable ; Pass         ; Inapplicable ; Inapplicable ; Inapplicable ; Inapplicable ; Pass         ; Inapplicable ; Inapplicable ; Inapplicable ; Inapplicable ; Pass         ; Inapplicable ; Inapplicable ; Inapplicable ; Inapplicable ; Inapplicable ; Pass      ; Inapplicable ; Inapplicable ;
; segv5[6]           ; Inapplicable ; Inapplicable ; Inapplicable ; Inapplicable ; Inapplicable ; Pass      ; Inapplicable ; Inapplicable ; Pass      ; Pass      ; Inapplicable ; Pass         ; Inapplicable ; Inapplicable ; Inapplicable ; Inapplicable ; Pass         ; Inapplicable ; Inapplicable ; Inapplicable ; Inapplicable ; Pass         ; Inapplicable ; Inapplicable ; Inapplicable ; Inapplicable ; Inapplicable ; Pass      ; Inapplicable ; Inapplicable ;
; segv6[0]           ; Inapplicable ; Inapplicable ; Inapplicable ; Inapplicable ; Inapplicable ; Pass      ; Inapplicable ; Inapplicable ; Pass      ; Pass      ; Inapplicable ; Pass         ; Inapplicable ; Inapplicable ; Inapplicable ; Inapplicable ; Pass         ; Inapplicable ; Inapplicable ; Inapplicable ; Inapplicable ; Pass         ; Inapplicable ; Inapplicable ; Inapplicable ; Inapplicable ; Inapplicable ; Pass      ; Inapplicable ; Inapplicable ;
; segv6[1]           ; Inapplicable ; Inapplicable ; Inapplicable ; Inapplicable ; Inapplicable ; Pass      ; Inapplicable ; Inapplicable ; Pass      ; Pass      ; Inapplicable ; Pass         ; Inapplicable ; Inapplicable ; Inapplicable ; Inapplicable ; Pass         ; Inapplicable ; Inapplicable ; Inapplicable ; Inapplicable ; Pass         ; Inapplicable ; Inapplicable ; Inapplicable ; Inapplicable ; Inapplicable ; Pass      ; Inapplicable ; Inapplicable ;
; segv6[2]           ; Inapplicable ; Inapplicable ; Inapplicable ; Inapplicable ; Inapplicable ; Pass      ; Inapplicable ; Inapplicable ; Pass      ; Pass      ; Inapplicable ; Pass         ; Inapplicable ; Inapplicable ; Inapplicable ; Inapplicable ; Pass         ; Inapplicable ; Inapplicable ; Inapplicable ; Inapplicable ; Pass         ; Inapplicable ; Inapplicable ; Inapplicable ; Inapplicable ; Inapplicable ; Pass      ; Inapplicable ; Inapplicable ;
; segv6[3]           ; Inapplicable ; Inapplicable ; Inapplicable ; Inapplicable ; Inapplicable ; Pass      ; Inapplicable ; Inapplicable ; Pass      ; Pass      ; Inapplicable ; Pass         ; Inapplicable ; Inapplicable ; Inapplicable ; Inapplicable ; Pass         ; Inapplicable ; Inapplicable ; Inapplicable ; Inapplicable ; Pass         ; Inapplicable ; Inapplicable ; Inapplicable ; Inapplicable ; Inapplicable ; Pass      ; Inapplicable ; Inapplicable ;
; segv6[4]           ; Inapplicable ; Inapplicable ; Inapplicable ; Inapplicable ; Inapplicable ; Pass      ; Inapplicable ; Inapplicable ; Pass      ; Pass      ; Inapplicable ; Pass         ; Inapplicable ; Inapplicable ; Inapplicable ; Inapplicable ; Pass         ; Inapplicable ; Inapplicable ; Inapplicable ; Inapplicable ; Pass         ; Inapplicable ; Inapplicable ; Inapplicable ; Inapplicable ; Inapplicable ; Pass      ; Inapplicable ; Inapplicable ;
; segv6[5]           ; Inapplicable ; Inapplicable ; Inapplicable ; Inapplicable ; Inapplicable ; Pass      ; Inapplicable ; Inapplicable ; Pass      ; Pass      ; Inapplicable ; Pass         ; Inapplicable ; Inapplicable ; Inapplicable ; Inapplicable ; Pass         ; Inapplicable ; Inapplicable ; Inapplicable ; Inapplicable ; Pass         ; Inapplicable ; Inapplicable ; Inapplicable ; Inapplicable ; Inapplicable ; Pass      ; Inapplicable ; Inapplicable ;
; segv6[6]           ; Inapplicable ; Inapplicable ; Inapplicable ; Inapplicable ; Inapplicable ; Pass      ; Inapplicable ; Inapplicable ; Pass      ; Pass      ; Inapplicable ; Pass         ; Inapplicable ; Inapplicable ; Inapplicable ; Inapplicable ; Pass         ; Inapplicable ; Inapplicable ; Inapplicable ; Inapplicable ; Pass         ; Inapplicable ; Inapplicable ; Inapplicable ; Inapplicable ; Inapplicable ; Pass      ; Inapplicable ; Inapplicable ;
; a8_inv[0]          ; Inapplicable ; Inapplicable ; Inapplicable ; Inapplicable ; Inapplicable ; Pass      ; Inapplicable ; Inapplicable ; Pass      ; Pass      ; Inapplicable ; Inapplicable ; Inapplicable ; Inapplicable ; Pass         ; Inapplicable ; Inapplicable ; Pass         ; Inapplicable ; Inapplicable ; Inapplicable ; Inapplicable ; Inapplicable ; Inapplicable ; Inapplicable ; Inapplicable ; Inapplicable ; Pass      ; Inapplicable ; Inapplicable ;
; a8_inv[1]          ; Inapplicable ; Inapplicable ; Inapplicable ; Inapplicable ; Inapplicable ; Pass      ; Inapplicable ; Inapplicable ; Pass      ; Pass      ; Inapplicable ; Inapplicable ; Inapplicable ; Inapplicable ; Pass         ; Inapplicable ; Inapplicable ; Pass         ; Inapplicable ; Inapplicable ; Inapplicable ; Inapplicable ; Inapplicable ; Inapplicable ; Inapplicable ; Inapplicable ; Inapplicable ; Pass      ; Inapplicable ; Inapplicable ;
; a8_inv[2]          ; Inapplicable ; Inapplicable ; Inapplicable ; Inapplicable ; Inapplicable ; Pass      ; Inapplicable ; Inapplicable ; Pass      ; Pass      ; Inapplicable ; Inapplicable ; Inapplicable ; Inapplicable ; Pass         ; Inapplicable ; Inapplicable ; Pass         ; Inapplicable ; Inapplicable ; Inapplicable ; Inapplicable ; Inapplicable ; Inapplicable ; Inapplicable ; Inapplicable ; Inapplicable ; Pass      ; Inapplicable ; Inapplicable ;
; a8_inv[3]          ; Inapplicable ; Inapplicable ; Inapplicable ; Inapplicable ; Inapplicable ; Pass      ; Inapplicable ; Inapplicable ; Pass      ; Pass      ; Inapplicable ; Inapplicable ; Inapplicable ; Inapplicable ; Pass         ; Inapplicable ; Inapplicable ; Pass         ; Inapplicable ; Inapplicable ; Inapplicable ; Inapplicable ; Inapplicable ; Inapplicable ; Inapplicable ; Inapplicable ; Inapplicable ; Pass      ; Inapplicable ; Inapplicable ;
; a8_inv[4]          ; Inapplicable ; Inapplicable ; Inapplicable ; Inapplicable ; Inapplicable ; Pass      ; Inapplicable ; Inapplicable ; Pass      ; Pass      ; Inapplicable ; Inapplicable ; Inapplicable ; Inapplicable ; Pass         ; Inapplicable ; Inapplicable ; Pass         ; Inapplicable ; Inapplicable ; Inapplicable ; Inapplicable ; Inapplicable ; Inapplicable ; Inapplicable ; Inapplicable ; Inapplicable ; Pass      ; Inapplicable ; Inapplicable ;
; a8_inv[5]          ; Inapplicable ; Inapplicable ; Inapplicable ; Inapplicable ; Inapplicable ; Pass      ; Inapplicable ; Inapplicable ; Pass      ; Pass      ; Inapplicable ; Inapplicable ; Inapplicable ; Inapplicable ; Pass         ; Inapplicable ; Inapplicable ; Pass         ; Inapplicable ; Inapplicable ; Inapplicable ; Inapplicable ; Inapplicable ; Inapplicable ; Inapplicable ; Inapplicable ; Inapplicable ; Pass      ; Inapplicable ; Inapplicable ;
; a8_inv[6]          ; Inapplicable ; Inapplicable ; Inapplicable ; Inapplicable ; Inapplicable ; Pass      ; Inapplicable ; Inapplicable ; Pass      ; Pass      ; Inapplicable ; Inapplicable ; Inapplicable ; Inapplicable ; Pass         ; Inapplicable ; Inapplicable ; Pass         ; Inapplicable ; Inapplicable ; Inapplicable ; Inapplicable ; Inapplicable ; Inapplicable ; Inapplicable ; Inapplicable ; Inapplicable ; Pass      ; Inapplicable ; Inapplicable ;
; a8_inv[7]          ; Inapplicable ; Inapplicable ; Inapplicable ; Inapplicable ; Inapplicable ; Pass      ; Inapplicable ; Inapplicable ; Pass      ; Pass      ; Inapplicable ; Inapplicable ; Inapplicable ; Inapplicable ; Pass         ; Inapplicable ; Inapplicable ; Pass         ; Inapplicable ; Inapplicable ; Inapplicable ; Inapplicable ; Inapplicable ; Inapplicable ; Inapplicable ; Inapplicable ; Inapplicable ; Pass      ; Inapplicable ; Inapplicable ;
; b8_inv[0]          ; Inapplicable ; Inapplicable ; Inapplicable ; Inapplicable ; Inapplicable ; Pass      ; Inapplicable ; Inapplicable ; Pass      ; Pass      ; Inapplicable ; Inapplicable ; Inapplicable ; Inapplicable ; Pass         ; Inapplicable ; Inapplicable ; Pass         ; Inapplicable ; Inapplicable ; Inapplicable ; Inapplicable ; Inapplicable ; Inapplicable ; Inapplicable ; Inapplicable ; Inapplicable ; Pass      ; Inapplicable ; Inapplicable ;
; b8_inv[1]          ; Inapplicable ; Inapplicable ; Inapplicable ; Inapplicable ; Inapplicable ; Pass      ; Inapplicable ; Inapplicable ; Pass      ; Pass      ; Inapplicable ; Inapplicable ; Inapplicable ; Inapplicable ; Pass         ; Inapplicable ; Inapplicable ; Pass         ; Inapplicable ; Inapplicable ; Inapplicable ; Inapplicable ; Inapplicable ; Inapplicable ; Inapplicable ; Inapplicable ; Inapplicable ; Pass      ; Inapplicable ; Inapplicable ;
; b8_inv[2]          ; Inapplicable ; Inapplicable ; Inapplicable ; Inapplicable ; Inapplicable ; Pass      ; Inapplicable ; Inapplicable ; Pass      ; Pass      ; Inapplicable ; Inapplicable ; Inapplicable ; Inapplicable ; Pass         ; Inapplicable ; Inapplicable ; Pass         ; Inapplicable ; Inapplicable ; Inapplicable ; Inapplicable ; Inapplicable ; Inapplicable ; Inapplicable ; Inapplicable ; Inapplicable ; Pass      ; Inapplicable ; Inapplicable ;
; b8_inv[3]          ; Inapplicable ; Inapplicable ; Inapplicable ; Inapplicable ; Inapplicable ; Pass      ; Inapplicable ; Inapplicable ; Pass      ; Pass      ; Inapplicable ; Inapplicable ; Inapplicable ; Inapplicable ; Pass         ; Inapplicable ; Inapplicable ; Pass         ; Inapplicable ; Inapplicable ; Inapplicable ; Inapplicable ; Inapplicable ; Inapplicable ; Inapplicable ; Inapplicable ; Inapplicable ; Pass      ; Inapplicable ; Inapplicable ;
; b8_inv[4]          ; Inapplicable ; Inapplicable ; Inapplicable ; Inapplicable ; Inapplicable ; Pass      ; Inapplicable ; Inapplicable ; Pass      ; Pass      ; Inapplicable ; Inapplicable ; Inapplicable ; Inapplicable ; Pass         ; Inapplicable ; Inapplicable ; Pass         ; Inapplicable ; Inapplicable ; Inapplicable ; Inapplicable ; Inapplicable ; Inapplicable ; Inapplicable ; Inapplicable ; Inapplicable ; Pass      ; Inapplicable ; Inapplicable ;
; b8_inv[5]          ; Inapplicable ; Inapplicable ; Inapplicable ; Inapplicable ; Inapplicable ; Pass      ; Inapplicable ; Inapplicable ; Pass      ; Pass      ; Inapplicable ; Inapplicable ; Inapplicable ; Inapplicable ; Pass         ; Inapplicable ; Inapplicable ; Pass         ; Inapplicable ; Inapplicable ; Inapplicable ; Inapplicable ; Inapplicable ; Inapplicable ; Inapplicable ; Inapplicable ; Inapplicable ; Pass      ; Inapplicable ; Inapplicable ;
; b8_inv[6]          ; Inapplicable ; Inapplicable ; Inapplicable ; Inapplicable ; Inapplicable ; Pass      ; Inapplicable ; Inapplicable ; Pass      ; Pass      ; Inapplicable ; Inapplicable ; Inapplicable ; Inapplicable ; Pass         ; Inapplicable ; Inapplicable ; Pass         ; Inapplicable ; Inapplicable ; Inapplicable ; Inapplicable ; Inapplicable ; Inapplicable ; Inapplicable ; Inapplicable ; Inapplicable ; Pass      ; Inapplicable ; Inapplicable ;
; b8_inv[7]          ; Inapplicable ; Inapplicable ; Inapplicable ; Inapplicable ; Inapplicable ; Pass      ; Inapplicable ; Inapplicable ; Pass      ; Pass      ; Inapplicable ; Inapplicable ; Inapplicable ; Inapplicable ; Pass         ; Inapplicable ; Inapplicable ; Pass         ; Inapplicable ; Inapplicable ; Inapplicable ; Inapplicable ; Inapplicable ; Inapplicable ; Inapplicable ; Inapplicable ; Inapplicable ; Pass      ; Inapplicable ; Inapplicable ;
; sum12_ouvt[0]      ; Inapplicable ; Inapplicable ; Inapplicable ; Inapplicable ; Inapplicable ; Pass      ; Inapplicable ; Inapplicable ; Pass      ; Pass      ; Inapplicable ; Pass         ; Inapplicable ; Inapplicable ; Inapplicable ; Inapplicable ; Pass         ; Inapplicable ; Inapplicable ; Inapplicable ; Inapplicable ; Pass         ; Inapplicable ; Inapplicable ; Inapplicable ; Inapplicable ; Inapplicable ; Pass      ; Inapplicable ; Inapplicable ;
; sum12_ouvt[1]      ; Inapplicable ; Inapplicable ; Inapplicable ; Inapplicable ; Inapplicable ; Pass      ; Inapplicable ; Inapplicable ; Pass      ; Pass      ; Inapplicable ; Pass         ; Inapplicable ; Inapplicable ; Inapplicable ; Inapplicable ; Pass         ; Inapplicable ; Inapplicable ; Inapplicable ; Inapplicable ; Pass         ; Inapplicable ; Inapplicable ; Inapplicable ; Inapplicable ; Inapplicable ; Pass      ; Inapplicable ; Inapplicable ;
; sum12_ouvt[2]      ; Inapplicable ; Inapplicable ; Inapplicable ; Inapplicable ; Inapplicable ; Pass      ; Inapplicable ; Inapplicable ; Pass      ; Pass      ; Inapplicable ; Pass         ; Inapplicable ; Inapplicable ; Inapplicable ; Inapplicable ; Pass         ; Inapplicable ; Inapplicable ; Inapplicable ; Inapplicable ; Pass         ; Inapplicable ; Inapplicable ; Inapplicable ; Inapplicable ; Inapplicable ; Pass      ; Inapplicable ; Inapplicable ;
; sum12_ouvt[3]      ; Inapplicable ; Inapplicable ; Inapplicable ; Inapplicable ; Inapplicable ; Pass      ; Inapplicable ; Inapplicable ; Pass      ; Pass      ; Inapplicable ; Pass         ; Inapplicable ; Inapplicable ; Inapplicable ; Inapplicable ; Pass         ; Inapplicable ; Inapplicable ; Inapplicable ; Inapplicable ; Pass         ; Inapplicable ; Inapplicable ; Inapplicable ; Inapplicable ; Inapplicable ; Pass      ; Inapplicable ; Inapplicable ;
; sum12_ouvt[4]      ; Inapplicable ; Inapplicable ; Inapplicable ; Inapplicable ; Inapplicable ; Pass      ; Inapplicable ; Inapplicable ; Pass      ; Pass      ; Inapplicable ; Pass         ; Inapplicable ; Inapplicable ; Inapplicable ; Inapplicable ; Pass         ; Inapplicable ; Inapplicable ; Inapplicable ; Inapplicable ; Pass         ; Inapplicable ; Inapplicable ; Inapplicable ; Inapplicable ; Inapplicable ; Pass      ; Inapplicable ; Inapplicable ;
; sum12_ouvt[5]      ; Inapplicable ; Inapplicable ; Inapplicable ; Inapplicable ; Inapplicable ; Pass      ; Inapplicable ; Inapplicable ; Pass      ; Pass      ; Inapplicable ; Pass         ; Inapplicable ; Inapplicable ; Inapplicable ; Inapplicable ; Pass         ; Inapplicable ; Inapplicable ; Inapplicable ; Inapplicable ; Pass         ; Inapplicable ; Inapplicable ; Inapplicable ; Inapplicable ; Inapplicable ; Pass      ; Inapplicable ; Inapplicable ;
; sum12_ouvt[6]      ; Inapplicable ; Inapplicable ; Inapplicable ; Inapplicable ; Inapplicable ; Pass      ; Inapplicable ; Inapplicable ; Pass      ; Pass      ; Inapplicable ; Pass         ; Inapplicable ; Inapplicable ; Inapplicable ; Inapplicable ; Pass         ; Inapplicable ; Inapplicable ; Inapplicable ; Inapplicable ; Pass         ; Inapplicable ; Inapplicable ; Inapplicable ; Inapplicable ; Inapplicable ; Pass      ; Inapplicable ; Inapplicable ;
; sum12_ouvt[7]      ; Inapplicable ; Inapplicable ; Inapplicable ; Inapplicable ; Inapplicable ; Pass      ; Inapplicable ; Inapplicable ; Pass      ; Pass      ; Inapplicable ; Pass         ; Inapplicable ; Inapplicable ; Inapplicable ; Inapplicable ; Pass         ; Inapplicable ; Inapplicable ; Inapplicable ; Inapplicable ; Pass         ; Inapplicable ; Inapplicable ; Inapplicable ; Inapplicable ; Inapplicable ; Pass      ; Inapplicable ; Inapplicable ;
; sum12_ouvt[8]      ; Inapplicable ; Inapplicable ; Inapplicable ; Inapplicable ; Inapplicable ; Pass      ; Inapplicable ; Inapplicable ; Pass      ; Pass      ; Inapplicable ; Pass         ; Inapplicable ; Inapplicable ; Inapplicable ; Inapplicable ; Pass         ; Inapplicable ; Inapplicable ; Inapplicable ; Inapplicable ; Pass         ; Inapplicable ; Inapplicable ; Inapplicable ; Inapplicable ; Inapplicable ; Pass      ; Inapplicable ; Inapplicable ;
; sum12_ouvt[9]      ; Inapplicable ; Inapplicable ; Inapplicable ; Inapplicable ; Inapplicable ; Pass      ; Inapplicable ; Inapplicable ; Pass      ; Pass      ; Inapplicable ; Pass         ; Inapplicable ; Inapplicable ; Inapplicable ; Inapplicable ; Pass         ; Inapplicable ; Inapplicable ; Inapplicable ; Inapplicable ; Pass         ; Inapplicable ; Inapplicable ; Inapplicable ; Inapplicable ; Inapplicable ; Pass      ; Inapplicable ; Inapplicable ;
; sum12_ouvt[10]     ; Inapplicable ; Inapplicable ; Inapplicable ; Inapplicable ; Inapplicable ; Pass      ; Inapplicable ; Inapplicable ; Pass      ; Pass      ; Inapplicable ; Pass         ; Inapplicable ; Inapplicable ; Inapplicable ; Inapplicable ; Pass         ; Inapplicable ; Inapplicable ; Inapplicable ; Inapplicable ; Pass         ; Inapplicable ; Inapplicable ; Inapplicable ; Inapplicable ; Inapplicable ; Pass      ; Inapplicable ; Inapplicable ;
; sum12_ouvt[11]     ; Inapplicable ; Inapplicable ; Inapplicable ; Inapplicable ; Inapplicable ; Pass      ; Inapplicable ; Inapplicable ; Pass      ; Pass      ; Inapplicable ; Pass         ; Inapplicable ; Inapplicable ; Inapplicable ; Inapplicable ; Pass         ; Inapplicable ; Inapplicable ; Inapplicable ; Inapplicable ; Pass         ; Inapplicable ; Inapplicable ; Inapplicable ; Inapplicable ; Inapplicable ; Pass      ; Inapplicable ; Inapplicable ;
; sum8_outv[0]       ; Inapplicable ; Inapplicable ; Inapplicable ; Inapplicable ; Inapplicable ; Pass      ; Inapplicable ; Inapplicable ; Pass      ; Pass      ; Inapplicable ; Pass         ; Inapplicable ; Inapplicable ; Inapplicable ; Inapplicable ; Pass         ; Inapplicable ; Inapplicable ; Inapplicable ; Inapplicable ; Pass         ; Inapplicable ; Inapplicable ; Inapplicable ; Inapplicable ; Inapplicable ; Pass      ; Inapplicable ; Inapplicable ;
; sum8_outv[1]       ; Inapplicable ; Inapplicable ; Inapplicable ; Inapplicable ; Inapplicable ; Pass      ; Inapplicable ; Inapplicable ; Pass      ; Pass      ; Inapplicable ; Pass         ; Inapplicable ; Inapplicable ; Inapplicable ; Inapplicable ; Pass         ; Inapplicable ; Inapplicable ; Inapplicable ; Inapplicable ; Pass         ; Inapplicable ; Inapplicable ; Inapplicable ; Inapplicable ; Inapplicable ; Pass      ; Inapplicable ; Inapplicable ;
; sum8_outv[2]       ; Inapplicable ; Inapplicable ; Inapplicable ; Inapplicable ; Inapplicable ; Pass      ; Inapplicable ; Inapplicable ; Pass      ; Pass      ; Inapplicable ; Pass         ; Inapplicable ; Inapplicable ; Inapplicable ; Inapplicable ; Pass         ; Inapplicable ; Inapplicable ; Inapplicable ; Inapplicable ; Pass         ; Inapplicable ; Inapplicable ; Inapplicable ; Inapplicable ; Inapplicable ; Pass      ; Inapplicable ; Inapplicable ;
; sum8_outv[3]       ; Inapplicable ; Inapplicable ; Inapplicable ; Inapplicable ; Inapplicable ; Pass      ; Inapplicable ; Inapplicable ; Pass      ; Pass      ; Inapplicable ; Pass         ; Inapplicable ; Inapplicable ; Inapplicable ; Inapplicable ; Pass         ; Inapplicable ; Inapplicable ; Inapplicable ; Inapplicable ; Pass         ; Inapplicable ; Inapplicable ; Inapplicable ; Inapplicable ; Inapplicable ; Pass      ; Inapplicable ; Inapplicable ;
; sum8_outv[4]       ; Inapplicable ; Inapplicable ; Inapplicable ; Inapplicable ; Inapplicable ; Pass      ; Inapplicable ; Inapplicable ; Pass      ; Pass      ; Inapplicable ; Pass         ; Inapplicable ; Inapplicable ; Inapplicable ; Inapplicable ; Pass         ; Inapplicable ; Inapplicable ; Inapplicable ; Inapplicable ; Pass         ; Inapplicable ; Inapplicable ; Inapplicable ; Inapplicable ; Inapplicable ; Pass      ; Inapplicable ; Inapplicable ;
; sum8_outv[5]       ; Inapplicable ; Inapplicable ; Inapplicable ; Inapplicable ; Inapplicable ; Pass      ; Inapplicable ; Inapplicable ; Pass      ; Pass      ; Inapplicable ; Pass         ; Inapplicable ; Inapplicable ; Inapplicable ; Inapplicable ; Pass         ; Inapplicable ; Inapplicable ; Inapplicable ; Inapplicable ; Pass         ; Inapplicable ; Inapplicable ; Inapplicable ; Inapplicable ; Inapplicable ; Pass      ; Inapplicable ; Inapplicable ;
; sum8_outv[6]       ; Inapplicable ; Inapplicable ; Inapplicable ; Inapplicable ; Inapplicable ; Pass      ; Inapplicable ; Inapplicable ; Pass      ; Pass      ; Inapplicable ; Pass         ; Inapplicable ; Inapplicable ; Inapplicable ; Inapplicable ; Pass         ; Inapplicable ; Inapplicable ; Inapplicable ; Inapplicable ; Pass         ; Inapplicable ; Inapplicable ; Inapplicable ; Inapplicable ; Inapplicable ; Pass      ; Inapplicable ; Inapplicable ;
; sum8_outv[7]       ; Inapplicable ; Inapplicable ; Inapplicable ; Inapplicable ; Inapplicable ; Pass      ; Inapplicable ; Inapplicable ; Pass      ; Pass      ; Inapplicable ; Pass         ; Inapplicable ; Inapplicable ; Inapplicable ; Inapplicable ; Pass         ; Inapplicable ; Inapplicable ; Inapplicable ; Inapplicable ; Pass         ; Inapplicable ; Inapplicable ; Inapplicable ; Inapplicable ; Inapplicable ; Pass      ; Inapplicable ; Inapplicable ;
; sum12_ouvtv2[0]    ; Inapplicable ; Inapplicable ; Inapplicable ; Inapplicable ; Inapplicable ; Pass      ; Inapplicable ; Inapplicable ; Pass      ; Pass      ; Inapplicable ; Pass         ; Inapplicable ; Inapplicable ; Inapplicable ; Inapplicable ; Pass         ; Inapplicable ; Inapplicable ; Inapplicable ; Inapplicable ; Pass         ; Inapplicable ; Inapplicable ; Inapplicable ; Inapplicable ; Inapplicable ; Pass      ; Inapplicable ; Inapplicable ;
; sum12_ouvtv2[1]    ; Inapplicable ; Inapplicable ; Inapplicable ; Inapplicable ; Inapplicable ; Pass      ; Inapplicable ; Inapplicable ; Pass      ; Pass      ; Inapplicable ; Pass         ; Inapplicable ; Inapplicable ; Inapplicable ; Inapplicable ; Pass         ; Inapplicable ; Inapplicable ; Inapplicable ; Inapplicable ; Pass         ; Inapplicable ; Inapplicable ; Inapplicable ; Inapplicable ; Inapplicable ; Pass      ; Inapplicable ; Inapplicable ;
; sum12_ouvtv2[2]    ; Inapplicable ; Inapplicable ; Inapplicable ; Inapplicable ; Inapplicable ; Pass      ; Inapplicable ; Inapplicable ; Pass      ; Pass      ; Inapplicable ; Pass         ; Inapplicable ; Inapplicable ; Inapplicable ; Inapplicable ; Pass         ; Inapplicable ; Inapplicable ; Inapplicable ; Inapplicable ; Pass         ; Inapplicable ; Inapplicable ; Inapplicable ; Inapplicable ; Inapplicable ; Pass      ; Inapplicable ; Inapplicable ;
; sum12_ouvtv2[3]    ; Inapplicable ; Inapplicable ; Inapplicable ; Inapplicable ; Inapplicable ; Pass      ; Inapplicable ; Inapplicable ; Pass      ; Pass      ; Inapplicable ; Pass         ; Inapplicable ; Inapplicable ; Inapplicable ; Inapplicable ; Pass         ; Inapplicable ; Inapplicable ; Inapplicable ; Inapplicable ; Pass         ; Inapplicable ; Inapplicable ; Inapplicable ; Inapplicable ; Inapplicable ; Pass      ; Inapplicable ; Inapplicable ;
; sum12_ouvtv2[4]    ; Inapplicable ; Inapplicable ; Inapplicable ; Inapplicable ; Inapplicable ; Pass      ; Inapplicable ; Inapplicable ; Pass      ; Pass      ; Inapplicable ; Pass         ; Inapplicable ; Inapplicable ; Inapplicable ; Inapplicable ; Pass         ; Inapplicable ; Inapplicable ; Inapplicable ; Inapplicable ; Pass         ; Inapplicable ; Inapplicable ; Inapplicable ; Inapplicable ; Inapplicable ; Pass      ; Inapplicable ; Inapplicable ;
; sum12_ouvtv2[5]    ; Inapplicable ; Inapplicable ; Inapplicable ; Inapplicable ; Inapplicable ; Pass      ; Inapplicable ; Inapplicable ; Pass      ; Pass      ; Inapplicable ; Pass         ; Inapplicable ; Inapplicable ; Inapplicable ; Inapplicable ; Pass         ; Inapplicable ; Inapplicable ; Inapplicable ; Inapplicable ; Pass         ; Inapplicable ; Inapplicable ; Inapplicable ; Inapplicable ; Inapplicable ; Pass      ; Inapplicable ; Inapplicable ;
; sum12_ouvtv2[6]    ; Inapplicable ; Inapplicable ; Inapplicable ; Inapplicable ; Inapplicable ; Pass      ; Inapplicable ; Inapplicable ; Pass      ; Pass      ; Inapplicable ; Pass         ; Inapplicable ; Inapplicable ; Inapplicable ; Inapplicable ; Pass         ; Inapplicable ; Inapplicable ; Inapplicable ; Inapplicable ; Pass         ; Inapplicable ; Inapplicable ; Inapplicable ; Inapplicable ; Inapplicable ; Pass      ; Inapplicable ; Inapplicable ;
; sum12_ouvtv2[7]    ; Inapplicable ; Inapplicable ; Inapplicable ; Inapplicable ; Inapplicable ; Pass      ; Inapplicable ; Inapplicable ; Pass      ; Pass      ; Inapplicable ; Pass         ; Inapplicable ; Inapplicable ; Inapplicable ; Inapplicable ; Pass         ; Inapplicable ; Inapplicable ; Inapplicable ; Inapplicable ; Pass         ; Inapplicable ; Inapplicable ; Inapplicable ; Inapplicable ; Inapplicable ; Pass      ; Inapplicable ; Inapplicable ;
; sum12_ouvtv2[8]    ; Inapplicable ; Inapplicable ; Inapplicable ; Inapplicable ; Inapplicable ; Pass      ; Inapplicable ; Inapplicable ; Pass      ; Pass      ; Inapplicable ; Pass         ; Inapplicable ; Inapplicable ; Inapplicable ; Inapplicable ; Pass         ; Inapplicable ; Inapplicable ; Inapplicable ; Inapplicable ; Pass         ; Inapplicable ; Inapplicable ; Inapplicable ; Inapplicable ; Inapplicable ; Pass      ; Inapplicable ; Inapplicable ;
; sum12_ouvtv2[9]    ; Inapplicable ; Inapplicable ; Inapplicable ; Inapplicable ; Inapplicable ; Pass      ; Inapplicable ; Inapplicable ; Pass      ; Pass      ; Inapplicable ; Pass         ; Inapplicable ; Inapplicable ; Inapplicable ; Inapplicable ; Pass         ; Inapplicable ; Inapplicable ; Inapplicable ; Inapplicable ; Pass         ; Inapplicable ; Inapplicable ; Inapplicable ; Inapplicable ; Inapplicable ; Pass      ; Inapplicable ; Inapplicable ;
; sum12_ouvtv2[10]   ; Inapplicable ; Inapplicable ; Inapplicable ; Inapplicable ; Inapplicable ; Pass      ; Inapplicable ; Inapplicable ; Pass      ; Pass      ; Inapplicable ; Pass         ; Inapplicable ; Inapplicable ; Inapplicable ; Inapplicable ; Pass         ; Inapplicable ; Inapplicable ; Inapplicable ; Inapplicable ; Pass         ; Inapplicable ; Inapplicable ; Inapplicable ; Inapplicable ; Inapplicable ; Pass      ; Inapplicable ; Inapplicable ;
; sum12_ouvtv2[11]   ; Inapplicable ; Inapplicable ; Inapplicable ; Inapplicable ; Inapplicable ; Pass      ; Inapplicable ; Inapplicable ; Pass      ; Pass      ; Inapplicable ; Pass         ; Inapplicable ; Inapplicable ; Inapplicable ; Inapplicable ; Pass         ; Inapplicable ; Inapplicable ; Inapplicable ; Inapplicable ; Pass         ; Inapplicable ; Inapplicable ; Inapplicable ; Inapplicable ; Inapplicable ; Pass      ; Inapplicable ; Inapplicable ;
; sum8_outv2[0]      ; Inapplicable ; Inapplicable ; Inapplicable ; Inapplicable ; Inapplicable ; Pass      ; Inapplicable ; Inapplicable ; Pass      ; Pass      ; Inapplicable ; Pass         ; Inapplicable ; Inapplicable ; Inapplicable ; Inapplicable ; Pass         ; Inapplicable ; Inapplicable ; Inapplicable ; Inapplicable ; Pass         ; Inapplicable ; Inapplicable ; Inapplicable ; Inapplicable ; Inapplicable ; Pass      ; Inapplicable ; Inapplicable ;
; sum8_outv2[1]      ; Inapplicable ; Inapplicable ; Inapplicable ; Inapplicable ; Inapplicable ; Pass      ; Inapplicable ; Inapplicable ; Pass      ; Pass      ; Inapplicable ; Pass         ; Inapplicable ; Inapplicable ; Inapplicable ; Inapplicable ; Pass         ; Inapplicable ; Inapplicable ; Inapplicable ; Inapplicable ; Pass         ; Inapplicable ; Inapplicable ; Inapplicable ; Inapplicable ; Inapplicable ; Pass      ; Inapplicable ; Inapplicable ;
; sum8_outv2[2]      ; Inapplicable ; Inapplicable ; Inapplicable ; Inapplicable ; Inapplicable ; Pass      ; Inapplicable ; Inapplicable ; Pass      ; Pass      ; Inapplicable ; Pass         ; Inapplicable ; Inapplicable ; Inapplicable ; Inapplicable ; Pass         ; Inapplicable ; Inapplicable ; Inapplicable ; Inapplicable ; Pass         ; Inapplicable ; Inapplicable ; Inapplicable ; Inapplicable ; Inapplicable ; Pass      ; Inapplicable ; Inapplicable ;
; sum8_outv2[3]      ; Inapplicable ; Inapplicable ; Inapplicable ; Inapplicable ; Inapplicable ; Pass      ; Inapplicable ; Inapplicable ; Pass      ; Pass      ; Inapplicable ; Pass         ; Inapplicable ; Inapplicable ; Inapplicable ; Inapplicable ; Pass         ; Inapplicable ; Inapplicable ; Inapplicable ; Inapplicable ; Pass         ; Inapplicable ; Inapplicable ; Inapplicable ; Inapplicable ; Inapplicable ; Pass      ; Inapplicable ; Inapplicable ;
; sum8_outv2[4]      ; Inapplicable ; Inapplicable ; Inapplicable ; Inapplicable ; Inapplicable ; Pass      ; Inapplicable ; Inapplicable ; Pass      ; Pass      ; Inapplicable ; Pass         ; Inapplicable ; Inapplicable ; Inapplicable ; Inapplicable ; Pass         ; Inapplicable ; Inapplicable ; Inapplicable ; Inapplicable ; Pass         ; Inapplicable ; Inapplicable ; Inapplicable ; Inapplicable ; Inapplicable ; Pass      ; Inapplicable ; Inapplicable ;
; sum8_outv2[5]      ; Inapplicable ; Inapplicable ; Inapplicable ; Inapplicable ; Inapplicable ; Pass      ; Inapplicable ; Inapplicable ; Pass      ; Pass      ; Inapplicable ; Pass         ; Inapplicable ; Inapplicable ; Inapplicable ; Inapplicable ; Pass         ; Inapplicable ; Inapplicable ; Inapplicable ; Inapplicable ; Pass         ; Inapplicable ; Inapplicable ; Inapplicable ; Inapplicable ; Inapplicable ; Pass      ; Inapplicable ; Inapplicable ;
; sum8_outv2[6]      ; Inapplicable ; Inapplicable ; Inapplicable ; Inapplicable ; Inapplicable ; Pass      ; Inapplicable ; Inapplicable ; Pass      ; Pass      ; Inapplicable ; Pass         ; Inapplicable ; Inapplicable ; Inapplicable ; Inapplicable ; Pass         ; Inapplicable ; Inapplicable ; Inapplicable ; Inapplicable ; Pass         ; Inapplicable ; Inapplicable ; Inapplicable ; Inapplicable ; Inapplicable ; Pass      ; Inapplicable ; Inapplicable ;
; sum8_outv2[7]      ; Inapplicable ; Inapplicable ; Inapplicable ; Inapplicable ; Inapplicable ; Pass      ; Inapplicable ; Inapplicable ; Pass      ; Pass      ; Inapplicable ; Pass         ; Inapplicable ; Inapplicable ; Inapplicable ; Inapplicable ; Pass         ; Inapplicable ; Inapplicable ; Inapplicable ; Inapplicable ; Pass         ; Inapplicable ; Inapplicable ; Inapplicable ; Inapplicable ; Inapplicable ; Pass      ; Inapplicable ; Inapplicable ;
; cout8_outv         ; Inapplicable ; Inapplicable ; Inapplicable ; Inapplicable ; Inapplicable ; Pass      ; Inapplicable ; Inapplicable ; Pass      ; Pass      ; Inapplicable ; Pass         ; Inapplicable ; Inapplicable ; Inapplicable ; Inapplicable ; Pass         ; Inapplicable ; Inapplicable ; Inapplicable ; Inapplicable ; Pass         ; Inapplicable ; Inapplicable ; Inapplicable ; Inapplicable ; Inapplicable ; Pass      ; Inapplicable ; Inapplicable ;
; av[0]              ; Inapplicable ; Inapplicable ; Inapplicable ; Inapplicable ; Inapplicable ; Pass      ; Inapplicable ; Inapplicable ; Pass      ; Pass      ; Inapplicable ; Pass         ; Inapplicable ; Inapplicable ; Inapplicable ; Inapplicable ; Pass         ; Inapplicable ; Inapplicable ; Inapplicable ; Inapplicable ; Pass         ; Inapplicable ; Inapplicable ; Inapplicable ; Inapplicable ; Inapplicable ; Pass      ; Inapplicable ; Inapplicable ;
; av[1]              ; Inapplicable ; Inapplicable ; Inapplicable ; Inapplicable ; Inapplicable ; Pass      ; Inapplicable ; Inapplicable ; Pass      ; Pass      ; Inapplicable ; Pass         ; Inapplicable ; Inapplicable ; Inapplicable ; Inapplicable ; Pass         ; Inapplicable ; Inapplicable ; Inapplicable ; Inapplicable ; Pass         ; Inapplicable ; Inapplicable ; Inapplicable ; Inapplicable ; Inapplicable ; Pass      ; Inapplicable ; Inapplicable ;
; av[2]              ; Inapplicable ; Inapplicable ; Inapplicable ; Inapplicable ; Inapplicable ; Pass      ; Inapplicable ; Inapplicable ; Pass      ; Pass      ; Inapplicable ; Pass         ; Inapplicable ; Inapplicable ; Inapplicable ; Inapplicable ; Pass         ; Inapplicable ; Inapplicable ; Inapplicable ; Inapplicable ; Pass         ; Inapplicable ; Inapplicable ; Inapplicable ; Inapplicable ; Inapplicable ; Pass      ; Inapplicable ; Inapplicable ;
; av[3]              ; Inapplicable ; Inapplicable ; Inapplicable ; Inapplicable ; Inapplicable ; Pass      ; Inapplicable ; Inapplicable ; Pass      ; Pass      ; Inapplicable ; Pass         ; Inapplicable ; Inapplicable ; Inapplicable ; Inapplicable ; Pass         ; Inapplicable ; Inapplicable ; Inapplicable ; Inapplicable ; Pass         ; Inapplicable ; Inapplicable ; Inapplicable ; Inapplicable ; Inapplicable ; Pass      ; Inapplicable ; Inapplicable ;
; bv[0]              ; Inapplicable ; Inapplicable ; Inapplicable ; Inapplicable ; Inapplicable ; Pass      ; Inapplicable ; Inapplicable ; Pass      ; Pass      ; Inapplicable ; Pass         ; Inapplicable ; Inapplicable ; Inapplicable ; Inapplicable ; Pass         ; Inapplicable ; Inapplicable ; Inapplicable ; Inapplicable ; Pass         ; Inapplicable ; Inapplicable ; Inapplicable ; Inapplicable ; Inapplicable ; Pass      ; Inapplicable ; Inapplicable ;
; bv[1]              ; Inapplicable ; Inapplicable ; Inapplicable ; Inapplicable ; Inapplicable ; Pass      ; Inapplicable ; Inapplicable ; Pass      ; Pass      ; Inapplicable ; Pass         ; Inapplicable ; Inapplicable ; Inapplicable ; Inapplicable ; Pass         ; Inapplicable ; Inapplicable ; Inapplicable ; Inapplicable ; Pass         ; Inapplicable ; Inapplicable ; Inapplicable ; Inapplicable ; Inapplicable ; Pass      ; Inapplicable ; Inapplicable ;
; bv[2]              ; Inapplicable ; Inapplicable ; Inapplicable ; Inapplicable ; Inapplicable ; Pass      ; Inapplicable ; Inapplicable ; Pass      ; Pass      ; Inapplicable ; Pass         ; Inapplicable ; Inapplicable ; Inapplicable ; Inapplicable ; Pass         ; Inapplicable ; Inapplicable ; Inapplicable ; Inapplicable ; Pass         ; Inapplicable ; Inapplicable ; Inapplicable ; Inapplicable ; Inapplicable ; Pass      ; Inapplicable ; Inapplicable ;
; bv[3]              ; Inapplicable ; Inapplicable ; Inapplicable ; Inapplicable ; Inapplicable ; Pass      ; Inapplicable ; Inapplicable ; Pass      ; Pass      ; Inapplicable ; Pass         ; Inapplicable ; Inapplicable ; Inapplicable ; Inapplicable ; Pass         ; Inapplicable ; Inapplicable ; Inapplicable ; Inapplicable ; Pass         ; Inapplicable ; Inapplicable ; Inapplicable ; Inapplicable ; Inapplicable ; Pass      ; Inapplicable ; Inapplicable ;
; switch2            ; Inapplicable ; Inapplicable ; Inapplicable ; Inapplicable ; Inapplicable ; Pass      ; Inapplicable ; Inapplicable ; Pass      ; Pass      ; Inapplicable ; Inapplicable ; Inapplicable ; Inapplicable ; Pass         ; Inapplicable ; Inapplicable ; Pass         ; Inapplicable ; Inapplicable ; Inapplicable ; Inapplicable ; Inapplicable ; Inapplicable ; Inapplicable ; Inapplicable ; Inapplicable ; Pass      ; Inapplicable ; Inapplicable ;
; switch3            ; Pass         ; Inapplicable ; Pass         ; Inapplicable ; Inapplicable ; Pass      ; Pass         ; Inapplicable ; Pass      ; Pass      ; Inapplicable ; Inapplicable ; Inapplicable ; Inapplicable ; Pass         ; Inapplicable ; Inapplicable ; Pass         ; Inapplicable ; Inapplicable ; Inapplicable ; Inapplicable ; Inapplicable ; Inapplicable ; Inapplicable ; Inapplicable ; Inapplicable ; Pass      ; Inapplicable ; Inapplicable ;
; cin8_inv           ; Inapplicable ; Inapplicable ; Inapplicable ; Inapplicable ; Inapplicable ; Pass      ; Inapplicable ; Inapplicable ; Pass      ; Pass      ; Inapplicable ; Inapplicable ; Inapplicable ; Inapplicable ; Pass         ; Inapplicable ; Inapplicable ; Pass         ; Inapplicable ; Inapplicable ; Inapplicable ; Inapplicable ; Inapplicable ; Inapplicable ; Inapplicable ; Inapplicable ; Inapplicable ; Pass      ; Inapplicable ; Inapplicable ;
; Presetv            ; Pass         ; Inapplicable ; Pass         ; Inapplicable ; Inapplicable ; Pass      ; Pass         ; Inapplicable ; Pass      ; Pass      ; Inapplicable ; Inapplicable ; Inapplicable ; Inapplicable ; Pass         ; Inapplicable ; Inapplicable ; Pass         ; Inapplicable ; Inapplicable ; Inapplicable ; Inapplicable ; Inapplicable ; Inapplicable ; Inapplicable ; Inapplicable ; Inapplicable ; Pass      ; Inapplicable ; Inapplicable ;
; switch             ; Pass         ; Inapplicable ; Pass         ; Inapplicable ; Inapplicable ; Pass      ; Pass         ; Inapplicable ; Pass      ; Pass      ; Inapplicable ; Inapplicable ; Inapplicable ; Inapplicable ; Pass         ; Inapplicable ; Inapplicable ; Pass         ; Inapplicable ; Inapplicable ; Inapplicable ; Inapplicable ; Inapplicable ; Inapplicable ; Inapplicable ; Inapplicable ; Inapplicable ; Pass      ; Inapplicable ; Inapplicable ;
; addv               ; Pass         ; Inapplicable ; Pass         ; Inapplicable ; Inapplicable ; Pass      ; Pass         ; Inapplicable ; Pass      ; Pass      ; Inapplicable ; Inapplicable ; Inapplicable ; Inapplicable ; Pass         ; Inapplicable ; Inapplicable ; Pass         ; Inapplicable ; Inapplicable ; Inapplicable ; Inapplicable ; Inapplicable ; Inapplicable ; Inapplicable ; Inapplicable ; Inapplicable ; Pass      ; Inapplicable ; Inapplicable ;
; sw4                ; Pass         ; Inapplicable ; Pass         ; Inapplicable ; Inapplicable ; Pass      ; Pass         ; Inapplicable ; Pass      ; Pass      ; Inapplicable ; Inapplicable ; Inapplicable ; Inapplicable ; Pass         ; Inapplicable ; Inapplicable ; Pass         ; Inapplicable ; Inapplicable ; Inapplicable ; Inapplicable ; Inapplicable ; Inapplicable ; Inapplicable ; Inapplicable ; Inapplicable ; Pass      ; Inapplicable ; Inapplicable ;
; Clockv             ; Pass         ; Inapplicable ; Pass         ; Inapplicable ; Inapplicable ; Pass      ; Pass         ; Inapplicable ; Pass      ; Pass      ; Inapplicable ; Inapplicable ; Inapplicable ; Inapplicable ; Pass         ; Inapplicable ; Inapplicable ; Pass         ; Inapplicable ; Inapplicable ; Inapplicable ; Inapplicable ; Inapplicable ; Inapplicable ; Inapplicable ; Inapplicable ; Inapplicable ; Pass      ; Inapplicable ; Inapplicable ;
; Clockd             ; Pass         ; Inapplicable ; Pass         ; Inapplicable ; Inapplicable ; Pass      ; Pass         ; Inapplicable ; Pass      ; Pass      ; Inapplicable ; Inapplicable ; Inapplicable ; Inapplicable ; Pass         ; Inapplicable ; Inapplicable ; Pass         ; Inapplicable ; Inapplicable ; Inapplicable ; Inapplicable ; Inapplicable ; Inapplicable ; Inapplicable ; Inapplicable ; Inapplicable ; Pass      ; Inapplicable ; Inapplicable ;
+--------------------+--------------+--------------+--------------+--------------+--------------+-----------+--------------+--------------+-----------+-----------+--------------+--------------+--------------+--------------+--------------+--------------+--------------+--------------+--------------+--------------+--------------+--------------+--------------+--------------+--------------+--------------+--------------+-----------+--------------+--------------+


+---------------------------------------------------------------------------------------------+
; Fitter Device Options                                                                       ;
+------------------------------------------------------------------+--------------------------+
; Option                                                           ; Setting                  ;
+------------------------------------------------------------------+--------------------------+
; Enable user-supplied start-up clock (CLKUSR)                     ; Off                      ;
; Enable device-wide reset (DEV_CLRn)                              ; Off                      ;
; Enable device-wide output enable (DEV_OE)                        ; Off                      ;
; Enable INIT_DONE output                                          ; Off                      ;
; Configuration scheme                                             ; Active Serial            ;
; Error detection CRC                                              ; Off                      ;
; Enable open drain on CRC_ERROR pin                               ; Off                      ;
; Enable input tri-state on active configuration pins in user mode ; Off                      ;
; Configuration Voltage Level                                      ; Auto                     ;
; Force Configuration Voltage Level                                ; Off                      ;
; nCEO                                                             ; As output driving ground ;
; Data[0]                                                          ; As input tri-stated      ;
; Data[1]/ASDO                                                     ; As input tri-stated      ;
; Data[7..2]                                                       ; Unreserved               ;
; FLASH_nCE/nCSO                                                   ; As input tri-stated      ;
; Other Active Parallel pins                                       ; Unreserved               ;
; DCLK                                                             ; As output driving ground ;
+------------------------------------------------------------------+--------------------------+


+------------------------------------+
; Operating Settings and Conditions  ;
+---------------------------+--------+
; Setting                   ; Value  ;
+---------------------------+--------+
; Nominal Core Voltage      ; 1.20 V ;
; Low Junction Temperature  ; 0 °C   ;
; High Junction Temperature ; 85 °C  ;
+---------------------------+--------+


+-------------------------------------------------------------------------------------------------------------------------------------------------------+
; Estimated Delay Added for Hold Timing Summary                                                                                                         ;
+-----------------------------------------------------------------------------------------------------+-----------------------------+-------------------+
; Source Clock(s)                                                                                     ; Destination Clock(s)        ; Delay Added in ns ;
+-----------------------------------------------------------------------------------------------------+-----------------------------+-------------------+
; I/O                                                                                                 ; switch,addv,sw4             ; 125.5             ;
; I/O                                                                                                 ; addv,sw4                    ; 61.0              ;
; switch3                                                                                             ; addv,sw4                    ; 30.6              ;
; switch3                                                                                             ; switch,addv,sw4             ; 25.9              ;
; I/O                                                                                                 ; sw4                         ; 24.9              ;
; I/O,switch3                                                                                         ; switch,addv,sw4             ; 22.8              ;
; I/O                                                                                                 ; switch,addv,sw4,addv,switch ; 20.1              ;
; I/O                                                                                                 ; switch                      ; 14.0              ;
; switch,Presetv,switch,I/O,addv                                                                      ; switch,addv,sw4             ; 13.8              ;
; cout                                                                                                ; switch,Presetv              ; 13.7              ;
; cout                                                                                                ; Presetv,switch3             ; 12.0              ;
; I/O,switch3                                                                                         ; sw4                         ; 11.3              ;
; coutd                                                                                               ; switch,Presetv              ; 9.9               ;
; I/O                                                                                                 ; switch3                     ; 8.4               ;
; switch,Presetv,switch,I/O,addv                                                                      ; addv,sw4                    ; 7.9               ;
; switch                                                                                              ; coutd                       ; 7.9               ;
; addv                                                                                                ; addv,sw4                    ; 7.0               ;
; switch                                                                                              ; cout                        ; 6.9               ;
; switch,Presetv,I/O,addv                                                                             ; switch,addv,sw4             ; 6.8               ;
; switch3                                                                                             ; cout                        ; 6.7               ;
; switch3,switch,Presetv,switch,I/O,addv                                                              ; addv,sw4                    ; 6.6               ;
; addv,switch,Presetv,switch,I/O,switch,Presetv,switch,switch3,addv,switch,Presetv,switch             ; switch,addv,sw4             ; 6.2               ;
; addv,I/O,addv                                                                                       ; sw4                         ; 5.6               ;
; addv                                                                                                ; sw4                         ; 5.1               ;
; addv                                                                                                ; switch,addv,sw4             ; 4.4               ;
; switch3                                                                                             ; sw4                         ; 3.6               ;
; Clockv                                                                                              ; Clockv                      ; 3.4               ;
; Clockd                                                                                              ; Clockd                      ; 3.2               ;
; switch3,addv,switch,Presetv,switch,I/O,sw4,switch,Presetv,switch,switch3,addv,switch,Presetv,switch ; switch,addv,sw4             ; 3.1               ;
; switch,Presetv,I/O,Presetv,switch                                                                   ; addv,sw4                    ; 2.5               ;
; I/O,addv                                                                                            ; sw4                         ; 2.5               ;
; switch3,addv,I/O,addv,switch,Presetv,switch                                                         ; sw4                         ; 2.4               ;
; switch3,I/O,switch3                                                                                 ; switch,addv,sw4             ; 2.2               ;
; switch3                                                                                             ; switch,addv,sw4,addv,switch ; 2.1               ;
; addv                                                                                                ; switch,addv,sw4,addv,switch ; 2.0               ;
; I/O,switch3                                                                                         ; addv,sw4                    ; 1.7               ;
; switch,Presetv,switch,addv,switch,Presetv,switch,I/O,switch,Presetv,switch,addv,switch3             ; switch,addv,sw4             ; 1.7               ;
; addv,switch,Presetv,switch,I/O,Presetv,switch,addv,switch,Presetv,switch                            ; switch,addv,sw4             ; 1.6               ;
; switch3,addv,switch,Presetv,switch,I/O,sw4,switch,Presetv,switch                                    ; switch,addv,sw4             ; 1.5               ;
; switch3,addv,I/O,sw4,addv,switch,Presetv,switch                                                     ; switch,addv,sw4             ; 1.5               ;
; addv,switch,Presetv,I/O,addv                                                                        ; addv,sw4                    ; 1.5               ;
; switch3,I/O,sw4,addv,switch,Presetv,switch                                                          ; switch,addv,sw4             ; 1.4               ;
; addv,switch,Presetv,switch,switch3,I/O,addv,switch,Presetv,switch                                   ; addv,sw4                    ; 1.4               ;
; switch,Presetv,addv,switch,Presetv,I/O,Presetv,switch,addv,switch3                                  ; addv,sw4                    ; 1.4               ;
; switch,Presetv,switch,I/O,addv                                                                      ; switch,addv,sw4,addv,switch ; 1.3               ;
; switch,Presetv,I/O,addv                                                                             ; addv,sw4                    ; 1.3               ;
; switch3,switch,Presetv,switch,I/O,addv,switch3,Presetv,switch                                       ; addv,sw4                    ; 1.3               ;
; switch3,I/O,addv,switch,Presetv,switch                                                              ; sw4                         ; 1.3               ;
; addv,switch3,I/O,switch,Presetv,switch                                                              ; addv,sw4                    ; 1.3               ;
; switch,Presetv,switch,switch3,addv,I/O,sw4,switch3                                                  ; switch,addv,sw4             ; 1.3               ;
; I/O,addv,switch,Presetv,switch                                                                      ; switch,addv,sw4             ; 1.3               ;
; addv,switch,Presetv,switch,I/O,switch,Presetv,switch                                                ; switch,addv,sw4             ; 1.2               ;
; addv,I/O,switch3,addv,switch,Presetv,switch                                                         ; sw4                         ; 1.2               ;
; switch,Presetv,switch,switch3,I/O,sw4,addv,switch,Presetv,switch                                    ; switch,addv,sw4             ; 1.2               ;
+-----------------------------------------------------------------------------------------------------+-----------------------------+-------------------+
Note: For more information on problematic transfers, consider running the Fitter again with the Optimize hold timing option (Settings Menu) turned off.
This will disable optimization of problematic paths and expose them for further analysis using the TimeQuest Timing Analyzer.


+------------------------------------------------------------------------------------+
; Estimated Delay Added for Hold Timing Details                                      ;
+-------------------------------+--------------------------------+-------------------+
; Source Register               ; Destination Register           ; Delay Added in ns ;
+-------------------------------+--------------------------------+-------------------+
; sw4                           ; bcd_to_seven_seg2:hex6|seg[6]  ; 6.085             ;
; addv                          ; bcd_to_seven_seg2:hex6|seg[4]  ; 5.627             ;
; switch                        ; bcd_to_seven_seg2:hex6|segv[3] ; 5.300             ;
; bcdAdder2:add|b[1]            ; bcd_to_seven_seg2:hex7|segv[6] ; 4.559             ;
; bcdAdder2:add|b[2]            ; bcd_to_seven_seg2:hex7|segv[6] ; 4.559             ;
; bcdAdder2:add|b[0]            ; bcd_to_seven_seg2:hex7|segv[6] ; 4.559             ;
; bcdAdder:comb_6|a[2]          ; bcd_to_seven_seg2:hex6|seg[1]  ; 4.555             ;
; bcdAdder2:add|a[2]            ; bcd_to_seven_seg2:hex6|seg[1]  ; 4.411             ;
; bcdAdder2:add|a[1]            ; bcd_to_seven_seg2:hex6|seg[2]  ; 4.380             ;
; bcdAdder:comb_6|a[0]          ; bcd_to_seven_seg2:hex6|seg[4]  ; 4.235             ;
; random:random1|p[0]           ; bcd_to_seven_seg2:hex6|seg[4]  ; 4.235             ;
; bcdAdder2:add|a[0]            ; bcd_to_seven_seg2:hex6|seg[3]  ; 4.228             ;
; bcdAdder2:add|a[3]            ; bcd_to_seven_seg2:hex6|seg[3]  ; 4.174             ;
; bcdAdder:comb_6|a[1]          ; bcd_to_seven_seg2:hex6|seg[1]  ; 3.926             ;
; random:random1|p[3]           ; bcd_to_seven_seg2:hex6|seg[1]  ; 3.881             ;
; random:random1|p[2]           ; bcd_to_seven_seg2:hex6|seg[1]  ; 3.881             ;
; random:random1|p[1]           ; bcd_to_seven_seg2:hex6|seg[1]  ; 3.881             ;
; bcdAdder:comb_6|b[1]          ; bcd_to_seven_seg2:hex7|segv[0] ; 3.597             ;
; bcdAdder:comb_6|b[0]          ; bcd_to_seven_seg2:hex7|segv[0] ; 3.597             ;
; random2:random2|p[0]          ; bcd_to_seven_seg2:hex7|segv[6] ; 3.579             ;
; random2:random2|p[2]          ; bcd_to_seven_seg2:hex7|segv[6] ; 3.579             ;
; random2:random2|p[1]          ; bcd_to_seven_seg2:hex7|segv[6] ; 3.579             ;
; random2:random2|p[3]          ; bcd_to_seven_seg2:hex7|segv[6] ; 3.579             ;
; bcdAdder:comb_6|a[3]          ; bcd_to_seven_seg2:hex6|seg[0]  ; 3.475             ;
; cout                          ; cout                           ; 3.369             ;
; coutd                         ; coutd                          ; 3.233             ;
; random2:random2|y[2]          ; random2:random2|Q[2]           ; 1.993             ;
; random2:random2|y[1]          ; random2:random2|Q[1]           ; 1.993             ;
; random2:random2|y[0]          ; random2:random2|Q[0]           ; 1.984             ;
; random3:random3|Q[2]          ; random3:random3|p[1]           ; 1.957             ;
; random3:random3|Q[0]          ; random3:random3|p[2]           ; 1.953             ;
; random2:random2|y[3]          ; random2:random2|Q[3]           ; 1.897             ;
; random3:random3|Q[3]          ; random3:random3|p[2]           ; 1.892             ;
; random3:random3|Q[1]          ; random3:random3|p[2]           ; 1.892             ;
; random:random1|y[2]           ; random:random1|Q[2]            ; 1.751             ;
; random:random1|y[1]           ; random:random1|Q[1]            ; 1.751             ;
; random:random1|y[0]           ; random:random1|Q[0]            ; 1.751             ;
; random3:random3|y[0]          ; random3:random3|Q[0]           ; 1.715             ;
; random3:random3|y[1]          ; random3:random3|Q[1]           ; 1.706             ;
; random:random1|y[3]           ; random:random1|Q[3]            ; 1.654             ;
; random3:random3|y[3]          ; random3:random3|Q[3]           ; 1.627             ;
; random3:random3|y[2]          ; random3:random3|Q[2]           ; 1.618             ;
; bcd_to_seven_seg2:hex7|seg[6] ; bcd_to_seven_seg2:hex7|segv[6] ; 1.526             ;
; bcd_to_seven_seg2:hex7|seg[2] ; bcd_to_seven_seg2:hex7|segv[2] ; 1.526             ;
; random:random1|Q[2]           ; random:random1|p[1]            ; 1.515             ;
; random:random1|Q[0]           ; random:random1|p[1]            ; 1.514             ;
; random:random1|Q[3]           ; random:random1|p[2]            ; 1.476             ;
; random:random1|Q[1]           ; random:random1|p[0]            ; 1.473             ;
; bcd_to_seven_seg2:hex7|seg[3] ; bcd_to_seven_seg2:hex7|segv[3] ; 1.441             ;
; Presetv                       ; random2:random2|y[0]           ; 1.420             ;
; bcd_to_seven_seg2:hex7|seg[1] ; bcd_to_seven_seg2:hex7|segv[1] ; 1.405             ;
; random2:random2|Q[3]          ; random2:random2|p[2]           ; 1.288             ;
; random2:random2|Q[0]          ; random2:random2|p[2]           ; 1.283             ;
; bcd_to_seven_seg2:hex7|seg[4] ; bcd_to_seven_seg2:hex7|segv[4] ; 1.270             ;
; random2:random2|Q[1]          ; random2:random2|p[0]           ; 1.262             ;
; counterd[23]                  ; coutd                          ; 1.246             ;
; counterd[22]                  ; coutd                          ; 1.246             ;
; counterd[21]                  ; coutd                          ; 1.246             ;
; counterd[20]                  ; coutd                          ; 1.246             ;
; counterd[19]                  ; coutd                          ; 1.246             ;
; counterd[18]                  ; coutd                          ; 1.246             ;
; counterd[17]                  ; coutd                          ; 1.246             ;
; counterd[16]                  ; coutd                          ; 1.246             ;
; counterd[15]                  ; coutd                          ; 1.246             ;
; counterd[14]                  ; coutd                          ; 1.246             ;
; counterd[13]                  ; coutd                          ; 1.246             ;
; counterd[12]                  ; coutd                          ; 1.246             ;
; counterd[11]                  ; coutd                          ; 1.246             ;
; counterd[10]                  ; coutd                          ; 1.246             ;
; counterd[9]                   ; coutd                          ; 1.246             ;
; counterd[8]                   ; coutd                          ; 1.246             ;
; counterd[7]                   ; coutd                          ; 1.246             ;
; counterd[6]                   ; coutd                          ; 1.246             ;
; counterd[5]                   ; coutd                          ; 1.246             ;
; counterd[4]                   ; coutd                          ; 1.246             ;
; counterd[3]                   ; coutd                          ; 1.246             ;
; counterd[2]                   ; coutd                          ; 1.246             ;
; counterd[1]                   ; coutd                          ; 1.246             ;
; counterd[0]                   ; coutd                          ; 1.246             ;
; counterd[24]                  ; coutd                          ; 1.246             ;
; random2:random2|Q[2]          ; random2:random2|p[1]           ; 1.221             ;
; bcd_to_seven_seg2:hex7|seg[0] ; bcd_to_seven_seg2:hex7|segv[0] ; 1.201             ;
; bcd_to_seven_seg2:hex7|seg[5] ; bcd_to_seven_seg2:hex7|segv[5] ; 1.191             ;
; counter[23]                   ; cout                           ; 1.101             ;
; counter[22]                   ; cout                           ; 1.101             ;
; counter[21]                   ; cout                           ; 1.101             ;
; counter[20]                   ; cout                           ; 1.101             ;
; counter[19]                   ; cout                           ; 1.101             ;
; counter[18]                   ; cout                           ; 1.101             ;
; counter[17]                   ; cout                           ; 1.101             ;
; counter[16]                   ; cout                           ; 1.101             ;
; counter[15]                   ; cout                           ; 1.101             ;
; counter[14]                   ; cout                           ; 1.101             ;
; counter[13]                   ; cout                           ; 1.101             ;
; counter[12]                   ; cout                           ; 1.101             ;
; counter[11]                   ; cout                           ; 1.101             ;
; counter[10]                   ; cout                           ; 1.101             ;
; counter[9]                    ; cout                           ; 1.101             ;
; counter[8]                    ; cout                           ; 1.101             ;
; counter[7]                    ; cout                           ; 1.101             ;
+-------------------------------+--------------------------------+-------------------+
Note: This table only shows the top 100 path(s) that have the largest delay added for hold.


+-----------------+
; Fitter Messages ;
+-----------------+
Warning (20028): Parallel compilation is not licensed and has been disabled
Info (119006): Selected device EP4CE115F29C7 for design "system"
Info (21077): Low junction temperature is 0 degrees C
Info (21077): High junction temperature is 85 degrees C
Info (171003): Fitter is performing an Auto Fit compilation, which may decrease Fitter effort to reduce compilation time
Warning (292013): Feature LogicLock is only available with a valid subscription license. You can purchase a software subscription to gain full access to this feature.
Info (176444): Device migration not selected. If you intend to use device migration later, you may need to change the pin assignments as they may be incompatible with other devices
    Info (176445): Device EP4CE40F29C7 is compatible
    Info (176445): Device EP4CE40F29I7 is compatible
    Info (176445): Device EP4CE30F29C7 is compatible
    Info (176445): Device EP4CE30F29I7 is compatible
    Info (176445): Device EP4CE55F29C7 is compatible
    Info (176445): Device EP4CE55F29I7 is compatible
    Info (176445): Device EP4CE75F29C7 is compatible
    Info (176445): Device EP4CE75F29I7 is compatible
    Info (176445): Device EP4CE115F29I7 is compatible
Info (169124): Fitter converted 5 user pins into dedicated programming pins
    Info (169125): Pin ~ALTERA_ASDO_DATA1~ is reserved at location F4
    Info (169125): Pin ~ALTERA_FLASH_nCE_nCSO~ is reserved at location E2
    Info (169125): Pin ~ALTERA_DCLK~ is reserved at location P3
    Info (169125): Pin ~ALTERA_DATA0~ is reserved at location N7
    Info (169125): Pin ~ALTERA_nCEO~ is reserved at location P28
Warning (15714): Some pins have incomplete I/O assignments. Refer to the I/O Assignment Warnings report for details
Critical Warning (169085): No exact pin location assignment(s) for 136 pins of 164 total pins. For the list of pins please refer to the I/O Assignment Warnings table in the fitter report.
Warning (335093): TimeQuest Timing Analyzer is analyzing 52 combinational loops as latches.
Critical Warning (332012): Synopsys Design Constraints File file not found: 'system.sdc'. A Synopsys Design Constraints File is required by the TimeQuest Timing Analyzer to get proper timing constraints. Without it, the Compiler will not properly optimize the design.
Info (332144): No user constrained base clocks found in the design
Info (332097): The following timing edges are non-unate.  TimeQuest will assume pos-unate behavior for these edges in the clock network.
    Info (332098): Cell: hex6|seg[0]~3  from: datac  to: combout
Info (332143): No user constrained clock uncertainty found in the design. Calling "derive_clock_uncertainty"
Info (332123): Deriving Clock Uncertainty. Please refer to report_sdc in TimeQuest to see clock uncertainties.
Info (332130): Timing requirements not specified -- quality metrics such as performance may be sacrificed to reduce compilation time.
Info (176353): Automatically promoted node Clockd~input (placed in PIN AG14 (CLK15, DIFFCLK_6p))
    Info (176355): Automatically promoted destinations to use location or clock signal Global Clock CLKCTRL_G18
Info (176353): Automatically promoted node Clockv~input (placed in PIN Y2 (CLK2, DIFFCLK_1p))
    Info (176355): Automatically promoted destinations to use location or clock signal Global Clock CLKCTRL_G4
Info (176353): Automatically promoted node bcd_to_seven_seg2:hex6|segv[6]~11 
    Info (176355): Automatically promoted destinations to use location or clock signal Global Clock
Info (176353): Automatically promoted node cout 
    Info (176355): Automatically promoted destinations to use location or clock signal Global Clock
    Info (176356): Following destination nodes may be non-global or may not use global or regional clocks
        Info (176357): Destination node cout~0
Info (176353): Automatically promoted node random:random1|p[3]~1 
    Info (176355): Automatically promoted destinations to use location or clock signal Global Clock
Info (176353): Automatically promoted node bcd_to_seven_seg2:hex6|seg[0]~3 
    Info (176355): Automatically promoted destinations to use location or clock signal Global Clock
Info (176353): Automatically promoted node bcd_to_seven_seg2:hex7|seg[0]~0 
    Info (176355): Automatically promoted destinations to use location or clock signal Global Clock
    Info (176356): Following destination nodes may be non-global or may not use global or regional clocks
        Info (176357): Destination node bcd_to_seven_seg2:hex7|segv[0]~5
        Info (176357): Destination node bcd_to_seven_seg2:hex7|segv[2]~14
        Info (176357): Destination node bcd_to_seven_seg2:hex7|segv[3]~19
        Info (176357): Destination node bcd_to_seven_seg2:hex7|segv[4]~25
        Info (176357): Destination node bcd_to_seven_seg2:hex7|segv[5]~30
        Info (176357): Destination node bcd_to_seven_seg2:hex7|segv[6]~35
Info (176353): Automatically promoted node coutd 
    Info (176355): Automatically promoted destinations to use location or clock signal Global Clock
    Info (176356): Following destination nodes may be non-global or may not use global or regional clocks
        Info (176357): Destination node coutd~0
Info (176353): Automatically promoted node random3:random3|p[3]~1 
    Info (176355): Automatically promoted destinations to use location or clock signal Global Clock
Info (176233): Starting register packing
Info (176235): Finished register packing
    Extra Info (176219): No registers were packed into other blocks
Info (176214): Statistics of I/O pins that need to be placed that use the same VCCIO and VREF, before I/O pin placement
    Info (176211): Number of I/O pins in group: 136 (unused VREF, 2.5V VCCIO, 27 input, 109 output, 0 bidirectional)
        Info (176212): I/O standards used: 2.5 V.
Info (176215): I/O bank details before I/O pin placement
    Info (176214): Statistics of I/O banks
        Info (176213): I/O bank number 1 does not use VREF pins and has undetermined VCCIO pins. 4 total pin(s) used --  52 pins available
        Info (176213): I/O bank number 2 does not use VREF pins and has undetermined VCCIO pins. 1 total pin(s) used --  62 pins available
        Info (176213): I/O bank number 3 does not use VREF pins and has 2.5V VCCIO pins. 2 total pin(s) used --  71 pins available
        Info (176213): I/O bank number 4 does not use VREF pins and has 2.5V VCCIO pins. 20 total pin(s) used --  51 pins available
        Info (176213): I/O bank number 5 does not use VREF pins and has undetermined VCCIO pins. 5 total pin(s) used --  60 pins available
        Info (176213): I/O bank number 6 does not use VREF pins and has undetermined VCCIO pins. 1 total pin(s) used --  57 pins available
        Info (176213): I/O bank number 7 does not use VREF pins and has undetermined VCCIO pins. 0 total pin(s) used --  72 pins available
        Info (176213): I/O bank number 8 does not use VREF pins and has undetermined VCCIO pins. 0 total pin(s) used --  71 pins available
Info (171121): Fitter preparation operations ending: elapsed time is 00:00:05
Info (14896): Fitter has disabled Advanced Physical Optimization because it is not supported for the current family.
Info (170189): Fitter placement preparation operations beginning
Info (170190): Fitter placement preparation operations ending: elapsed time is 00:00:00
Info (170191): Fitter placement operations beginning
Info (170137): Fitter placement was successful
Info (170192): Fitter placement operations ending: elapsed time is 00:00:08
Info (170193): Fitter routing operations beginning
Info (170195): Router estimated average interconnect usage is 0% of the available device resources
    Info (170196): Router estimated peak interconnect usage is 8% of the available device resources in the region that extends from location X104_Y12 to location X115_Y23
Info (170194): Fitter routing operations ending: elapsed time is 00:00:04
Info (170199): The Fitter performed an Auto Fit compilation.  Optimizations were skipped to reduce compilation time.
    Info (170201): Optimizations that may affect the design's routability were skipped
Info (11888): Total time spent on timing analysis during the Fitter is 0.86 seconds.
Info (334003): Started post-fitting delay annotation
Info (334004): Delay annotation completed successfully
Info (334003): Started post-fitting delay annotation
Info (334004): Delay annotation completed successfully
Info (11218): Fitter post-fit operations ending: elapsed time is 00:00:02
Info (144001): Generated suppressed messages file E:/Files for school/Digital Systems/Random test8/output_files/system.fit.smsg
Info: Quartus II 64-Bit Fitter was successful. 0 errors, 7 warnings
    Info: Peak virtual memory: 5408 megabytes
    Info: Processing ended: Thu Dec 12 00:18:07 2019
    Info: Elapsed time: 00:00:46
    Info: Total CPU time (on all processors): 00:00:25


+----------------------------+
; Fitter Suppressed Messages ;
+----------------------------+
The suppressed messages can be found in E:/Files for school/Digital Systems/Random test8/output_files/system.fit.smsg.


